swapid,obs_rev,obs_lab,obs_land,obs_dist,obs_pop,pert_rev,pert_lab,pert_land,pert_dist,pert_pop,delta_rev,delta_lab,delta_land,delta_dist,delta_pop,y_tilde,x_d,x_p,tax_rate_pert
1,417159919051.1768,7046187457.450152,984284350.9486556,15790629.677375905,180286.91863472032,417162854522.9222,7060973500.849296,991492392.7263564,20338449.43918886,187665.9199180623,-2935471.745361328,-14786043.399143219,-7208041.777700782,-4547819.761812955,-7379.00128334199,21553764.4150398,-4547819.761812955,-7379.00128334199,0.010853036387758223
2,417159919051.1768,7046187457.450152,984284350.9486556,15790629.677375905,180286.91863472032,417159919051.1768,7038796746.062361,983046254.6980227,15866213.086703813,182540.55431968393,0.0,7390711.387791634,1238096.2506328821,-75583.40932790749,-2253.6356849636068,-8628807.638424516,-75583.40932790749,-2253.6356849636068,0.010437739146191486
3,417159919051.1768,7046187457.450152,984284350.9486556,15790629.677375905,180286.91863472032,417159919051.1768,7050390588.034721,985303072.8475705,15781949.112105947,181518.7105389307,0.0,-4203130.584568977,-1018721.8989149332,8680.565269958228,-1231.791904210375,5221852.483483911,8680.565269958228,-1231.791904210375,0.010437739146191486
4,417159919051.1768,7046187457.450152,984284350.9486556,15790629.677375905,180286.91863472032,417159919051.1768,7053258919.305055,984939650.1994771,15781949.112105947,181518.7105389307,0.0,-7071461.854902267,-655299.2508214712,8680.565269958228,-1231.791904210375,7726761.105723739,8680.565269958228,-1231.791904210375,0.010437739146191486
5,417159919051.1768,7046187457.450152,984284350.9486556,15790629.677375905,180286.91863472032,417144339819.6653,7048342561.586434,985163919.4422889,15771075.945762409,177972.94800746875,15579231.511535645,-2155104.136281967,-879568.4936332703,19553.73161349632,2313.970627251576,5371557.356645584,19553.73161349632,2313.970627251576,0.009658098997656302
6,417159919051.1768,7046187457.450152,984284350.9486556,15790629.677375905,180286.91863472032,417159919051.1768,7047130411.056759,984284350.9486556,15788287.195812346,182484.9643760128,0.0,-942953.6066064835,0.0,2342.481563558802,-2198.0457412924734,942953.6066064835,2342.481563558802,-2198.0457412924734,0.010437739146191486
7,417159919051.1768,7046187457.450152,984284350.9486556,15790629.677375905,180286.91863472032,416929476389.24347,7045823505.507779,983987307.1003656,15797680.80962926,182794.69941697802,230442661.9333496,363951.94237327576,297043.8482899666,-7051.132253354415,-2507.7807822577015,33905403.4993392,-7051.132253354415,-2507.7807822577015,0.009902653917263912
8,417159919051.1768,7046187457.450152,984284350.9486556,15790629.677375905,180286.91863472032,417221742410.762,7048535365.229817,983732379.5499223,15773494.104668854,182845.710300668,-61823359.58520508,-2347907.7796649933,551971.3987332582,17135.57270705141,-2558.791665947676,-7477567.556849027,17135.57270705141,-2558.791665947676,0.010557313567446125
9,417159919051.1768,7046187457.450152,984284350.9486556,15790629.677375905,180286.91863472032,417137952981.7698,7050440933.253534,984105667.69131,15776863.950542675,182024.9913302999,21966069.407043457,-4253475.80338192,178683.2573455572,13765.726833229885,-1738.0726955795835,7369702.957092881,13765.726833229885,-1738.0726955795835,0.0103425677141608
10,417159919051.1768,7046187457.450152,984284350.9486556,15790629.677375905,180286.91863472032,417039821920.0494,7082417495.237221,983753405.6934634,15709132.665720904,179986.7940531511,120097131.1274414,-36230037.78706837,530945.2551921606,81497.01165500097,300.12458156922366,53713662.20099242,81497.01165500097,300.12458156922366,0.010030363232904141
11,417159919051.1768,7046187457.450152,984284350.9486556,15790629.677375905,180286.91863472032,417141106096.5896,7051771244.440174,984780415.5336599,15710637.379237175,180219.17226824543,18812954.58721924,-5583786.990021706,-496064.5850043297,79992.29813873023,67.74636647489388,8901794.76310892,79992.29813873023,67.74636647489388,0.010258783775181312
12,417159919051.1768,7046187457.450152,984284350.9486556,15790629.677375905,180286.91863472032,417141106096.5896,7052690677.383392,984415187.2710056,15722902.715351589,180393.65177049523,18812954.58721924,-6503219.933239937,-130836.32235002518,67726.96202431619,-106.73313577490626,9455999.443672847,67726.96202431619,-106.73313577490626,0.010258783775181312
13,417159919051.1768,7046187457.450152,984284350.9486556,15790629.677375905,180286.91863472032,417141106096.5896,7046880706.54746,985137012.2266428,15717118.742705101,180396.68068246302,18812954.58721924,-693249.0973072052,-852661.2779872417,73510.93467080407,-109.76204774269718,4367853.563377332,73510.93467080407,-109.76204774269718,0.010258783775181312
14,417159919051.1768,7046187457.450152,984284350.9486556,15790629.677375905,180286.91863472032,417141106096.5896,7045885196.242611,985683346.9156737,15722952.086591167,180049.83696303054,18812954.58721924,302261.20754146576,-1398995.9670181274,67677.59078473784,237.08167168978252,3918677.947559547,67677.59078473784,237.08167168978252,0.010258783775181312
15,417159919051.1768,7046187457.450152,984284350.9486556,15790629.677375905,180286.91863472032,416937041857.3036,7053069396.40376,981706908.4371104,15724656.533905424,181649.08481905283,222877193.87322998,-6881938.953607559,2577442.5115451813,65973.14347048104,-1362.1661843325128,37736075.52304687,65973.14347048104,-1362.1661843325128,0.009730217993874184
16,417159919051.1768,7046187457.450152,984284350.9486556,15790629.677375905,180286.91863472032,416965544252.9409,7047671151.493749,981200370.969996,15785642.726426182,187336.26131240165,194374798.23590088,-1483694.0435962677,3083979.97865963,4986.950949722901,-7049.3426776813285,27555933.80032177,4986.950949722901,-7049.3426776813285,0.009734574908953639
17,417159919051.1768,7046187457.450152,984284350.9486556,15790629.677375905,180286.91863472032,416857669372.19293,7045664913.61035,982719640.2370679,15597249.511609433,185144.12088687695,302249678.9838867,522543.839802742,1564710.7115876675,193380.165766472,-4857.202252156625,43250197.296192594,193380.165766472,-4857.202252156625,0.009524885626946769
18,417159919051.1768,7046187457.450152,984284350.9486556,15790629.677375905,180286.91863472032,416951165023.2747,7049752641.4780245,981298213.8459098,15758173.721845401,191031.76022371047,208754027.9020996,-3565184.0278720856,2986137.1027457714,32455.955530503765,-10744.841588990152,31892151.110441253,32455.955530503765,-10744.841588990152,0.009821282826032039
19,417159919051.1768,7046187457.450152,984284350.9486556,15790629.677375905,180286.91863472032,417298028711.018,7061916576.464603,984880340.6118139,15303413.79420285,181210.6070190731,-138109659.84118652,-15729119.014451027,-595989.6631582975,487215.88317305595,-923.6883843527758,-4391340.298568655,487215.88317305595,-923.6883843527758,0.010386119035738975
20,417159919051.1768,7046187457.450152,984284350.9486556,15790629.677375905,180286.91863472032,417027174929.1949,7044728393.945307,981106079.6043123,15700822.160522485,184127.86294033943,132744121.9819336,1459063.5048456192,3178271.3443433046,89807.51685342006,-3840.9443056191085,15274283.448101114,89807.51685342006,-3840.9443056191085,0.009737215432919033
21,417159919051.1768,7046187457.450152,984284350.9486556,15790629.677375905,180286.91863472032,417140972493.0826,6974208749.943812,971623581.7890115,15793651.97229306,178334.87592525498,18946558.09423828,71978707.50634003,12660769.159644127,-3022.294917155057,1952.0427094653423,-81797492.95184842,-3022.294917155057,1952.0427094653423,0.010349108797339785
22,417159919051.1768,7046187457.450152,984284350.9486556,15790629.677375905,180286.91863472032,417159919051.1768,7016597359.850513,974682265.0185786,15797604.408758653,179214.25497242084,0.0,29590097.59963894,9602085.930076957,-6974.731382748112,1072.6636622994847,-39192183.529715896,-6974.731382748112,1072.6636622994847,0.010437739146191486
23,417159919051.1768,7046187457.450152,984284350.9486556,15790629.677375905,180286.91863472032,417141128527.8507,7046699016.220752,984006672.0346644,15721593.391482279,180285.22017204878,18790523.32611084,-511558.77059936523,277678.91399121284,69036.28589362651,1.6984626715420745,3052458.3555247784,69036.28589362651,1.6984626715420745,0.010298721115085348
24,417159919051.1768,7046187457.450152,984284350.9486556,15790629.677375905,180286.91863472032,416954466329.1839,7059184646.670267,983432034.0865326,15460377.420544868,180049.17549299955,205452721.99291992,-12997189.220114708,852316.8621230125,330252.2568310369,237.74314172076993,42962780.65692969,330252.2568310369,237.74314172076993,0.009473216636133661
25,417159919051.1768,7046187457.450152,984284350.9486556,15790629.677375905,180286.91863472032,417024884356.7802,7041589788.706156,983512588.936015,15799880.29343049,180841.12961820234,135034694.39660645,4597668.74399662,771762.0126405954,-9250.616054585204,-554.2109834820149,14885773.40285375,-9250.616054585204,-554.2109834820149,0.010128929704465238
26,417159919051.1768,7046187457.450152,984284350.9486556,15790629.677375905,180286.91863472032,417102865927.2934,7043173000.206664,982954285.9954184,15697507.86931205,180330.21168921268,57053123.88342285,3014457.243488312,1330064.953237176,93121.8080638554,-43.29305449235835,4213446.38578794,93121.8080638554,-43.29305449235835,0.01014923689268852
27,417159919051.1768,7046187457.450152,984284350.9486556,15790629.677375905,180286.91863472032,416940879089.90594,7043914863.803776,982382796.617804,15796629.09640576,182749.41538383093,219039961.27087402,2272593.64637661,1901554.3308515549,-5999.419029854238,-2462.496749110607,28681846.213402938,-5999.419029854238,-2462.496749110607,0.009677318259368425
28,417159919051.1768,7046187457.450152,984284350.9486556,15790629.677375905,180286.91863472032,417126078964.63153,7048824306.362065,983973225.268373,15785032.410149865,180456.2511537535,33840086.545288086,-2636848.911912918,311125.6802825928,5597.267226040363,-169.33251903316705,7401736.213423538,5597.267226040363,-169.33251903316705,0.010267742947800584
29,417159919051.1768,7046187457.450152,984284350.9486556,15790629.677375905,180286.91863472032,416717824272.7578,7052334256.604482,983582929.6226823,15795511.387816343,180324.22427913678,442094778.41900635,-6146799.1543293,701421.3259732723,-4881.710440438241,-37.305644416454015,71759594.59120697,-4881.710440438241,-37.305644416454015,0.008866674926749462
30,417159919051.1768,7046187457.450152,984284350.9486556,15790629.677375905,180286.91863472032,417108134835.45526,7045380002.09554,983595195.3543663,15596152.940970471,181290.64137371478,51784215.72155762,807455.3546123505,689155.5942893028,194476.7364054341,-1003.7227389944601,6271021.409331989,194476.7364054341,-1003.7227389944601,0.01021446505288125
31,417159919051.1768,7046187457.450152,984284350.9486556,15790629.677375905,180286.91863472032,416717824272.7578,7059024380.756455,984141369.9939682,15795153.208606962,180445.3199587204,442094778.41900635,-12836923.306303024,142980.95468735695,-4523.531231056899,-158.40132400009315,79008159.11446661,-4523.531231056899,-158.40132400009315,0.008866674926749462
32,417159919051.1768,7046187457.450152,984284350.9486556,15790629.677375905,180286.91863472032,417159919051.1768,7073614741.405532,983009537.9868984,15716244.227920365,180752.60022882238,0.0,-27427283.955379486,1274812.961757183,74385.44945554063,-465.68159410206135,26152470.993622303,74385.44945554063,-465.68159410206135,0.010437739146191486
33,417159919051.1768,7046187457.450152,984284350.9486556,15790629.677375905,180286.91863472032,417126078964.63153,7037516453.966859,984464786.7779928,15761136.181929782,179809.32028075037,33840086.545288086,8671003.483293533,-180435.82933723927,29493.495446123183,477.59835396995186,-3414554.6721630814,29493.495446123183,477.59835396995186,0.010267742947800584
34,417159919051.1768,7046187457.450152,984284350.9486556,15790629.677375905,180286.91863472032,416954466329.1839,7054998976.750104,984241510.5315195,15489780.638278533,180103.56106081704,205452721.99291992,-8811519.299951553,42840.41713607311,300849.03909737244,183.35757390328217,39586587.18175347,300849.03909737244,183.35757390328217,0.009473216636133661
35,417159919051.1768,7046187457.450152,984284350.9486556,15790629.677375905,180286.91863472032,417087195391.7124,7050862217.328522,983360533.3785783,15569609.356433809,185137.80155411473,72723659.4644165,-4674759.878369331,923817.5700773001,221020.3209420964,-4850.882919394411,14659491.227954507,221020.3209420964,-4850.882919394411,0.010279555685099816
36,417159919051.1768,7046187457.450152,984284350.9486556,15790629.677375905,180286.91863472032,417027174929.1949,7052307083.980748,984014213.338455,15740134.21652304,181160.397260245,132744121.9819336,-6119626.530595779,270137.61020064354,50495.46085286513,-873.4786255246727,25761107.217685174,50495.46085286513,-873.4786255246727,0.009737215432919033
37,417159919051.1768,7046187457.450152,984284350.9486556,15790629.677375905,180286.91863472032,417159919051.1768,7045596238.265892,983025821.178487,15800299.74589037,179839.73852497427,0.0,591219.1842603683,1258529.770168662,-9670.068514464423,447.1801097460557,-1849748.9544290304,-9670.068514464423,447.1801097460557,0.010437739146191486
38,417159919051.1768,7046187457.450152,984284350.9486556,15790629.677375905,180286.91863472032,417159919051.1768,7043823984.089741,984352161.5447998,15800613.184705239,180494.3745488445,0.0,2363473.360411644,-67810.59614419937,-9983.507329333574,-207.45591412417707,-2295662.7642674446,-9983.507329333574,-207.45591412417707,0.010437739146191486
39,417159919051.1768,7046187457.450152,984284350.9486556,15790629.677375905,180286.91863472032,417159919051.1768,7040250934.883052,983562559.1915661,15800299.444229655,180793.17574186056,0.0,5936522.567100525,721791.7570894957,-9669.766853749752,-506.25710714023444,-6658314.324190021,-9669.766853749752,-506.25710714023444,0.010437739146191486
40,417159919051.1768,7046187457.450152,984284350.9486556,15790629.677375905,180286.91863472032,416929476389.24347,7061586780.4758835,984902910.3649535,15785340.38812728,187654.55707332405,230442661.9333496,-15399323.025731087,-618559.4162979126,5289.2892486248165,-7367.638438603724,50584281.73203144,5289.2892486248165,-7367.638438603724,0.009902653917263912
41,417159919051.1768,7046187457.450152,984284350.9486556,15790629.677375905,180286.91863472032,417102865927.2934,7047732868.693046,981130156.5051283,15685673.905553656,183394.09208470047,57053123.88342285,-1545411.242893219,3154194.443527341,104955.77182224952,-3107.1734499801532,6949185.3818793055,104955.77182224952,-3107.1734499801532,0.01014923689268852
42,417159919051.1768,7046187457.450152,984284350.9486556,15790629.677375905,180286.91863472032,417159919051.1768,7040266140.39359,983325364.3252411,15785574.615096744,180953.44406813802,0.0,5921317.056562424,958986.6234145164,5055.062279161066,-666.5254334177007,-6880303.67997694,5055.062279161066,-666.5254334177007,0.010437739146191486
43,417159919051.1768,7046187457.450152,984284350.9486556,15790629.677375905,180286.91863472032,417141106096.5896,7050354357.2674885,982587219.0879637,15733967.29660254,179935.47349602537,18812954.58721924,-4166899.8173360825,1697131.860691905,56662.3807733655,351.4451386949513,5291711.144727062,56662.3807733655,351.4451386949513,0.010258783775181312
44,417159919051.1768,7046187457.450152,984284350.9486556,15790629.677375905,180286.91863472032,417072266128.59393,7040575529.448256,976762114.2469231,15372457.233734097,173718.05984312395,87652922.58288574,5611928.001896858,7522236.701732516,418172.4436418079,6568.858791596373,13773.683803485706,418172.4436418079,6568.858791596373,0.009544334470087236
45,417159919051.1768,7046187457.450152,984284350.9486556,15790629.677375905,180286.91863472032,416954466329.1839,7049805227.308058,975435983.2459341,15372457.233734097,173718.05984312395,205452721.99291992,-3617769.857905388,8848367.702721477,418172.4436418079,6568.858791596373,25587310.454121903,418172.4436418079,6568.858791596373,0.009473216636133661
46,417159919051.1768,7046187457.450152,984284350.9486556,15790629.677375905,180286.91863472032,416954466329.1839,7051754446.816648,974956271.3511627,15372457.233734097,173718.05984312395,205452721.99291992,-5566989.366495132,9328079.597492933,418172.4436418079,6568.858791596373,27056818.06794019,418172.4436418079,6568.858791596373,0.009473216636133661
47,417159919051.1768,7046187457.450152,984284350.9486556,15790629.677375905,180286.91863472032,417006788535.1991,7054854804.398916,982180225.5885442,15374334.396439835,184104.9661832388,153130515.97772217,-8667346.948763847,2104125.360111356,416295.2809360698,-3818.047548518487,29532798.985310815,416295.2809360698,-3818.047548518487,0.00956463270460847
48,417159919051.1768,7046187457.450152,984284350.9486556,15790629.677375905,180286.91863472032,416857669372.19293,7051170922.682419,982800949.6979011,15608630.381555835,182500.8531067269,302249678.9838867,-4983465.232266426,1483401.2507544756,181999.29582007043,-2213.934472006571,48837515.829094954,181999.29582007043,-2213.934472006571,0.009524885626946769
49,417159919051.1768,7046187457.450152,984284350.9486556,15790629.677375905,180286.91863472032,416857669372.19293,7045830018.402027,982228523.890525,15598722.440592062,190501.69889601727,302249678.9838867,357439.048125267,2055827.058130622,191907.2367838435,-10214.780261296954,42924185.741327114,191907.2367838435,-10214.780261296954,0.009524885626946769
50,417159919051.1768,7046187457.450152,984284350.9486556,15790629.677375905,180286.91863472032,416951165023.2747,7048345234.974543,982421072.0731912,15759186.341653077,186493.69813566457,208754027.9020996,-2157777.5243902206,1863278.8754644394,31443.335722828284,-6206.779500944249,31607602.83424072,31443.335722828284,-6206.779500944249,0.009821282826032039
51,417159919051.1768,7046187457.450152,984284350.9486556,15790629.677375905,180286.91863472032,417026938002.35596,7061198033.664664,984900698.6764086,15303413.79420285,181210.6070190731,132981048.82086182,-15010576.214511871,-616347.7277530432,487215.88317305595,-923.6883843527758,35574081.26539418,487215.88317305595,-923.6883843527758,0.010117344306319687
52,417159919051.1768,7046187457.450152,984284350.9486556,15790629.677375905,180286.91863472032,416717824272.7578,7064261951.927015,983610606.7093977,15796790.299822822,180355.230987469,442094778.41900635,-18074494.476862907,673744.2392579317,-6160.622446916997,-68.31235274867504,83714967.00045592,-6160.622446916997,-68.31235274867504,0.008866674926749462
53,417159919051.1768,7046187457.450152,984284350.9486556,15790629.677375905,180286.91863472032,416717824272.7578,7064261951.927015,983610606.7093977,15796790.299822822,180355.230987469,442094778.41900635,-18074494.476862907,673744.2392579317,-6160.622446916997,-68.31235274867504,83714967.00045592,-6160.622446916997,-68.31235274867504,0.008866674926749462
54,417159919051.1768,7046187457.450152,984284350.9486556,15790629.677375905,180286.91863472032,416717824272.7578,7061664950.053031,983650440.1639917,15796660.610953312,179883.7570393888,442094778.41900635,-15477492.60287857,633910.7846639156,-6030.9335774071515,403.16159533153404,81157798.5810656,-6030.9335774071515,403.16159533153404,0.008866674926749462
55,417159919051.1768,7046187457.450152,984284350.9486556,15790629.677375905,180286.91863472032,416717824272.7578,7052249225.224454,983776165.0505823,15796660.610953312,179883.7570393888,442094778.41900635,-6061767.774301529,508185.8980733156,-6030.9335774071515,403.16159533153404,71867798.63907915,-6030.9335774071515,403.16159533153404,0.008866674926749462
56,417159919051.1768,7046187457.450152,984284350.9486556,15790629.677375905,180286.91863472032,416717824272.7578,7060617395.750518,983618346.8325723,15796660.610953312,179883.7570393888,442094778.41900635,-14429938.300365448,666004.1160832644,-6030.9335774071515,403.16159533153404,80078150.94713312,-6030.9335774071515,403.16159533153404,0.008866674926749462
57,417159919051.1768,7046187457.450152,984284350.9486556,15790629.677375905,180286.91863472032,416717824272.7578,7061103237.853509,983647216.1353303,15796660.610953312,179883.7570393888,442094778.41900635,-14915780.403356552,637134.8133252859,-6030.9335774071515,403.16159533153404,80592862.3528822,-6030.9335774071515,403.16159533153404,0.008866674926749462
58,417159919051.1768,7046187457.450152,984284350.9486556,15790629.677375905,180286.91863472032,417027174929.1949,7048061326.170552,982808631.9578992,15728931.637321582,182390.64874280163,132744121.9819336,-1873868.7203998566,1475718.9907563925,61698.04005432315,-2103.730108081305,20309768.026933502,61698.04005432315,-2103.730108081305,0.009737215432919033
59,417159919051.1768,7046187457.450152,984284350.9486556,15790629.677375905,180286.91863472032,417159919051.1768,7017506425.083709,973318325.0186566,15801431.974960875,179214.25497242084,0.0,28681032.366443634,10966025.929998994,-10802.29758496955,1072.6636622994847,-39647058.29644263,-10802.29758496955,1072.6636622994847,0.010437739146191486
60,417159919051.1768,7046187457.450152,984284350.9486556,15790629.677375905,180286.91863472032,417159919051.1768,7019083795.832358,973303227.7295351,15801431.974960875,179214.25497242084,0.0,27103661.617794037,10981123.219120502,-10802.29758496955,1072.6636622994847,-38084784.83691454,-10802.29758496955,1072.6636622994847,0.010437739146191486
61,417159919051.1768,7046187457.450152,984284350.9486556,15790629.677375905,180286.91863472032,417159919051.1768,7002273605.6807165,978328068.8489714,15787812.71148387,179559.53342142818,0.0,43913851.76943588,5956282.099684238,2816.965892035514,727.3852132921456,-49870133.86912012,2816.965892035514,727.3852132921456,0.010437739146191486
62,417159919051.1768,7046187457.450152,984284350.9486556,15790629.677375905,180286.91863472032,417100346702.4042,7048680990.56994,980489067.5118191,15175740.39146537,183716.0866514226,59572348.77264404,-2493533.119787216,3795283.436836481,614889.2859105356,-3429.168016702286,7634101.998847341,614889.2859105356,-3429.168016702286,0.010229686618482852
63,417159919051.1768,7046187457.450152,984284350.9486556,15790629.677375905,180286.91863472032,417024884356.7802,7043000108.884718,983852731.1793203,15797893.06619863,181653.75311238004,135034694.39660645,3187348.565434456,431619.7693352699,-7263.388822725043,-1366.8344776597223,16636235.82472124,-7263.388822725043,-1366.8344776597223,0.010128929704465238
64,417159919051.1768,7046187457.450152,984284350.9486556,15790629.677375905,180286.91863472032,417102865927.2934,7029950024.154614,982868946.812607,15670417.178574352,180481.69227714228,57053123.88342285,16237433.295537949,1415404.1360485554,120212.49880155362,-194.773642421962,-9094868.849073077,120212.49880155362,-194.773642421962,0.01014923689268852
65,417159919051.1768,7046187457.450152,984284350.9486556,15790629.677375905,180286.91863472032,416717824272.7578,7066094058.852124,983400438.3581191,15794779.599632887,180756.18428086597,442094778.41900635,-19906601.401971817,883912.5905364752,-4149.922256981954,-469.26564614564995,85336905.57428628,-4149.922256981954,-469.26564614564995,0.008866674926749462
66,417159919051.1768,7046187457.450152,984284350.9486556,15790629.677375905,180286.91863472032,416717824272.7578,7066007733.36262,983311753.9888301,15794779.599632887,180756.18428086597,442094778.41900635,-19820275.912467957,972596.9598255157,-4149.922256981954,-469.26564614564995,85161895.71549338,-4149.922256981954,-469.26564614564995,0.008866674926749462
67,417159919051.1768,7046187457.450152,984284350.9486556,15790629.677375905,180286.91863472032,416717824272.7578,7066366811.179737,983689292.0635147,15794779.599632887,180756.18428086597,442094778.41900635,-20179353.729584694,595058.8851408958,-4149.922256981954,-469.26564614564995,85898511.60729474,-4149.922256981954,-469.26564614564995,0.008866674926749462
68,417159919051.1768,7046187457.450152,984284350.9486556,15790629.677375905,180286.91863472032,416857669372.19293,7046804172.639632,982292634.4345244,15497465.11705891,181005.2600846541,302249678.9838867,-616715.1894798279,1991716.5141311884,293164.5603169948,-718.3414499337669,43962450.52293164,293164.5603169948,-718.3414499337669,0.009524885626946769
69,417159919051.1768,7046187457.450152,984284350.9486556,15790629.677375905,180286.91863472032,417159919051.1768,7048176827.227472,985747357.0237446,15788399.791287843,182810.5126153065,0.0,-1989369.7773199081,-1463006.0750889778,2229.8860880620778,-2523.5939805861854,3452375.852408886,2229.8860880620778,-2523.5939805861854,0.010437739146191486
70,417159919051.1768,7046187457.450152,984284350.9486556,15790629.677375905,180286.91863472032,416929476389.24347,7047797505.544923,985278097.7099203,15790189.658213248,183120.2476562717,230442661.9333496,-1610048.0947704315,-993746.7612646818,440.01916265673935,-2833.3290215513844,37170194.146037556,440.01916265673935,-2833.3290215513844,0.009902653917263912
71,417159919051.1768,7046187457.450152,984284350.9486556,15790629.677375905,180286.91863472032,417137952981.7698,7046860587.029936,984025750.145292,15770830.161021259,183171.25853996168,21966069.407043457,-673129.5797834396,258600.80336356163,19799.516354646534,-2884.339905241359,3709439.1874763966,19799.516354646534,-2884.339905241359,0.0103425677141608
72,417159919051.1768,7046187457.450152,984284350.9486556,15790629.677375905,180286.91863472032,417137952981.7698,7042188758.075288,984396366.4272661,15775074.157678997,182350.53956959362,21966069.407043457,3998699.3748645782,-112015.4786105156,15555.519696908072,-2063.6209348732955,-591773.4851975441,15555.519696908072,-2063.6209348732955,0.0103425677141608
73,417159919051.1768,7046187457.450152,984284350.9486556,15790629.677375905,180286.91863472032,417039821920.0494,7057860452.709676,983662812.777917,15698535.17917044,180312.3422924448,120097131.1274414,-11672995.259523392,621538.1707385778,92094.49820546433,-25.423657724488294,29066026.757901024,92094.49820546433,-25.423657724488294,0.010030363232904141
74,417159919051.1768,7046187457.450152,984284350.9486556,15790629.677375905,180286.91863472032,417141106096.5896,7048537562.532653,983674854.0845822,15700639.410133583,180544.72050753914,18812954.58721924,-2350105.0825004578,609496.8640733957,89990.26724232174,-257.8018728188181,4562551.406509947,89990.26724232174,-257.8018728188181,0.010258783775181312
75,417159919051.1768,7046187457.450152,984284350.9486556,15790629.677375905,180286.91863472032,417141106096.5896,7048060137.822488,982503678.7492858,15712904.746248,180719.20000978894,18812954.58721924,-1872680.372335434,1780672.1993697882,77724.93112790585,-432.2813750686182,2913951.361048531,77724.93112790585,-432.2813750686182,0.010258783775181312
76,417159919051.1768,7046187457.450152,984284350.9486556,15790629.677375905,180286.91863472032,417141106096.5896,7044645724.905643,982722990.3771344,15710348.822356861,180722.22892175673,18812954.58721924,1541732.544508934,1561360.571521163,80280.85501904413,-435.31028703640914,-281149.92794721154,80280.85501904413,-435.31028703640914,0.010258783775181312
77,417159919051.1768,7046187457.450152,984284350.9486556,15790629.677375905,180286.91863472032,417141106096.5896,7046788728.479819,983394946.4050145,15716182.166242927,180375.38520232425,18812954.58721924,-601271.0296669006,889404.5436410904,74447.5111329779,-88.46656760392943,2533809.6741086957,74447.5111329779,-88.46656760392943,0.010258783775181312
78,417159919051.1768,7046187457.450152,984284350.9486556,15790629.677375905,180286.91863472032,416937041857.3036,7050422857.346002,980314965.1273776,15714059.04735496,181974.63305834655,222877193.87322998,-4235399.895849228,3969385.821277976,76570.6300209444,-1687.7144236262247,33697593.15555575,76570.6300209444,-1687.7144236262247,0.009730217993874184
79,417159919051.1768,7046187457.450152,984284350.9486556,15790629.677375905,180286.91863472032,416940879089.90594,7048172951.858781,978173576.1786232,15775045.239875719,187661.80955169536,219039961.27087402,-1985494.4086284637,6110774.770032406,15584.437500186265,-7374.89091697504,28730713.829227164,15584.437500186265,-7374.89091697504,0.009677318259368425
80,417159919051.1768,7046187457.450152,984284350.9486556,15790629.677375905,180286.91863472032,416857669372.19293,7047481449.276476,982391677.224922,15586652.02505897,185469.66912617063,302249678.9838867,-1293991.8263235092,1892673.7237336636,203977.65231693536,-5182.750491450308,44738769.95017285,203977.65231693536,-5182.750491450308,0.009524885626946769
81,417159919051.1768,7046187457.450152,984284350.9486556,15790629.677375905,180286.91863472032,416951165023.2747,7049007605.598169,979358699.3677995,15747576.235294938,191357.30846300418,208754027.9020996,-2820148.1480169296,4925651.580856085,43053.44208096713,-11070.389828283864,29207600.752475783,43053.44208096713,-11070.389828283864,0.009821282826032039
82,417159919051.1768,7046187457.450152,984284350.9486556,15790629.677375905,180286.91863472032,417026938002.35596,7052892538.413303,987217911.845094,15292816.307652384,181536.1552583668,132981048.82086182,-6705080.963150978,-2933560.89643836,497813.3697235212,-1249.2366236464877,29585799.18271861,497813.3697235212,-1249.2366236464877,0.010117344306319687
83,417159919051.1768,7046187457.450152,984284350.9486556,15790629.677375905,180286.91863472032,417027174929.1949,7047464220.810528,978875083.0502334,15690224.673972022,184453.4111796331,132744121.9819336,-1276763.3603754044,5409267.898422241,100405.00340388343,-4166.492544912791,15779113.759243201,100405.00340388343,-4166.492544912791,0.009737215432919033
84,417159919051.1768,7046187457.450152,984284350.9486556,15790629.677375905,180286.91863472032,417140972493.0826,6967788586.815399,973127242.4677103,15783654.00318947,178660.4241645487,18946558.09423828,78398870.63475323,11157108.480945349,6975.674186434597,1626.4944701716304,-86713995.40156284,6975.674186434597,1626.4944701716304,0.010349108797339785
85,417159919051.1768,7046187457.450152,984284350.9486556,15790629.677375905,180286.91863472032,417159919051.1768,7009058588.294562,974238860.9847742,15790834.488410411,179539.80321171455,0.0,37128869.15559006,10045489.963881373,-204.81103450618684,747.1154230057728,-47174359.11947143,-204.81103450618684,747.1154230057728,0.010437739146191486
86,417159919051.1768,7046187457.450152,984284350.9486556,15790629.677375905,180286.91863472032,417141128527.8507,7045788205.088132,983513920.1123043,15711595.422378689,180610.7684113425,18790523.32611084,399252.36202049255,770430.8363512754,79034.25499721617,-323.8497766221699,1648895.300544858,79034.25499721617,-323.8497766221699,0.010298721115085348
87,417159919051.1768,7046187457.450152,984284350.9486556,15790629.677375905,180286.91863472032,416954466329.1839,7052654428.960807,984071820.961948,15449779.933994405,180374.72373229326,205452721.99291992,-6466971.510654449,212529.98670756817,340849.74338150024,-87.80509757294203,37072349.82288487,340849.74338150024,-87.80509757294203,0.009473216636133661
88,417159919051.1768,7046187457.450152,984284350.9486556,15790629.677375905,180286.91863472032,417024884356.7802,7046509013.52505,984644465.1032064,15789282.403282233,181166.67785749605,135034694.39660645,-321556.0748977661,-360114.1545507908,1347.2740936726332,-879.7592227757268,20936874.388939522,1347.2740936726332,-879.7592227757268,0.010128929704465238
89,417159919051.1768,7046187457.450152,984284350.9486556,15790629.677375905,180286.91863472032,417102865927.2934,7047489750.085262,982443096.2369639,15686910.382761586,180655.75992850636,57053123.88342285,-1302292.6351099014,1841254.7116917372,103719.29461431876,-368.8412937860412,8019006.505931592,103719.29461431876,-368.8412937860412,0.01014923689268852
90,417159919051.1768,7046187457.450152,984284350.9486556,15790629.677375905,180286.91863472032,416940879089.90594,7046950177.957248,981700722.6860873,15786031.609855296,183074.9636231246,219039961.27087402,-762720.5070953369,2583628.2625683546,4598.0675206091255,-2788.04498840429,31035086.43515809,4598.0675206091255,-2788.04498840429,0.009677318259368425
91,417159919051.1768,7046187457.450152,984284350.9486556,15790629.677375905,180286.91863472032,417126078964.63153,7048707528.323802,985048649.1528968,15774434.923599401,180781.7993930472,33840086.545288086,-2520070.873649597,-764298.2042411566,16194.753776503727,-494.880758326879,8360382.059683966,16194.753776503727,-494.880758326879,0.010267742947800584
92,417159919051.1768,7046187457.450152,984284350.9486556,15790629.677375905,180286.91863472032,416717824272.7578,7049847806.249807,984415581.6324273,15784913.90126588,180649.7725184305,442094778.41900635,-3660348.7996549606,-131230.68377172947,5715.776110025123,-362.853883710166,70105796.24627763,5715.776110025123,-362.853883710166,0.008866674926749462
93,417159919051.1768,7046187457.450152,984284350.9486556,15790629.677375905,180286.91863472032,417108134835.45526,7046312562.341933,982945430.4525791,15585555.454420008,181616.18961300846,51784215.72155762,-125104.89178085327,1338920.4960764647,205074.22295589745,-1329.270978288143,6553816.75393803,205074.22295589745,-1329.270978288143,0.01021446505288125
94,417159919051.1768,7046187457.450152,984284350.9486556,15790629.677375905,180286.91863472032,416717824272.7578,7047934689.397898,984605664.7885841,15784555.722056499,180770.86819801413,442094778.41900635,-1747231.9477453232,-321313.8399285078,6073.955319406465,-483.9495632938051,68382762.55052477,6073.955319406465,-483.9495632938051,0.008866674926749462
95,417159919051.1768,7046187457.450152,984284350.9486556,15790629.677375905,180286.91863472032,417159919051.1768,7057004144.224887,982958744.6170017,15705646.741369901,181078.1484681161,0.0,-10816686.774734497,1325606.3316539526,84982.93600600399,-791.2298333957733,9491080.443080544,84982.93600600399,-791.2298333957733,0.010437739146191486
96,417159919051.1768,7046187457.450152,984284350.9486556,15790629.677375905,180286.91863472032,417126078964.63153,7046736684.067118,984326817.8354502,15751138.212826192,180134.86852004408,33840086.545288086,-549226.6169652939,-42466.88679456711,39491.46454971284,152.0501146762399,5667706.485553074,39491.46454971284,152.0501146762399,0.010267742947800584
97,417159919051.1768,7046187457.450152,984284350.9486556,15790629.677375905,180286.91863472032,416954466329.1839,7048712052.754574,983988175.1040121,15479183.15172807,180429.10930011072,205452721.99291992,-2524595.304421425,296175.8446434736,311446.5256478358,-142.19066539040068,33046327.75871594,311446.5256478358,-142.19066539040068,0.009473216636133661
98,417159919051.1768,7046187457.450152,984284350.9486556,15790629.677375905,180286.91863472032,417087195391.7124,7049261065.681755,983782508.4216754,15559011.869883345,185463.34979340844,72723659.4644165,-3073608.2316026688,501842.52698016167,231617.80749255978,-5176.431158688123,13480314.624284983,231617.80749255978,-5176.431158688123,0.010279555685099816
99,417159919051.1768,7046187457.450152,984284350.9486556,15790629.677375905,180286.91863472032,417027174929.1949,7048246725.435146,984193399.7411739,15729536.729972577,181485.94549953868,132744121.9819336,-2059267.9849939346,90951.2074817419,61092.94740332849,-1199.0268648183555,21879935.07480223,61092.94740332849,-1199.0268648183555,0.009737215432919033
100,417159919051.1768,7046187457.450152,984284350.9486556,15790629.677375905,180286.91863472032,417159919051.1768,7047371075.433243,985728782.7666603,15790834.488410411,180045.6838037448,0.0,-1183617.9830904007,-1444431.8180047274,-204.81103450618684,241.23483097553253,2628049.801095128,-204.81103450618684,241.23483097553253,0.010437739146191486
101,417159919051.1768,7046187457.450152,984284350.9486556,15790629.677375905,180286.91863472032,417159919051.1768,7046966122.06556,981984696.134538,15789673.79191344,180165.28676426798,0.0,-778664.6154079437,2299654.814117551,955.8854624647647,121.63187045234372,-1520990.1987096071,955.8854624647647,121.63187045234372,0.010437739146191486
102,417159919051.1768,7046187457.450152,984284350.9486556,15790629.677375905,180286.91863472032,417159919051.1768,7046676484.565266,985734522.577433,15790552.014829837,180819.9227881382,0.0,-489027.11511325836,-1450171.6287773848,77.66254606842995,-533.004153417889,1939198.7438906431,77.66254606842995,-533.004153417889,0.010437739146191486
103,417159919051.1768,7046187457.450152,984284350.9486556,15790629.677375905,180286.91863472032,417159919051.1768,7045803745.711101,984284350.9486556,15790436.911209282,181118.72398115424,0.0,383711.73905181885,0.0,192.76616662368178,-831.8053464339173,-383711.73905181885,192.76616662368178,-831.8053464339173,0.010437739146191486
104,417159919051.1768,7046187457.450152,984284350.9486556,15790629.677375905,180286.91863472032,416929476389.24347,7051885233.581333,987662895.9111937,15783824.014131932,187980.10531261773,230442661.9333496,-5697776.131180763,-3378544.962538123,6805.663243973628,-7693.186677897407,43642720.38372133,6805.663243973628,-7693.186677897407,0.009902653917263912
105,417159919051.1768,7046187457.450152,984284350.9486556,15790629.677375905,180286.91863472032,417102865927.2934,7048300667.824197,978408721.3051159,15675076.419003192,183719.6403239942,57053123.88342285,-2113210.3740444183,5875629.643539667,115553.25837271288,-3432.721689273865,4795549.313018179,115553.25837271288,-3432.721689273865,0.01014923689268852
106,417159919051.1768,7046187457.450152,984284350.9486556,15790629.677375905,180286.91863472032,417159919051.1768,7045852692.581326,983845940.1244915,15784145.343240151,181278.99230743173,0.0,334764.86882686615,438410.82416415215,6484.334135754034,-992.0736727114127,-773175.6929910183,6484.334135754034,-992.0736727114127,0.010437739146191486
107,417159919051.1768,7046187457.450152,984284350.9486556,15790629.677375905,180286.91863472032,417141106096.5896,7047899536.230098,980024869.7539612,15727197.376254298,180261.02173531905,18812954.58721924,-1712078.7799453735,4259481.1946944,63432.30112160742,25.896899401268456,274540.7733338587,63432.30112160742,25.896899401268456,0.010258783775181312
108,417159919051.1768,7046187457.450152,984284350.9486556,15790629.677375905,180286.91863472032,416954466329.1839,7030396703.368967,975286513.5531762,15361859.747183634,174043.60808241766,205452721.99291992,15790754.08118534,8997837.39547944,428769.93019227125,6243.310552302661,6029316.822273206,428769.93019227125,6243.310552302661,0.009473216636133661
109,417159919051.1768,7046187457.450152,984284350.9486556,15790629.677375905,180286.91863472032,416954466329.1839,7042155842.93057,974352288.5515404,15361859.747183634,174043.60808241766,205452721.99291992,4031614.5195827484,9932062.39711523,428769.93019227125,6243.310552302661,16854231.38224001,428769.93019227125,6243.310552302661,0.009473216636133661
110,417159919051.1768,7046187457.450152,984284350.9486556,15790629.677375905,180286.91863472032,416954466329.1839,7044511349.199113,974019914.930665,15361859.747183634,174043.60808241766,205452721.99291992,1676108.251039505,10264436.01799059,428769.93019227125,6243.310552302661,18877364.029907893,428769.93019227125,6243.310552302661,0.009473216636133661
111,417159919051.1768,7046187457.450152,984284350.9486556,15790629.677375905,180286.91863472032,416954466329.1839,7047440896.578673,979999283.6431763,15363736.909889372,184430.51442253252,205452721.99291992,-1253439.1285209656,4285067.305479288,426892.76748653315,-4143.595787812199,27786280.121979665,426892.76748653315,-4143.595787812199,0.009473216636133661
112,417159919051.1768,7046187457.450152,984284350.9486556,15790629.677375905,180286.91863472032,416857669372.19293,7048842503.872458,982308855.8359194,15598032.895005371,182826.4013460206,302249678.9838867,-2655046.422306061,1975495.1127362251,192596.7823705338,-2539.482711300283,46017003.15715284,192596.7823705338,-2539.482711300283,0.009524885626946769
113,417159919051.1768,7046187457.450152,984284350.9486556,15790629.677375905,180286.91863472032,416857669372.19293,7047892581.330112,981706443.9158808,15588124.954041598,190827.24713531096,302249678.9838867,-1705123.8799600601,2577907.032774806,202504.72333430685,-10540.328500590636,44464668.69476826,202504.72333430685,-10540.328500590636,0.009524885626946769
114,417159919051.1768,7046187457.450152,984284350.9486556,15790629.677375905,180286.91863472032,416951165023.2747,7048547779.102278,981982682.973686,15748588.855102614,186819.24637495825,208754027.9020996,-2360321.6521253586,2301667.9749696255,42040.82227329165,-6532.327740237932,31371757.86247067,42040.82227329165,-6532.327740237932,0.009821282826032039
115,417159919051.1768,7046187457.450152,984284350.9486556,15790629.677375905,180286.91863472032,417026938002.35596,7052080173.10982,987252652.7384758,15292816.307652384,181536.1552583668,132981048.82086182,-5892715.659667969,-2968301.7898201942,497813.3697235212,-1249.2366236464877,28808174.772617433,497813.3697235212,-1249.2366236464877,0.010117344306319687
116,417159919051.1768,7046187457.450152,984284350.9486556,15790629.677375905,180286.91863472032,416717824272.7578,7054230132.888032,984636527.9006563,15786192.813272359,180680.77922676268,442094778.41900635,-8042675.437879562,-352176.9520007372,4436.864103546366,-393.8605920423579,74709069.15273124,4436.864103546366,-393.8605920423579,0.008866674926749462
117,417159919051.1768,7046187457.450152,984284350.9486556,15790629.677375905,180286.91863472032,416717824272.7578,7054230132.888032,984636527.9006563,15786192.813272359,180680.77922676268,442094778.41900635,-8042675.437879562,-352176.9520007372,4436.864103546366,-393.8605920423579,74709069.15273124,4436.864103546366,-393.8605920423579,0.008866674926749462
118,417159919051.1768,7046187457.450152,984284350.9486556,15790629.677375905,180286.91863472032,416717824272.7578,7053116532.861318,984488899.2287201,15786063.124402849,180209.3052786825,442094778.41900635,-6929075.411165237,-204548.28006446362,4566.552973056212,77.61335603782209,73447840.45408064,4566.552973056212,77.61335603782209,0.008866674926749462
119,417159919051.1768,7046187457.450152,984284350.9486556,15790629.677375905,180286.91863472032,416717824272.7578,7041564230.923099,984549992.6594217,15786063.124402849,180209.3052786825,442094778.41900635,4623226.527053833,-265641.71076607704,4566.552973056212,77.61335603782209,61956631.94656319,4566.552973056212,77.61335603782209,0.008866674926749462
120,417159919051.1768,7046187457.450152,984284350.9486556,15790629.677375905,180286.91863472032,416717824272.7578,7051859727.050552,984587962.7849556,15786063.124402849,180209.3052786825,442094778.41900635,-5672269.600399971,-303611.83630001545,4566.552973056212,77.61335603782209,72290098.19955093,4566.552973056212,77.61335603782209,0.008866674926749462
121,417159919051.1768,7046187457.450152,984284350.9486556,15790629.677375905,180286.91863472032,416717824272.7578,7052446515.480464,984659666.3724805,15786063.124402849,180209.3052786825,442094778.41900635,-6259058.0303115845,-375315.42382490635,4566.552973056212,77.61335603782209,72948590.21698743,4566.552973056212,77.61335603782209,0.008866674926749462
122,417159919051.1768,7046187457.450152,984284350.9486556,15790629.677375905,180286.91863472032,417152746947.62396,7046335618.127947,982645201.685675,15718334.150771119,182716.19698209534,7172103.552856445,-148160.67779445648,1639149.2629805803,72295.52660478652,-2429.278347375017,-415173.05225765705,72295.52660478652,-2429.278347375017,0.009972682344896866
123,417159919051.1768,7046187457.450152,984284350.9486556,15790629.677375905,180286.91863472032,417159919051.1768,7010498009.152064,973890013.0787965,15790834.488410411,179539.80321171455,0.0,35689448.298088074,10394337.8698591,-204.81103450618684,747.1154230057728,-46083786.16794717,-204.81103450618684,747.1154230057728,0.010437739146191486
124,417159919051.1768,7046187457.450152,984284350.9486556,15790629.677375905,180286.91863472032,417159919051.1768,7012568536.631232,973886840.7540886,15790834.488410411,179539.80321171455,0.0,33618920.818920135,10397510.194566965,-204.81103450618684,747.1154230057728,-44016431.0134871,-204.81103450618684,747.1154230057728,0.010437739146191486
125,417159919051.1768,7046187457.450152,984284350.9486556,15790629.677375905,180286.91863472032,417159919051.1768,7008181562.559608,977811609.9826643,15777215.224933406,179885.0816607219,0.0,38005894.89054394,6472740.965991259,13414.452442498878,401.8369739984337,-44478635.8565352,13414.452442498878,401.8369739984337,0.010437739146191486
126,417159919051.1768,7046187457.450152,984284350.9486556,15790629.677375905,180286.91863472032,417100346702.4042,7048111308.546991,976971063.8522264,15165142.904914906,184041.6348907163,59572348.77264404,-1923851.096838951,7313287.096429229,625486.772460999,-3754.716255995969,3546416.3163063284,625486.772460999,-3754.716255995969,0.010229686618482852
127,417159919051.1768,7046187457.450152,984284350.9486556,15790629.677375905,180286.91863472032,417024884356.7802,7047056577.833646,984868529.4330951,15787288.983609088,181979.30135167376,135034694.39660645,-869120.3834934235,-584178.4844394922,3340.6937668174505,-1692.3827169534343,21708503.02742388,3340.6937668174505,-1692.3827169534343,0.010128929704465238
128,417159919051.1768,7046187457.450152,984284350.9486556,15790629.677375905,180286.91863472032,417114911758.2093,7042511872.724219,982495156.4952385,15659819.692023886,180807.240516436,45007292.9675293,3675584.725933075,1789194.4534170628,130809.98535201885,-520.321881715674,1286314.7657792568,130809.98535201885,-520.321881715674,0.010290202027029138
129,417159919051.1768,7046187457.450152,984284350.9486556,15790629.677375905,180286.91863472032,416717824272.7578,7053956187.570127,983892603.997538,15784182.113082424,181081.73252015965,442094778.41900635,-7768730.119974136,391746.9511176348,6447.56429348141,-794.8138854393328,73691199.93170744,6447.56429348141,-794.8138854393328,0.008866674926749462
130,417159919051.1768,7046187457.450152,984284350.9486556,15790629.677375905,180286.91863472032,416717824272.7578,7054789939.771649,983952024.284742,15784182.113082424,181081.73252015965,442094778.41900635,-8602482.321496964,332326.6639136076,6447.56429348141,-794.8138854393328,74584372.4204343,6447.56429348141,-794.8138854393328,0.008866674926749462
131,417159919051.1768,7046187457.450152,984284350.9486556,15790629.677375905,180286.91863472032,416717824272.7578,7054224942.3950815,984084665.8546038,15784182.113082424,181081.73252015965,442094778.41900635,-8037484.944929123,199685.09405183792,6447.56429348141,-794.8138854393328,74152016.61372823,6447.56429348141,-794.8138854393328,0.008866674926749462
132,417159919051.1768,7046187457.450152,984284350.9486556,15790629.677375905,180286.91863472032,416857669372.19293,7048306774.251246,981220011.0187471,15486867.630508447,181330.80832394777,302249678.9838867,-2119316.801094055,3064339.929908514,303762.04686745815,-1043.8896892274497,44392428.718768544,303762.04686745815,-1043.8896892274497,0.009524885626946769
133,417159919051.1768,7046187457.450152,984284350.9486556,15790629.677375905,180286.91863472032,417159919051.1768,7045744753.028254,984635259.5247859,15791996.58385442,179937.05162043739,0.0,442704.42189884186,-350908.57613027096,-1366.9064785148948,349.867014282936,-91795.8457685709,-1366.9064785148948,349.867014282936,0.010437739146191486
134,417159919051.1768,7046187457.450152,984284350.9486556,15790629.677375905,180286.91863472032,417078747551.96875,7045863252.898018,984517994.6622971,15792034.994067408,180015.4320711661,81171499.20806885,324204.55213451385,-233643.71364152431,-1405.3166915029287,271.48656355420826,12085164.042717338,-1405.3166915029287,271.48656355420826,0.01030364257316573
135,417159919051.1768,7046187457.450152,984284350.9486556,15790629.677375905,180286.91863472032,417022096586.7266,7047561223.6349945,983092266.3035035,15788459.360551458,179423.57624589532,137822464.4501953,-1373766.1848421097,1192084.645152092,2170.3168244473636,863.3423888249963,20855051.207219314,2170.3168244473636,863.3423888249963,0.010206549073349776
136,417159919051.1768,7046187457.450152,984284350.9486556,15790629.677375905,180286.91863472032,417067031594.97754,7047015599.33489,983055001.3484328,15788785.767760495,181213.8959952186,92887456.19927979,-828141.8847379684,1229349.600222826,1843.9096154104918,-926.9773604982765,13531910.71440711,1843.9096154104918,-926.9773604982765,0.010240917951532513
137,417159919051.1768,7046187457.450152,984284350.9486556,15790629.677375905,180286.91863472032,417038833668.12506,7046498077.83233,983750487.7544055,15790741.107163308,180600.12045234328,121085383.05175781,-310620.3821773529,533863.1942501068,-111.42978740297258,-313.20181762296124,17939564.645690918,-111.42978740297258,-313.20181762296124,0.01020387699499654
138,417159919051.1768,7046187457.450152,984284350.9486556,15790629.677375905,180286.91863472032,417107007387.73706,7047178514.672047,982909112.7255393,15785942.244932374,182381.64291240278,52911663.4397583,-991057.2218942642,1375238.2231162786,4687.43244353123,-2094.724277682457,7552568.51474173,4687.43244353123,-2094.724277682457,0.010380787626774182
139,417159919051.1768,7046187457.450152,984284350.9486556,15790629.677375905,180286.91863472032,417082224782.66473,7051756090.474411,985075118.6695409,15694486.485452246,179272.9891542731,77694268.51208496,-5568633.024258614,-790767.7208852768,96143.1919236593,1013.9294804472302,18013541.021956634,96143.1919236593,1013.9294804472302,0.010326614902225223
140,417159919051.1768,7046187457.450152,984284350.9486556,15790629.677375905,180286.91863472032,417159919051.1768,7045190422.763491,982678848.7653904,15788656.517971346,180239.88698609083,0.0,997034.6866617203,1605502.1832652092,1973.159404559061,47.03164862949052,-2602536.8699269295,1973.159404559061,47.03164862949052,0.010437739146191486
141,417159919051.1768,7046187457.450152,984284350.9486556,15790629.677375905,180286.91863472032,417159919051.1768,7050544052.842578,984302385.092927,15784715.061286427,178872.01618035117,0.0,-4356595.392425537,-18034.14427137375,5914.616089478135,1414.9024543691485,4374629.536696911,5914.616089478135,1414.9024543691485,0.010437739146191486
142,417159919051.1768,7046187457.450152,984284350.9486556,15790629.677375905,180286.91863472032,417107668249.23773,7043475682.078946,984720551.9240584,15792762.157516537,179127.7483152948,52250801.939086914,2711775.3712062836,-436200.97540283203,-2132.4801406320184,1159.1703194255242,5562045.895059586,-2132.4801406320184,1159.1703194255242,0.01035962067834943
143,417159919051.1768,7046187457.450152,984284350.9486556,15790629.677375905,180286.91863472032,417159919051.1768,7043749453.459942,983755667.4440982,15791064.446057586,179396.49381165864,0.0,2438003.990210533,528683.5045573711,-434.76868168078363,890.4248230616795,-2966687.4947679043,-434.76868168078363,890.4248230616795,0.010437739146191486
144,417159919051.1768,7046187457.450152,984284350.9486556,15790629.677375905,180286.91863472032,417067031594.97754,7045685634.071143,983516149.7231905,15791704.712995615,179761.7597940715,92887456.19927979,501823.3790092468,768201.2254650593,-1075.0356197096407,525.1588406488299,12663093.825417662,-1075.0356197096407,525.1588406488299,0.010240917951532513
145,417159919051.1768,7046187457.450152,984284350.9486556,15790629.677375905,180286.91863472032,417159919051.1768,7046680012.876872,984291391.9657649,15791186.857650999,179007.10058151314,0.0,-492555.4267196655,-7041.017109274864,-557.1802750937641,1279.8180532071856,499596.4438289404,-557.1802750937641,1279.8180532071856,0.010437739146191486
146,417159919051.1768,7046187457.450152,984284350.9486556,15790629.677375905,180286.91863472032,417159919051.1768,7047284661.200537,984229020.2086762,15792339.573629996,178960.33840252715,0.0,-1097203.7503843307,55330.73997938633,-1709.8962540905923,1326.5802321931696,1041873.0104049444,-1709.8962540905923,1326.5802321931696,0.010437739146191486
147,417159919051.1768,7046187457.450152,984284350.9486556,15790629.677375905,180286.91863472032,417159919051.1768,7054828088.700233,983768205.0225675,15788904.588414889,179103.8451832527,0.0,-8640631.250081062,516145.9260880947,1725.0889610163867,1183.073451467615,8124485.323992968,1725.0889610163867,1183.073451467615,0.010437739146191486
148,417159919051.1768,7046187457.450152,984284350.9486556,15790629.677375905,180286.91863472032,417117324854.0751,7047998722.544298,984015098.8479325,15739185.613775223,180602.19678841374,42594197.101745605,-1811265.0941457748,269252.1007231474,51444.06360068172,-315.2781536934199,7931142.558684468,51444.06360068172,-315.2781536934199,0.010384101346749325
149,417159919051.1768,7046187457.450152,984284350.9486556,15790629.677375905,180286.91863472032,417078747551.96875,7049753523.88497,985118859.9325154,15791577.356764356,180423.4127417853,81171499.20806885,-3566066.434817314,-834508.9838597775,-947.6793884504586,-136.49410706496565,16576300.299887419,-947.6793884504586,-136.49410706496565,0.01030364257316573
150,417159919051.1768,7046187457.450152,984284350.9486556,15790629.677375905,180286.91863472032,417159919051.1768,7043339011.80068,984125187.6098496,15790997.833654087,179548.43073777383,0.0,2848445.6494722366,159163.33880603313,-368.1562781818211,738.4878969464917,-3007608.98827827,-368.1562781818211,738.4878969464917,0.010437739146191486
151,417159919051.1768,7046187457.450152,984284350.9486556,15790629.677375905,180286.91863472032,417159919051.1768,7012438701.646111,973021908.3276478,15792195.586711511,166212.16968528184,0.0,33748755.80404186,11262442.6210078,-1565.9093356058002,14074.748949438479,-45011198.42504966,-1565.9093356058002,14074.748949438479,0.010437739146191486
152,417159919051.1768,7046187457.450152,984284350.9486556,15790629.677375905,180286.91863472032,417159919051.1768,7013908104.313054,972584093.0624764,15792897.518155323,165729.12053031934,0.0,32279353.137098312,11700257.886179209,-2267.8407794181257,14557.79810440098,-43979611.02327752,-2267.8407794181257,14557.79810440098,0.010437739146191486
153,417159919051.1768,7046187457.450152,984284350.9486556,15790629.677375905,180286.91863472032,417038833668.12506,7048438145.1311,983755835.8661231,15787405.572168207,179942.54797729134,121085383.05175781,-2250687.680947304,528515.0825325251,3224.1052076984197,344.37065742898267,19884980.05617845,3224.1052076984197,344.37065742898267,0.01020387699499654
154,417159919051.1768,7046187457.450152,984284350.9486556,15790629.677375905,180286.91863472032,417038833668.12506,7046597516.187357,983574636.2380929,15788855.490017127,182322.8120586568,121085383.05175781,-410058.7372045517,709714.710562706,1774.18735877797,-2035.8934239364753,17863151.484405518,1774.18735877797,-2035.8934239364753,0.01020387699499654
155,417159919051.1768,7046187457.450152,984284350.9486556,15790629.677375905,180286.91863472032,417036123346.29474,7046749502.888622,983720357.4788426,15786158.000259664,181007.68185279632,123795704.88208008,-562045.4384698868,563993.4698129892,4471.677116241306,-720.7632180759974,18567407.70096891,4471.677116241306,-720.7632180759974,0.010234603339045573
156,417159919051.1768,7046187457.450152,984284350.9486556,15790629.677375905,180286.91863472032,417082224782.66473,7051169032.429781,985073183.108764,15694486.485452246,179272.9891542731,77694268.51208496,-4981574.979628563,-788832.1601084471,96143.1919236593,1013.9294804472302,17424547.416549753,96143.1919236593,1013.9294804472302,0.010326614902225223
157,417159919051.1768,7046187457.450152,984284350.9486556,15790629.677375905,180286.91863472032,417159919051.1768,7019328341.199146,981929592.3364086,15792798.895956106,178611.6396594832,0.0,26859116.251006126,2354758.61224699,-2169.218580201268,1675.2789752371318,-29213874.863253117,-2169.218580201268,1675.2789752371318,0.010437739146191486
158,417159919051.1768,7046187457.450152,984284350.9486556,15790629.677375905,180286.91863472032,417159919051.1768,7019328341.199146,981929592.3364086,15792798.895956106,178611.6396594832,0.0,26859116.251006126,2354758.61224699,-2169.218580201268,1675.2789752371318,-29213874.863253117,-2169.218580201268,1675.2789752371318,0.010437739146191486
159,417159919051.1768,7046187457.450152,984284350.9486556,15790629.677375905,180286.91863472032,417159919051.1768,7007094742.640826,978364681.3722336,15792195.586711511,179142.3977723627,0.0,39092714.80932617,5919669.576421976,-1565.9093356058002,1144.5208623576327,-45012384.38574815,-1565.9093356058002,1144.5208623576327,0.010437739146191486
160,417159919051.1768,7046187457.450152,984284350.9486556,15790629.677375905,180286.91863472032,417159919051.1768,7007455165.136979,978398483.336892,15792195.586711511,179142.3977723627,0.0,38732292.313173294,5885867.611763597,-1565.9093356058002,1144.5208623576327,-44618159.92493689,-1565.9093356058002,1144.5208623576327,0.010437739146191486
161,417159919051.1768,7046187457.450152,984284350.9486556,15790629.677375905,180286.91863472032,417136555361.0899,7046225966.495015,982632186.1663084,15712933.3363335,180273.0487249541,23363690.086914062,-38509.04486274719,1652164.7823472023,77696.341042405,13.86990976621746,1890897.7755526542,77696.341042405,13.86990976621746,0.010383227978490058
162,417159919051.1768,7046187457.450152,984284350.9486556,15790629.677375905,180286.91863472032,417107668249.23773,7044228607.885688,984344991.8989352,15791886.681463463,179730.05496690806,52250801.939086914,1958849.564464569,-60640.95027959347,-1257.0040875580162,556.8636678122566,5939411.6766780615,-1257.0040875580162,556.8636678122566,0.01035962067834943
163,417159919051.1768,7046187457.450152,984284350.9486556,15790629.677375905,180286.91863472032,417159919051.1768,7040263416.418262,983604939.1126174,15784827.698177401,179436.8610083559,0.0,5924041.031890869,679411.8360382318,5801.979198504239,850.0576263644325,-6603452.867929101,5801.979198504239,850.0576263644325,0.010437739146191486
164,417159919051.1768,7046187457.450152,984284350.9486556,15790629.677375905,180286.91863472032,417159919051.1768,7023377456.684575,980864789.0509279,15792195.586711511,179006.98315166414,0.0,22810000.765577316,3419561.897727728,-1565.9093356058002,1279.9354830561788,-26229562.663305044,-1565.9093356058002,1279.9354830561788,0.010437739146191486
165,417159919051.1768,7046187457.450152,984284350.9486556,15790629.677375905,180286.91863472032,417159919051.1768,7023977249.007351,980817891.7113596,15792897.518155323,178523.93399670164,0.0,22210208.442801476,3466459.237295985,-2267.8407794181257,1762.984638018679,-25676667.68009746,-2267.8407794181257,1762.984638018679,0.010437739146191486
166,417159919051.1768,7046187457.450152,984284350.9486556,15790629.677375905,180286.91863472032,417038833668.12506,7044829334.886358,983489761.8465,15763235.233078783,179560.73416630607,121085383.05175781,1358122.563794136,794589.1021555662,27394.444297121838,726.1844684142561,16010095.79181397,27394.444297121838,726.1844684142561,0.01020387699499654
167,417159919051.1768,7046187457.450152,984284350.9486556,15790629.677375905,180286.91863472032,417184584214.2118,7040357377.651636,984866982.3151603,15798677.556941127,179171.65654600816,-24665163.034973145,5830079.7985162735,-582631.3665046692,-8047.879565222189,1115.2620887121593,-8947222.887257576,-8047.879565222189,1115.2620887121593,0.0104949957957767
168,417159919051.1768,7046187457.450152,984284350.9486556,15790629.677375905,180286.91863472032,417020711338.3432,7041024098.266928,984630287.890794,15799765.642568454,179335.968768604,139207712.83361816,5163359.183224678,-345936.94213843346,-9135.96519254893,950.9498661163088,16063734.683956478,-9135.96519254893,950.9498661163088,0.010212536753627084
169,417159919051.1768,7046187457.450152,984284350.9486556,15790629.677375905,180286.91863472032,417159919051.1768,7043424700.067555,984236014.7521312,15789159.173820104,180089.38383619467,0.0,2762757.3825969696,48336.19652438164,1470.5035558007658,197.53479852565215,-2811093.5791213512,1470.5035558007658,197.53479852565215,0.010437739146191486
170,417159919051.1768,7046187457.450152,984284350.9486556,15790629.677375905,180286.91863472032,417120782250.98285,7055439447.858505,981977536.4102764,15765815.095122889,178427.79647153887,39136800.19396973,-9251990.408352852,2306814.5383791924,24814.58225301653,1859.122163181455,12815695.89906912,24814.58225301653,1859.122163181455,0.010342808334972605
171,417159919051.1768,7046187457.450152,984284350.9486556,15790629.677375905,180286.91863472032,417007214103.70575,7044935249.698379,982623522.6742475,15792344.153838946,178289.47619122698,152704947.47106934,1252207.7517738342,1660828.274408102,-1714.476463040337,1997.4424434933462,19992706.094478462,-1714.476463040337,1997.4424434933462,0.010092988162544246
172,417159919051.1768,7046187457.450152,984284350.9486556,15790629.677375905,180286.91863472032,417022727549.9492,7042313537.961424,982305151.2681673,15792304.529174918,181805.3085188768,137191501.2276001,3873919.4887285233,1979199.680488348,-1674.8517990130931,-1518.389884156466,14725606.014923144,-1674.8517990130931,-1518.389884156466,0.010085736491754465
173,417159919051.1768,7046187457.450152,984284350.9486556,15790629.677375905,180286.91863472032,416970855611.786,7041124683.95705,983502247.9721369,15727400.478358885,180572.0173827382,189063439.3908081,5062773.493102074,782102.9765187502,63229.19901701994,-285.0987480178883,22514639.43900039,63229.19901701994,-285.0987480178883,0.0100117585907327
174,417159919051.1768,7046187457.450152,984284350.9486556,15790629.677375905,180286.91863472032,417014452204.0581,7042589805.562973,982329016.3188019,15780344.987701656,183558.90924474955,145466847.11871338,3597651.8871793747,1955334.6298537254,10284.689674248919,-3271.9906100292283,16267040.550773907,10284.689674248919,-3271.9906100292283,0.01013923451715638
175,417159919051.1768,7046187457.450152,984284350.9486556,15790629.677375905,180286.91863472032,417075915681.6089,7051634873.336953,985443624.3303227,15572431.29093664,178029.50696918488,84003369.56793213,-5447415.886800766,-1159273.3816671371,218198.38643926568,2257.4116655354446,19207194.703657724,218198.38643926568,2257.4116655354446,0.010303816752965215
176,417159919051.1768,7046187457.450152,984284350.9486556,15790629.677375905,180286.91863472032,417135899015.765,7039607277.686032,982051859.3439853,15782227.831201117,179718.15343138404,24020035.4118042,6580179.764120102,2232491.604670286,8401.84617478773,568.7652033362829,-5209666.057019759,8401.84617478773,568.7652033362829,0.010333471774637231
177,417159919051.1768,7046187457.450152,984284350.9486556,15790629.677375905,180286.91863472032,417114358691.6925,7049539898.523199,984281450.3592862,15722988.720403451,177338.69259874636,45560359.484313965,-3352441.0730466843,2900.589369416237,67640.95697245374,2948.2260359739594,10183594.406324362,67640.95697245374,2948.2260359739594,0.010264234032602439
178,417159919051.1768,7046187457.450152,984284350.9486556,15790629.677375905,180286.91863472032,417088137692.45087,7036343539.496113,984576254.4810244,15799875.186151855,177791.40479436793,71781358.72595215,9843917.954039574,-291903.5323687792,-9245.508775949478,2495.513840352389,1215189.3872220274,-9245.508775949478,2495.513840352389,0.01033111496441842
179,417159919051.1768,7046187457.450152,984284350.9486556,15790629.677375905,180286.91863472032,417163895580.7824,7037242983.196235,983653423.1491412,15793019.959299523,178032.46713488668,-3976529.6055908203,8944474.253917694,630927.7995144129,-2390.2819236181676,2254.451499833638,-10171881.49427073,-2390.2819236181676,2254.451499833638,0.010427844386612262
180,417159919051.1768,7046187457.450152,984284350.9486556,15790629.677375905,180286.91863472032,417022727549.9492,7039135545.291891,983244678.0427412,15797680.882931555,178900.47614173652,137191501.2276001,7051912.158261299,1039672.9059144258,-7051.205555649474,1386.4424929837987,12487140.11996429,-7051.205555649474,1386.4424929837987,0.010085736491754465
181,417159919051.1768,7046187457.450152,984284350.9486556,15790629.677375905,180286.91863472032,417184584214.2118,7042593402.612417,984388976.7080207,15797087.196959006,177575.45334360213,-24665163.034973145,3594054.837735176,-104625.75936508179,-6457.519583100453,2711.465291118191,-7189203.533616066,-6457.519583100453,2711.465291118191,0.0104949957957767
182,417159919051.1768,7046187457.450152,984284350.9486556,15790629.677375905,180286.91863472032,417035086671.2788,7043903046.315192,984167546.3392482,15798311.646480422,177495.62066608085,124832379.89801025,2284411.1349601746,116804.60940742493,-7681.969104517251,2791.2979686394683,16323641.240333937,-7681.969104517251,2791.2979686394683,0.010136912596718303
183,417159919051.1768,7046187457.450152,984284350.9486556,15790629.677375905,180286.91863472032,417176664645.1259,7048952727.882041,984081156.3630215,15727416.856589269,179513.63476804274,-16745593.94909668,-2765270.4318885803,203194.58563411236,63212.82078663632,773.2838666775788,50236.75388996629,63212.82078663632,773.2838666775788,0.010462008987404526
184,417159919051.1768,7046187457.450152,984284350.9486556,15790629.677375905,180286.91863472032,417184584214.2118,7058853593.915869,983632792.2180789,15766163.630267702,177745.3502943545,-24665163.034973145,-12666136.465716362,651558.7305767536,24466.047108203173,2541.568340365833,8314803.279893637,24466.047108203173,2541.568340365833,0.0104949957957767
185,417159919051.1768,7046187457.450152,984284350.9486556,15790629.677375905,180286.91863472032,417218903839.48334,7044486994.702244,984065447.3763279,15684780.686264878,180339.4121859238,-58984788.306518555,1700462.7479085922,218903.57232773304,105848.99111102708,-52.49355120348628,-10767084.566214109,105848.99111102708,-52.49355120348628,0.010545582713201933
186,417159919051.1768,7046187457.450152,984284350.9486556,15790629.677375905,180286.91863472032,417184584214.2118,7001051331.051769,978649095.1813018,15799451.045493755,178709.22171679972,-24665163.034973145,45136126.39838314,5635255.767353773,-8821.368117850274,1577.6969179206062,-54471156.620982885,-8821.368117850274,1577.6969179206062,0.0104949957957767
187,417159919051.1768,7046187457.450152,984284350.9486556,15790629.677375905,180286.91863472032,417020711338.3432,7050370677.534683,985472233.0032763,15795998.268942416,181415.01418182056,139207712.83361816,-4183220.0845308304,-1187882.0546207428,-5368.5915665104985,-1128.095547100238,26252259.064194296,-5368.5915665104985,-1128.095547100238,0.010212536753627084
188,417159919051.1768,7046187457.450152,984284350.9486556,15790629.677375905,180286.91863472032,417184584214.2118,7035459655.310771,984116428.9463279,15796605.382401504,178356.7749720309,-24665163.034973145,10727802.139381409,167922.0023276806,-5975.705025598407,1930.1436626894283,-14595498.596955061,-5975.705025598407,1930.1436626894283,0.0104949957957767
189,417159919051.1768,7046187457.450152,984284350.9486556,15790629.677375905,180286.91863472032,417114358691.6925,7037457775.867611,974419247.7736973,15711910.102960385,167330.5747152918,45560359.484313965,8729681.582541466,9865103.174958348,78719.57441551983,12956.343919428531,-11760730.83485272,78719.57441551983,12956.343919428531,0.010264234032602439
190,417159919051.1768,7046187457.450152,984284350.9486556,15790629.677375905,180286.91863472032,417114358691.6925,7038066755.678477,973954415.0578514,15711953.879759759,166766.2237336273,45560359.484313965,8120701.77167511,10329935.890804172,78675.7976161465,13520.694901093026,-11616583.739832187,78675.7976161465,13520.694901093026,0.010264234032602439
191,417159919051.1768,7046187457.450152,984284350.9486556,15790629.677375905,180286.91863472032,416970855611.786,7045138159.462881,983550175.8432702,15730482.91547407,179182.09877082804,189063439.3908081,1049297.987271309,734175.1053854227,60146.76190183498,1104.8198638922768,26576042.815964483,60146.76190183498,1104.8198638922768,0.0100117585907327
192,417159919051.1768,7046187457.450152,984284350.9486556,15790629.677375905,180286.91863472032,416970855611.786,7040311244.323266,983255828.6003195,15726978.15956547,183392.1681099998,189063439.3908081,5876213.126886368,1028522.3483361006,63651.517810435966,-3105.2494752794737,21454780.433398746,63651.517810435966,-3105.2494752794737,0.0100117585907327
193,417159919051.1768,7046187457.450152,984284350.9486556,15790629.677375905,180286.91863472032,417014452204.0581,7041612613.678831,983338671.7997404,15780834.058154535,181073.49533344683,145466847.11871338,4574843.771321297,945679.1489151716,9795.619221370667,-786.5766987265088,16299504.14757054,9795.619221370667,-786.5766987265088,0.01013923451715638
194,417159919051.1768,7046187457.450152,984284350.9486556,15790629.677375905,180286.91863472032,417075915681.6089,7051043160.799407,985456482.9279104,15572431.29093664,178029.50696918488,84003369.56793213,-4855703.349254608,-1172131.9792548418,218198.38643926568,2257.4116655354446,18628340.76369927,218198.38643926568,2257.4116655354446,0.010303816752965215
195,417159919051.1768,7046187457.450152,984284350.9486556,15790629.677375905,180286.91863472032,417035086671.2788,7051053767.276412,984346875.4500687,15798843.034052184,177292.77448052072,124832379.89801025,-4866309.826259613,-62524.50141310692,-8213.356676278636,2994.144154199603,23653691.312374257,-8213.356676278636,2994.144154199603,0.010136912596718303
196,417159919051.1768,7046187457.450152,984284350.9486556,15790629.677375905,180286.91863472032,417035086671.2788,7051053767.276412,984346875.4500687,15798843.034052184,177292.77448052072,124832379.89801025,-4866309.826259613,-62524.50141310692,-8213.356676278636,2994.144154199603,23653691.312374257,-8213.356676278636,2994.144154199603,0.010136912596718303
197,417159919051.1768,7046187457.450152,984284350.9486556,15790629.677375905,180286.91863472032,417035086671.2788,7049996539.407761,984250139.8757664,15798731.092063405,178301.75641118197,124832379.89801025,-3809081.957608223,34211.072889208794,-8101.414687499404,1985.1622235383547,22499727.86942055,-8101.414687499404,1985.1622235383547,0.010136912596718303
198,417159919051.1768,7046187457.450152,984284350.9486556,15790629.677375905,180286.91863472032,417035086671.2788,7046918751.503627,984238034.8506172,15798608.64084469,178929.5174410867,124832379.89801025,-731294.0534744263,46316.09803843498,-7978.963468784466,1357.4011936336174,19409834.940137528,-7978.963468784466,1357.4011936336174,0.010136912596718303
199,417159919051.1768,7046187457.450152,984284350.9486556,15790629.677375905,180286.91863472032,417035086671.2788,7049715832.572022,984315196.1285484,15798847.420721184,177706.31709548103,124832379.89801025,-3528375.121870041,-30845.179892778397,-8217.743345279247,2580.6015392392874,22284077.286464356,-8217.743345279247,2580.6015392392874,0.010136912596718303
200,417159919051.1768,7046187457.450152,984284350.9486556,15790629.677375905,180286.91863472032,417035086671.2788,7049856911.47169,984340676.9110404,15798847.420721184,177706.31709548103,124832379.89801025,-3669454.0215377808,-56325.962384819984,-8217.743345279247,2580.6015392392874,22450636.968624137,-8217.743345279247,2580.6015392392874,0.010136912596718303
201,417159919051.1768,7046187457.450152,984284350.9486556,15790629.677375905,180286.91863472032,417184584214.2118,6927043470.477538,952359222.6132631,15799989.429714218,177126.48817335354,-24665163.034973145,119143986.97261429,31925128.335392475,-9359.752338312566,3160.4304613667773,-154768889.76325274,-9359.752338312566,3160.4304613667773,0.0104949957957767
202,417159919051.1768,7046187457.450152,984284350.9486556,15790629.677375905,180286.91863472032,417184584214.2118,6927066679.887357,952347655.0706853,15799989.429714218,177126.48817335354,-24665163.034973145,119120777.56279564,31936695.877970338,-9359.752338312566,3160.4304613667773,-154757247.89601195,-9359.752338312566,3160.4304613667773,0.0104949957957767
203,417159919051.1768,7046187457.450152,984284350.9486556,15790629.677375905,180286.91863472032,417142776296.90393,7042099902.689935,981698976.2503363,15556761.868825898,179856.700143048,17142754.272888184,4087554.7602176666,2585374.698319316,233867.80855000764,430.2184916723345,-4101516.3176037553,233867.80855000764,430.2184916723345,0.010382642695411608
204,417159919051.1768,7046187457.450152,984284350.9486556,15790629.677375905,180286.91863472032,417088137692.45087,7037968795.5415325,984449176.0730069,15799454.575840794,178734.0562657047,71781358.72595215,8218661.908619881,-164825.12435126305,-8824.898464888334,1552.8623690156091,2713367.0246242043,-8824.898464888334,1552.8623690156091,0.01033111496441842
205,417159919051.1768,7046187457.450152,984284350.9486556,15790629.677375905,180286.91863472032,417163895580.7824,7028791851.268145,983491143.6479034,15774585.227600953,178117.28475257897,-3976529.6055908203,17395606.18200779,793207.3007521629,16044.449774952605,2169.633882141352,-18785292.923598576,16044.449774952605,2169.633882141352,0.010427844386612262
206,417159919051.1768,7046187457.450152,984284350.9486556,15790629.677375905,180286.91863472032,417035086671.2788,7053184531.416353,984060716.337167,15798624.27049885,177949.28428027107,124832379.89801025,-6997073.966200829,223634.6114885807,-7994.593122944236,2337.6343544492556,25498296.339413784,-7994.593122944236,2337.6343544492556,0.010136912596718303
207,417159919051.1768,7046187457.450152,984284350.9486556,15790629.677375905,180286.91863472032,417035086671.2788,7053555461.6670885,983986639.9266862,15798668.047298223,177384.93329860654,124832379.89801025,-7368004.216936111,297711.0219694376,-8038.3699223175645,2901.9853361137793,25795150.17966821,-8038.3699223175645,2901.9853361137793,0.010136912596718303
208,417159919051.1768,7046187457.450152,984284350.9486556,15790629.677375905,180286.91863472032,416970855611.786,7040250868.293826,983173234.2695206,15695388.5678113,178382.99826110963,189063439.3908081,5936589.156326294,1111116.679134965,95241.1095646061,1903.9203736106865,21311810.073159955,95241.1095646061,1903.9203736106865,0.0100117585907327
209,417159919051.1768,7046187457.450152,984284350.9486556,15790629.677375905,180286.91863472032,417262313847.2786,7025247524.397066,980653590.445472,15820291.286140272,180021.03083354732,-102394796.10180664,20939933.05308628,3630760.5031836033,-29661.608764367178,265.88780117299757,-39929912.97154088,-29661.608764367178,265.88780117299757,0.010577988350624297
210,417159919051.1768,7046187457.450152,984284350.9486556,15790629.677375905,180286.91863472032,417181142348.07056,7031479582.475493,980487426.1953996,15820318.069166152,180099.41128427605,-21223296.893737793,14707874.974658966,3796924.7532559633,-29688.39179024659,187.50735044426983,-21688294.261975598,-29688.39179024659,187.50735044426983,0.010443891777598541
211,417159919051.1768,7046187457.450152,984284350.9486556,15790629.677375905,180286.91863472032,417200951248.62836,7024540330.913654,979251575.1926562,15829618.970086046,179990.60461396776,-41032197.451538086,21647126.53649807,5032775.755999446,-38989.29271014035,296.31402075255755,-32834731.91022823,-38989.29271014035,296.31402075255755,0.01041252105664086
212,417159919051.1768,7046187457.450152,984284350.9486556,15790629.677375905,180286.91863472032,417169426391.07935,7025501326.286073,979121740.9965166,15817068.842859237,181297.87520832854,-9507339.902526855,20686131.164079666,5162609.95213902,-26439.165483331308,-1010.956573608215,-27274842.101597715,-26439.165483331308,-1010.956573608215,0.010381167155965324
213,417159919051.1768,7046187457.450152,984284350.9486556,15790629.677375905,180286.91863472032,417141228464.2269,7027308974.254996,979881486.8144398,15819024.18226205,180684.09966545322,18690586.949890137,18878483.195156097,4402864.134215832,-28394.504886144772,-397.18103073289967,-20477759.28688841,-28394.504886144772,-397.18103073289967,0.01034412619942935
214,417159919051.1768,7046187457.450152,984284350.9486556,15790629.677375905,180286.91863472032,417214978008.19653,7025486029.422851,979071322.7567575,15827101.854466962,182948.67128047522,-55058957.019714355,20701428.02730179,5213028.1918981075,-36472.17709105648,-2661.7526457548956,-34173299.77215705,-36472.17709105648,-2661.7526457548956,0.010440575322336658
215,417159919051.1768,7046187457.450152,984284350.9486556,15790629.677375905,180286.91863472032,417261079444.5665,7025764223.029859,981190226.8268622,15731798.815922672,179840.01752234553,-101160393.38970947,20423234.420293808,3094124.1217933893,58830.86145323329,446.9011123747914,-38691417.55054362,58830.86145323329,446.9011123747914,0.010532586885516308
216,417159919051.1768,7046187457.450152,984284350.9486556,15790629.677375905,180286.91863472032,417338773713.0786,7025186754.026269,978845650.8754482,15829816.127505934,180806.91535416327,-178854661.90179443,21000703.423883438,5438700.073207378,-39186.45013002865,-519.9967194429482,-53267602.78235998,-39186.45013002865,-519.9967194429482,0.010643711129482569
217,417159919051.1768,7046187457.450152,984284350.9486556,15790629.677375905,180286.91863472032,417338773713.0786,7025323196.771785,980434761.3363566,15825874.670821015,179439.0445484236,-178854661.90179443,20864260.678367615,3849589.6122989655,-35244.993445109576,847.8740862967097,-51542049.575935744,-35244.993445109576,847.8740862967097,0.010643711129482569
218,417159919051.1768,7046187457.450152,984284350.9486556,15790629.677375905,180286.91863472032,417286522911.13947,7024851728.122572,980816984.0615208,15833921.767051125,179694.77668336724,-126603859.96264648,21335729.327580452,3467366.8871347904,-43292.08967521973,592.1419513530855,-43793675.20911221,-43292.08967521973,592.1419513530855,0.010565592661640514
219,417159919051.1768,7046187457.450152,984284350.9486556,15790629.677375905,180286.91863472032,417262313847.2786,7028110815.986173,979843435.5183486,15819347.521156328,179480.47302476858,-102394796.10180664,18076641.46397972,4440915.430307031,-28717.843780422583,806.4456099517411,-37876776.30955775,-28717.843780422583,806.4456099517411,0.010577988350624297
220,417159919051.1768,7046187457.450152,984284350.9486556,15790629.677375905,180286.91863472032,417421990403.24994,7023956279.373238,979666493.6426713,15832864.322530203,180328.78816214393,-262071352.07312012,22231178.076914787,4617857.305984259,-42234.64515429735,-41.869527423608815,-66159738.193867065,-42234.64515429735,-41.869527423608815,0.010708958826732711
221,417159919051.1768,7046187457.450152,984284350.9486556,15790629.677375905,180286.91863472032,417338773713.0786,7025371113.778184,980416936.6163607,15832346.467185587,179574.12894958557,-178854661.90179443,20816343.67196846,3867414.332294941,-41716.789809681475,712.7896851347468,-51511957.289532565,-41716.789809681475,712.7896851347468,0.010643711129482569
222,417159919051.1768,7046187457.450152,984284350.9486556,15790629.677375905,180286.91863472032,417338773713.0786,7026685790.79742,980366227.7768319,15833499.183164584,179527.3667705996,-178854661.90179443,19501666.65273285,3918123.17182374,-42869.5057886783,759.5518641207309,-50247989.10982575,-42869.5057886783,759.5518641207309,0.010643711129482569
223,417159919051.1768,7046187457.450152,984284350.9486556,15790629.677375905,180286.91863472032,417338773713.0786,7026714834.160795,979914252.1302748,15795041.663141271,179670.87355132514,-178854661.90179443,19472623.289357185,4370098.818380833,-4411.985765365884,616.0450833951763,-50670921.39300718,-4411.985765365884,616.0450833951763,0.010643711129482569
224,417159919051.1768,7046187457.450152,984284350.9486556,15790629.677375905,180286.91863472032,417296179515.97687,7025585959.129228,980176087.0915467,15771734.766423324,181169.22515648618,-136260464.80004883,20601498.32092476,4108263.8571089506,18894.910952581093,-882.3065217658586,-45148831.89804103,18894.910952581093,-882.3065217658586,0.010590073330040408
225,417159919051.1768,7046187457.450152,984284350.9486556,15790629.677375905,180286.91863472032,417181142348.07056,7028972526.005943,981133331.4825503,15819860.4318631,180507.39195489523,-21223296.893737793,17214931.4442091,3151019.466105342,-29230.75448719412,-220.47332017490407,-23549445.44437511,-29230.75448719412,-220.47332017490407,0.010443891777598541
226,417159919051.1768,7046187457.450152,984284350.9486556,15790629.677375905,180286.91863472032,417262313847.2786,7023908749.14686,980304198.5538448,15819330.179511776,179632.40995088377,-102394796.10180664,22278708.303292274,3980152.394810796,-28700.50213587098,654.5086838365532,-41618080.11337407,-28700.50213587098,654.5086838365532,0.010577988350624297
227,417159919051.1768,7046187457.450152,984284350.9486556,15790629.677375905,180286.91863472032,417262313847.2786,6989643634.52034,969064080.3691634,15820478.661810253,166296.14889839178,-102394796.10180664,56543822.92981243,15220270.579492211,-29848.9844343476,13990.76973632854,-87123312.92457564,-29848.9844343476,13990.76973632854,0.010577988350624297
228,417159919051.1768,7046187457.450152,984284350.9486556,15790629.677375905,180286.91863472032,417338773713.0786,6989374876.715894,968791897.8408918,15834057.127689913,166296.14889839178,-178854661.90179443,56812580.73425865,15492453.107763767,-43427.4503140077,13990.76973632854,-99133233.12729159,-43427.4503140077,13990.76973632854,0.010643711129482569
229,417159919051.1768,7046187457.450152,984284350.9486556,15790629.677375905,180286.91863472032,417144163935.9723,7028244235.338202,979854865.6016408,15815688.647266949,180026.52719040128,15755115.204528809,17943222.11194992,4429485.347014785,-25058.96989104338,260.39144431904424,-20009440.178285383,-25058.96989104338,260.39144431904424,0.01075942344099609
230,417159919051.1768,7046187457.450152,984284350.9486556,15790629.677375905,180286.91863472032,417217688330.02686,7023720836.4415655,979806300.8664588,15830015.099551715,182889.84042672924,-57769278.85003662,22466621.008586884,4478050.082196832,-39385.42217580974,-2602.921792008914,-35610062.91828921,-39385.42217580974,-2602.921792008914,0.010409848978287622
231,417159919051.1768,7046187457.450152,984284350.9486556,15790629.677375905,180286.91863472032,417214978008.19653,7024293892.167328,979863701.3036243,15827317.609794252,181574.71022086876,-55058957.019714355,21893565.282824516,4420649.645031333,-36687.932418346405,-1287.7915861484362,-34573058.480813004,-36687.932418346405,-1287.7915861484362,0.010440575322336658
232,417159919051.1768,7046187457.450152,984284350.9486556,15790629.677375905,180286.91863472032,417261079444.5665,7026816261.700442,981227288.620369,15731798.815922672,179840.01752234553,-101160393.38970947,19371195.749710083,3057062.328286648,58830.86145323329,446.9011123747914,-37602317.086453155,58830.86145323329,446.9011123747914,0.010532586885516308
233,417159919051.1768,7046187457.450152,984284350.9486556,15790629.677375905,180286.91863472032,417338773713.0786,6993697480.370315,978054906.7348292,15833958.505490694,179178.66802755563,-178854661.90179443,52489977.0798378,6229444.213826418,-43328.82811478898,1108.250607164693,-85547620.57893339,-43328.82811478898,1108.250607164693,0.010643711129482569
234,417159919051.1768,7046187457.450152,984284350.9486556,15790629.677375905,180286.91863472032,417338773713.0786,6993697480.370315,978054906.7348292,15833958.505490694,179178.66802755563,-178854661.90179443,52489977.0798378,6229444.213826418,-43328.82811478898,1108.250607164693,-85547620.57893339,-43328.82811478898,1108.250607164693,0.010643711129482569
235,417159919051.1768,7046187457.450152,984284350.9486556,15790629.677375905,180286.91863472032,417262313847.2786,6985098126.578753,974444996.5422287,15820478.661810253,179226.37698547263,-102394796.10180664,61089330.871398926,9839354.406426907,-29848.9844343476,1060.5416492476943,-86287904.69309683,-29848.9844343476,1060.5416492476943,0.010577988350624297
236,417159919051.1768,7046187457.450152,984284350.9486556,15790629.677375905,180286.91863472032,417262313847.2786,6984321396.770643,974531135.6120354,15820478.661810253,179226.37698547263,-102394796.10180664,61866060.67950916,9753215.336620212,-29848.9844343476,1060.5416492476943,-86978495.43140037,-29848.9844343476,1060.5416492476943,0.010577988350624297
237,417159919051.1768,7046187457.450152,984284350.9486556,15790629.677375905,180286.91863472032,417238950157.1917,7027396119.878398,978748089.1426431,15740705.94053289,180357.02793806404,-79031106.01489258,18791337.571754456,5536261.806012511,49923.736843016,-70.10930334372097,-36182265.28000085,49923.736843016,-70.10930334372097,0.01052347718292287
238,417159919051.1768,7046187457.450152,984284350.9486556,15790629.677375905,180286.91863472032,417232632577.6146,7026758106.93004,980476539.9624912,15820169.756562205,179814.034180018,-72713526.43780518,19429350.520112038,3807810.9861644506,-29540.079186299816,472.8844547023182,-34144190.47194727,-29540.079186299816,472.8844547023182,0.01051627049350655
239,417159919051.1768,7046187457.450152,984284350.9486556,15790629.677375905,180286.91863472032,417262313847.2786,7024249948.817789,979955558.4175427,15813110.773276143,179520.84022146583,-102394796.10180664,21937508.63236332,4328792.531112909,-22481.09590023756,766.0784132544941,-41625520.57874723,-22481.09590023756,766.0784132544941,0.010577988350624297
240,417159919051.1768,7046187457.450152,984284350.9486556,15790629.677375905,180286.91863472032,417262313847.2786,6998683481.007783,976888517.994031,15820478.661810253,179090.96236477408,-102394796.10180664,47503976.44236946,7395832.954624653,-29848.9844343476,1195.9562699462404,-70259028.81226511,-29848.9844343476,1195.9562699462404,0.010577988350624297
241,417159919051.1768,7046187457.450152,984284350.9486556,15790629.677375905,180286.91863472032,417338773713.0786,6998070459.428318,977008304.0239419,15834057.127689913,179090.96236477408,-178854661.90179443,48116998.02183437,7276046.924713731,-43427.4503140077,1195.9562699462404,-82221244.23181728,-43427.4503140077,1195.9562699462404,0.010643711129482569
242,417159919051.1768,7046187457.450152,984284350.9486556,15790629.677375905,180286.91863472032,417141228464.2269,7025211490.541977,979764398.9057498,15791518.308177527,179644.713379416,18690586.949890137,20975966.90817547,4519952.0429058075,-888.6308016218245,642.2052553043177,-22692330.908597756,-888.6308016218245,642.2052553043177,0.01034412619942935
243,417159919051.1768,7046187457.450152,984284350.9486556,15790629.677375905,180286.91863472032,417159919051.1768,7045565933.506404,985978001.6780475,15799946.22784427,181141.63143600518,0.0,621523.9437484741,-1693650.7293919325,-9316.55046836473,-854.7128012848552,1072126.7856434584,-9316.55046836473,-854.7128012848552,0.010437739146191486
244,417159919051.1768,7046187457.450152,984284350.9486556,15790629.677375905,180286.91863472032,416996046175.3082,7046008167.207122,985656273.5075281,15800016.09330421,181305.94365860103,163872875.8685913,179290.2430305481,-1371922.5588724613,-9386.415928304195,-1019.0250238807057,25773563.696130607,-9386.415928304195,-1019.0250238807057,0.01015528010404187
245,417159919051.1768,7046187457.450152,984284350.9486556,15790629.677375905,180286.91863472032,417159919051.1768,7045869868.449733,984760153.6333785,15795724.72083837,181134.42526772933,0.0,317589.0004196167,-475802.6847229004,-5095.043462464586,-847.5066330090049,158213.6843032837,-5095.043462464586,-847.5066330090049,0.010437739146191486
246,417159919051.1768,7046187457.450152,984284350.9486556,15790629.677375905,180286.91863472032,417096117087.9479,7041687467.369611,982317544.7659659,15763407.917061996,179472.83790307355,63801963.22894287,4499990.080541611,1966806.1826896667,27221.7603139095,814.080731646769,3103498.221110152,27221.7603139095,814.080731646769,0.010285551685387391
247,417159919051.1768,7046187457.450152,984284350.9486556,15790629.677375905,180286.91863472032,416982548940.6708,7047180713.146423,982973789.2509537,15793413.260242043,180680.3220147966,177370110.50604248,-993255.6962709427,1310561.697701931,-2783.5828661378473,-393.4033800762845,26288210.57447538,-2783.5828661378473,-393.4033800762845,0.010035731512959032
248,417159919051.1768,7046187457.450152,984284350.9486556,15790629.677375905,180286.91863472032,416998062386.9142,7046065203.689201,981892412.5460624,15792553.398739157,183775.2834088738,161856664.26263428,122253.76095104218,2391938.402593255,-1923.7213632520288,-3488.3647741534805,21764307.475850843,-1923.7213632520288,-3488.3647741534805,0.010028479842169253
249,417159919051.1768,7046187457.450152,984284350.9486556,15790629.677375905,180286.91863472032,416946190448.751,7045722518.273084,984239604.1669508,15727581.397047164,182541.99227273525,213728602.4258423,464939.1770687103,44746.78170478344,63048.2803287413,-2255.073638014932,31549604.40510285,63048.2803287413,-2255.073638014932,0.009954501941147487
250,417159919051.1768,7046187457.450152,984284350.9486556,15790629.677375905,180286.91863472032,416989787041.02313,7046145959.243592,982532467.963657,15781414.094104752,185949.75506831918,170132010.15368652,41498.20656013489,1751882.9849985838,9215.583271153271,-5662.836433598859,23726420.33149426,9215.583271153271,-5662.836433598859,0.010081977867571168
251,417159919051.1768,7046187457.450152,984284350.9486556,15790629.677375905,180286.91863472032,417051250518.57385,7048720656.628144,987168728.4668525,15572576.02116979,180420.3527927545,108668532.60296631,-2533199.177991867,-2884377.5181969404,218053.65620611608,-133.4341580341861,21717856.586633753,218053.65620611608,-133.4341580341861,0.01024656010338
252,417159919051.1768,7046187457.450152,984284350.9486556,15790629.677375905,180286.91863472032,417111233852.73004,7045417214.614872,982102350.1376256,15783296.937604215,182108.9992549537,48685198.446777344,770242.8352804184,2182000.8110300303,7332.73977169022,-1822.080620233377,4350536.120706153,7332.73977169022,-1822.080620233377,0.010276215125052017
253,417159919051.1768,7046187457.450152,984284350.9486556,15790629.677375905,180286.91863472032,417089693528.65753,7048786740.276089,985444282.672351,15720908.642311435,179729.538422316,70225522.51928711,-2599282.8259363174,-1159931.7236953974,69721.03506447002,557.3802124043286,14293042.92752478,69721.03506447002,557.3802124043286,0.010206977383017225
254,417159919051.1768,7046187457.450152,984284350.9486556,15790629.677375905,180286.91863472032,417063472529.4159,7044465340.385033,985973082.9235198,15800944.292554952,180182.2506179376,96446521.7609253,1722117.0651197433,-1688731.9748642445,-10314.615179046988,104.66801678272896,14433593.173883295,-10314.615179046988,104.66801678272896,0.010273858314833207
255,417159919051.1768,7046187457.450152,984284350.9486556,15790629.677375905,180286.91863472032,417139230417.7474,7045294861.354269,984177739.9585427,15793268.828863764,180002.4420248837,20688633.42944336,892596.0958833694,106610.99011290073,-2639.151487858966,284.47660983662354,2104087.9284202335,-2639.151487858966,284.47660983662354,0.01037058773702705
256,417159919051.1768,7046187457.450152,984284350.9486556,15790629.677375905,180286.91863472032,416998062386.9142,7045033253.999,983884874.1053022,15798749.989334652,181291.32196530615,161856664.26263428,1154203.4511528015,399476.8433533907,-8120.311958746985,-1004.403330585832,22724819.344888948,-8120.311958746985,-1004.403330585832,0.010028479842169253
257,417159919051.1768,7046187457.450152,984284350.9486556,15790629.677375905,180286.91863472032,417159919051.1768,7046196374.314322,985530692.2374594,15798156.303362103,179966.29916717176,0.0,-8916.864170074463,-1246341.2888038158,-7526.625986197963,320.61946754856035,1255258.1529738903,-7526.625986197963,320.61946754856035,0.010437739146191486
258,417159919051.1768,7046187457.450152,984284350.9486556,15790629.677375905,180286.91863472032,417010421508.24384,7046427794.717556,985348127.5552073,15799380.752883518,179886.4664896505,149497542.9329834,-240337.2674036026,-1063776.6065516472,-8751.075507612899,400.45214506980847,23728745.313902758,-8751.075507612899,400.45214506980847,0.01007965594713309
259,417159919051.1768,7046187457.450152,984284350.9486556,15790629.677375905,180286.91863472032,417131208688.2187,7049933176.321962,984233532.6423461,15724982.353172714,180558.67619957743,28710362.958129883,-3745718.8718099594,50818.30630946159,65647.32420319133,-271.75756485710735,8001455.00921998,65647.32420319133,-271.75756485710735,0.01035496632683325
260,417159919051.1768,7046187457.450152,984284350.9486556,15790629.677375905,180286.91863472032,417159919051.1768,7051046095.106127,984428697.3885154,15767232.7366708,180136.19611792412,0.0,-4858637.655974388,-144346.4398597479,23396.940705105662,150.7225167962024,5002984.095834136,23396.940705105662,150.7225167962024,0.010437739146191486
261,417159919051.1768,7046187457.450152,984284350.9486556,15790629.677375905,180286.91863472032,417102297665.80554,7046640942.89308,985130633.8130428,15685837.436690867,182730.25800949344,57621385.371276855,-453485.44292736053,-846282.8643871546,104792.24068503827,-2443.339374773117,9942976.113006042,104792.24068503827,-2443.339374773117,0.010344807778555249
262,417159919051.1768,7046187457.450152,984284350.9486556,15790629.677375905,180286.91863472032,417159919051.1768,7005354890.410991,978907800.4243734,15797043.867432863,179754.26314833437,0.0,40832567.03916168,5376550.524282217,-6414.1900569573045,532.6554863859492,-46209117.5634439,-6414.1900569573045,532.6554863859492,0.010437739146191486
263,417159919051.1768,7046187457.450152,984284350.9486556,15790629.677375905,180286.91863472032,416996046175.3082,7047492296.156466,987191455.8114965,15799051.378657054,183384.98907181757,163872875.8685913,-1304838.7063131332,-2907104.862840891,-8421.70128114894,-3098.0704370972526,28792874.94944272,-8421.70128114894,-3098.0704370972526,0.01015528010404187
264,417159919051.1768,7046187457.450152,984284350.9486556,15790629.677375905,180286.91863472032,417159919051.1768,7044041160.725255,985319415.2042756,15797785.623801567,180326.74986202794,0.0,2146296.7248973846,-1035064.2556200027,-7155.946425661445,-39.831227307615336,-1111232.469277382,-7155.946425661445,-39.831227307615336,0.010437739146191486
265,417159919051.1768,7046187457.450152,984284350.9486556,15790629.677375905,180286.91863472032,417089693528.65753,7035574335.51784,974728828.4757887,15708572.293251798,169300.54960528883,70225522.51928711,10613121.932312012,9555522.472866893,82057.38412410766,10986.369029431487,-9634816.027285838,82057.38412410766,10986.369029431487,0.010206977383017225
266,417159919051.1768,7046187457.450152,984284350.9486556,15790629.677375905,180286.91863472032,417089693528.65753,7037321021.829888,974673545.1452173,15709436.30689003,169157.06955719693,70225522.51928711,8866435.620264053,9610805.803438306,81193.37048587576,11129.849077523395,-7943413.045809293,81193.37048587576,11129.849077523395,0.010206977383017225
267,417159919051.1768,7046187457.450152,984284350.9486556,15790629.677375905,180286.91863472032,416946190448.751,7046467588.743555,984132371.8057259,15730452.865386453,181152.0736608251,213728602.4258423,-280131.2934026718,151979.1429296732,60176.81198945269,-865.1550261047669,32187442.51434934,60176.81198945269,-865.1550261047669,0.009954501941147487
268,417159919051.1768,7046187457.450152,984284350.9486556,15790629.677375905,180286.91863472032,416946190448.751,7045710469.243915,984223644.7268357,15727865.939465817,185783.01393356943,213728602.4258423,476988.20623779297,60706.221819877625,62763.73791008815,-5496.095298849104,31521595.935818672,62763.73791008815,-5496.095298849104,0.009954501941147487
269,417159919051.1768,7046187457.450152,984284350.9486556,15790629.677375905,180286.91863472032,416989787041.02313,7045862545.36041,984098625.8389828,15781903.164557632,183464.34115701646,170132010.15368652,324912.0897426605,185725.1096727848,8726.512818273157,-3177.4225222961395,25009164.323637534,8726.512818273157,-3177.4225222961395,0.010081977867571168
270,417159919051.1768,7046187457.450152,984284350.9486556,15790629.677375905,180286.91863472032,417051250518.57385,7048016497.811694,987231911.48049,15572576.02116979,180420.3527927545,108668532.60296631,-1829040.361541748,-2947560.531834364,218053.65620611608,-133.4341580341861,21076880.783821058,218053.65620611608,-133.4341580341861,0.01024656010338
271,417159919051.1768,7046187457.450152,984284350.9486556,15790629.677375905,180286.91863472032,417010421508.24384,7048986889.037854,985618190.4885744,15799912.14045528,179683.62030409035,149497542.9329834,-2799431.5877017975,-1333839.5399187803,-9282.463079374284,603.298330629972,26557902.567568086,-9282.463079374284,603.298330629972,0.01007965594713309
272,417159919051.1768,7046187457.450152,984284350.9486556,15790629.677375905,180286.91863472032,417010421508.24384,7048986889.037854,985618190.4885744,15799912.14045528,179683.62030409035,149497542.9329834,-2799431.5877017975,-1333839.5399187803,-9282.463079374284,603.298330629972,26557902.567568086,-9282.463079374284,603.298330629972,0.01007965594713309
273,417159919051.1768,7046187457.450152,984284350.9486556,15790629.677375905,180286.91863472032,417010421508.24384,7048585981.105283,985140640.5586281,15797685.989707708,179823.87930697508,149497542.9329834,-2398523.6551303864,-856289.609972477,-7056.312331803143,463.03932774523855,25679444.70505037,-7056.312331803143,463.03932774523855,0.01007965594713309
274,417159919051.1768,7046187457.450152,984284350.9486556,15790629.677375905,180286.91863472032,417010421508.24384,7041040079.875156,985099612.6370419,15796201.462783797,179974.55887262136,149497542.9329834,5147377.574995995,-815261.6883863211,-5571.785407891497,312.35976209896035,18092515.553337835,-5571.785407891497,312.35976209896035,0.01007965594713309
275,417159919051.1768,7046187457.450152,984284350.9486556,15790629.677375905,180286.91863472032,417010421508.24384,7047579015.123789,985468985.4103713,15799096.290285423,179676.29198547808,149497542.9329834,-1391557.6736364365,-1184634.4617156982,-8466.612909518182,610.6266492422437,25000823.575299643,-8466.612909518182,610.6266492422437,0.01007965594713309
276,417159919051.1768,7046187457.450152,984284350.9486556,15790629.677375905,180286.91863472032,417010421508.24384,7048024250.454918,985622445.4429675,15799096.290285423,179676.29198547808,149497542.9329834,-1836793.0047655106,-1338094.4943119287,-8466.612909518182,610.6266492422437,25599518.939024948,-8466.612909518182,610.6266492422437,0.01007965594713309
277,417159919051.1768,7046187457.450152,984284350.9486556,15790629.677375905,180286.91863472032,417159919051.1768,6925566151.661801,953312210.1180902,15798944.327358522,178648.61106914666,0.0,120621305.78835106,30972140.830565453,-8314.649982616305,1638.3075655736611,-151593446.6189165,-8314.649982616305,1638.3075655736611,0.010437739146191486
278,417159919051.1768,7046187457.450152,984284350.9486556,15790629.677375905,180286.91863472032,417159919051.1768,6926836471.745803,953330922.7501743,15798944.327358522,178648.61106914666,0.0,119350985.70434952,30953428.19848132,-8314.649982616305,1638.3075655736611,-150304413.90283084,-8314.649982616305,1638.3075655736611,0.010437739146191486
279,417159919051.1768,7046187457.450152,984284350.9486556,15790629.677375905,180286.91863472032,417118111133.86896,7045572723.515284,981229229.7075639,15553050.765670065,181826.675033045,41807917.30786133,614733.9348688126,3055121.241091728,237578.91170584038,-1539.75639832468,2601332.4202186586,237578.91170584038,-1539.75639832468,0.010325386045826395
280,417159919051.1768,7046187457.450152,984284350.9486556,15790629.677375905,180286.91863472032,417063472529.4159,7045164173.283776,985677704.3268967,15799703.445405032,180704.03115570176,96446521.7609253,1023284.1663761139,-1393353.3782410622,-9073.76802912727,-417.1125209814345,14837047.476003742,-9073.76802912727,-417.1125209814345,0.010273858314833207
281,417159919051.1768,7046187457.450152,984284350.9486556,15790629.677375905,180286.91863472032,417139230417.7474,7042184466.021527,984152976.7711531,15774784.42610308,180087.259642576,20688633.42944336,4002991.428625107,131374.17750251293,15845.251272825524,199.65899214430829,-1031070.591711116,15845.251272825524,199.65899214430829,0.01037058773702705
282,417159919051.1768,7046187457.450152,984284350.9486556,15790629.677375905,180286.91863472032,417061301003.7833,7048855807.66606,984872570.0671033,15798873.140063088,179919.2591702681,98618047.39349365,-2668350.2159080505,-588219.1184476614,-8243.462687183172,367.659464452212,18049276.44337976,-8243.462687183172,367.659464452212,0.01113358581043495
283,417159919051.1768,7046187457.450152,984284350.9486556,15790629.677375905,180286.91863472032,417010421508.24384,7049477888.873554,985210576.1895645,15799737.15370132,179775.7791221762,149497542.9329834,-3290431.4234018326,-926225.2409088612,-9107.476325415075,511.1395125441195,26641288.104258202,-9107.476325415075,511.1395125441195,0.01007965594713309
284,417159919051.1768,7046187457.450152,984284350.9486556,15790629.677375905,180286.91863472032,416946190448.751,7045785364.589172,983603867.8815125,15690948.169450115,180352.97315110668,213728602.4258423,402092.8609800339,680483.0671430826,99681.5079257898,-66.05451638635714,30976714.435753226,99681.5079257898,-66.05451638635714,0.009954501941147487
285,417159919051.1768,7046187457.450152,984284350.9486556,15790629.677375905,180286.91863472032,417159919051.1768,7044674319.89178,986216447.9676259,15790389.494509084,180937.32207074677,0.0,1513137.5583724976,-1932097.018970251,240.18286682106555,-650.4034360264486,418959.4605977535,240.18286682106555,-650.4034360264486,0.010437739146191486
286,417159919051.1768,7046187457.450152,984284350.9486556,15790629.677375905,180286.91863472032,416996046175.3082,7045678418.679783,985893886.0555366,15790459.359969022,181101.63429334262,163872875.8685913,509038.7703695297,-1609535.1068810225,170.31740688346326,-814.7156586222991,25681427.716800187,170.31740688346326,-814.7156586222991,0.01015528010404187
287,417159919051.1768,7046187457.450152,984284350.9486556,15790629.677375905,180286.91863472032,417159919051.1768,7046714750.675648,984869835.7162659,15788983.016820477,181028.60868513776,0.0,-527293.2254953384,-585484.7676103115,1646.660555427894,-741.690050417441,1112777.99310565,1646.660555427894,-741.690050417441,0.010437739146191486
288,417159919051.1768,7046187457.450152,984284350.9486556,15790629.677375905,180286.91863472032,417096117087.9479,7040284525.658164,982554787.9072274,15756666.213044103,179367.021320482,63801963.22894287,5902931.791988373,1729563.0414282084,33963.46433180198,919.8973142383329,1937799.6509248484,33963.46433180198,919.8973142383329,0.010285551685387391
289,417159919051.1768,7046187457.450152,984284350.9486556,15790629.677375905,180286.91863472032,416982548940.6708,7046322953.705981,984039594.957037,15783029.44550522,180429.3647135714,177370110.50604248,-135496.25582885742,244755.99161863327,7600.231870684773,-142.44607885109144,26496256.840116594,7600.231870684773,-142.44607885109144,0.010035731512959032
290,417159919051.1768,7046187457.450152,984284350.9486556,15790629.677375905,180286.91863472032,416998062386.9142,7045264868.856549,983085502.8740488,15782996.665403971,183570.9740436154,161856664.26263428,922588.5936031342,1198848.0746067762,7633.011971933767,-3284.055408895074,22157062.97118523,7633.011971933767,-3284.055408895074,0.010028479842169253
291,417159919051.1768,7046187457.450152,984284350.9486556,15790629.677375905,180286.91863472032,416946190448.751,7045036137.18392,985016080.0028746,15718092.614587938,182337.68290747685,213728602.4258423,1151320.2662324905,-731729.0542190075,72537.0627879668,-2050.7642727565253,31639699.15186286,72537.0627879668,-2050.7642727565253,0.009954501941147487
292,417159919051.1768,7046187457.450152,984284350.9486556,15790629.677375905,180286.91863472032,416989787041.02313,7045334279.289365,983680187.586686,15771030.27936793,185698.797767094,170132010.15368652,853178.1607875824,604163.3619695902,19599.39800797589,-5411.879132373666,24062460.000295807,19599.39800797589,-5411.879132373666,0.010081977867571168
293,417159919051.1768,7046187457.450152,984284350.9486556,15790629.677375905,180286.91863472032,417051250518.57385,7048528613.782131,987437526.8918787,15563116.582602913,180169.3954915293,108668532.60296631,-2341156.331978798,-3153175.943223119,227513.09477299266,117.52314319100697,21794612.165646862,227513.09477299266,117.52314319100697,0.01024656010338
294,417159919051.1768,7046187457.450152,984284350.9486556,15790629.677375905,180286.91863472032,417111233852.73004,7044507544.084635,983336256.7935109,15772913.12286739,181858.04195372848,48685198.446777344,1679913.3655176163,948094.1551446915,17716.554508514702,-1571.1233190081548,4674772.246354294,17716.554508514702,-1571.1233190081548,0.010276215125052017
295,417159919051.1768,7046187457.450152,984284350.9486556,15790629.677375905,180286.91863472032,417089693528.65753,7047835035.673,986039035.7776468,15713674.012069725,179478.5811210908,70225522.51928711,-1647578.2228479385,-1754684.8289911747,76955.66530618072,808.3375136295217,13936091.42973218,76955.66530618072,808.3375136295217,0.010206977383017225
296,417159919051.1768,7046187457.450152,984284350.9486556,15790629.677375905,180286.91863472032,417063472529.4159,7043455154.030443,986379306.9360476,15790560.47781813,179931.29331671237,96446521.7609253,2732303.4197092056,-2094955.9873919487,69.19955777563155,355.62531800795114,13829630.831821537,69.19955777563155,355.62531800795114,0.010273858314833207
297,417159919051.1768,7046187457.450152,984284350.9486556,15790629.677375905,180286.91863472032,417139230417.7474,7044523057.476421,984946698.7808518,15783712.095528577,179798.1326596253,20688633.42944336,1664399.973731041,-662347.8321962357,6917.581847328693,488.78597509503015,2101242.8728816984,6917.581847328693,488.78597509503015,0.01037058773702705
298,417159919051.1768,7046187457.450152,984284350.9486556,15790629.677375905,180286.91863472032,416998062386.9142,7044070108.700948,984782604.7471218,15788366.17459783,181040.36466408096,161856664.26263428,2117348.7492046356,-498253.7984662056,2263.5027780756354,-753.4460293606389,22659404.68865671,2263.5027780756354,-753.4460293606389,0.010028479842169253
299,417159919051.1768,7046187457.450152,984284350.9486556,15790629.677375905,180286.91863472032,417159919051.1768,7045382658.793952,986116023.9012301,15787772.488625279,179715.34186594657,0.0,804798.6562004089,-1831672.9525744915,2857.1887506265193,571.5767687737534,1026874.2963740826,2857.1887506265193,571.5767687737534,0.010437739146191486
300,417159919051.1768,7046187457.450152,984284350.9486556,15790629.677375905,180286.91863472032,417010421508.24384,7045781180.448539,985984085.5890912,15788996.938146695,179635.5091884253,149497542.9329834,406277.00161361694,-1699734.6404355764,1632.739229209721,651.4094462950306,23718089.078769468,1632.739229209721,651.4094462950306,0.01007965594713309
301,417159919051.1768,7046187457.450152,984284350.9486556,15790629.677375905,180286.91863472032,417131208688.2187,7045291251.94305,984579548.0017902,15718267.974510483,180452.85961698584,28710362.958129883,896205.5071020126,-295197.0531345606,72361.70286542177,-165.94098226551432,3705545.98975203,72361.70286542177,-165.94098226551432,0.01035496632683325
302,417159919051.1768,7046187457.450152,984284350.9486556,15790629.677375905,180286.91863472032,417159919051.1768,7051198902.5556135,985236161.880842,15756848.921933975,179885.23881669893,0.0,-5011445.105461121,-951810.9321863651,33780.755441930145,401.6798180213955,5963256.037647486,33780.755441930145,401.6798180213955,0.010437739146191486
303,417159919051.1768,7046187457.450152,984284350.9486556,15790629.677375905,180286.91863472032,417102297665.80554,7045887354.710086,985833487.3711263,15675465.977931153,182479.30070826825,57621385.371276855,300102.7400665283,-1549136.4224706888,115163.69944475219,-2192.382073547924,9892241.488095688,115163.69944475219,-2192.382073547924,0.010344807778555249
304,417159919051.1768,7046187457.450152,984284350.9486556,15790629.677375905,180286.91863472032,417159919051.1768,7005460610.553532,979549068.2285607,15790302.16341497,179648.4465657428,0.0,40726846.89662075,4735282.720094919,327.5139609351754,638.4720689775131,-45462129.61671567,327.5139609351754,638.4720689775131,0.010437739146191486
305,417159919051.1768,7046187457.450152,984284350.9486556,15790629.677375905,180286.91863472032,416996046175.3082,7047335451.177889,987195538.2657865,15789494.645321868,183180.67970655917,163872875.8685913,-1147993.727736473,-2911187.3171309233,1135.0320540368557,-2893.761071838846,28640112.42515609,1135.0320540368557,-2893.761071838846,0.01015528010404187
306,417159919051.1768,7046187457.450152,984284350.9486556,15790629.677375905,180286.91863472032,417159919051.1768,7042929867.3960905,985978290.0605406,15788228.890466379,180122.44049676953,0.0,3257590.0540618896,-1693939.1118849516,2400.786909526214,164.47813795079128,-1563650.942176938,2400.786909526214,164.47813795079128,0.010437739146191486
307,417159919051.1768,7046187457.450152,984284350.9486556,15790629.677375905,180286.91863472032,417089693528.65753,7036298584.86035,975503182.9056903,15702602.239189439,169096.24024003043,70225522.51928711,9888872.589802742,8781168.042965293,88027.4381864667,11190.678394689894,-8136212.254874969,88027.4381864667,11190.678394689894,0.010206977383017225
308,417159919051.1768,7046187457.450152,984284350.9486556,15790629.677375905,180286.91863472032,417089693528.65753,7036655382.290972,975665865.1193478,15702639.171426034,168906.1122559717,70225522.51928711,9532075.159180641,8618485.829307795,87990.50594987161,11380.806378748617,-7616732.61059537,87990.50594987161,11380.806378748617,0.010206977383017225
309,417159919051.1768,7046187457.450152,984284350.9486556,15790629.677375905,180286.91863472032,416946190448.751,7046017764.010045,984904837.860512,15721175.051703123,180947.76429556668,213728602.4258423,169693.44010734558,-620486.9118564129,69454.62567278184,-660.8456608463603,32510083.83562541,69454.62567278184,-660.8456608463603,0.009954501941147487
310,417159919051.1768,7046187457.450152,984284350.9486556,15790629.677375905,180286.91863472032,416946190448.751,7044630013.857596,985144529.9255843,15717663.451231742,185532.0566323442,213728602.4258423,1557443.5925559998,-860178.9769287109,72966.22614416294,-5245.137997623882,31362025.748249054,72966.22614416294,-5245.137997623882,0.009954501941147487
311,417159919051.1768,7046187457.450152,984284350.9486556,15790629.677375905,180286.91863472032,416989787041.02313,7045001660.802852,984926931.5667843,15771519.349820808,183213.38385579127,170132010.15368652,1185796.6473007202,-642580.6181286573,19110.32755509764,-2926.4652210709464,24976585.493880916,19110.32755509764,-2926.4652210709464,0.010081977867571168
312,417159919051.1768,7046187457.450152,984284350.9486556,15790629.677375905,180286.91863472032,417051250518.57385,7047626436.031464,987523030.478652,15563116.582602913,180169.3954915293,108668532.60296631,-1438978.581311226,-3238679.529996395,227513.09477299266,117.52314319100697,20977938.001752567,227513.09477299266,117.52314319100697,0.01024656010338
313,417159919051.1768,7046187457.450152,984284350.9486556,15790629.677375905,180286.91863472032,417010421508.24384,7048393287.7764435,986150055.0573827,15789528.325718457,179432.66300286516,149497542.9329834,-2205830.3262910843,-1865704.1087270975,1101.3516574483365,854.2556318551651,26496165.87496569,1101.3516574483365,854.2556318551651,0.01007965594713309
314,417159919051.1768,7046187457.450152,984284350.9486556,15790629.677375905,180286.91863472032,417010421508.24384,7048393287.7764435,986150055.0573827,15789528.325718457,179432.66300286516,149497542.9329834,-2205830.3262910843,-1865704.1087270975,1101.3516574483365,854.2556318551651,26496165.87496569,1101.3516574483365,854.2556318551651,0.01007965594713309
315,417159919051.1768,7046187457.450152,984284350.9486556,15790629.677375905,180286.91863472032,417010421508.24384,7047950139.577213,985408209.2411124,15789500.680911716,179667.95223456217,149497542.9329834,-1762682.1270608902,-1123858.292456746,1128.996464189142,618.966400158155,25311171.859465145,1128.996464189142,618.966400158155,0.01007965594713309
316,417159919051.1768,7046187457.450152,984284350.9486556,15790629.677375905,180286.91863472032,417038899134.4132,7043486722.191648,985299072.938145,15789459.758765904,179868.7422900298,121019916.76361084,2700735.2585048676,-1014721.9894894361,1169.9186100009829,418.1763446905243,16466974.245526195,1169.9186100009829,418.1763446905243,0.010116217546795153
317,417159919051.1768,7046187457.450152,984284350.9486556,15790629.677375905,180286.91863472032,417010421508.24384,7047250198.011431,985921485.8979828,15789539.556950238,179471.98262021967,149497542.9329834,-1062740.5612783432,-1637134.9493272305,1090.1204256676137,814.9360145006503,25124506.950553082,1090.1204256676137,814.9360145006503,0.01007965594713309
318,417159919051.1768,7046187457.450152,984284350.9486556,15790629.677375905,180286.91863472032,417010421508.24384,7047561466.656864,986139212.047271,15789539.556950238,179471.98262021967,149497542.9329834,-1374009.206711769,-1854861.098615408,1090.1204256676137,814.9360145006503,25653501.745274685,1090.1204256676137,814.9360145006503,0.01007965594713309
319,417159919051.1768,7046187457.450152,984284350.9486556,15790629.677375905,180286.91863472032,417159919051.1768,6925778880.605196,953831268.6390305,15790759.01856253,178492.68399673374,0.0,120408576.8449564,30453082.30962515,-129.34118662402034,1794.2346379865776,-150861659.15458155,-129.34118662402034,1794.2346379865776,0.010437739146191486
320,417159919051.1768,7046187457.450152,984284350.9486556,15790629.677375905,180286.91863472032,417159919051.1768,6926467845.53209,953867379.9030079,15790759.01856253,178492.68399673374,0.0,119719611.91806221,30416971.04564774,-129.34118662402034,1794.2346379865776,-150136582.96370995,-129.34118662402034,1794.2346379865776,0.010437739146191486
321,417159919051.1768,7046187457.450152,984284350.9486556,15790629.677375905,180286.91863472032,417118111133.86896,7045000009.086683,982574591.1736976,15547454.00505495,181622.3656677866,41807917.30786133,1187448.3634691238,1709759.7749580145,243175.6723209545,-1335.4470330662734,3373979.457752061,243175.6723209545,-1335.4470330662734,0.010325386045826395
322,417159919051.1768,7046187457.450152,984284350.9486556,15790629.677375905,180286.91863472032,417063472529.4159,7044327853.792175,986206302.0511485,15790146.712069847,180499.72179044335,96446521.7609253,1859603.6579771042,-1921951.1024929285,482.96530605852604,-212.80315572302788,14529325.708654618,482.96530605852604,-212.80315572302788,0.010273858314833207
323,417159919051.1768,7046187457.450152,984284350.9486556,15790629.677375905,180286.91863472032,417139230417.7474,7040937023.759138,984982482.4347758,15765277.363830006,179882.9502773176,20688633.42944336,5250433.69101429,-698131.486120224,25352.313545899466,403.9683574027149,-1449007.1904775621,25352.313545899466,403.9683574027149,0.01037058773702705
324,417159919051.1768,7046187457.450152,984284350.9486556,15790629.677375905,180286.91863472032,417010421508.24384,7048500574.604898,985354813.4901593,15789316.406727903,179714.9498050097,149497542.9329834,-2313117.1547460556,-1070462.5415036678,1313.2706480026245,571.9688297106186,25808211.13619723,1313.2706480026245,571.9688297106186,0.01007965594713309
325,417159919051.1768,7046187457.450152,984284350.9486556,15790629.677375905,180286.91863472032,417010421508.24384,7048998110.070376,985911959.536382,15789353.338964498,179524.82182095098,149497542.9329834,-2810652.620223999,-1627608.5877263546,1276.3384114075452,762.0968137693417,26862892.647897862,1276.3384114075452,762.0968137693417,0.01007965594713309
326,417159919051.1768,7046187457.450152,984284350.9486556,15790629.677375905,180286.91863472032,416946190448.751,7044879579.651046,984497704.6356145,15686080.704040352,180148.66378584827,213728602.4258423,1307877.799106598,-213353.68695890903,104548.97333555296,138.25484887204948,30964766.251728654,104548.97333555296,138.25484887204948,0.009954501941147487
327,417159919051.1768,7046187457.450152,984284350.9486556,15790629.677375905,180286.91863472032,417159919051.1768,7045139551.398688,987036708.8992261,15791559.764928887,180692.17239674556,0.0,1047906.0514640808,-2752357.950570464,-930.0875529814512,-405.2537620252406,1704451.8991063833,-930.0875529814512,-405.2537620252406,0.010437739146191486
328,417159919051.1768,7046187457.450152,984284350.9486556,15790629.677375905,180286.91863472032,416970112354.5192,7044925288.088302,986657025.5446563,15792173.769482762,180902.7571207256,189806696.65759277,1262169.3618507385,-2372674.5960006714,-1544.0921068564057,-615.8384860052902,29581509.73278885,-1544.0921068564057,-615.8384860052902,0.010075206304516832
329,417159919051.1768,7046187457.450152,984284350.9486556,15790629.677375905,180286.91863472032,417151600087.3405,7045749978.938542,985337876.747407,15784884.654848838,181150.7703544273,8318963.836303711,437478.5116100311,-1053525.7987513542,5745.022527066991,-863.8517197069887,1863891.8625868796,5745.022527066991,-863.8517197069887,0.010406736529885963
330,417159919051.1768,7046187457.450152,984284350.9486556,15790629.677375905,180286.91863472032,417072857324.2531,7059265621.942374,984038405.4452571,15739919.189998955,179110.7548034407,87061726.92370605,-13078164.492221832,245945.50339853764,50710.48737695068,1176.163831279613,25891478.0273792,50710.48737695068,1176.163831279613,0.010204059305695738
331,417159919051.1768,7046187457.450152,984284350.9486556,15790629.677375905,180286.91863472032,416966175598.5746,7048936621.785945,984265135.4727091,15772303.048662668,179955.0072548666,193743452.6022339,-2749164.3357925415,19215.4759465456,18326.62871323712,331.91137985372916,31791466.75018108,18326.62871323712,331.91137985372916,0.00994475582073567
332,417159919051.1768,7046187457.450152,984284350.9486556,15790629.677375905,180286.91863472032,416974336138.66864,7046239001.307362,982910723.7120606,15782281.00648533,184038.81124651767,185582912.5081787,-51543.85720920563,1373627.2365950346,8348.670890575275,-3751.892611797346,26515353.496840976,8348.670890575275,-3751.892611797346,0.009917203305885323
333,417159919051.1768,7046187457.450152,984284350.9486556,15790629.677375905,180286.91863472032,416907305762.5955,7045054390.208941,985488593.1616048,15678313.126115212,182490.79213248877,252613288.58129883,1133067.2412109375,-1204242.2129491568,112316.551260693,-2203.8734977684508,37963168.258933045,112316.551260693,-2203.8734977684508,0.009818682958142423
334,417159919051.1768,7046187457.450152,984284350.9486556,15790629.677375905,180286.91863472032,416972549135.6476,7046763869.138943,983807523.882707,15765481.029877894,186499.76366368454,187369915.52923584,-576411.6887903214,476827.06594860554,25148.64749801159,-6212.845028964221,28205071.95222709,25148.64749801159,-6212.845028964221,0.00999973087619126
335,417159919051.1768,7046187457.450152,984284350.9486556,15790629.677375905,180286.91863472032,417042126730.40875,7054118123.32866,988524161.7773572,15481246.906954566,179636.64223946477,117792320.7680664,-7930665.878507614,-4239810.828701615,309382.7704213392,650.2763952555542,29839324.82241919,309382.7704213392,650.2763952555542,0.010204120107416054
336,417159919051.1768,7046187457.450152,984284350.9486556,15790629.677375905,180286.91863472032,417075166620.79987,7044354909.5708065,983386127.9843354,15759330.51903819,181714.08059731146,84752430.37695312,1832547.8793458939,898222.9643201828,31299.158337716013,-1427.1619625911408,9982093.712876892,31299.158337716013,-1427.1619625911408,0.010106521001171364
337,417159919051.1768,7046187457.450152,984284350.9486556,15790629.677375905,180286.91863472032,417031815214.9901,7052826235.731843,986725892.8656539,15640864.754692445,178793.95710751347,128103836.18670654,-6638778.2816905975,-2441541.916998267,149764.92268346064,1492.9615272068477,28295895.626694847,149764.92268346064,1492.9615272068477,0.00996720780017388
338,417159919051.1768,7046187457.450152,984284350.9486556,15790629.677375905,180286.91863472032,417046521378.17615,7041913639.010481,987067463.9025244,15792027.59178269,179353.6758146007,113397673.00067139,4273818.439671516,-2783112.9538687468,-1397.9144067838788,933.2428201196308,15518945.46429794,-1397.9144067838788,933.2428201196308,0.010227795592399811
339,417159919051.1768,7046187457.450152,984284350.9486556,15790629.677375905,180286.91863472032,417123064403.17365,7042709881.239971,985425307.0587342,15773266.700658318,179230.91888735583,36854648.00317383,3477576.2101812363,-1140956.1100785732,17362.97671758756,1055.9997473644908,3191577.1003734106,17362.97671758756,1055.9997473644908,0.010299999814561525
340,417159919051.1768,7046187457.450152,984284350.9486556,15790629.677375905,180286.91863472032,416974336138.66864,7043577256.399629,985184429.9103175,15789498.89884863,180717.3518477212,185582912.5081787,2610201.050523758,-900078.9616619349,1130.7785272747278,-430.4332130008843,26127314.787364982,1130.7785272747278,-430.4332130008843,0.009917203305885323
341,417159919051.1768,7046187457.450152,984284350.9486556,15790629.677375905,180286.91863472032,417145420164.70886,7046689892.752805,986921788.8580074,15785734.377130298,179085.15762116498,14498886.467956543,-502435.302652359,-2637437.9093518257,4895.300245607272,1201.7610135553405,5314706.182197666,4895.300245607272,1201.7610135553405,0.010383694308295449
342,417159919051.1768,7046187457.450152,984284350.9486556,15790629.677375905,180286.91863472032,416891072258.51526,7047928009.338051,986726583.8440326,15789576.464814745,178988.172131273,268846792.66156006,-1740551.8878984451,-2442232.89537704,1053.212561160326,1298.746503447328,44509803.68250949,1053.212561160326,1298.746503447328,0.009717511041009447
343,417159919051.1768,7046187457.450152,984284350.9486556,15790629.677375905,180286.91863472032,417121188811.32745,7047677683.138335,984878463.4440073,15677924.179752566,180265.0663117412,38730239.849365234,-1490225.6881828308,-594112.4953516722,112705.4976233393,21.852322979131714,7893874.160939288,112705.4976233393,21.852322979131714,0.010310366939819163
344,417159919051.1768,7046187457.450152,984284350.9486556,15790629.677375905,180286.91863472032,416891072258.51526,7050551610.390331,985001296.0493269,15789367.198403748,180007.40885749296,268846792.66156006,-4364152.940178871,-716945.1006712914,1262.4789721574634,279.5097772273584,45408116.94008417,1262.4789721574634,279.5097772273584,0.009717511041009447
345,417159919051.1768,7046187457.450152,984284350.9486556,15790629.677375905,180286.91863472032,417159919051.1768,7060083376.593825,985791924.5234011,15742520.463615473,179294.6640983974,0.0,-13895919.143672943,-1507573.5747455359,48109.213760431856,992.2545363229292,15403492.718418479,48109.213760431856,992.2545363229292,0.010437739146191486
346,417159919051.1768,7046187457.450152,984284350.9486556,15790629.677375905,180286.91863472032,417031815214.9901,7049408306.404224,984523443.3309246,15657707.059992295,179849.84080480287,128103836.18670654,-3220848.9540719986,-239092.38226902485,132922.61738361046,437.07782991745626,22675516.764347006,132922.61738361046,437.07782991745626,0.00996720780017388
347,417159919051.1768,7046187457.450152,984284350.9486556,15790629.677375905,180286.91863472032,417095004662.99786,7047750550.533212,986507851.6135232,15640493.098517405,182465.6512396917,64914388.17895508,-1563093.083059311,-2223500.6648676395,150136.57885850035,-2178.7326049713884,13523751.974770213,150136.57885850035,-2178.7326049713884,0.01032385398510023
348,417159919051.1768,7046187457.450152,984284350.9486556,15790629.677375905,180286.91863472032,417075166620.79987,7047843673.879375,984964873.5072634,15773627.106627155,180348.87983781935,84752430.37695312,-1656216.4292230606,-680522.5586078167,17002.57074875012,-61.961203099024715,15049603.544373846,17002.57074875012,-61.961203099024715,0.010106521001171364
349,417159919051.1768,7046187457.450152,984284350.9486556,15790629.677375905,180286.91863472032,417159919051.1768,7002038102.140576,982766201.1349919,15792286.950572096,178551.09856246904,0.0,44149355.309576035,1518149.813663721,-1657.2731961905956,1735.8200722512847,-45667505.123239756,-1657.2731961905956,1735.8200722512847,0.010437739146191486
350,417159919051.1768,7046187457.450152,984284350.9486556,15790629.677375905,180286.91863472032,417159919051.1768,7024311082.2964115,982266646.6253545,15791757.364609344,179253.51885721332,0.0,21876375.153740883,2017704.323301077,-1127.6872334387153,1033.399777507002,-23894079.47704196,-1127.6872334387153,1033.399777507002,0.010437739146191486
351,417159919051.1768,7046187457.450152,984284350.9486556,15790629.677375905,180286.91863472032,417159919051.1768,7041772114.812144,986844722.6987406,15792187.053736063,180173.21618665537,0.0,4415342.638008118,-2560371.750084996,-1557.3763601575047,113.70244806495612,-1854970.8879231215,-1557.3763601575047,113.70244806495612,0.010437739146191486
352,417159919051.1768,7046187457.450152,984284350.9486556,15790629.677375905,180286.91863472032,416970112354.5192,7052642824.472182,988276729.5870125,15789500.259458102,183870.1944479682,189806696.65759277,-6455367.022029877,-3992378.638356924,1129.4179178029299,-3583.275813247892,38918750.159025714,1129.4179178029299,-3583.275813247892,0.010075206304516832
353,417159919051.1768,7046187457.450152,984284350.9486556,15790629.677375905,180286.91863472032,417123064403.17365,7044929892.211658,983223764.7674236,15772021.70114766,181445.8847882336,36854648.00317383,1257565.238494873,1060586.1812319756,18607.976228244603,-1158.966153513291,3210045.780749225,18607.976228244603,-1158.966153513291,0.010299999814561525
354,417159919051.1768,7046187457.450152,984284350.9486556,15790629.677375905,180286.91863472032,417159919051.1768,7041292600.063058,986662746.200497,15788759.796067838,179648.96519627783,0.0,4894857.387094498,-2378395.251841426,1869.88130806759,637.9534384424915,-2516462.135253072,1869.88130806759,637.9534384424915,0.010437739146191486
355,417159919051.1768,7046187457.450152,984284350.9486556,15790629.677375905,180286.91863472032,417031815214.9901,7032598802.067472,975399710.1220012,15605442.377996856,170687.4612082207,128103836.18670654,13588655.38267994,8884640.826654434,185187.29937904887,9599.457426499634,-3257720.7813283913,185187.29937904887,9599.457426499634,0.00996720780017388
356,417159919051.1768,7046187457.450152,984284350.9486556,15790629.677375905,180286.91863472032,417031815214.9901,7039584925.192873,975721095.3132237,15605764.640127642,169839.7298214438,128103836.18670654,6602532.257279396,8563255.635431886,184865.03724826314,10447.18881327653,4049787.5352947004,184865.03724826314,10447.18881327653,0.00996720780017388
357,417159919051.1768,7046187457.450152,984284350.9486556,15790629.677375905,180286.91863472032,417031815214.9901,7041231231.900855,976000232.0338376,15605861.50235179,169580.3904598297,128103836.18670654,4956225.549297333,8284118.9148180485,184768.17502411455,10706.528174890613,5975230.963890601,184768.17502411455,10706.528174890613,0.00996720780017388
358,417159919051.1768,7046187457.450152,984284350.9486556,15790629.677375905,180286.91863472032,417031815214.9901,7048869230.400746,983916356.0392543,15605755.498894213,181783.87157723843,128103836.18670654,-2681772.9505939484,367994.90940129757,184874.17848169245,-1496.95294251811,21529353.469198633,184874.17848169245,-1496.95294251811,0.00996720780017388
359,417159919051.1768,7046187457.450152,984284350.9486556,15790629.677375905,180286.91863472032,416907305762.5955,7047970470.263842,985339857.0711378,15684218.843175037,180705.1322051445,252613288.58129883,-1783012.8136892319,-1055506.1224821806,106410.83420086838,-418.21357042418094,40730512.22336624,106410.83420086838,-418.21357042418094,0.009818682958142423
360,417159919051.1768,7046187457.450152,984284350.9486556,15790629.677375905,180286.91863472032,416907305762.5955,7044970561.494748,985597793.705365,15678634.749790201,186244.42430543946,252613288.58129883,1216895.9554042816,-1313442.7567093372,111994.92758570425,-5957.50567071914,37988540.08849988,111994.92758570425,-5957.50567071914,0.009818682958142423
361,417159919051.1768,7046187457.450152,984284350.9486556,15790629.677375905,180286.91863472032,416972549135.6476,7045974497.21456,985323446.7725381,15766135.745656874,183387.57908903877,187369915.52923584,212960.2355928421,-1039095.8238824606,24493.931719031185,-3100.6604543184512,28931622.917674992,24493.931719031185,-3100.6604543184512,0.00999973087619126
362,417159919051.1768,7046187457.450152,984284350.9486556,15790629.677375905,180286.91863472032,417042126730.40875,7053452951.563796,988623533.3127947,15481246.906954566,179636.64223946477,117792320.7680664,-7265494.113643646,-4339182.36413908,309382.7704213392,650.2763952555542,29273524.592992686,309382.7704213392,650.2763952555542,0.010204120107416054
363,417159919051.1768,7046187457.450152,984284350.9486556,15790629.677375905,180286.91863472032,416891072258.51526,7054243490.397968,986830534.899144,15790344.36099381,178861.3658711512,268846792.66156006,-8056032.947815895,-2546183.950488448,285.3163820952177,1425.5527635691105,50929235.79753835,285.3163820952177,1425.5527635691105,0.009717511041009447
364,417159919051.1768,7046187457.450152,984284350.9486556,15790629.677375905,180286.91863472032,416891072258.51526,7054243490.397968,986830534.899144,15790344.36099381,178861.3658711512,268846792.66156006,-8056032.947815895,-2546183.950488448,285.3163820952177,1425.5527635691105,50929235.79753835,285.3163820952177,1425.5527635691105,0.009717511041009447
365,417159919051.1768,7046187457.450152,984284350.9486556,15790629.677375905,180286.91863472032,416891072258.51526,7053154537.862395,985978360.1414392,15790137.431455223,179136.71769348768,268846792.66156006,-6967080.412242889,-1694009.1927835941,492.24592068232596,1150.2009412326443,48988108.50426049,492.24592068232596,1150.2009412326443,0.009717511041009447
366,417159919051.1768,7046187457.450152,984284350.9486556,15790629.677375905,180286.91863472032,416891072258.51526,7045337000.612538,985855251.3343792,15790030.104891071,179419.18240695834,268846792.66156006,850456.8376140594,-1570900.3857235909,599.5724848341197,867.7362277619832,41047462.447343536,599.5724848341197,867.7362277619832,0.009717511041009447
367,417159919051.1768,7046187457.450152,984284350.9486556,15790629.677375905,180286.91863472032,416891072258.51526,7052230397.892193,986566883.1157343,15790239.391691169,178865.92189113484,268846792.66156006,-6042940.442040443,-2282532.1670787334,390.28568473644555,1420.9967435854778,48652491.50835318,390.28568473644555,1420.9967435854778,0.009717511041009447
368,417159919051.1768,7046187457.450152,984284350.9486556,15790629.677375905,180286.91863472032,416891072258.51526,7052645951.363317,986820619.2729442,15790239.391691169,178865.92189113484,268846792.66156006,-6458493.913164139,-2536268.3242886066,390.28568473644555,1420.9967435854778,49321781.13668675,390.28568473644555,1420.9967435854778,0.009717511041009447
369,417159919051.1768,7046187457.450152,984284350.9486556,15790629.677375905,180286.91863472032,417075166620.79987,7046576952.624336,985818099.0606453,15770238.161838047,180951.51167028127,84752430.37695312,-389495.1741838455,-1533748.1119897366,20391.51553785801,-664.5930355609453,14636107.84271655,20391.51553785801,-664.5930355609453,0.010106521001171364
370,417159919051.1768,7046187457.450152,984284350.9486556,15790629.677375905,180286.91863472032,417159919051.1768,6963962748.1244135,964096316.7702036,15792507.252466938,178123.57366574265,0.0,82224709.3257389,20188034.178452015,-1877.5750910323113,2163.3449689776753,-102412743.50419092,-1877.5750910323113,2163.3449689776753,0.010437739146191486
371,417159919051.1768,7046187457.450152,984284350.9486556,15790629.677375905,180286.91863472032,417159919051.1768,6965141166.664248,964140996.496863,15792507.252466938,178123.57366574265,0.0,81046290.78590393,20143354.451792598,-1877.5750910323113,2163.3449689776753,-101189645.23769653,-1877.5750910323113,2163.3449689776753,0.010437739146191486
372,417159919051.1768,7046187457.450152,984284350.9486556,15790629.677375905,180286.91863472032,417159919051.1768,6970201957.660835,975794135.8909943,15785826.301274857,179355.90646808463,0.0,75985499.78931713,8490215.057661295,4803.376101048663,931.0121666356863,-84475714.84697843,4803.376101048663,931.0121666356863,0.010437739146191486
373,417159919051.1768,7046187457.450152,984284350.9486556,15790629.677375905,180286.91863472032,417110181118.5961,7046281910.175156,982269279.8131706,15435390.979866933,181556.22135560904,49737932.58068848,-94452.72500324249,2015071.135485053,355238.69750897214,-1269.3027208887215,5540071.476621461,355238.69750897214,-1269.3027208887215,0.01029398860064048
374,417159919051.1768,7046187457.450152,984284350.9486556,15790629.677375905,180286.91863472032,417046521378.17615,7043086791.606101,986995267.2042984,15791053.853034792,180129.62881144276,113397673.00067139,3100665.844051361,-2710916.2556427717,-424.1756588872522,157.2898232775624,16619901.36169212,-424.1756588872522,157.2898232775624,0.010227795592399811
375,417159919051.1768,7046187457.450152,984284350.9486556,15790629.677375905,180286.91863472032,417123064403.17365,7035745822.286128,985521581.2647992,15748381.831338828,179338.20153529922,36854648.00317383,10441635.164024353,-1237230.316143632,42247.846037076786,948.7170994211046,-3676207.6474046474,42247.846037076786,948.7170994211046,0.010299999814561525
376,417159919051.1768,7046187457.450152,984284350.9486556,15790629.677375905,180286.91863472032,416891072258.51526,7055565196.311988,985859676.5794271,15789491.71223447,179310.13965491956,268846792.66156006,-9377738.86183548,-1575325.6307715178,1137.965141436085,976.778979800758,51280083.391841,1137.965141436085,976.778979800758,0.009717511041009447
377,417159919051.1768,7046187457.450152,984284350.9486556,15790629.677375905,180286.91863472032,416891072258.51526,7056175487.933121,986533980.2270061,15789588.574458618,179050.80029330548,268846792.66156006,-9988030.48296833,-2249629.2783504725,1041.1029172874987,1236.11834141484,52564678.66055281,1041.1029172874987,1236.11834141484,0.009717511041009447
378,417159919051.1768,7046187457.450152,984284350.9486556,15790629.677375905,180286.91863472032,416891072258.51526,7055888965.277356,985848616.773538,15789169.450103683,180157.87104169646,268846792.66156006,-9701507.82720375,-1564265.824882388,1460.2272722218186,129.04759302386083,51592792.55132014,1460.2272722218186,129.04759302386083,0.009717511041009447
379,417159919051.1768,7046187457.450152,984284350.9486556,15790629.677375905,180286.91863472032,416907305762.5955,7045318724.830751,984805251.6100315,15633136.763420027,179683.04246522812,252613288.58129883,868732.6194009781,-520900.66137588024,157492.91395587847,603.8761694921996,37544161.32916973,157492.91395587847,603.8761694921996,0.009818682958142423
380,417159919051.1768,7046187457.450152,984284350.9486556,15790629.677375905,180286.91863472032,417159919051.1768,7046221857.81703,987214066.6492035,15792136.5834051,181452.23583085486,0.0,-34400.36687755585,-2929715.7005479336,-1506.9060291945934,-1165.317196134536,2964116.0674254894,-1506.9060291945934,-1165.317196134536,0.010437739146191486
381,417159919051.1768,7046187457.450152,984284350.9486556,15790629.677375905,180286.91863472032,416970112354.5192,7046742182.257601,986908272.573641,15792750.587958977,181662.8205548349,189806696.65759277,-554724.8074483871,-2623921.6249853373,-2120.9105830714107,-1375.9019201145857,31649650.93107264,-2120.9105830714107,-1375.9019201145857,0.010075206304516832
382,417159919051.1768,7046187457.450152,984284350.9486556,15790629.677375905,180286.91863472032,417151600087.3405,7046108141.533729,985521460.1047132,15785319.43070639,181625.0269247936,8318963.836303711,79315.91642379761,-1237109.1560575962,5310.246669515967,-1338.1082900732872,2405637.815079355,5310.246669515967,-1338.1082900732872,0.010406736529885963
383,417159919051.1768,7046187457.450152,984284350.9486556,15790629.677375905,180286.91863472032,417072857324.2531,7045903438.686503,983854655.983749,15740353.965856504,179585.011373807,87061726.92370605,284018.7636489868,429694.9649065733,50275.71151940152,701.9072609133145,12345545.310000347,50275.71151940152,701.9072609133145,0.010204059305695738
384,417159919051.1768,7046187457.450152,984284350.9486556,15790629.677375905,180286.91863472032,416966175598.5746,7047649799.287437,983841415.7634494,15771785.222490929,180849.19896148262,193743452.6022339,-1462341.8372850418,442935.18520617485,18844.45488497615,-562.2803267622949,30080924.54241395,18844.45488497615,-562.2803267622949,0.00994475582073567
385,417159919051.1768,7046187457.450152,984284350.9486556,15790629.677375905,180286.91863472032,416974336138.66864,7046486605.108096,982193573.3665494,15782857.319576263,184798.874680627,185582912.5081787,-299147.6579437256,2090777.5821062326,7772.357799641788,-4511.956045906671,26045806.952064298,7772.357799641788,-4511.956045906671,0.009917203305885323
386,417159919051.1768,7046187457.450152,984284350.9486556,15790629.677375905,180286.91863472032,416907305762.5955,7046209526.676818,985336039.7276359,15678889.944591425,183250.85556659807,252613288.58129883,-22069.226665496826,-1051688.7789802551,111739.73278447986,-2963.9369318777462,38965751.29284058,111739.73278447986,-2963.9369318777462,0.009818682958142423
387,417159919051.1768,7046187457.450152,984284350.9486556,15790629.677375905,180286.91863472032,416972549135.6476,7046690276.413797,983293195.3069155,15766103.35064136,187393.95537030054,187369915.52923584,-502818.9636449814,991155.6417400837,24526.32673454471,-7107.0367355802155,27617150.65129027,24526.32673454471,-7107.0367355802155,0.00999973087619126
388,417159919051.1768,7046187457.450152,984284350.9486556,15790629.677375905,180286.91863472032,417042126730.40875,7048982496.997045,988955641.6166433,15481869.227718031,180530.83394608076,117792320.7680664,-2795039.546892166,-4671290.667987704,308760.4496578742,-243.91531136044068,25135178.33008983,308760.4496578742,-243.91531136044068,0.010204120107416054
389,417159919051.1768,7046187457.450152,984284350.9486556,15790629.677375905,180286.91863472032,417075166620.79987,7046053772.302186,982781302.5948105,15759654.500395542,182608.27230392746,84752430.37695312,133685.1479663849,1503048.3538451195,30975.176980363205,-2321.3536692071357,11076131.054731464,30975.176980363205,-2321.3536692071357,0.010106521001171364
390,417159919051.1768,7046187457.450152,984284350.9486556,15790629.677375905,180286.91863472032,417031815214.9901,7049109369.475159,986799216.6110306,15641780.176026393,179688.14881412947,128103836.18670654,-2921912.0250062943,-2514865.6623749733,148849.5013495125,598.7698205908528,24652353.11538725,148849.5013495125,598.7698205908528,0.00996720780017388
391,417159919051.1768,7046187457.450152,984284350.9486556,15790629.677375905,180286.91863472032,417046521378.17615,7045290162.970092,987290793.2610171,15792649.912546156,180247.8675212167,113397673.00067139,897294.4800605774,-3006442.312361479,-2020.2351702507585,39.05111350360676,19118798.78240161,-2020.2351702507585,39.05111350360676,0.010227795592399811
392,417159919051.1768,7046187457.450152,984284350.9486556,15790629.677375905,180286.91863472032,417123064403.17365,7046235386.611142,985237104.1458834,15772570.046152411,179990.98232146513,36854648.00317383,-47929.16098976135,-952753.1972278357,18059.631223494187,295.9363132551953,6528879.558693671,18059.631223494187,295.9363132551953,0.010299999814561525
393,417159919051.1768,7046187457.450152,984284350.9486556,15790629.677375905,180286.91863472032,416974336138.66864,7045542100.745517,984940120.7837946,15790121.219612097,181611.54355433723,185582912.5081787,645356.7046356201,-655769.8351390362,508.4577638078481,-1324.6249196169083,27847850.00673022,508.4577638078481,-1324.6249196169083,0.009917203305885323
394,417159919051.1768,7046187457.450152,984284350.9486556,15790629.677375905,180286.91863472032,417145420164.70886,7046706812.317695,987017619.914957,15786207.968523998,179979.34932778098,14498886.467956543,-519354.86754226685,-2733268.966301441,4421.708851907402,307.56930693934555,5427456.804037189,4421.708851907402,307.56930693934555,0.010383694308295449
395,417159919051.1768,7046187457.450152,984284350.9486556,15790629.677375905,180286.91863472032,416891072258.51526,7047125878.785759,986789508.2249887,15790198.785578212,179882.36383788902,268846792.66156006,-938421.335606575,-2505157.2763330936,430.8917976934463,404.554796831304,43770597.51117367,430.8917976934463,404.554796831304,0.009717511041009447
396,417159919051.1768,7046187457.450152,984284350.9486556,15790629.677375905,180286.91863472032,417121188811.32745,7049556009.322491,984830386.8004348,15678358.955610115,180739.3228821075,38730239.849365234,-3368551.872338295,-546035.8517792225,112270.72176579013,-452.40424738716683,9724123.701522302,112270.72176579013,-452.40424738716683,0.010310366939819163
397,417159919051.1768,7046187457.450152,984284350.9486556,15790629.677375905,180286.91863472032,416891072258.51526,7045104508.673028,985280271.6796724,15789725.29808388,180329.53017800328,268846792.66156006,1082948.777124405,-995920.7310167551,904.3792920242995,-42.61154328295379,40239990.853126355,904.3792920242995,-42.61154328295379,0.009717511041009447
398,417159919051.1768,7046187457.450152,984284350.9486556,15790629.677375905,180286.91863472032,417159919051.1768,7051104400.503497,985654427.4369069,15743142.78437894,180188.85580501342,0.0,-4916943.053344727,-1370076.4882513285,47486.892996964976,98.06282970690518,6287019.541596055,47486.892996964976,98.06282970690518,0.010437739146191486
399,417159919051.1768,7046187457.450152,984284350.9486556,15790629.677375905,180286.91863472032,417031815214.9901,7046479493.424354,984779738.6744022,15658214.542988675,180171.96212531315,128103836.18670654,-292035.9742012024,-495387.7257466316,132415.1343872305,114.95650940717314,20002999.127953816,132415.1343872305,114.95650940717314,0.00996720780017388
400,417159919051.1768,7046187457.450152,984284350.9486556,15790629.677375905,180286.91863472032,417095004662.99786,7046928823.345569,986499726.8826777,15641115.41928087,183359.84294630773,64914388.17895508,-741365.8954162598,-2215375.934022069,149514.25809503533,-3072.9243115874124,12693900.05628159,149514.25809503533,-3072.9243115874124,0.01032385398510023
401,417159919051.1768,7046187457.450152,984284350.9486556,15790629.677375905,180286.91863472032,417075166620.79987,7046448629.168517,985210087.0129793,15773923.033871623,180671.00115832966,84752430.37695312,-261171.71836471558,-925736.0643236637,16706.64350428246,-384.08252360933693,13899772.339231348,16706.64350428246,-384.08252360933693,0.010106521001171364
402,417159919051.1768,7046187457.450152,984284350.9486556,15790629.677375905,180286.91863472032,417159919051.1768,7003342215.717951,983101671.0225341,15792645.050252229,178873.21988297935,0.0,42845241.732201576,1182679.9261214733,-2015.3728763237596,1413.6987517409725,-44027921.65832305,-2015.3728763237596,1413.6987517409725,0.010437739146191486
403,417159919051.1768,7046187457.450152,984284350.9486556,15790629.677375905,180286.91863472032,417159919051.1768,7025605967.26038,982068107.470676,15792192.140466893,179727.77542757962,0.0,20581490.189772606,2216243.47797966,-1562.463090987876,559.1432071407035,-22797733.667752266,-1562.463090987876,559.1432071407035,0.010437739146191486
404,417159919051.1768,7046187457.450152,984284350.9486556,15790629.677375905,180286.91863472032,417159919051.1768,7045255336.915315,986966561.2898265,15792545.153416194,180495.33750716565,0.0,932120.5348377228,-2682210.341170907,-1915.476040288806,-208.418872445327,1750089.8063331842,-1915.476040288806,-208.418872445327,0.010437739146191486
405,417159919051.1768,7046187457.450152,984284350.9486556,15790629.677375905,180286.91863472032,416970112354.5192,7047925732.569978,988845870.198988,15790077.077934317,184630.2578820775,189806696.65759277,-1738275.1198253632,-4561519.2503323555,552.599441587925,-4343.339247357188,34770798.86879663,552.599441587925,-4343.339247357188,0.010075206304516832
406,417159919051.1768,7046187457.450152,984284350.9486556,15790629.677375905,180286.91863472032,417123064403.17365,7046425337.366694,982614379.481113,15772460.361672513,181768.00610874392,36854648.00317383,-237879.91654205322,1669971.4675426483,18169.31570339203,-1481.0874740236031,4096105.6494754786,18169.31570339203,-1481.0874740236031,0.010299999814561525
407,417159919051.1768,7046187457.450152,984284350.9486556,15790629.677375905,180286.91863472032,417159919051.1768,7044856948.558791,986701770.351109,15789336.614544053,180409.02863038713,0.0,1330508.8913612366,-2417419.4024534225,1293.062831852585,-122.10999566680402,1086910.511092186,1293.062831852585,-122.10999566680402,0.010437739146191486
408,417159919051.1768,7046187457.450152,984284350.9486556,15790629.677375905,180286.91863472032,417031815214.9901,7028185558.2676325,975298903.5628009,15606019.392203065,171009.582528731,128103836.18670654,18001899.182519913,8985447.385854721,184610.28517284058,9277.336105989321,-7771771.140368652,184610.28517284058,9277.336105989321,0.00996720780017388
409,417159919051.1768,7046187457.450152,984284350.9486556,15790629.677375905,180286.91863472032,417031815214.9901,7035924865.164509,975442716.3312324,15606560.373129934,170599.7932555531,128103836.18670654,10262592.285643578,8841634.617423177,184069.30424597114,9687.125379167235,111348.52493922785,184069.30424597114,9687.125379167235,0.00996720780017388
410,417159919051.1768,7046187457.450152,984284350.9486556,15790629.677375905,180286.91863472032,417031815214.9901,7037688339.333967,975704544.1743598,15606702.737641335,170474.58216644573,128103836.18670654,8499118.116185188,8579806.774295807,183926.93973457068,9812.336468274589,2136650.537524987,183926.93973457068,9812.336468274589,0.00996720780017388
411,417159919051.1768,7046187457.450152,984284350.9486556,15790629.677375905,180286.91863472032,417031815214.9901,7045458563.059453,983490752.4927342,15606296.9687299,182105.9928977487,128103836.18670654,728894.3906993866,793598.4559214115,184332.70864600502,-1819.074263028393,17693082.581385184,184332.70864600502,-1819.074263028393,0.00996720780017388
412,417159919051.1768,7046187457.450152,984284350.9486556,15790629.677375905,180286.91863472032,416907305762.5955,7046785893.172112,985153131.7183812,15684795.661651252,181465.1956392538,252613288.58129883,-598435.7219600677,-868780.7697255611,105834.01572465338,-1178.2770045334764,39359209.778880455,105834.01572465338,-1178.2770045334764,0.009818682958142423
413,417159919051.1768,7046187457.450152,984284350.9486556,15790629.677375905,180286.91863472032,416907305762.5955,7046175571.69774,985408913.129193,15679257.070553668,187138.61601205549,252613288.58129883,11885.75241279602,-1124562.180537343,111372.60682223737,-6851.697377335164,39004669.71531937,111372.60682223737,-6851.697377335164,0.009818682958142423
414,417159919051.1768,7046187457.450152,984284350.9486556,15790629.677375905,180286.91863472032,416972549135.6476,7046439760.549242,985139457.8717768,15766758.066420339,184281.7707956548,187369915.52923584,-252303.0990896225,-855106.9231212139,23871.610955566168,-3994.8521609344753,29212897.35159621,23871.610955566168,-3994.8521609344753,0.00999973087619126
415,417159919051.1768,7046187457.450152,984284350.9486556,15790629.677375905,180286.91863472032,417042126730.40875,7048287968.120004,989053904.709835,15481869.227718031,180530.83394608076,117792320.7680664,-2100510.669851303,-4769553.761179447,308760.4496578742,-243.91531136044068,24538912.54624071,308760.4496578742,-243.91531136044068,0.010204120107416054
416,417159919051.1768,7046187457.450152,984284350.9486556,15790629.677375905,180286.91863472032,416891072258.51526,7049426031.797905,986958223.1332605,15790966.681757277,179755.55757776723,268846792.66156006,-3238574.347752571,-2673872.184604883,-337.004381371662,531.3610569530865,46239465.43159146,-337.004381371662,531.3610569530865,0.009717511041009447
417,417159919051.1768,7046187457.450152,984284350.9486556,15790629.677375905,180286.91863472032,416891072258.51526,7049426031.797905,986958223.1332605,15790966.681757277,179755.55757776723,268846792.66156006,-3238574.347752571,-2673872.184604883,-337.004381371662,531.3610569530865,46239465.43159146,-337.004381371662,531.3610569530865,0.009717511041009447
418,417159919051.1768,7046187457.450152,984284350.9486556,15790629.677375905,180286.91863472032,416891072258.51526,7048947755.06628,986142520.0495322,15790645.049681319,179756.80372163703,268846792.66156006,-2760297.616127968,-1858169.1008765697,-15.37230541370809,530.1149130832928,44945485.61623854,-15.37230541370809,530.1149130832928,0.009717511041009447
419,417159919051.1768,7046187457.450152,984284350.9486556,15790629.677375905,180286.91863472032,416891072258.51526,7040609331.943214,986067226.0524902,15790464.88074862,179893.4389773246,268846792.66156006,5578125.506937981,-1782875.103834629,164.79662728495896,393.47965739571373,36531768.49613065,164.79662728495896,393.47965739571373,0.009717511041009447
420,417159919051.1768,7046187457.450152,984284350.9486556,15790629.677375905,180286.91863472032,416891072258.51526,7047958788.762921,986703376.091807,15790816.210167384,179625.98532524414,268846792.66156006,-1771331.3127689362,-2419025.1431514025,-186.53279147855937,660.9333094761823,44517375.35515434,-186.53279147855937,660.9333094761823,0.009717511041009447
421,417159919051.1768,7046187457.450152,984284350.9486556,15790629.677375905,180286.91863472032,416891072258.51526,7048404143.674999,986952581.0506469,15790816.210167384,179625.98532524414,268846792.66156006,-2216686.22484684,-2668230.101991296,-186.53279147855937,660.9333094761823,45211935.22607214,-186.53279147855937,660.9333094761823,0.009717511041009447
422,417159919051.1768,7046187457.450152,984284350.9486556,15790629.677375905,180286.91863472032,417075166620.79987,7046652452.636258,985721534.6949295,15770463.984587645,181273.63299079155,84752430.37695312,-464995.18610572815,-1437183.7462738752,20165.692788260058,-986.7143560712284,14615043.488922572,20165.692788260058,-986.7143560712284,0.010106521001171364
423,417159919051.1768,7046187457.450152,984284350.9486556,15790629.677375905,180286.91863472032,417159919051.1768,6960994044.693265,964150584.0593357,15793014.870693032,178743.65969389203,0.0,85193412.75688744,20133766.889319897,-2385.1933171264827,1543.2589408282947,-105327179.64620733,-2385.1933171264827,1543.2589408282947,0.010437739146191486
424,417159919051.1768,7046187457.450152,984284350.9486556,15790629.677375905,180286.91863472032,417159919051.1768,6962310446.213311,964193428.5320963,15793014.870693032,178743.65969389203,0.0,83877011.2368412,20090922.41655934,-2385.1933171264827,1543.2589408282947,-103967933.65340054,-2385.1933171264827,1543.2589408282947,0.010437739146191486
425,417159919051.1768,7046187457.450152,984284350.9486556,15790629.677375905,180286.91863472032,417159919051.1768,6974055666.828664,975776851.255639,15786184.40095499,179678.02778859495,0.0,72131790.62148857,8507499.693016648,4445.276420915499,608.8908461253741,-80639290.31450522,4445.276420915499,608.8908461253741,0.010437739146191486
426,417159919051.1768,7046187457.450152,984284350.9486556,15790629.677375905,180286.91863472032,417110181118.5961,7046278017.777697,981434191.9282717,15435968.509578604,182316.28478971834,49737932.58068848,-90560.32754421234,2850159.020383954,354661.16779730096,-2029.366154998017,4701091.19426353,354661.16779730096,-2029.366154998017,0.01029398860064048
427,417159919051.1768,7046187457.450152,984284350.9486556,15790629.677375905,180286.91863472032,417046521378.17615,7045940451.254563,987129472.0525173,15791622.506291829,180889.69224555205,113397673.00067139,247006.19558906555,-2845121.1038616896,-992.8289159238338,-602.7736108317331,19607765.858373333,-992.8289159238338,-602.7736108317331,0.010227795592399811
428,417159919051.1768,7046187457.450152,984284350.9486556,15790629.677375905,180286.91863472032,417123064403.17365,7043210949.133654,985192597.9605516,15749189.967643237,180098.2649694085,36854648.00317383,2976508.3164987564,-908247.0118960142,41439.709732668474,188.65366531180916,3459935.8958733315,41439.709732668474,188.65366531180916,0.010299999814561525
429,417159919051.1768,7046187457.450152,984284350.9486556,15790629.677375905,180286.91863472032,416891072258.51526,7049223550.009009,985889370.468815,15790068.530710684,180070.20308902886,268846792.66156006,-3036092.558856964,-1605019.5201593637,561.1466652210802,216.71554569146247,44968130.97825033,561.1466652210802,216.71554569146247,0.009717511041009447
430,417159919051.1768,7046187457.450152,984284350.9486556,15790629.677375905,180286.91863472032,416891072258.51526,7049865252.731255,986546297.8405273,15790210.895222083,179944.9919999215,268846792.66156006,-3677795.2811021805,-2261946.8918716908,418.78215382248163,341.92663479881594,46266761.072207876,418.78215382248163,341.92663479881594,0.009717511041009447
431,417159919051.1768,7046187457.450152,984284350.9486556,15790629.677375905,180286.91863472032,416891072258.51526,7049545494.79597,985957696.0922531,15789527.549783815,180479.99236220677,268846792.66156006,-3358037.345817566,-1673345.1435974836,1102.1275920905173,-193.0737274864514,45358401.388649054,1102.1275920905173,-193.0737274864514,0.009717511041009447
432,417159919051.1768,7046187457.450152,984284350.9486556,15790629.677375905,180286.91863472032,416907305762.5955,7046535722.162844,984386814.7787085,15633713.581896242,180443.10589933742,252613288.58129883,-348264.71269130707,-102463.83005285263,156916.09547966346,-156.18726461709593,38342721.829938985,156916.09547966346,-156.18726461709593,0.009818682958142423
433,417159919051.1768,7046187457.450152,984284350.9486556,15790629.677375905,180286.91863472032,417201551662.7032,6964718441.955229,972915771.6883997,15797106.88557081,179508.13447964963,-41632611.52636719,81469015.49492359,11368579.260255933,-6477.208194904029,778.7841550706944,-99082486.4841346,-6477.208194904029,778.7841550706944,0.01053940822175002
434,417159919051.1768,7046187457.450152,984284350.9486556,15790629.677375905,180286.91863472032,417037678786.8346,6966476216.785113,972798661.300047,15797176.751030747,179672.44670224548,122240264.34222412,79711240.66503906,11485689.648608565,-6547.073654841632,614.4719324748439,-72860890.66231401,-6547.073654841632,614.4719324748439,0.010256949179600404
435,417159919051.1768,7046187457.450152,984284350.9486556,15790629.677375905,180286.91863472032,417177370341.9967,6967691435.069579,972473509.3460557,15792940.20774341,179425.87608090835,-17451290.819885254,78496022.38057327,11810841.60259986,-2310.5303675048053,861.0425538119744,-92924557.60615592,-2310.5303675048053,861.0425538119744,0.010490556611917735
436,417159919051.1768,7046187457.450152,984284350.9486556,15790629.677375905,180286.91863472032,417113568378.7677,6966853302.7665,970207579.1285719,15760559.120077739,177764.28871625257,46350672.40911865,79334154.68365192,14076771.820083737,30070.557298166677,2522.629918467748,-86458325.64236787,30070.557298166677,2522.629918467748,0.010338369151113639
437,417159919051.1768,7046187457.450152,984284350.9486556,15790629.677375905,180286.91863472032,417038636134.8799,6967054549.829108,970055223.5694169,15790886.800040804,179085.27957521816,121282916.29693604,79132907.62104416,14229127.379238725,-257.12266489863396,1201.6390595021658,-75169597.55574247,-257.12266489863396,1201.6390595021658,0.010160227489960379
438,417159919051.1768,7046187457.450152,984284350.9486556,15790629.677375905,180286.91863472032,417039694998.44055,6965719405.022743,970383586.6129285,15789714.056465697,182141.78645251825,120224052.73626709,80468052.42740917,13900764.335727096,915.6209102086723,-1854.867817797931,-76335208.85269621,915.6209102086723,-1854.867817797931,0.010130148917727788
439,417159919051.1768,7046187457.450152,984284350.9486556,15790629.677375905,180286.91863472032,416987823060.2774,6965464539.924969,970895889.8982117,15724525.845061691,180908.4953163797,172095990.89941406,80722917.52518368,13388461.050443888,66103.83231421374,-621.5766816593823,-68296979.94071546,66103.83231421374,-621.5766816593823,0.010056171016706021
440,417159919051.1768,7046187457.450152,984284350.9486556,15790629.677375905,180286.91863472032,417045874235.23224,6965867182.007511,969492120.0527368,15778887.633903513,184354.71262874073,114044815.94458008,80320275.44264126,14792230.895918846,11742.043472392485,-4067.7939940204087,-78005783.9468731,11742.043472392485,-4067.7939940204087,0.010206473844572513
441,417159919051.1768,7046187457.450152,984284350.9486556,15790629.677375905,180286.91863472032,417107337712.78296,6970411122.554064,972547608.0103779,15567387.661760196,178825.31035317606,52581338.39385986,75776334.8960886,11736742.938277721,223242.01561570913,1461.6082815442642,-79625877.07528734,223242.01561570913,1461.6082815442642,0.010371056080381347
442,417159919051.1768,7046187457.450152,984284350.9486556,15790629.677375905,180286.91863472032,417167321046.93915,6964452503.3467245,969210984.2032409,15780770.477402974,180513.95681537522,-7401995.762329102,81734954.10342789,15073366.745414734,9859.199972931296,-227.0381806548976,-97918620.21319199,9859.199972931296,-227.0381806548976,0.010400711102053362
443,417159919051.1768,7046187457.450152,984284350.9486556,15790629.677375905,180286.91863472032,417145780722.86664,6969450055.050856,971614465.7345905,15721531.36660531,178134.49598273754,14138328.310180664,76737402.39929676,12669885.214065075,69098.31077059545,2152.422651982779,-87286538.36683473,69098.31077059545,2152.422651982779,0.010331473360018571
444,417159919051.1768,7046187457.450152,984284350.9486556,15790629.677375905,180286.91863472032,417119559723.62494,6962797018.346425,971776338.1150811,15798417.832353713,178587.2081783591,40359327.55187988,83390439.10372734,12508012.833574533,-7788.154977807775,1699.7104563612083,-89844552.80451989,-7788.154977807775,1699.7104563612083,0.010398354291834553
445,417159919051.1768,7046187457.450152,984284350.9486556,15790629.677375905,180286.91863472032,417180863029.2738,6964131931.046138,971336593.0942323,15790429.486590302,178368.94506852815,-20943978.096984863,82055526.40401459,12947757.854423285,200.19078560359776,1917.9735661921732,-98144880.9729856,200.19078560359776,1917.9735661921732,0.010472256812585583
446,417159919051.1768,7046187457.450152,984284350.9486556,15790629.677375905,180286.91863472032,417054149581.1233,6964041829.580944,970388890.814476,15796223.529133413,179696.2795257277,105769470.05352783,82145627.86920834,13895460.134179592,-5593.851757507771,590.6391089926183,-80175667.49535875,-5593.851757507771,590.6391089926183,0.010152975819170598
447,417159919051.1768,7046187457.450152,984284350.9486556,15790629.677375905,180286.91863472032,417216006245.3859,6965903348.115241,971486256.4609225,15795629.843160864,178371.2567275933,-56087194.209106445,80284109.33491135,12798094.487733126,-5000.16578495875,1915.6619071270106,-101495282.95401044,-5000.16578495875,1915.6619071270106,0.01056223512319283
448,417159919051.1768,7046187457.450152,984284350.9486556,15790629.677375905,180286.91863472032,417066508702.45294,6966732013.16692,971366951.4840748,15796442.042630775,178291.42405007206,93410348.72387695,79455444.28323269,12917399.464580774,-5812.365254869685,1995.4945846482588,-78361291.43923192,-5812.365254869685,1995.4945846482588,0.010204151924134435
449,417159919051.1768,7046187457.450152,984284350.9486556,15790629.677375905,180286.91863472032,417148659979.0385,6975212593.986341,972333986.8610263,15721939.406841828,178850.12701275642,11259072.138305664,70974863.46381092,11950364.087629318,68690.27053407766,1436.791621963901,-81236366.73069438,68690.27053407766,1436.791621963901,0.0104077837925595
450,417159919051.1768,7046187457.450152,984284350.9486556,15790629.677375905,180286.91863472032,417216006245.3859,6974225820.801895,970757678.1199039,15764703.105853122,178541.15367834567,-56087194.209106445,71961636.64825726,13526672.828751683,25926.571522783488,1745.7649563746527,-93901388.60837491,25926.571522783488,1745.7649563746527,0.01056223512319283
451,417159919051.1768,7046187457.450152,984284350.9486556,15790629.677375905,180286.91863472032,417158384860.01465,6966768808.055639,971224741.3355336,15677568.989182038,181135.215569915,1534191.1621704102,79418649.39451313,13059609.613121986,113060.68819386698,-848.2969351946667,-92248130.33330956,113060.68819386698,-848.2969351946667,0.010469303755556594
452,417159919051.1768,7046187457.450152,984284350.9486556,15790629.677375905,180286.91863472032,417177370341.9967,6925769066.395226,966377908.1974809,15794259.354337903,178045.7139615134,-17451290.819885254,120418391.05492687,17906442.75117469,-3629.676961997524,2241.2046732069284,-140942527.42908436,-3629.676961997524,2241.2046732069284,0.010490556611917735
453,417159919051.1768,7046187457.450152,984284350.9486556,15790629.677375905,180286.91863472032,417037678786.8346,6969971620.774376,973189497.5442058,15796212.036383593,181751.49211546202,122240264.34222412,76215836.67577648,11094853.40444982,-5582.359007688239,-1464.573480741703,-68974650.42889269,-5582.359007688239,-1464.573480741703,0.010256949179600404
454,417159919051.1768,7046187457.450152,984284350.9486556,15790629.677375905,180286.91863472032,417201551662.7032,6962002143.246607,971121514.3011545,15794946.281528104,178693.2529056724,-41632611.52636719,84185314.20354557,13162836.647501111,-4316.604152198881,1593.6657290479343,-103593042.58000176,-4316.604152198881,1593.6657290479343,0.01053940822175002
455,417159919051.1768,7046187457.450152,984284350.9486556,15790629.677375905,180286.91863472032,417131326140.1839,6957857536.516411,962409957.9478098,15709274.943081034,167667.05264893328,28592910.992919922,88329920.93374157,21874393.00084579,81354.73429487087,12619.865985787037,-105915377.28564937,81354.73429487087,12619.865985787037,0.010308646458575758
456,417159919051.1768,7046187457.450152,984284350.9486556,15790629.677375905,180286.91863472032,417145780722.86664,6958251150.801185,960983035.8616645,15710451.838791488,167562.02711761848,14138328.310180664,87936306.64896774,23301315.08699107,80177.83858441748,12724.891517101845,-109116872.48943171,80177.83858441748,12724.891517101845,0.010331473360018571
457,417159919051.1768,7046187457.450152,984284350.9486556,15790629.677375905,180286.91863472032,416987823060.2774,6967417711.402228,971167445.2392225,15727629.64106813,179518.57670446954,172095990.89941406,78769746.04792404,13116905.709433079,63000.036307774484,768.3419302507828,-66072253.12244502,63000.036307774484,768.3419302507828,0.010056171016706021
458,417159919051.1768,7046187457.450152,984284350.9486556,15790629.677375905,180286.91863472032,417002277642.9601,6964408960.149748,970068578.3194773,15725243.194008155,184187.97149399098,157641408.21673584,81778497.30040455,14215772.629178286,65386.48336775042,-3901.052859270654,-72348058.69707246,65386.48336775042,-3901.052859270654,0.010078997918148832
459,417159919051.1768,7046187457.450152,984284350.9486556,15790629.677375905,180286.91863472032,417045874235.23224,6965372618.29795,970506242.9515436,15779376.704356391,181869.298717438,114044815.94458008,80814839.1522026,13778107.997112036,11252.973019514233,-1582.3800827176892,-77486224.75762764,11252.973019514233,-1582.3800827176892,0.010206473844572513
460,417159919051.1768,7046187457.450152,984284350.9486556,15790629.677375905,180286.91863472032,417107337712.78296,6970116583.682566,972583644.2947536,15567387.661760196,178825.31035317606,52581338.39385986,76070873.76758671,11700706.653902054,223242.01561570913,1461.6082815442642,-79884379.66240978,223242.01561570913,1461.6082815442642,0.010371056080381347
461,417159919051.1768,7046187457.450152,984284350.9486556,15790629.677375905,180286.91863472032,417066508702.45294,6970265536.964773,971666715.6769791,15796814.576721657,178088.5778645119,93410348.72387695,75921920.48537922,12617635.27167654,-6184.899345751852,2198.3407702084223,-74528003.44847421,-6184.899345751852,2198.3407702084223,0.010204151924134435
462,417159919051.1768,7046187457.450152,984284350.9486556,15790629.677375905,180286.91863472032,417066508702.45294,6970265536.964773,971666715.6769791,15796814.576721657,178088.5778645119,93410348.72387695,75921920.48537922,12617635.27167654,-6184.899345751852,2198.3407702084223,-74528003.44847421,-6184.899345751852,2198.3407702084223,0.010204151924134435
463,417159919051.1768,7046187457.450152,984284350.9486556,15790629.677375905,180286.91863472032,417038698082.2092,6969637022.120873,972220691.483232,15794271.346108034,178152.48024397632,121220968.96759033,76550435.32927895,12063659.465423584,-3641.6687321290374,2134.438390744006,-70430949.44956398,-3641.6687321290374,2134.438390744006,0.010157298927400579
464,417159919051.1768,7046187457.450152,984284350.9486556,15790629.677375905,180286.91863472032,417027872799.0637,6966980287.377613,972025834.9770147,15792814.93671156,178266.00968580038,132046252.11309814,79207170.07253933,12258515.971640944,-2185.2593356538564,2020.9089489199396,-71658748.22721556,-2185.2593356538564,2020.9089489199396,0.01013247341285934
465,417159919051.1768,7046187457.450152,984284350.9486556,15790629.677375905,180286.91863472032,417052054119.7702,6969516992.174088,971927346.762256,15795654.935034685,178042.7950291225,107864931.40661621,76670465.27606487,12357004.186399579,-5025.257658779621,2244.1236055978225,-72847729.75147203,-5025.257658779621,2244.1236055978225,0.010181325022691624
466,417159919051.1768,7046187457.450152,984284350.9486556,15790629.677375905,180286.91863472032,417052054119.7702,6969596897.734877,971546381.9992623,15795654.935034685,178042.7950291225,107864931.40661621,76590559.71527576,12737968.949393272,-5025.257658779621,2244.1236055978225,-73148788.95367661,-5025.257658779621,2244.1236055978225,0.010181325022691624
467,417159919051.1768,7046187457.450152,984284350.9486556,15790629.677375905,180286.91863472032,417188195625.1422,6848373270.163651,939804743.8033305,15796131.696736125,176977.2120061479,-28276573.965393066,197814187.28650093,44479607.145325065,-5502.01936022006,3309.7066285724286,-246535280.52663496,-5502.01936022006,3309.7066285724286,0.010515382126458975
468,417159919051.1768,7046187457.450152,984284350.9486556,15790629.677375905,180286.91863472032,417188195625.1422,6848182078.338619,939726638.4417446,15796131.696736125,176977.2120061479,-28276573.965393066,198005379.11153316,44557712.50691104,-5502.01936022006,3309.7066285724286,-246804577.71325317,-5502.01936022006,3309.7066285724286,0.010515382126458975
469,417159919051.1768,7046187457.450152,984284350.9486556,15790629.677375905,180286.91863472032,417159743745.3953,6965803419.351883,969497479.8521721,15553248.270384597,180193.17807668945,175305.78149414062,80384038.09826946,14786871.096483469,237381.40699130856,93.74055803086958,-95144613.3275288,237381.40699130856,93.74055803086958,0.01042705512138493
470,417159919051.1768,7046187457.450152,984284350.9486556,15790629.677375905,180286.91863472032,417105105140.94226,6964032050.369582,971702829.6634567,15796864.103131572,179070.5341993462,54813910.234558105,82155407.08057022,12581521.285198927,-6234.425755666569,1216.3844353741151,-86514841.83058544,-6234.425755666569,1216.3844353741151,0.010375527390391742
471,417159919051.1768,7046187457.450152,984284350.9486556,15790629.677375905,180286.91863472032,417180863029.2738,6958846173.935991,970873800.8024637,15771994.75489173,178453.76268622043,-20943978.096984863,87341283.51416111,13410550.146191955,18634.92248417437,1833.155948499887,-103893430.37490079,18634.92248417437,1833.155948499887,0.010472256812585583
472,417159919051.1768,7046187457.450152,984284350.9486556,15790629.677375905,180286.91863472032,417052054119.7702,6971185926.531922,971992470.7284312,15795961.073697275,178285.76221391256,107864931.40661621,75001530.91823006,12291880.22022438,-5331.396321369335,2001.1564208077616,-71113671.42746201,-5331.396321369335,2001.1564208077616,0.010181325022691624
473,417159919051.1768,7046187457.450152,984284350.9486556,15790629.677375905,180286.91863472032,417066508702.45294,6971522419.694824,971166127.4422005,15797137.969407728,178180.73668259775,93410348.72387695,74665037.75532818,13118223.506455064,-6508.292031822726,2106.18195212257,-73771708.9532017,-6508.292031822726,2106.18195212257,0.010204151924134435
474,417159919051.1768,7046187457.450152,984284350.9486556,15790629.677375905,180286.91863472032,416987823060.2774,6964838673.773474,970735878.2167706,15692511.26290007,178719.47619475113,172095990.89941406,81348783.67667866,13548472.731884956,98118.41447583586,1567.4424399691925,-69082857.77365151,98118.41447583586,1567.4424399691925,0.010056171016706021
475,417159919051.1768,7046187457.450152,984284350.9486556,15790629.677375905,180286.91863472032,417159919051.1768,6957973831.526755,963461380.7118694,15789580.229601908,181204.50223873818,0.0,88213625.92339706,20822970.236786246,1049.4477739967406,-917.5836040178547,-109036596.16018331,1049.4477739967406,-917.5836040178547,0.010437739146191486
476,417159919051.1768,7046187457.450152,984284350.9486556,15790629.677375905,180286.91863472032,416970112354.5192,6959704314.863527,963106516.0558517,15790194.234155785,181415.08696271823,189806696.65759277,86483142.5866251,21177834.892803907,435.44322011992335,-1128.1683279979043,-79189972.9807901,435.44322011992335,-1128.1683279979043,0.010075206304516832
477,417159919051.1768,7046187457.450152,984284350.9486556,15790629.677375905,180286.91863472032,417151600087.3405,6960792118.088852,962160032.829398,15783114.406321961,181109.83968059643,8318963.836303711,85395339.36130047,22124318.11925757,7515.271053943783,-822.9210458761081,-106271812.90511248,7515.271053943783,-822.9210458761081,0.010406736529885963
478,417159919051.1768,7046187457.450152,984284350.9486556,15790629.677375905,180286.91863472032,417072857324.2531,6962491830.470133,960678823.2717829,15738148.941472078,179069.82412960983,87061726.92370605,83695626.98001957,23605527.67687273,52480.73590382747,1217.0945051104936,-94241895.6183364,52480.73590382747,1217.0945051104936,0.010204059305695738
479,417159919051.1768,7046187457.450152,984284350.9486556,15790629.677375905,180286.91863472032,416966175598.5746,6959899998.215594,959256202.5199828,15770226.651111543,180726.6764584733,193743452.6022339,86287459.2345581,25028148.42867279,20403.026264362037,-439.75782375296694,-82254089.77289581,20403.026264362037,-439.75782375296694,0.00994475582073567
480,417159919051.1768,7046187457.450152,984284350.9486556,15790629.677375905,180286.91863472032,416974336138.66864,6958557007.546635,957884455.1912398,15780301.471158354,184551.14108851028,185582912.5081787,87630449.90351772,26399895.75741577,10328.206217551604,-4264.22245378996,-86192908.78470668,10328.206217551604,-4264.22245378996,0.009917203305885323
481,417159919051.1768,7046187457.450152,984284350.9486556,15790629.677375905,180286.91863472032,416907305762.5955,6958402839.877436,960935937.7418097,15676333.590788234,183003.1219744814,252613288.58129883,87784617.57271671,23348413.20684588,114296.08658767119,-2716.203339761065,-73241037.49236777,114296.08658767119,-2716.203339761065,0.009818682958142423
482,417159919051.1768,7046187457.450152,984284350.9486556,15790629.677375905,180286.91863472032,416972549135.6476,6958851893.445839,958678005.5428394,15763404.632326769,187271.4328672912,187369915.52923584,87335564.00431347,25606345.405816197,27225.045049136505,-6984.5142325708875,-84836422.0807443,27225.045049136505,-6984.5142325708875,0.00999973087619126
483,417159919051.1768,7046187457.450152,984284350.9486556,15790629.677375905,180286.91863472032,417042126730.40875,6962669473.489168,964689227.7604401,15479170.509403441,180408.31144307143,117792320.7680664,83517983.96098423,19595123.188215494,311459.1679724641,-121.39280835111276,-85444259.03398976,311459.1679724641,-121.39280835111276,0.010204120107416054
484,417159919051.1768,7046187457.450152,984284350.9486556,15790629.677375905,180286.91863472032,417075166620.79987,6957681289.423327,958135333.536184,15757438.985948056,182485.74980091813,84752430.37695312,88506168.02682495,26149017.412471652,33190.69142784923,-2198.8311661978078,-101942320.88275364,33190.69142784923,-2198.8311661978078,0.010106521001171364
485,417159919051.1768,7046187457.450152,984284350.9486556,15790629.677375905,180286.91863472032,417031815214.9901,6961953319.251318,962399290.1220424,15639081.457711803,179565.62631112014,128103836.18670654,84234138.19883442,21885060.826613188,151548.21966410242,721.2923236001807,-86903623.59744163,151548.21966410242,721.2923236001807,0.00996720780017388
486,417159919051.1768,7046187457.450152,984284350.9486556,15790629.677375905,180286.91863472032,417046521378.17615,6956412144.8411255,963009661.8865888,15789951.194231564,180125.34501820736,113397673.00067139,89775312.60902691,21274689.062066793,678.4831443410367,161.57361651296378,-94040350.720993,678.4831443410367,161.57361651296378,0.010227795592399811
487,417159919051.1768,7046187457.450152,984284350.9486556,15790629.677375905,180286.91863472032,417123064403.17365,6957882322.344978,960981628.3143271,15771694.361142311,179743.24872934842,36854648.00317383,88305135.10517406,23302722.634328485,18935.31623359397,543.6699053719058,-106079660.53902647,18935.31623359397,543.6699053719058,0.010299999814561525
488,417159919051.1768,7046187457.450152,984284350.9486556,15790629.677375905,180286.91863472032,416974336138.66864,6957089468.740153,960421787.8186706,15787422.501297506,181489.02105132787,185582912.5081787,89097988.70999908,23862563.129984975,3207.1760783996433,-1202.1024166075513,-85123114.96375725,3207.1760783996433,-1202.1024166075513,0.009917203305885323
489,417159919051.1768,7046187457.450152,984284350.9486556,15790629.677375905,180286.91863472032,417145420164.70886,6958841154.9796715,962651842.2659487,15783657.979579173,179856.82682477165,14498886.467956543,87346302.47048092,21632508.682706952,6971.697796732187,430.0918099486735,-106803978.1829944,6971.697796732187,430.0918099486735,0.010383694308295449
490,417159919051.1768,7046187457.450152,984284350.9486556,15790629.677375905,180286.91863472032,416891072258.51526,6959853284.394201,962324475.5908245,15787500.06726362,179759.8413348797,268846792.66156006,86334173.05595112,21959875.35783112,3129.6101122852415,527.0772998406319,-67967029.51454824,3129.6101122852415,527.0772998406319,0.009717511041009447
491,417159919051.1768,7046187457.450152,984284350.9486556,15790629.677375905,180286.91863472032,417121188811.32745,6968018876.326569,961358184.9089861,15676153.931225687,180224.13563791028,38730239.849365234,78168581.1235838,22926166.039669514,114475.74615021795,62.78299681004137,-95285211.18584852,114475.74615021795,62.78299681004137,0.010310366939819163
492,417159919051.1768,7046187457.450152,984284350.9486556,15790629.677375905,180286.91863472032,416891072258.51526,6961086936.503247,962164074.8240845,15787709.925207557,179672.00731270868,268846792.66156006,85100520.94690514,22120276.124571085,2919.752168348059,614.9113220116415,-66893778.17224222,2919.752168348059,614.9113220116415,0.009717511041009447
493,417159919051.1768,7046187457.450152,984284350.9486556,15790629.677375905,180286.91863472032,417159919051.1768,6965949506.38958,961175911.6267047,15740444.066064348,180066.33330200406,0.0,80237951.06057262,23108439.321950912,50185.61131155677,220.5853327162622,-103346390.38252354,50185.61131155677,220.5853327162622,0.010437739146191486
494,417159919051.1768,7046187457.450152,984284350.9486556,15790629.677375905,180286.91863472032,417031815214.9901,6960979550.637314,962078715.3942887,15656199.170112351,179514.43926001855,128103836.18670654,85207906.81283855,22205635.554366946,134430.50726355426,772.4793747017684,-88197966.93919952,134430.50726355426,772.4793747017684,0.00996720780017388
495,417159919051.1768,7046187457.450152,984284350.9486556,15790629.677375905,180286.91863472032,417095004662.99786,6959315878.228975,962008208.718503,15638416.70096628,183237.3204432984,64914388.17895508,86871579.2211771,22276142.230152607,152212.97640962526,-2950.4018085780845,-99410563.22448644,152212.97640962526,-2950.4018085780845,0.01032385398510023
496,417159919051.1768,7046187457.450152,984284350.9486556,15790629.677375905,180286.91863472032,417075166620.79987,6960631216.131958,962081304.387599,15772028.347205736,180013.47829303506,84752430.37695312,85556241.31819439,22203046.561056614,18601.330170169473,273.4403416852583,-95046423.32270804,18601.330170169473,273.4403416852583,0.010106521001171364
497,417159919051.1768,7046187457.450152,984284350.9486556,15790629.677375905,180286.91863472032,417159919051.1768,6916054494.45704,959051415.1277165,15790629.677375905,178215.69701768475,0.0,130132962.99311256,25232935.820939064,0.0,2071.2216170355678,-155365898.81405163,0.0,2071.2216170355678,0.010437739146191486
498,417159919051.1768,7046187457.450152,984284350.9486556,15790629.677375905,180286.91863472032,417159919051.1768,6938823557.529111,958121240.7991682,15789987.116082465,179212.58818338244,0.0,107363899.92104149,26163110.149487376,642.5612934399396,1074.3304513378826,-133527010.07052886,642.5612934399396,1074.3304513378826,0.010437739146191486
499,417159919051.1768,7046187457.450152,984284350.9486556,15790629.677375905,180286.91863472032,417159919051.1768,6956454322.505819,962488315.5997453,15790529.78053987,179837.81464187105,0.0,89733134.94433308,21796035.34891033,99.8968360349536,449.10399284926825,-111529170.29324341,99.8968360349536,449.10399284926825,0.010437739146191486
500,417159919051.1768,7046187457.450152,984284350.9486556,15790629.677375905,180286.91863472032,416970112354.5192,6962418734.53864,964959710.078488,15787520.724131126,184382.52428996083,189806696.65759277,83768722.91151237,19324640.870167613,3108.953244779259,-4095.605655240506,-74622359.28304107,3108.953244779259,-4095.605655240506,0.010075206304516832
501,417159919051.1768,7046187457.450152,984284350.9486556,15790629.677375905,180286.91863472032,417123064403.17365,6958628481.126423,958028438.941189,15771682.5009999,181110.48324344933,36854648.00317383,87558976.32372952,26255912.007466555,18947.176376005635,-823.5646087290079,-108286691.13071999,18947.176376005635,-823.5646087290079,0.010299999814561525
502,417159919051.1768,7046187457.450152,984284350.9486556,15790629.677375905,180286.91863472032,417159919051.1768,6955671646.463293,962189482.234738,15786780.260740861,180161.29503827044,0.0,90515810.98685932,22094868.713917613,3849.416635043919,125.62359644987737,-112610679.70077693,3849.416635043919,125.62359644987737,0.010437739146191486
503,417159919051.1768,7046187457.450152,984284350.9486556,15790629.677375905,180286.91863472032,417031815214.9901,6948197607.911667,952041132.3465545,15604004.019326743,170352.0596634364,128103836.18670654,97989849.53848553,32243218.602101088,186625.65804916248,9934.858971283917,-111017492.71258064,186625.65804916248,9934.858971283917,0.00996720780017388
504,417159919051.1768,7046187457.450152,984284350.9486556,15790629.677375905,180286.91863472032,417031815214.9901,6950221796.981049,951297162.3697683,15604004.019326743,170352.0596634364,128103836.18670654,95965660.46910381,32987188.578887343,186625.65804916248,9934.858971283917,-109737273.61998518,186625.65804916248,9934.858971283917,0.00996720780017388
505,417159919051.1768,7046187457.450152,984284350.9486556,15790629.677375905,180286.91863472032,417031815214.9901,6950782492.64635,951000176.319896,15604004.019326743,170352.0596634364,128103836.18670654,95404964.80380249,33284174.628759623,186625.65804916248,9934.858971283917,-109473564.00455613,186625.65804916248,9934.858971283917,0.00996720780017388
506,417159919051.1768,7046187457.450152,984284350.9486556,15790629.677375905,180286.91863472032,417031815214.9901,6960827345.331035,959289087.7057174,15604281.595853576,181448.47003245412,128103836.18670654,85360112.11911774,24995263.24293816,186348.08152232878,-1161.5513977337978,-91139799.93404992,186348.08152232878,-1161.5513977337978,0.00996720780017388
507,417159919051.1768,7046187457.450152,984284350.9486556,15790629.677375905,180286.91863472032,416907305762.5955,6959929137.630414,960853538.0107739,15682239.30784806,181217.4620471371,252613288.58129883,86258319.81973839,23430812.93788171,108390.36952784471,-930.5434124167659,-71797139.47042528,108390.36952784471,-930.5434124167659,0.009818682958142423
508,417159919051.1768,7046187457.450152,984284350.9486556,15790629.677375905,180286.91863472032,416907305762.5955,6957432519.280704,960657879.275686,15676558.352239076,187016.09350904616,252613288.58129883,88754938.16944885,23626471.67296958,114071.32513682917,-6729.174874325836,-74489416.55522361,114071.32513682917,-6729.174874325836,0.009818682958142423
509,417159919051.1768,7046187457.450152,984284350.9486556,15790629.677375905,180286.91863472032,416972549135.6476,6958439002.288589,960643610.9463671,15764059.34810575,184159.24829264547,187369915.52923584,87748455.16156387,23640740.00228846,26570.3292701561,-3872.3296579251473,-83283707.83446696,26570.3292701561,-3872.3296579251473,0.00999973087619126
510,417159919051.1768,7046187457.450152,984284350.9486556,15790629.677375905,180286.91863472032,417042126730.40875,6962330046.733086,964725848.1577778,15479170.509403441,180408.31144307143,117792320.7680664,83857410.71706676,19558502.79087782,311459.1679724641,-121.39280835111276,-85747065.39273462,311459.1679724641,-121.39280835111276,0.010204120107416054
511,417159919051.1768,7046187457.450152,984284350.9486556,15790629.677375905,180286.91863472032,416891072258.51526,6962844005.824677,962578562.5175748,15788267.963442685,179633.0350747579,268846792.66156006,83343451.62547493,21705788.43108082,2361.713933220133,653.8835599624144,-64722221.15732174,2361.713933220133,653.8835599624144,0.009717511041009447
512,417159919051.1768,7046187457.450152,984284350.9486556,15790629.677375905,180286.91863472032,416891072258.51526,6962844005.824677,962578562.5175748,15788267.963442685,179633.0350747579,268846792.66156006,83343451.62547493,21705788.43108082,2361.713933220133,653.8835599624144,-64722221.15732174,2361.713933220133,653.8835599624144,0.009717511041009447
513,417159919051.1768,7046187457.450152,984284350.9486556,15790629.677375905,180286.91863472032,416891072258.51526,6962173620.856884,962367639.1337844,15788259.856364192,179378.25173312743,268846792.66156006,84013836.5932684,21916711.814871192,2369.8210117127746,908.6669015928928,-65603529.50890558,2369.8210117127746,908.6669015928928,0.009717511041009447
514,417159919051.1768,7046187457.450152,984284350.9486556,15790629.677375905,180286.91863472032,416891072258.51526,6959055821.3073225,962381661.4111731,15788259.856364192,179378.25173312743,268846792.66156006,87131636.1428299,21902689.5374825,2369.8210117127746,908.6669015928928,-68707306.7810784,2369.8210117127746,908.6669015928928,0.009717511041009447
515,417159919051.1768,7046187457.450152,984284350.9486556,15790629.677375905,180286.91863472032,416891072258.51526,6961955254.9995575,962510539.2130111,15788259.856364192,179378.25173312743,268846792.66156006,84232202.4505949,21773811.73564446,2369.8210117127746,908.6669015928928,-65678995.28700536,2369.8210117127746,908.6669015928928,0.009717511041009447
516,417159919051.1768,7046187457.450152,984284350.9486556,15790629.677375905,180286.91863472032,416891072258.51526,6962078564.807047,962591173.5084076,15788259.856364192,179378.25173312743,268846792.66156006,84108892.6431055,21693177.440248013,2369.8210117127746,908.6669015928928,-65475051.184119515,2369.8210117127746,908.6669015928928,0.009717511041009447
517,417159919051.1768,7046187457.450152,984284350.9486556,15790629.677375905,180286.91863472032,417075166620.79987,6962417789.034163,961129286.4449968,15768652.764903558,180616.11012549695,84752430.37695312,83769668.41598892,23155064.50365877,21976.912472346798,-329.19149077663315,-94211868.36310473,21976.912472346798,-329.19149077663315,0.010106521001171364
518,417159919051.1768,7046187457.450152,984284350.9486556,15790629.677375905,180286.91863472032,417159919051.1768,6887235450.312163,951937583.4866092,15784169.028078666,179020.50492330035,0.0,158952007.13798904,32346767.462046385,6460.649297239259,1266.4137114199693,-191298774.60003543,6460.649297239259,1266.4137114199693,0.010437739146191486
519,417159919051.1768,7046187457.450152,984284350.9486556,15790629.677375905,180286.91863472032,417110181118.5961,6958988478.705813,956937410.2039863,15433412.155775413,182068.55119760163,49737932.58068848,87198978.74433899,27346940.74466932,357217.5216004923,-1781.6325628813065,-107085229.60190503,357217.5216004923,-1781.6325628813065,0.01029398860064048
520,417159919051.1768,7046187457.450152,984284350.9486556,15790629.677375905,180286.91863472032,417046521378.17615,6957526003.54853,962791840.829822,15789074.317707814,180641.95865343537,113397673.00067139,88661453.90162277,21492510.11883366,1555.3596680909395,-355.0400187150517,-93144313.07035573,1555.3596680909395,-355.0400187150517,0.010227795592399811
521,417159919051.1768,7046187457.450152,984284350.9486556,15790629.677375905,180286.91863472032,417123064403.17365,6953039566.287384,960913877.3468363,15747141.447275097,179850.53137729183,36854648.00317383,93147891.16276836,23370473.601819277,43488.230100808665,436.38725742849056,-110990167.56411156,43488.230100808665,436.38725742849056,0.010299999814561525
522,417159919051.1768,7046187457.450152,984284350.9486556,15790629.677375905,180286.91863472032,416891072258.51526,6963528197.79304,961859790.080335,15787512.176907493,179822.46949691215,268846792.66156006,82659259.65711212,22424560.868320584,3117.500468412414,464.44913780817296,-64756801.6261987,3117.500468412414,464.44913780817296,0.009717511041009447
523,417159919051.1768,7046187457.450152,984284350.9486556,15790629.677375905,180286.91863472032,416891072258.51526,6963906178.0296135,961954720.6744697,15787512.176907493,179822.46949691215,268846792.66156006,82281279.4205389,22329630.274185896,3117.500468412414,464.44913780817296,-64283890.795490794,3117.500468412414,464.44913780817296,0.009717511041009447
524,417159919051.1768,7046187457.450152,984284350.9486556,15790629.677375905,180286.91863472032,416891072258.51526,6963627449.580627,961976530.609675,15787512.176907493,179822.46949691215,268846792.66156006,82560007.86952496,22307820.338980556,3117.500468412414,464.44913780817296,-64540809.30927151,3117.500468412414,464.44913780817296,0.009717511041009447
525,417159919051.1768,7046187457.450152,984284350.9486556,15790629.677375905,180286.91863472032,416907305762.5955,6958247109.010558,960115873.596017,15631157.22809305,180195.37230722074,252613288.58129883,87940348.43959427,24168477.352638602,159472.4492828548,91.54632749958546,-74216832.50503805,159472.4492828548,91.54632749958546,0.009818682958142423
526,417159919051.1768,7046187457.450152,984284350.9486556,15790629.677375905,180286.91863472032,417220800275.79834,7046184621.37829,985452798.3493415,15810709.44356436,181752.25808524745,-60881224.621520996,2836.071862220764,-1168447.4006859064,-20079.766188453883,-1465.339450527128,-7966572.364404464,-20079.766188453883,-1465.339450527128,0.010600209896258513
527,417159919051.1768,7046187457.450152,984284350.9486556,15790629.677375905,180286.91863472032,417056927399.92975,7045062691.919576,985200129.6954772,15810779.309024299,181916.5703078433,102991651.24707031,1124765.530576706,-915778.7468216419,-20149.631648393348,-1629.6516731229785,15239760.903305482,-20149.631648393348,-1629.6516731229785,0.010317750854108897
528,417159919051.1768,7046187457.450152,984284350.9486556,15790629.677375905,180286.91863472032,417182287518.8142,7045441298.962245,984528292.6056997,15801262.789951693,181446.7850298283,-22368467.637390137,746158.4879074097,-243941.65704405308,-10633.11257578805,-1159.8663951079652,-3857486.976471877,-10633.11257578805,-1159.8663951079652,0.010521217427540096
529,417159919051.1768,7046187457.450152,984284350.9486556,15790629.677375905,180286.91863472032,417118485555.58527,7054319175.519417,982178130.9394788,15768945.98617532,179785.1976651725,41433495.591552734,-8131718.069264412,2106220.0091768503,21683.691200586036,501.72096954780864,12240522.398820471,21683.691200586036,501.72096954780864,0.010369029966736002
530,417159919051.1768,7046187457.450152,984284350.9486556,15790629.677375905,180286.91863472032,417071861290.4654,7050002197.400399,982700045.681496,15789184.389100756,181434.4287121308,88057760.71142578,-3814739.950246811,1584305.2671595812,1445.2882751487195,-1147.5100774104649,15439098.789801098,1445.2882751487195,-1147.5100774104649,0.010235452736047312
531,417159919051.1768,7046187457.450152,984284350.9486556,15790629.677375905,180286.91863472032,417058943611.53577,7047561636.555466,982145679.524151,15803289.543744704,184385.91005811607,100975439.64105225,-1374179.105313301,2138671.4245046377,-12659.866368798539,-4098.991423395753,14381823.626966499,-12659.866368798539,-4098.991423395753,0.01019095059223628
532,417159919051.1768,7046187457.450152,984284350.9486556,15790629.677375905,180286.91863472032,417007071673.37256,7046188713.708179,983761410.2131034,15738412.563643213,183152.6189219775,152847377.80426025,-1256.2580270767212,522940.73555219173,52217.113732691854,-2865.7002872571757,22405422.193113923,52217.113732691854,-2865.7002872571757,0.010116972691214515
533,417159919051.1768,7046187457.450152,984284350.9486556,15790629.677375905,180286.91863472032,417079099390.81775,7047772573.957975,982338756.0309447,15793904.021741979,186703.86176565336,80819660.35906982,-1585116.5078229904,1945594.9177109003,-3274.3443660736084,-6416.943130933039,11762470.643972563,-3274.3443660736084,-6416.943130933039,0.010281699090659447
534,417159919051.1768,7046187457.450152,984284350.9486556,15790629.677375905,180286.91863472032,417140562868.36847,7054600836.572447,986162136.7024628,15585990.324976962,181174.4594900887,19356182.80834961,-8413379.122294426,-1877785.753807187,204639.35239894316,-887.5408553683665,13194592.297354054,204639.35239894316,-887.5408553683665,0.010446281326468281
535,417159919051.1768,7046187457.450152,984284350.9486556,15790629.677375905,180286.91863472032,417200546202.52466,7045562211.81999,981991551.9072686,15792545.648846036,182863.10595228785,-40627151.347839355,625245.6301622391,2292799.041386962,-1915.9714701306075,-2576.187317567528,-9012117.373725105,-1915.9714701306075,-2576.187317567528,0.010475936348140298
536,417159919051.1768,7046187457.450152,984284350.9486556,15790629.677375905,180286.91863472032,417179005878.45215,7053746108.94649,984737406.2364691,15736547.754443776,180483.64511965017,-19086827.27532959,-7558651.496337891,-453055.2878135443,54081.92293212935,-196.72648492985172,5148682.692851996,54081.92293212935,-196.72648492985172,0.010406698606105505
537,417159919051.1768,7046187457.450152,984284350.9486556,15790629.677375905,180286.91863472032,417152784879.21045,7043090538.325959,985170807.9366094,15813434.22019218,180936.35731527174,7134171.966369629,3096919.1241931915,-886456.9879537821,-22804.542816273868,-649.4386805514223,-1140336.3412839652,-22804.542816273868,-649.4386805514223,0.010473579537921487
538,417159919051.1768,7046187457.450152,984284350.9486556,15790629.677375905,180286.91863472032,417200111642.36896,7043289638.901592,983875134.2546147,15795393.2085602,180613.06867412597,-40192591.19213867,2897818.5485601425,409216.6940408945,-4763.531184295192,-326.1500394056493,-9335923.921421837,-4763.531184295192,-326.1500394056493,0.010533058487094077
539,417159919051.1768,7046187457.450152,984284350.9486556,15790629.677375905,180286.91863472032,417087374736.7088,7045120550.800317,983456585.5142541,15811239.91697188,182045.42866264033,72544314.46801758,1066906.6498355865,827765.4344015121,-20610.239595973864,-1758.5100279200124,8986975.085965538,-20610.239595973864,-1758.5100279200124,0.010228201065257533
540,417159919051.1768,7046187457.450152,984284350.9486556,15790629.677375905,180286.91863472032,417249231400.97144,7047792211.268625,984847088.2524221,15810646.23099933,180720.40586450594,-89312349.7946167,-1604753.8184728622,-562737.303766489,-20016.553623424843,-433.48722978562,-11229361.346953154,-20016.553623424843,-433.48722978562,0.010637460369279766
541,417159919051.1768,7046187457.450152,984284350.9486556,15790629.677375905,180286.91863472032,417099733858.03845,7048232150.768678,984603226.8771065,15811870.680520745,180640.57318698466,60185193.1383667,-2044693.3185253143,-318875.92845094204,-21241.00314483978,-353.6545522643428,11391348.217731262,-21241.00314483978,-353.6545522643428,0.010279377170221371
542,417159919051.1768,7046187457.450152,984284350.9486556,15790629.677375905,180286.91863472032,417153577155.8561,7045883916.640794,984194134.8704778,15730547.7476417,180871.03596167636,6341895.320739746,303540.8093585968,90216.07817780972,60081.92973420583,-584.1173269560386,557527.4105745554,60081.92973420583,-584.1173269560386,0.01043844460818186
543,417159919051.1768,7046187457.450152,984284350.9486556,15790629.677375905,180286.91863472032,417249231400.97144,7060143076.153304,983917409.0730084,15779722.664308026,180890.3028152583,-89312349.7946167,-13955618.703151703,366941.87564718723,10907.013067878783,-603.384180537978,191824.35831201077,10907.013067878783,-603.384180537978,0.010637460369279766
544,417159919051.1768,7046187457.450152,984284350.9486556,15790629.677375905,180286.91863472032,417191610015.60016,7049145905.188527,984447243.5694435,15698339.720305203,183484.36470682762,-31690964.423339844,-2958447.73837471,-162892.62078785896,92289.95707070269,-3197.4460721072974,-1632304.3043384077,92289.95707070269,-3197.4460721072974,0.01054452900164353
545,417159919051.1768,7046187457.450152,984284350.9486556,15790629.677375905,180286.91863472032,417182287518.8142,7004985622.059468,978713969.6985892,15802581.936546184,180066.62291043333,-22368467.637390137,41201835.39068413,5570381.2500664,-11952.259170278907,220.29572428698884,-50127486.78635905,-11952.259170278907,220.29572428698884,0.010521217427540096
546,417159919051.1768,7046187457.450152,984284350.9486556,15790629.677375905,180286.91863472032,417056927399.92975,7052239313.406164,986286084.7296411,15809814.594377145,183995.61572105985,102991651.24707031,-6051855.956011772,-2001733.7809854746,-19184.917001239955,-3708.6970863395254,23502337.424057793,-19184.917001239955,-3708.6970863395254,0.010317750854108897
547,417159919051.1768,7046187457.450152,984284350.9486556,15790629.677375905,180286.91863472032,417220800275.79834,7042668921.376661,984520901.560286,15808548.839521656,180937.37651127018,-60881224.621520996,3518536.0734910965,-236550.61163043976,-17919.162145750597,-650.4578765498591,-12414169.155088807,-17919.162145750597,-650.4578765498591,0.010600209896258513
548,417159919051.1768,7046187457.450152,984284350.9486556,15790629.677375905,180286.91863472032,417150574753.2791,7039520868.603514,974597067.7955883,15722922.188244713,169911.17625453108,9344297.897705078,6666588.8466386795,9687283.15306735,67707.48913119175,10375.742380189244,-14952227.315050269,67707.48913119175,10375.742380189244,0.010369448133084252
549,417159919051.1768,7046187457.450152,984284350.9486556,15790629.677375905,180286.91863472032,417179005878.45215,7041911452.518292,974125331.5060097,15725512.913800083,169911.17625453108,-19086827.27532959,4276004.93185997,10159019.442645907,65116.763575822115,10375.742380189244,-17298048.465805314,65116.763575822115,10375.742380189244,0.010406698606105505
550,417159919051.1768,7046187457.450152,984284350.9486556,15790629.677375905,180286.91863472032,417007071673.37256,7048789568.060812,983781368.1991972,15741495.0007584,181762.70031006733,152847377.80426025,-2602110.6106595993,502982.7494584322,49134.67661750503,-1475.7816753470106,25026234.531840205,49134.67661750503,-1475.7816753470106,0.010116972691214515
551,417159919051.1768,7046187457.450152,984284350.9486556,15790629.677375905,180286.91863472032,417035502798.5456,7046750277.160567,983502527.4099637,15740537.193605792,186537.12063090358,124416252.63122559,-562819.7104148865,781823.5386918783,50092.48377011344,-6250.201996183256,18443434.066406846,50092.48377011344,-6250.201996183256,0.010154223164235768
552,417159919051.1768,7046187457.450152,984284350.9486556,15790629.677375905,180286.91863472032,417079099390.81775,7047033076.449815,983606501.039495,15794393.092194859,184218.44785435064,80819660.35906982,-845618.9996623993,677849.909160614,-3763.4148189537227,-3931.52921963032,12290718.144362258,-3763.4148189537227,-3931.52921963032,0.010281699090659447
553,417159919051.1768,7046187457.450152,984284350.9486556,15790629.677375905,180286.91863472032,417140562868.36847,7053699927.493271,986169931.3090429,15585990.324976962,181174.4594900887,19356182.80834961,-7512470.043118477,-1885580.3603873253,204639.35239894316,-887.5408553683665,12301477.824758243,204639.35239894316,-887.5408553683665,0.010446281326468281
554,417159919051.1768,7046187457.450152,984284350.9486556,15790629.677375905,180286.91863472032,417099733858.03845,7054518306.776228,984853488.0433923,15812402.068092506,180437.72700142453,60185193.1383667,-8330849.326075554,-569137.0947366953,-21772.390716601163,-150.8083667042083,17927765.391567253,-21772.390716601163,-150.8083667042083,0.010279377170221371
555,417159919051.1768,7046187457.450152,984284350.9486556,15790629.677375905,180286.91863472032,417099733858.03845,7054518306.776228,984853488.0433923,15812402.068092506,180437.72700142453,60185193.1383667,-8330849.326075554,-569137.0947366953,-21772.390716601163,-150.8083667042083,17927765.391567253,-21772.390716601163,-150.8083667042083,0.010279377170221371
556,417159919051.1768,7046187457.450152,984284350.9486556,15790629.677375905,180286.91863472032,417050499163.2339,7053705298.70951,984696793.7414901,15805903.621183475,180286.91863472032,109419887.94293213,-7517841.259357452,-412442.79283452034,-15273.943807570264,0.0,24343267.24363179,-15273.943807570264,0.0,0.010203305047351003
557,417159919051.1768,7046187457.450152,984284350.9486556,15790629.677375905,180286.91863472032,417032789975.8812,7043671117.615228,984609710.5920522,15801739.531897118,180286.91863472032,127129075.29559326,2516339.834924698,-325359.643396616,-11109.8545212131,0.0,16878381.102810908,-11109.8545212131,0.0,0.0101631342284817
558,417159919051.1768,7046187457.450152,984284350.9486556,15790629.677375905,180286.91863472032,417071302732.86536,7052271752.56532,984807903.8870918,15809859.506005513,180286.91863472032,88616318.3114624,-6084295.115167618,-523552.93843615055,-19229.828629607335,0.0,19900295.80032313,-19229.828629607335,0.0,0.010242126697200118
559,417159919051.1768,7046187457.450152,984284350.9486556,15790629.677375905,180286.91863472032,417071302732.86536,7052891386.646846,984827594.5692927,15809859.506005513,180286.91863472032,88616318.3114624,-6703929.19669342,-543243.6206370592,-19229.828629607335,0.0,20539620.56404984,-19229.828629607335,0.0,0.010242126697200118
560,417159919051.1768,7046187457.450152,984284350.9486556,15790629.677375905,180286.91863472032,417199996706.1669,6928307543.750699,952727236.9358532,15807161.958834289,179111.6503968919,-40077654.99005127,117879913.69945335,31557114.012802362,-16532.281458383426,1175.2682378284226,-155448675.9607634,-16532.281458383426,1175.2682378284226,0.0105613882464094
561,417159919051.1768,7046187457.450152,984284350.9486556,15790629.677375905,180286.91863472032,417199996706.1669,6930267621.076577,952716710.8484067,15807161.958834289,179111.6503968919,-40077654.99005127,115919836.37357521,31567640.100248933,-16532.281458383426,1175.2682378284226,-153499124.72233182,-16532.281458383426,1175.2682378284226,0.0105613882464094
562,417159919051.1768,7046187457.450152,984284350.9486556,15790629.677375905,180286.91863472032,417178992358.49054,7046577733.535225,981456439.533718,15567773.954110228,182437.30168228727,-19073307.313720703,-390276.0850725174,2827911.4149376154,222855.7232656777,-2150.383047566953,-5298631.426923203,222855.7232656777,-2150.383047566953,0.010487856795893423
563,417159919051.1768,7046187457.450152,984284350.9486556,15790629.677375905,180286.91863472032,417124353754.0374,7044037485.972791,984920243.6978755,15810466.661125124,181314.657804944,35565297.1394043,2149971.477361679,-635892.7492198944,-19836.983749218285,-1027.7391702236782,3820715.84276886,-19836.983749218285,-1027.7391702236782,0.010436329064900234
564,417159919051.1768,7046187457.450152,984284350.9486556,15790629.677375905,180286.91863472032,417200111642.36896,7037423024.739194,983710661.3807734,15782551.863120183,180697.88629181826,-40192591.19213867,8764432.71095848,573689.5678821802,8077.814255721867,-410.96765709793544,-15367010.957661461,8077.814255721867,-410.96765709793544,0.010533058487094077
565,417159919051.1768,7046187457.450152,984284350.9486556,15790629.677375905,180286.91863472032,417071302732.86536,7055366852.733979,984473520.2225099,15809636.35578318,180529.88581951035,88616318.3114624,-9179395.283826828,-189169.27385425568,-19006.678407274187,-242.96718479003175,22661012.304400444,-19006.678407274187,-242.96718479003175,0.010242126697200118
566,417159919051.1768,7046187457.450152,984284350.9486556,15790629.677375905,180286.91863472032,417099733858.03845,7056122848.991816,984392333.3668151,15812227.081338547,180529.88581951035,60185193.1383667,-9935391.54166317,-107982.41815948486,-21597.403962641954,-242.96718479003175,19071152.930577658,-21597.403962641954,-242.96718479003175,0.010279377170221371
567,417159919051.1768,7046187457.450152,984284350.9486556,15790629.677375905,180286.91863472032,417007071673.37256,7046189782.049687,983317789.4043761,15706400.653095629,180963.59980034892,152847377.80426025,-2324.5995349884033,966561.5442794561,84229.02428027615,-676.6811656286009,21962869.72589457,84229.02428027615,-676.6811656286009,0.010116972691214515
568,417159919051.1768,7046187457.450152,984284350.9486556,15790629.677375905,180286.91863472032,417197788164.3873,7049684664.830094,984926201.5087098,15850207.654662332,180454.01730619257,-37869113.210510254,-3497207.3799419403,-641850.560054183,-59577.97728642635,-167.09867147225305,-1541309.0415804144,-59577.97728642635,-167.09867147225305,0.010512725578430452
569,417159919051.1768,7046187457.450152,984284350.9486556,15790629.677375905,180286.91863472032,417116616665.17926,7046799345.650442,984773816.7806972,15850234.437688211,180532.3977569213,43302385.997558594,-611888.2002897263,-489465.8320416212,-59604.76031230576,-245.47912220098078,7596711.931965136,-59604.76031230576,-245.47912220098078,0.010378629005404696
570,417159919051.1768,7046187457.450152,984284350.9486556,15790629.677375905,180286.91863472032,417084570813.4654,7052320055.006442,983687814.0538709,15846998.266567502,180177.65584133958,75348237.71142578,-6132597.556289673,596536.894784689,-56368.589191596955,109.262793380738,16838296.31821885,-56368.589191596955,109.262793380738,0.010316547388391677
571,417159919051.1768,7046187457.450152,984284350.9486556,15790629.677375905,180286.91863472032,417104900708.18805,7049141932.0363655,983446199.776374,15846668.487769099,181730.8616809738,55018342.98876953,-2954474.586213112,838151.1722816229,-56038.81039319374,-1443.9430462534656,10369074.86224692,-56038.81039319374,-1443.9430462534656,0.010315904383771479
572,417159919051.1768,7046187457.450152,984284350.9486556,15790629.677375905,180286.91863472032,417076702781.3356,7050739661.862327,984284350.9486556,15791983.783383578,181117.08613809847,83216269.84124756,-4552204.412174225,0.0,-1354.1060076728463,-830.1675033781503,17034644.888361357,-1354.1060076728463,-830.1675033781503,0.010278863427235505
573,417159919051.1768,7046187457.450152,984284350.9486556,15790629.677375905,180286.91863472032,417098597573.0335,7053201802.510721,983506676.8343389,15838673.638269147,183135.72250784707,61321478.14331055,-7014345.0605688095,777674.1143167019,-48043.96089324169,-2848.8038731267443,15434892.66774869,-48043.96089324169,-2848.8038731267443,0.010344601654087474
574,417159919051.1768,7046187457.450152,984284350.9486556,15790629.677375905,180286.91863472032,417144699009.4035,7060642521.396632,985626465.6880769,15736609.490997136,180027.06874971738,15220041.77331543,-14455063.946479797,-1342114.7394212484,54020.18637876958,259.84988500294276,18080184.95189836,54020.18637876958,259.84988500294276,0.010436613217267125
575,417159919051.1768,7046187457.450152,984284350.9486556,15790629.677375905,180286.91863472032,417222393277.9156,7048004959.229418,983280316.7879815,15847195.42398739,180993.96658153512,-62474226.73876953,-1817501.7792654037,1004034.1606740952,-56565.74661148526,-707.0479468147969,-8557666.39222412,-56565.74661148526,-707.0479468147969,0.010547737461233386
576,417159919051.1768,7046187457.450152,984284350.9486556,15790629.677375905,180286.91863472032,417222393277.9156,7057643542.841729,984871000.1975714,15843253.967302473,179626.09577579546,-62474226.73876953,-11456085.391576767,-586649.2489157915,-52624.289926568046,660.8228589248611,2671600.62967713,-52624.289926568046,660.8228589248611,0.010547737461233386
577,417159919051.1768,7046187457.450152,984284350.9486556,15790629.677375905,180286.91863472032,417170142475.9765,7043668760.461262,985238584.6690683,15851301.063532582,179881.82791073908,-10223424.799682617,2518696.988890648,-954233.7204127312,-60671.38615667634,405.0907239812368,-3097976.988430309,-60671.38615667634,405.0907239812368,0.010469618993391331
578,417159919051.1768,7046187457.450152,984284350.9486556,15790629.677375905,180286.91863472032,417197788164.3873,7042255194.420291,984205227.179957,15849263.889678387,179913.45949741386,-37869113.210510254,3932263.02986145,79123.76869857311,-58634.212302481756,373.45913730646134,-9691753.780136561,-58634.212302481756,373.45913730646134,0.010512725578430452
579,417159919051.1768,7046187457.450152,984284350.9486556,15790629.677375905,180286.91863472032,417129505821.7163,7048348504.531609,984102732.5038861,15850242.32168549,180515.83938951578,30413229.460510254,-2161047.0814561844,181618.4447695017,-59612.64430958405,-228.92075479545747,6541413.05576322,-59612.64430958405,-228.92075479545747,0.010350916266574414
580,417159919051.1768,7046187457.450152,984284350.9486556,15790629.677375905,180286.91863472032,417222393277.9156,7051974487.029582,984847178.6107273,15849725.763667043,179761.18017695742,-62474226.73876953,-5787029.579429626,-562827.6620717049,-59096.08629113808,525.7384577628982,-3021276.7693140972,-59096.08629113808,525.7384577628982,0.010547737461233386
581,417159919051.1768,7046187457.450152,984284350.9486556,15790629.677375905,180286.91863472032,417222393277.9156,7053034851.241774,984816721.4854727,15850878.479646042,179714.41799797144,-62474226.73876953,-6847393.791621208,-532370.5368170738,-60248.80227013677,572.5006367488822,-1991369.6823771466,-60248.80227013677,572.5006367488822,0.010547737461233386
582,417159919051.1768,7046187457.450152,984284350.9486556,15790629.677375905,180286.91863472032,417222393277.9156,7067106677.087004,984350490.9914894,15847443.494430935,179857.924778697,-62474226.73876953,-20919219.63685131,-66140.04283380508,-56813.817055029795,428.9938560233277,11614225.668869687,-56813.817055029795,428.9938560233277,0.010547737461233386
583,417159919051.1768,7046187457.450152,984284350.9486556,15790629.677375905,180286.91863472032,417179799080.81384,7055390538.898135,984626580.8001873,15792106.90342097,181356.27638385803,-19880029.637023926,-9203081.447982788,-342229.851531744,-1477.2260450646281,-1069.3577491377073,6563306.853960943,-1477.2260450646281,-1069.3577491377073,0.010494099661791226
584,417159919051.1768,7046187457.450152,984284350.9486556,15790629.677375905,180286.91863472032,417116616665.17926,7060209315.068571,985472496.5185841,15849776.800385159,180940.37842754048,43302385.997558594,-14021857.618418694,-1188145.5699285269,-59147.12300925329,-653.4597928201547,21705361.087981008,-59147.12300925329,-653.4597928201547,0.010378629005404696
585,417159919051.1768,7046187457.450152,984284350.9486556,15790629.677375905,180286.91863472032,417197788164.3873,7044112542.538241,984754816.0027596,15849246.548033835,180065.39642352902,-37869113.210510254,2074914.9119110107,-470465.0541039705,-58616.87065793015,221.52221119130263,-7284816.839383578,-58616.87065793015,221.52221119130263,0.010512725578430452
586,417159919051.1768,7046187457.450152,984284350.9486556,15790629.677375905,180286.91863472032,417197788164.3873,7017004976.792645,973388539.1490208,15850395.030332312,166729.13537103703,-37869113.210510254,29182480.657506943,10895811.799634814,-59765.35295640677,13557.78326368329,-45758659.4387183,-59765.35295640677,13557.78326368329,0.010512725578430452
587,417159919051.1768,7046187457.450152,984284350.9486556,15790629.677375905,180286.91863472032,417222393277.9156,7024740447.459167,973266988.5345395,15851436.42417137,166483.20012576363,-62474226.73876953,21447009.99098587,11017362.414116144,-60806.74679546431,13803.718508956692,-41835506.41591744,-60806.74679546431,13803.718508956692,0.010547737461233386
588,417159919051.1768,7046187457.450152,984284350.9486556,15790629.677375905,180286.91863472032,417076702781.3356,7056062156.085418,984228275.2056288,15798432.174408475,180459.51366304653,83216269.84124756,-9874698.63526535,56075.74302685261,-7802.497032569721,-172.59502832620637,22301063.36842563,-7802.497032569721,-172.59502832620637,0.010278863427235505
589,417159919051.1768,7046187457.450152,984284350.9486556,15790629.677375905,180286.91863472032,417101307894.86383,7052163617.954397,984301525.3032296,15795437.718947068,183076.89165410108,58611156.31298828,-5976160.504244804,-17174.354573965073,-4808.041571162641,-2789.9730193807627,14785008.30576701,-4808.041571162641,-2789.9730193807627,0.010313875310038441
590,417159919051.1768,7046187457.450152,984284350.9486556,15790629.677375905,180286.91863472032,417098597573.0335,7050644271.531426,984299940.164839,15838902.542207913,181761.7614482406,61321478.14331055,-4456814.081274033,-15589.216183423996,-48272.86483200826,-1474.8428135202848,13670625.018954039,-48272.86483200826,-1474.8428135202848,0.010344601654087474
591,417159919051.1768,7046187457.450152,984284350.9486556,15790629.677375905,180286.91863472032,417144699009.4035,7064051633.090839,985677782.3290098,15736609.490997136,180027.06874971738,15220041.77331543,-17864175.64068699,-1393431.380354166,54020.18637876958,259.84988500294276,21540613.287038468,54020.18637876958,259.84988500294276,0.010436613217267125
592,417159919051.1768,7046187457.450152,984284350.9486556,15790629.677375905,180286.91863472032,417222393277.9156,7027543555.176801,982491145.596044,15851337.80197215,179365.71925492748,-62474226.73876953,18643902.27335167,1793205.352611661,-60708.12459624559,921.1993797928444,-29808241.636778757,-60708.12459624559,921.1993797928444,0.010547737461233386
593,417159919051.1768,7046187457.450152,984284350.9486556,15790629.677375905,180286.91863472032,417222393277.9156,7027543555.176801,982491145.596044,15851337.80197215,179365.71925492748,-62474226.73876953,18643902.27335167,1793205.352611661,-60708.12459624559,921.1993797928444,-29808241.636778757,-60708.12459624559,921.1993797928444,0.010547737461233386
594,417159919051.1768,7046187457.450152,984284350.9486556,15790629.677375905,180286.91863472032,417197788164.3873,7017680642.918953,978821977.6655737,15850395.030332312,179659.3634581179,-37869113.210510254,28506814.531199455,5462373.283081889,-59765.35295640677,627.5551766024146,-39649554.795857884,-59765.35295640677,627.5551766024146,0.010512725578430452
595,417159919051.1768,7046187457.450152,984284350.9486556,15790629.677375905,180286.91863472032,417197788164.3873,7018318267.223833,978951521.2000387,15850395.030332312,179659.3634581179,-37869113.210510254,27869190.226319313,5332829.748616934,-59765.35295640677,627.5551766024146,-38882386.95651279,-59765.35295640677,627.5551766024146,0.010512725578430452
596,417159919051.1768,7046187457.450152,984284350.9486556,15790629.677375905,180286.91863472032,417174424474.3004,7050795004.826775,983109922.8221264,15739250.534429803,180790.0144107093,-14505423.123596191,-4607547.3766222,1174428.1265292168,51379.142946101725,-503.0957759889716,1257305.7815535548,51379.142946101725,-503.0957759889716,0.010458214410729024
597,417159919051.1768,7046187457.450152,984284350.9486556,15790629.677375905,180286.91863472032,417145537362.4482,7044627679.776127,984890959.0122743,15850086.125084264,180247.02065266328,14381688.728637695,1559777.6740255356,-606608.06361866,-59456.44770835899,39.89798205703846,1204083.6988887787,-59456.44770835899,39.89798205703846,0.010434607110588396
598,417159919051.1768,7046187457.450152,984284350.9486556,15790629.677375905,180286.91863472032,417197788164.3873,7035684182.261744,984151102.7416265,15843027.141798202,179953.82669411108,-37869113.210510254,10503275.188408852,133248.20702910423,-52397.46442229673,333.09194060924347,-16316890.377014494,-52397.46442229673,333.09194060924347,0.010512725578430452
599,417159919051.1768,7046187457.450152,984284350.9486556,15790629.677375905,180286.91863472032,417197788164.3873,7037189764.051867,981212682.6487648,15850395.030332312,179523.94883741933,-37869113.210510254,8997693.398285866,3071668.2998907566,-59765.35295640677,762.9697973009897,-17749728.679753162,-59765.35295640677,762.9697973009897,0.010512725578430452
600,417159919051.1768,7046187457.450152,984284350.9486556,15790629.677375905,180286.91863472032,417222393277.9156,7038007715.072716,981483866.602194,15851436.42417137,179278.01359214593,-62474226.73876953,8179742.377436638,2800484.3464616537,-60806.74679546431,1008.9050425743917,-20351360.73471372,-60806.74679546431,1008.9050425743917,0.010547737461233386
601,417159919051.1768,7046187457.450152,984284350.9486556,15790629.677375905,180286.91863472032,417076702781.3356,7047098416.543268,983991280.0774387,15798981.391521085,180077.69985206125,83216269.84124756,-910959.0931158066,293070.8712168932,-8351.714145179838,209.21878265906707,13100328.698086048,-8351.714145179838,209.21878265906707,0.010278863427235505
602,417159919051.1768,7046187457.450152,984284350.9486556,15790629.677375905,180286.91863472032,417159919051.1768,7041674861.507465,984798264.6765412,15790711.427484035,180892.84541434963,0.0,4512595.942687035,-513913.7278856039,-81.7501081302762,-605.9267796293134,-3998682.2148014307,-81.7501081302762,-605.9267796293134,0.010437739146191486
603,417159919051.1768,7046187457.450152,984284350.9486556,15790629.677375905,180286.91863472032,417035114804.9565,7044121985.553454,984596227.8894229,15790758.944767937,181013.0327560676,124804246.22033691,2065471.896697998,-311876.9407672882,-129.26739203184843,-726.1141213472874,16967041.977119826,-129.26739203184843,-726.1141213472874,0.010231339233487121
604,417159919051.1768,7046187457.450152,984284350.9486556,15790629.677375905,180286.91863472032,417002051729.0523,7043418703.19213,982665687.1079584,15785034.041528674,180582.62382747474,157867322.12451172,2768754.2580223083,1618663.8406971693,5595.635847231373,-295.7051927544235,19292680.21995728,5595.635847231373,-295.7051927544235,0.010122974014486382
605,417159919051.1768,7046187457.450152,984284350.9486556,15790629.677375905,180286.91863472032,417026948493.8494,7043391716.326405,982429266.4004943,15785584.779233433,182837.23264089323,132970557.32739258,2795741.1237478256,1855084.5481612682,5044.8981424719095,-2550.3140061729064,15294757.927199792,5044.8981424719095,-2550.3140061729064,0.010135624542277583
606,417159919051.1768,7046187457.450152,984284350.9486556,15790629.677375905,180286.91863472032,416987535216.5774,7042801524.08374,983521586.0853177,15757571.559822796,181915.17616410117,172383834.59942627,3385933.366412163,762764.8633378744,33058.1175531093,-1628.2575293808477,21708876.960163902,33058.1175531093,-1628.2575293808477,0.010082037680377864
607,417159919051.1768,7046187457.450152,984284350.9486556,15790629.677375905,180286.91863472032,417011870245.12354,7042655239.116849,982400402.4351374,15778357.566692572,184658.88089494206,148048806.0532837,3532218.3333034515,1883948.5135182142,12272.110683333129,-4371.962260221742,16791154.061170887,12272.110683333129,-4371.962260221742,0.010160201489140352
608,417159919051.1768,7046187457.450152,984284350.9486556,15790629.677375905,180286.91863472032,417064647815.25775,7046110160.63127,985333415.9814458,15640833.552989993,180378.4274081167,95271235.91906738,77296.81888198853,-1049065.032790184,149796.12438591197,-91.50877339637373,15262453.601768302,149796.12438591197,-91.50877339637373,0.010287340123060302
609,417159919051.1768,7046187457.450152,984284350.9486556,15790629.677375905,180286.91863472032,417159919051.1768,7041286987.201855,982112190.0584499,15784770.71294217,181697.54888374062,0.0,4900470.248297691,2172160.890205741,5858.9644337352365,-1410.6302490202943,-7072631.138503432,5858.9644337352365,-1410.6302490202943,0.010437739146191486
610,417159919051.1768,7046187457.450152,984284350.9486556,15790629.677375905,180286.91863472032,417159919051.1768,7045223911.725083,984253995.4881247,15779898.740880616,179834.76860662355,0.0,963545.725069046,30355.460530877113,10730.936495289207,452.1500280967739,-993901.1855999231,10730.936495289207,452.1500280967739,0.010437739146191486
611,417159919051.1768,7046187457.450152,984284350.9486556,15790629.677375905,180286.91863472032,417083941799.78625,7040028326.8286915,984704494.5947583,15790909.568535006,180186.26021739762,75977251.39056396,6159130.621460915,-420143.64610266685,-279.891159100458,100.65841732270201,5657600.733226346,-279.891159100458,100.65841732270201,0.010317758638386635
612,417159919051.1768,7046187457.450152,984284350.9486556,15790629.677375905,180286.91863472032,417159919051.1768,7041298988.986497,983726416.5729984,15789264.484202206,180060.38693537505,0.0,4888468.463655472,557934.3756572008,1365.193173699081,226.5316993452725,-5446402.839312673,1365.193173699081,226.5316993452725,0.010437739146191486
613,417159919051.1768,7046187457.450152,984284350.9486556,15790629.677375905,180286.91863472032,417026948493.8494,7041273172.0639105,983246747.3526037,15789345.586868677,181052.22368574468,132970557.32739258,4914285.386241913,1037603.5960519314,1284.0905072279274,-765.3050510243629,13993694.616815042,1284.0905072279274,-765.3050510243629,0.010135624542277583
614,417159919051.1768,7046187457.450152,984284350.9486556,15790629.677375905,180286.91863472032,417159919051.1768,7042511767.707646,984280874.722075,15788743.471304879,180019.46089379938,0.0,3675689.742506027,3476.226580619812,1886.2060710266232,267.45774092094507,-3679165.969086647,1886.2060710266232,267.45774092094507,0.010437739146191486
615,417159919051.1768,7046187457.450152,984284350.9486556,15790629.677375905,180286.91863472032,417159919051.1768,7043479705.682142,984140162.8647637,15789943.276006993,179956.4249617463,0.0,2707751.7680101395,144188.0838918686,686.4013689123094,330.4936729740293,-2851939.851902008,686.4013689123094,330.4936729740293,0.010437739146191486
616,417159919051.1768,7046187457.450152,984284350.9486556,15790629.677375905,180286.91863472032,417159919051.1768,7049121471.150514,983597415.79458,15772514.831688516,180151.71621238123,0.0,-2934013.700361252,686935.1540756226,18114.845687389374,135.20242233909084,2247078.5462856293,18114.845687389374,135.20242233909084,0.010437739146191486
617,417159919051.1768,7046187457.450152,984284350.9486556,15790629.677375905,180286.91863472032,417109312875.899,7043361667.826763,984021241.6804223,15709315.393254193,182188.38725559055,50606175.27783203,2825789.623389244,263109.26823329926,81314.28412171267,-1901.4686208702333,4502027.400052261,81314.28412171267,-1901.4686208702333,0.010364852070106794
618,417159919051.1768,7046187457.450152,984284350.9486556,15790629.677375905,180286.91863472032,417035114804.9565,7046185571.671232,985423353.8264786,15790054.269784426,182240.0734051459,124804246.22033691,1885.778920173645,-1139002.8778229952,575.4075914788991,-1953.154770425579,19857754.031953357,575.4075914788991,-1953.154770425579,0.010231339233487121
619,417159919051.1768,7046187457.450152,984284350.9486556,15790629.677375905,180286.91863472032,417159919051.1768,7039354264.032942,984076864.6757971,15789175.988256676,180295.93782878525,0.0,6833193.417210579,207486.27285850048,1453.6891192290932,-9.019194064923795,-7040679.690069079,1453.6891192290932,-9.019194064923795,0.010437739146191486
620,417159919051.1768,7046187457.450152,984284350.9486556,15790629.677375905,180286.91863472032,417159919051.1768,7034389579.631249,974504598.5967966,15791006.227098465,168095.14956165737,0.0,11797877.81890297,9779752.351858974,-376.5497225597501,12191.769073062955,-21577630.170761943,-376.5497225597501,12191.769073062955,0.010437739146191486
621,417159919051.1768,7046187457.450152,984284350.9486556,15790629.677375905,180286.91863472032,417159919051.1768,7034257380.409161,974024723.8848611,15791112.64146184,167953.61697592598,0.0,11930077.040991783,10259627.063794494,-482.9640859346837,12333.301658794342,-22189704.104786277,-482.9640859346837,12333.301658794342,0.010437739146191486
622,417159919051.1768,7046187457.450152,984284350.9486556,15790629.677375905,180286.91863472032,416987535216.5774,7044428787.110301,983543469.5333498,15757785.83708251,180900.93314437038,172383834.59942627,1758670.3398513794,740881.4153058529,32843.8402933944,-614.0145096500637,23358023.434756707,32843.8402933944,-614.0145096500637,0.010082037680377864
623,417159919051.1768,7046187457.450152,984284350.9486556,15790629.677375905,180286.91863472032,416987535216.5774,7041343874.582239,983313008.4381288,15756444.789176725,184555.7501337682,172383834.59942627,4843582.867913246,971342.5105267763,34184.888199180365,-4268.831499047868,20042649.811473917,34184.888199180365,-4268.831499047868,0.010082037680377864
624,417159919051.1768,7046187457.450152,984284350.9486556,15790629.677375905,180286.91863472032,417011870245.12354,7042316292.293176,983416385.4790322,15778689.274085656,182751.09946475248,148048806.0532837,3871165.1569767,867965.4696234465,11940.403290249407,-2464.1808300321572,17468190.281392407,11940.403290249407,-2464.1808300321572,0.010160201489140352
625,417159919051.1768,7046187457.450152,984284350.9486556,15790629.677375905,180286.91863472032,417064647815.25775,7045930201.820848,985346278.8469027,15640833.552989993,180378.4274081167,95271235.91906738,257255.6293039322,-1061927.8982471228,149796.12438591197,-91.50877339637373,15095357.656803297,149796.12438591197,-91.50877339637373,0.010287340123060302
626,417159919051.1768,7046187457.450152,984284350.9486556,15790629.677375905,180286.91863472032,417159919051.1768,7045980577.436846,984426575.9311744,15790438.765163604,179679.67919206337,0.0,206880.01330661774,-142224.98251879215,190.91221230104566,607.2394426569517,-64655.030787825584,190.91221230104566,607.2394426569517,0.010437739146191486
627,417159919051.1768,7046187457.450152,984284350.9486556,15790629.677375905,180286.91863472032,417159919051.1768,7045980577.436846,984426575.9311744,15790438.765163604,179679.67919206337,0.0,206880.01330661774,-142224.98251879215,190.91221230104566,607.2394426569517,-64655.030787825584,190.91221230104566,607.2394426569517,0.010437739146191486
628,417159919051.1768,7046187457.450152,984284350.9486556,15790629.677375905,180286.91863472032,417159919051.1768,7023927925.495077,981288086.2347589,15790306.105171407,179919.6025987851,0.0,22259531.955075264,2996264.7138967514,323.57220449857414,367.3160359352187,-25255796.668972015,323.57220449857414,367.3160359352187,0.010437739146191486
629,417159919051.1768,7046187457.450152,984284350.9486556,15790629.677375905,180286.91863472032,417159919051.1768,7024071122.515088,981301431.9819974,15790418.120290749,179771.1988555215,0.0,22116334.935064316,2982918.9666582346,211.55708515644073,515.7197791988146,-25099253.90172255,211.55708515644073,515.7197791988146,0.010437739146191486
630,417159919051.1768,7046187457.450152,984284350.9486556,15790629.677375905,180286.91863472032,417159919051.1768,7024006335.422383,981350886.1906977,15790418.120290749,179771.1988555215,0.0,22181122.02776909,2933464.7579579353,211.55708515644073,515.7197791988146,-25114586.785727024,211.55708515644073,515.7197791988146,0.010437739146191486
631,417159919051.1768,7046187457.450152,984284350.9486556,15790629.677375905,180286.91863472032,417159919051.1768,6892079678.194653,943274718.9945666,15790894.211979125,178588.19317082086,0.0,154107779.25549984,41009631.954089046,-264.5346032194793,1698.7254638994636,-195117411.2095889,-264.5346032194793,1698.7254638994636,0.010437739146191486
632,417159919051.1768,7046187457.450152,984284350.9486556,15790629.677375905,180286.91863472032,417159919051.1768,6891090093.230306,943261657.9414238,15790894.211979125,178588.19317082086,0.0,155097364.21984673,41022693.00723183,-264.5346032194793,1698.7254638994636,-196120057.22707856,-264.5346032194793,1698.7254638994636,0.010437739146191486
633,417159919051.1768,7046187457.450152,984284350.9486556,15790629.677375905,180286.91863472032,417125086872.4565,7042813191.367998,982150911.7635897,15651006.762598056,181401.938268532,34832178.720336914,3374266.082154274,2133439.1850658655,139622.91477784887,-1115.0196338116657,-282878.45916960295,139622.91477784887,-1115.0196338116657,0.010355085874157786
634,417159919051.1768,7046187457.450152,984284350.9486556,15790629.677375905,180286.91863472032,417083941799.78625,7041374376.7388935,984384183.9522969,15790530.571379136,180573.7402054017,75977251.39056396,4813080.711258888,-99833.00364124775,99.10599676892161,-286.82157068137894,6683340.000966953,99.10599676892161,-286.82157068137894,0.010317758638386635
635,417159919051.1768,7046187457.450152,984284350.9486556,15790629.677375905,180286.91863472032,417159919051.1768,7037105501.353006,983434874.5861038,15779661.070799654,180122.7295639798,0.0,9081956.097146034,849476.3625518084,10968.606576250866,164.18907074051094,-9931432.459697843,10968.606576250866,164.18907074051094,0.010437739146191486
636,417159919051.1768,7046187457.450152,984284350.9486556,15790629.677375905,180286.91863472032,417159919051.1768,7046967037.954324,984131384.4053068,15791006.227098465,179821.21177779473,0.0,-779580.5041713715,152966.54334878922,-376.5497225597501,465.70685692559346,626613.9608225822,-376.5497225597501,465.70685692559346,0.010437739146191486
637,417159919051.1768,7046187457.450152,984284350.9486556,15790629.677375905,180286.91863472032,417159919051.1768,7047095112.650181,984069171.5498074,15791112.64146184,179679.67919206337,0.0,-907655.2000284195,215179.398848176,-482.9640859346837,607.2394426569517,692475.8011802435,-482.9640859346837,607.2394426569517,0.010437739146191486
638,417159919051.1768,7046187457.450152,984284350.9486556,15790629.677375905,180286.91863472032,416987535216.5774,7041393217.70739,983190423.8219335,15734034.31014257,180314.99405130092,172383834.59942627,4794239.742762566,1093927.1267220974,56595.36723333597,-28.075416580599267,19969408.320429277,56595.36723333597,-28.075416580599267,0.010082037680377864
639,417159919051.1768,7046187457.450152,984284350.9486556,15790629.677375905,180286.91863472032,417269817079.952,7051253449.127907,985063547.1899914,15817238.43875533,181651.49430024636,-109898028.77520752,-5065991.677754402,-779196.2413357496,-26608.761379424483,-1364.5756655260338,-10639516.397190975,-26608.761379424483,-1364.5756655260338,0.010651094946574147
640,417159919051.1768,7046187457.450152,984284350.9486556,15790629.677375905,180286.91863472032,417105944204.0834,7048934888.552951,984772177.6677938,15817308.30421527,181815.8065228422,53974847.093444824,-2747431.102798462,-487826.71913814545,-26678.626839363948,-1528.8878881218843,11331484.88595333,-26678.626839363948,-1528.8878881218843,0.01036863590442453
641,417159919051.1768,7046187457.450152,984284350.9486556,15790629.677375905,180286.91863472032,417198161748.8877,7045679897.775226,984197575.5988253,15803095.471089201,181393.95291068204,-38242697.710876465,507559.6749267578,86775.34983026981,-12465.793713295832,-1107.0342759617197,-6330739.681388497,-12465.793713295832,-1107.0342759617197,0.010547616581389205
642,417159919051.1768,7046187457.450152,984284350.9486556,15790629.677375905,180286.91863472032,417134359785.65875,7051737679.127665,981803758.7828659,15770778.667312827,179732.36554602624,25559265.518066406,-5550221.677512169,2480592.1657897234,19851.010063078254,554.5530886940833,6903519.339432407,19851.010063078254,554.5530886940833,0.01039542912058511
643,417159919051.1768,7046187457.450152,984284350.9486556,15790629.677375905,180286.91863472032,417158653087.04144,7054288442.489643,982221132.3801284,15806655.002744174,181311.387801594,1265964.1353759766,-8100985.0394907,2063218.5685272217,-16025.325368268415,-1024.4691668736923,6227661.091269875,-16025.325368268415,-1024.4691668736923,0.010297800404868149
644,417159919051.1768,7046187457.450152,984284350.9486556,15790629.677375905,180286.91863472032,417107960415.6894,7052063895.6377,981411503.1355935,15809845.609650217,184285.14627311498,51958635.48742676,-5876438.187547684,2872847.813062072,-19215.93227431178,-3998.227638394659,10797385.697599625,-19215.93227431178,-3998.227638394659,0.010241835642551912
645,417159919051.1768,7046187457.450152,984284350.9486556,15790629.677375905,180286.91863472032,417056088477.5262,7050680309.801724,983396839.0648546,15744941.558834184,183051.8551369764,103830573.65063477,-4492852.351572037,887511.8838009834,45688.118541721255,-2764.9365022560814,19179926.515366267,45688.118541721255,-2764.9365022560814,0.010167857741530147
646,417159919051.1768,7046187457.450152,984284350.9486556,15790629.677375905,180286.91863472032,417165891187.3938,7052368780.982454,981853021.832186,15803355.410664761,186580.8208551166,-5972136.2169799805,-6181323.532301903,2431329.1164696217,-12725.733288856223,-6293.902220396267,2854173.9832852837,-12725.733288856223,-6293.902220396267,0.010344046759480283
647,417159919051.1768,7046187457.450152,984284350.9486556,15790629.677375905,180286.91863472032,417227354664.9445,7056912721.529006,985986629.9411582,15595441.713899745,181051.41857955192,-67435613.7677002,-10725264.078853607,-1702278.9925025702,195187.96347616054,-764.4999448315939,2312201.006201148,195187.96347616054,-764.4999448315939,0.010508628995289116
648,417159919051.1768,7046187457.450152,984284350.9486556,15790629.677375905,180286.91863472032,417287337999.1007,7050954102.321668,981472688.0055405,15805238.254164223,182740.06504175108,-127418947.92388916,-4766644.871515274,2811662.943115115,-14608.576788317412,-2453.1464070307557,-17157860.260183215,-14608.576788317412,-2453.1464070307557,0.010538284016961132
649,417159919051.1768,7046187457.450152,984284350.9486556,15790629.677375905,180286.91863472032,417265797675.0282,7057050094.554186,984456099.5011319,15745999.143366558,180360.6042091134,-105878623.8513794,-10862637.10403347,-171748.5524762869,44630.53400934674,-73.68557439307915,-4847407.921197152,44630.53400934674,-73.68557439307915,0.010469046274926341
650,417159919051.1768,7046187457.450152,984284350.9486556,15790629.677375905,180286.91863472032,417239576675.7865,7049298617.321368,984943219.6781814,15822016.983742744,180813.31640473497,-79657624.60968018,-3111159.8712158203,-658868.7295258045,-31387.306366838515,-526.3977700146497,-8178615.090710402,-31387.306366838515,-526.3977700146497,0.010535927206742323
651,417159919051.1768,7046187457.450152,984284350.9486556,15790629.677375905,180286.91863472032,417249128446.5226,7048869612.202572,983545313.1153873,15810561.039774822,180512.30488912488,-89209395.34576416,-2682154.7524194717,739037.8332682848,-19931.362398916855,-225.38625440455507,-11438292.382713437,-19931.362398916855,-225.38625440455507,0.010583943537409709
652,417159919051.1768,7046187457.450152,984284350.9486556,15790629.677375905,180286.91863472032,417174166533.28485,7050543428.555887,983066215.5819256,15820691.305894662,181922.38775210356,-14247482.108032227,-4355971.105734825,1218135.3667299747,-30061.62851875648,-1635.4691173832398,1000713.4228000166,-30061.62851875648,-1635.4691173832398,0.010290548734078368
653,417159919051.1768,7046187457.450152,984284350.9486556,15790629.677375905,180286.91863472032,417159919051.1768,7052404947.090184,984550783.5453877,15812364.555605274,180597.36495396917,0.0,-6217489.640031815,-266432.5967321396,-21734.878229368478,-310.44631924884743,6483922.236763954,-21734.878229368478,-310.44631924884743,0.010437739146191486
654,417159919051.1768,7046187457.450152,984284350.9486556,15790629.677375905,180286.91863472032,417186525654.6145,7052318245.034874,984351063.6688703,15821322.069443528,180517.5322764479,-26606603.437683105,-6130787.584721565,-66712.72021472454,-30692.392067622393,-230.6136417275702,2206509.789283824,-30692.392067622393,-230.6136417275702,0.010341724839042207
655,417159919051.1768,7046187457.450152,984284350.9486556,15790629.677375905,180286.91863472032,417169451385.92957,7040098820.746506,983774132.7683374,15732380.428779207,180818.2038425301,-9532334.752746582,6088636.70364666,510218.18031823635,58249.248596698046,-531.2852078097931,-8028705.096876884,58249.248596698046,-531.2852078097931,0.01046484376203097
656,417159919051.1768,7046187457.450152,984284350.9486556,15790629.677375905,180286.91863472032,417336023197.5475,7060727419.776838,983565128.4290178,15789174.053230809,180767.26190472153,-176104146.3706665,-14539962.326685905,719222.5196378231,1455.624145096168,-480.3432700012054,-12594882.148551892,1455.624145096168,-480.3432700012054,0.0106998080381006
657,417159919051.1768,7046187457.450152,984284350.9486556,15790629.677375905,180286.91863472032,417278401812.1762,7053270407.030582,984196993.5590053,15707791.109227985,183361.32379629085,-118482760.99938965,-7082949.580430031,87357.38965034485,82838.56814792007,-3074.405161570525,-10776821.95912876,82838.56814792007,-3074.405161570525,0.010606876670464364
658,417159919051.1768,7046187457.450152,984284350.9486556,15790629.677375905,180286.91863472032,417198161748.8877,7007419259.251952,978339081.4401535,15804414.617683692,180013.7907912871,-38242697.710876465,38768198.198200226,5945269.508502126,-13784.940307786688,273.1278434332344,-50449872.36333382,-13784.940307786688,273.1278434332344,0.010547616581389205
659,417159919051.1768,7046187457.450152,984284350.9486556,15790629.677375905,180286.91863472032,417105944204.0834,7053677636.797486,986087241.8446946,15816343.589568114,183894.85193605875,53974847.093444824,-7490179.347333908,-1802890.896039009,-25713.912192208692,-3607.933301338431,17389297.30738964,-25713.912192208692,-3607.933301338431,0.01036863590442453
660,417159919051.1768,7046187457.450152,984284350.9486556,15790629.677375905,180286.91863472032,417269817079.952,7049076348.224158,984324329.8865087,15815077.834712625,180836.6127262691,-109898028.77520752,-2888890.77400589,-39978.937853097916,-24448.157336719334,-549.6940915487648,-13555834.604422139,-24448.157336719334,-549.6940915487648,0.010651094946574147
661,417159919051.1768,7046187457.450152,984284350.9486556,15790629.677375905,180286.91863472032,417199591557.43274,7041214871.29237,974038551.1162773,15729451.183435684,169810.41246952998,-39672506.25592041,4972586.157782555,10245799.832378268,61178.493940221146,10476.506165190338,-21169261.928548884,61178.493940221146,10476.506165190338,0.010420333183399884
662,417159919051.1768,7046187457.450152,984284350.9486556,15790629.677375905,180286.91863472032,417265797675.0282,7045051159.453006,973803788.4945977,15734964.302722866,169788.1353439943,-105878623.8513794,1136297.9971466064,10480562.454057932,55665.3746530395,10498.783290726016,-27498654.02891145,55665.3746530395,10498.783290726016,0.010469046274926341
663,417159919051.1768,7046187457.450152,984284350.9486556,15790629.677375905,180286.91863472032,417056088477.5262,7051936118.78468,983345285.3395146,15748023.995949369,181661.93652506624,103830573.65063477,-5748661.334527969,939065.6091409922,42605.68142653629,-1375.0178903459164,20384181.77298219,42605.68142653629,-1375.0178903459164,0.010167857741530147
664,417159919051.1768,7046187457.450152,984284350.9486556,15790629.677375905,180286.91863472032,417122294595.12164,7052283609.785175,983276528.2392594,15749988.582528574,186414.0797203668,37624456.05517578,-6096152.335022926,1007822.7093962431,40641.09484733082,-6127.161085646483,10731998.033903051,40641.09484733082,-6127.161085646483,0.010216570833056602
665,417159919051.1768,7046187457.450152,984284350.9486556,15790629.677375905,180286.91863472032,417165891187.3938,7051874217.272893,983224975.0835544,15803844.48111764,184095.40694381387,-5972136.2169799805,-5686759.822740555,1059375.8651012182,-13214.803741734475,-3808.4883090935473,3731563.525092339,-13214.803741734475,-3808.4883090935473,0.010344046759480283
666,417159919051.1768,7046187457.450152,984284350.9486556,15790629.677375905,180286.91863472032,417227354664.9445,7055702815.550519,986062428.076292,15595441.713899745,181051.41857955192,-67435613.7677002,-9515358.100366592,-1778077.1276364326,195187.96347616054,-764.4999448315939,1178093.1628479958,195187.96347616054,-764.4999448315939,0.010508628995289116
667,417159919051.1768,7046187457.450152,984284350.9486556,15790629.677375905,180286.91863472032,417186525654.6145,7057224819.493211,984598563.0491115,15821853.457015289,180314.68609088776,-26606603.437683105,-11037362.043058395,-314212.10045588017,-31223.779639383778,-27.76745616743574,7360583.62786181,-31223.779639383778,-27.76745616743574,0.010341724839042207
668,417159919051.1768,7046187457.450152,984284350.9486556,15790629.677375905,180286.91863472032,417186525654.6145,7057224819.493211,984598563.0491115,15821853.457015289,180314.68609088776,-26606603.437683105,-11037362.043058395,-314212.10045588017,-31223.779639383778,-27.76745616743574,7360583.62786181,-31223.779639383778,-27.76745616743574,0.010341724839042207
669,417159919051.1768,7046187457.450152,984284350.9486556,15790629.677375905,180286.91863472032,417079907671.7337,7056382707.011841,984339472.9160485,15810144.668502245,180209.52533045402,80011379.44311523,-10195249.561688423,-55121.96739292145,-19514.991126339883,77.39330426629749,22252078.44554863,-19514.991126339883,77.39330426629749,0.010242348978970226
670,417159919051.1768,7046187457.450152,984284350.9486556,15790629.677375905,180286.91863472032,417048664205.9547,7038072836.427742,984376453.0939747,15803572.213034626,180234.08651557405,111254845.22210693,8114621.022410393,-92102.1453191042,-12942.53565872088,52.832119146274636,8665707.90622475,-12942.53565872088,52.832119146274636,0.01018953338233081
671,417159919051.1768,7046187457.450152,984284350.9486556,15790629.677375905,180286.91863472032,417120319537.01904,7054254673.330522,984344512.518691,15816388.501196483,180186.15484971923,39599514.15777588,-8067215.880369186,-60161.5700353384,-25758.823820577934,100.76378500109422,14067304.574070906,-25758.823820577934,100.76378500109422,0.01029301174751575
672,417159919051.1768,7046187457.450152,984284350.9486556,15790629.677375905,180286.91863472032,417120319537.01904,7055226052.595367,984615511.8441322,15816388.501196483,180186.15484971923,39599514.15777588,-9038595.145215034,-331160.89547657967,-25758.823820577934,100.76378500109422,15309683.164357996,-25758.823820577934,100.76378500109422,0.01029301174751575
673,417159919051.1768,7046187457.450152,984284350.9486556,15790629.677375905,180286.91863472032,417229405214.6667,6928772361.862799,952447096.5337317,15811403.006153058,179034.25709262557,-69486163.48986816,117415095.5873537,31837254.414923906,-20773.328777153045,1252.6615420947492,-159675274.52575785,-20773.328777153045,1252.6615420947492,0.010600432178028621
674,417159919051.1768,7046187457.450152,984284350.9486556,15790629.677375905,180286.91863472032,417229405214.6667,6932537213.127335,952451464.2758738,15811403.006153058,179034.25709262557,-69486163.48986816,113650244.3228178,31832886.672781825,-20773.328777153045,1252.6615420947492,-155906055.51907986,-20773.328777153045,1252.6615420947492,0.010600432178028621
675,417159919051.1768,7046187457.450152,984284350.9486556,15790629.677375905,180286.91863472032,417228009162.64417,7050541100.508317,981057274.0472946,15574302.949301196,182336.53789728615,-68090111.46734619,-4353643.058164597,3227076.9013609886,216326.72807470895,-2049.6192625658296,-9086950.56329832,216326.72807470895,-2049.6192625658296,0.010538741846209055
676,417159919051.1768,7046187457.450152,984284350.9486556,15790629.677375905,180286.91863472032,417173370558.19104,7049521013.800807,984688371.1107979,15815089.392907832,181213.8940199429,-13451507.014221191,-3333556.350654602,-404020.16214227676,-24459.715531926602,-926.975385222584,1719850.4606637002,-24459.715531926602,-926.975385222584,0.010487214115215868
677,417159919051.1768,7046187457.450152,984284350.9486556,15790629.677375905,180286.91863472032,417249128446.5226,7045381181.108669,983331048.7464937,15792126.308076251,180597.12250681716,-89209395.34576416,806276.3414831161,953302.2021619081,-1496.6307003460824,-310.2038720968412,-15140987.845509648,-1496.6307003460824,-310.2038720968412,0.010583943537409709
678,417159919051.1768,7046187457.450152,984284350.9486556,15790629.677375905,180286.91863472032,417120319537.01904,7056822270.696479,984036813.2165588,15816165.350974148,180429.12203450926,39599514.15777588,-10634813.246326447,247537.73209679127,-25535.673598242924,-142.20339978893753,16327202.637896037,-25535.673598242924,-142.20339978893753,0.01029301174751575
679,417159919051.1768,7046187457.450152,984284350.9486556,15790629.677375905,180286.91863472032,417186525654.6145,7058024018.669767,984117697.9217325,15821678.47026133,180406.84490897358,-26606603.437683105,-11836561.219614983,166653.02692306042,-31048.79288542457,-119.92627425325918,7678917.677039457,-31048.79288542457,-119.92627425325918,0.010341724839042207
680,417159919051.1768,7046187457.450152,984284350.9486556,15790629.677375905,180286.91863472032,417056088477.5262,7051373680.946152,982856894.8938986,15712929.648286598,180862.83601534783,103830573.65063477,-5186223.495999336,1427456.054756999,77700.02908930741,-575.9173806275066,19333353.48883755,77700.02908930741,-575.9173806275066,0.010167857741530147
681,417159919051.1768,7046187457.450152,984284350.9486556,15790629.677375905,180286.91863472032,417159919051.1768,7044391427.4526825,985079249.7650448,15807363.62718462,181092.19334938488,0.0,1796029.997469902,-794898.8163892031,-16733.94980871491,-805.2747146645561,-1001131.181080699,-16733.94980871491,-805.2747146645561,0.010437739146191486
682,417159919051.1768,7046187457.450152,984284350.9486556,15790629.677375905,180286.91863472032,417035114804.9565,7046306734.924218,984835646.4300427,15807411.144468522,181212.38069110285,124804246.22033691,-119277.47406578064,-551295.4813871384,-16781.467092616484,-925.4620563825301,19391209.888503455,-16781.467092616484,-925.4620563825301,0.010231339233487121
683,417159919051.1768,7046187457.450152,984284350.9486556,15790629.677375905,180286.91863472032,417002051729.0523,7045478004.420809,982451239.363266,15806698.15255797,180839.25109998888,157867322.12451172,709453.029343605,1833111.585389614,-16068.475182063878,-552.3324652685551,21137533.70394354,-16068.475182063878,-552.3324652685551,0.010122974014486382
684,417159919051.1768,7046187457.450152,984284350.9486556,15790629.677375905,180286.91863472032,417026948493.8494,7045084854.247012,981772563.8726673,15802236.978934018,183036.58057592847,132970557.32739258,1102603.2031402588,2511787.0759882927,-11607.301558112726,-2749.661941208149,16331193.319980334,-11607.301558112726,-2749.661941208149,0.010135624542277583
685,417159919051.1768,7046187457.450152,984284350.9486556,15790629.677375905,180286.91863472032,416987535216.5774,7045189637.698808,983557678.8795973,15774223.75952338,182114.5240991364,172383834.59942627,997819.7513446808,726672.0690582991,16405.917852524668,-1827.6054644160904,24133083.36951096,16405.917852524668,-1827.6054644160904,0.010082037680377864
686,417159919051.1768,7046187457.450152,984284350.9486556,15790629.677375905,180286.91863472032,417011870245.12354,7045066338.40595,982105500.4196922,15800021.677721865,184915.5081674562,148048806.0532837,1121119.0442028046,2178850.5289634466,-9392.00034596026,-4628.589532735874,18907351.3348263,-9392.00034596026,-4628.589532735874,0.010160201489140352
687,417159919051.1768,7046187457.450152,984284350.9486556,15790629.677375905,180286.91863472032,417064647815.25775,7047386912.419832,985965224.9061754,15662497.664019287,180635.05468063083,95271235.91906738,-1199454.9696798325,-1680873.9575197697,128132.01335661858,-348.13604591050535,17171014.315059707,128132.01335661858,-348.13604591050535,0.010287340123060302
688,417159919051.1768,7046187457.450152,984284350.9486556,15790629.677375905,180286.91863472032,417159919051.1768,7044176432.684555,981722772.302852,15806434.823971463,181954.17615625475,0.0,2011024.7655973434,2561578.6458035707,-15805.146595558152,-1667.257521534426,-4572603.411400914,-15805.146595558152,-1667.257521534426,0.010437739146191486
689,417159919051.1768,7046187457.450152,984284350.9486556,15790629.677375905,180286.91863472032,417159919051.1768,7046946144.429673,984545021.6899408,15789197.978726743,180091.3958791377,0.0,-758686.9795207977,-260670.7412852049,1431.6986491624266,195.52275558261317,1019357.7208060026,1431.6986491624266,195.52275558261317,0.010437739146191486
690,417159919051.1768,7046187457.450152,984284350.9486556,15790629.677375905,180286.91863472032,417083941799.78625,7043321145.276364,985146794.5306585,15812573.679564299,180442.88748991175,75977251.39056396,2866312.1737880707,-862443.5820028782,-21944.002188393846,-155.9688551914296,9392719.116799401,-21944.002188393846,-155.9688551914296,0.010317758638386635
691,417159919051.1768,7046187457.450152,984284350.9486556,15790629.677375905,180286.91863472032,417159919051.1768,7044444025.736341,983457671.094365,15805916.683902789,180259.7348704103,0.0,1743431.7138109207,826679.8542906046,-15287.006526883692,27.1837643100298,-2570111.5681015253,-15287.006526883692,27.1837643100298,0.010437739146191486
692,417159919051.1768,7046187457.450152,984284350.9486556,15790629.677375905,180286.91863472032,417026948493.8494,7044082483.711015,983208690.3096397,15811009.69789797,181308.85095825882,132970557.32739258,2104973.7391376495,1075660.639015913,-20380.02052206546,-1021.9323235384945,16764949.220955323,-20380.02052206546,-1021.9323235384945,0.010135624542277583
693,417159919051.1768,7046187457.450152,984284350.9486556,15790629.677375905,180286.91863472032,417159919051.1768,7044977954.206695,984557157.2835841,15810407.582334172,180276.0881663135,0.0,1209503.2434577942,-272806.3349285126,-19777.904958266765,10.830468406813452,-936696.9085292816,-19777.904958266765,10.830468406813452,0.010437739146191486
694,417159919051.1768,7046187457.450152,984284350.9486556,15790629.677375905,180286.91863472032,417159919051.1768,7045641712.754055,984438547.1127608,15811905.885849837,180213.05223426045,0.0,545744.696097374,-154196.16410517693,-21276.208473931998,73.8664004598686,-391548.53199219704,-21276.208473931998,73.8664004598686,0.010437739146191486
695,417159919051.1768,7046187457.450152,984284350.9486556,15790629.677375905,180286.91863472032,417159919051.1768,7049535312.892759,983649953.6861035,15794178.94271781,180408.34348489536,0.0,-3347855.442606926,634397.2625521421,-3549.2653419040143,-121.42485017504077,2713458.180054784,-3549.2653419040143,-121.42485017504077,0.010437739146191486
696,417159919051.1768,7046187457.450152,984284350.9486556,15790629.677375905,180286.91863472032,417109312875.899,7045531107.594245,984178227.7993433,15730979.504283486,182445.01452810472,50606175.27783203,656349.8559074402,106123.14931225777,59650.17309241928,-2158.095893384394,6828453.286455106,59650.17309241928,-2158.095893384394,0.010364852070106794
697,417159919051.1768,7046187457.450152,984284350.9486556,15790629.677375905,180286.91863472032,417035114804.9565,7047114113.480694,986091454.1824677,15806706.46948501,182439.42134018114,124804246.22033691,-926656.03054142,-1807103.2338120937,-16076.792109103873,-2152.5027054608217,21454396.19740405,-16076.792109103873,-2152.5027054608217,0.010231339233487121
698,417159919051.1768,7046187457.450152,984284350.9486556,15790629.677375905,180286.91863472032,417159919051.1768,7042746249.51668,984384865.8732065,15805828.18795726,180495.2857638205,0.0,3441207.9334726334,-100514.92455089092,-15198.510581355542,-208.3671291001665,-3340693.0089217424,-15198.510581355542,-208.3671291001665,0.010437739146191486
699,417159919051.1768,7046187457.450152,984284350.9486556,15790629.677375905,180286.91863472032,417159919051.1768,7035495708.555108,974303242.2992917,15807658.42679905,168294.4974966926,0.0,10691748.895044327,9981108.649363875,-17028.749423144385,11992.421138027712,-20672857.544408202,-17028.749423144385,11992.421138027712,0.010437739146191486
700,417159919051.1768,7046187457.450152,984284350.9486556,15790629.677375905,180286.91863472032,417159919051.1768,7035949171.207374,974044103.6832482,15812776.752491133,168210.24424844014,0.0,10238286.242778778,10240247.265407443,-22147.07511522807,12076.674386280181,-20478533.50818622,-22147.07511522807,12076.674386280181,0.010437739146191486
701,417159919051.1768,7046187457.450152,984284350.9486556,15790629.677375905,180286.91863472032,416987535216.5774,7046134705.544968,983480711.6323429,15774438.036783095,181100.28107940563,172383834.59942627,52751.90518474579,803639.3163126707,16191.640592809767,-813.3624446853064,25001183.968416523,16191.640592809767,-813.3624446853064,0.010082037680377864
702,417159919051.1768,7046187457.450152,984284350.9486556,15790629.677375905,180286.91863472032,416987535216.5774,7044212919.110497,983483428.3713866,15778108.900206018,184812.37740628235,172383834.59942627,1974538.3396549225,800922.5772689581,12520.777169886976,-4525.458771562029,23082114.27299006,12520.777169886976,-4525.458771562029,0.010082037680377864
703,417159919051.1768,7046187457.450152,984284350.9486556,15790629.677375905,180286.91863472032,417011870245.12354,7044839308.66536,983475161.764051,15800353.38511495,183007.7267372666,148048806.0532837,1348148.7847919464,809189.1846046448,-9723.70773904398,-2720.808102546289,20049982.93859596,-9723.70773904398,-2720.808102546289,0.010160201489140352
704,417159919051.1768,7046187457.450152,984284350.9486556,15790629.677375905,180286.91863472032,417064647815.25775,7047042965.043061,986006418.3254087,15662497.664019287,180635.05468063083,95271235.91906738,-855507.5929088593,-1722067.3767530918,128132.01335661858,-348.13604591050535,16868260.357522056,128132.01335661858,-348.13604591050535,0.010287340123060302
705,417159919051.1768,7046187457.450152,984284350.9486556,15790629.677375905,180286.91863472032,417159919051.1768,7047461698.712399,984748742.3807598,15812125.383668454,179936.3064645775,0.0,-1274241.262246132,-464391.4321042299,-21495.70629254915,350.6121701428201,1738632.6943503618,-21495.70629254915,350.6121701428201,0.010437739146191486
706,417159919051.1768,7046187457.450152,984284350.9486556,15790629.677375905,180286.91863472032,417159919051.1768,7047461698.712399,984748742.3807598,15812125.383668454,179936.3064645775,0.0,-1274241.262246132,-464391.4321042299,-21495.70629254915,350.6121701428201,1738632.6943503618,-21495.70629254915,350.6121701428201,0.010437739146191486
707,417159919051.1768,7046187457.450152,984284350.9486556,15790629.677375905,180286.91863472032,417159919051.1768,7025457147.727252,981491010.0741464,15801705.116212064,180057.14114264995,0.0,20730309.72290039,2793340.8745092154,-11075.438836159185,229.77749207036686,-23523650.597409606,-11075.438836159185,229.77749207036686,0.010437739146191486
708,417159919051.1768,7046187457.450152,984284350.9486556,15790629.677375905,180286.91863472032,417159919051.1768,7025236896.345005,981658501.8785691,15807092.827466888,179970.54679055675,0.0,20950561.10514736,2625849.070086479,-16463.150090983137,316.37184416357195,-23576410.17523384,-16463.150090983137,316.37184416357195,0.010437739146191486
709,417159919051.1768,7046187457.450152,984284350.9486556,15790629.677375905,180286.91863472032,417159919051.1768,7025342347.01773,981750896.1901294,15807092.827466888,179970.54679055675,0.0,20845110.432422638,2533454.758526206,-16463.150090983137,316.37184416357195,-23378565.190948844,-16463.150090983137,316.37184416357195,0.010437739146191486
710,417159919051.1768,7046187457.450152,984284350.9486556,15790629.677375905,180286.91863472032,417159919051.1768,6892706017.70539,943463467.9915853,15802270.715544226,178725.7317146857,0.0,153481439.74476242,40820882.95707035,-11641.038168320432,1561.1869200346118,-194302322.70183277,-11641.038168320432,1561.1869200346118,0.010437739146191486
711,417159919051.1768,7046187457.450152,984284350.9486556,15790629.677375905,180286.91863472032,417159919051.1768,6892521764.947082,943466266.9999361,15802270.715544226,178725.7317146857,0.0,153665692.50307083,40818083.9487195,-11641.038168320432,1561.1869200346118,-194483776.45179033,-11641.038168320432,1561.1869200346118,0.010437739146191486
712,417159919051.1768,7046187457.450152,984284350.9486556,15790629.677375905,180286.91863472032,417125086872.4565,7045002102.352667,981200999.1991962,15667658.962298641,181601.28620356723,34832178.720336914,1185355.0974855423,3083351.749459386,122970.71507726423,-1314.3675688469084,956119.9611056084,122970.71507726423,-1314.3675688469084,0.010355085874157786
713,417159919051.1768,7046187457.450152,984284350.9486556,15790629.677375905,180286.91863472032,417083941799.78625,7044346659.592514,984711738.1696255,15807182.77107972,180773.08814043694,75977251.39056396,1840797.857638359,-427387.2209699154,-16553.093703815714,-486.16950571662164,9983177.07191615,-16553.093703815714,-486.16950571662164,0.010317758638386635
714,417159919051.1768,7046187457.450152,984284350.9486556,15790629.677375905,180286.91863472032,417159919051.1768,7041275483.570858,983401868.9800514,15796313.270500237,180322.07749901505,0.0,4911973.879294395,882481.968604207,-5683.593124331906,-35.15886429473176,-5794455.8478986025,-5683.593124331906,-35.15886429473176,0.010437739146191486
715,417159919051.1768,7046187457.450152,984284350.9486556,15790629.677375905,180286.91863472032,417159919051.1768,7047835617.70746,984195736.8277836,15807658.42679905,180020.55971282997,0.0,-1648160.2573080063,88614.12087202072,-17028.749423144385,266.35892189035076,1559546.1364359856,-17028.749423144385,266.35892189035076,0.010437739146191486
716,417159919051.1768,7046187457.450152,984284350.9486556,15790629.677375905,180286.91863472032,417159919051.1768,7048150547.222526,984382937.0936592,15812776.752491133,179936.3064645775,0.0,-1963089.7723731995,-98586.1450035572,-22147.07511522807,350.6121701428201,2061675.9173767567,-22147.07511522807,350.6121701428201,0.010437739146191486
717,417159919051.1768,7046187457.450152,984284350.9486556,15790629.677375905,180286.91863472032,416987535216.5774,7044281109.174704,983033403.2789688,15750686.509843154,180514.34198633616,172383834.59942627,1906348.2754487991,1250947.6696867943,39943.16753275134,-227.42335161584197,22700279.244778346,39943.16753275134,-227.42335161584197,0.010082037680377864
718,417159919051.1768,7046187457.450152,984284350.9486556,15790629.677375905,180286.91863472032,417147275291.41064,7069272149.902514,993465444.5650414,20424119.221367568,188498.12901648093,12643759.766174316,-23084692.45236206,-9181093.616385818,-4633489.543991663,-8211.210381760611,34162350.033674024,-4633489.543991663,-8211.210381760611,0.010073396239223039
719,417159919051.1768,7046187457.450152,984284350.9486556,15790629.677375905,180286.91863472032,417147275291.41064,7050557791.968834,985931290.6969336,19958917.37146488,183023.39023554765,12643759.766174316,-4370334.518681526,-1646939.7482780218,-4168287.694088973,-2736.4716008273244,7913838.231885696,-4168287.694088973,-2736.4716008273244,0.010073396239223039
720,417159919051.1768,7046187457.450152,984284350.9486556,15790629.677375905,180286.91863472032,416862494083.92395,7066352349.008913,991266833.8253556,20501617.820461486,189505.51739632818,297424967.25286865,-20164891.558760643,-6982482.876700044,-4710988.14308558,-9218.598761607864,71761119.52339098,-4710988.14308558,-9218.598761607864,0.009131975377655865
721,417159919051.1768,7046187457.450152,984284350.9486556,15790629.677375905,180286.91863472032,417105998437.35516,7071763326.335849,987302112.0686408,20357141.03299132,192651.69033556402,53920613.82165527,-25575868.88569641,-3017761.119985223,-4566511.355615415,-12364.771700843703,36681722.07892992,-4566511.355615415,-12364.771700843703,0.010276186459594099
722,417159919051.1768,7046187457.450152,984284350.9486556,15790629.677375905,180286.91863472032,417105998437.35516,7076695904.674527,987901819.5730109,20371004.371281672,193676.22831286184,53920613.82165527,-30508447.22437477,-3617468.624355316,-4580374.693905767,-13389.309678141522,42214007.92197838,-4580374.693905767,-13389.309678141522,0.010276186459594099
723,417159919051.1768,7046187457.450152,984284350.9486556,15790629.677375905,180286.91863472032,416993132019.2911,7111609711.191531,988432113.5504065,20099039.91305728,183378.10975254065,166787031.8857422,-65422253.741378784,-4147762.6017508507,-4308410.235681374,-3091.19111782033,94588071.12599096,-4308410.235681374,-3091.19111782033,0.0092231033672933
724,417159919051.1768,7046187457.450152,984284350.9486556,15790629.677375905,180286.91863472032,417119296683.91736,7069978564.530772,987064515.3065978,15203738.106977431,182063.292331528,40622367.25946045,-23791107.080619812,-2780164.3579422235,586891.5703984741,-1776.3736968076846,32664626.5274811,586891.5703984741,-1776.3736968076846,0.009347872269775046
725,417159919051.1768,7046187457.450152,984284350.9486556,15790629.677375905,180286.91863472032,417119296683.91736,7068353153.480873,985066644.2412797,15343671.93648211,183004.46540402318,40622367.25946045,-22165696.03072071,-782293.292624116,446957.7408937961,-2717.5467693028622,29041344.412263893,446957.7408937961,-2717.5467693028622,0.009347872269775046
726,417159919051.1768,7046187457.450152,984284350.9486556,15790629.677375905,180286.91863472032,417119296683.91736,7055122998.630158,984713228.4271288,15792182.77441578,185130.71657545658,40622367.25946045,-8935541.180006027,-428877.4784731865,-1553.097039874643,-4843.797940736258,15457773.74739828,-1553.097039874643,-4843.797940736258,0.009347872269775046
727,417159919051.1768,7046187457.450152,984284350.9486556,15790629.677375905,180286.91863472032,417119296683.91736,7054314568.735584,987017086.8622389,15912901.970766185,182165.47798166279,40622367.25946045,-8127111.285431862,-2732735.9135832787,-122272.29339027964,-1878.559346942464,16953202.287934206,-122272.29339027964,-1878.559346942464,0.009347872269775046
728,417159919051.1768,7046187457.450152,984284350.9486556,15790629.677375905,180286.91863472032,416908108766.0273,7065327090.651529,987570233.5656945,17750727.22929319,184625.77094799638,251810285.14953613,-19139633.201376915,-3285882.617038846,-1960097.5519172847,-4338.85231327606,60197058.59084618,-1960097.5519172847,-4338.85231327606,0.008726618085573516
729,417159919051.1768,7046187457.450152,984284350.9486556,15790629.677375905,180286.91863472032,416895435839.04974,7058711669.028456,986322812.0887254,17232973.0647445,204665.25297979734,264483212.1270752,-12524211.578303337,-2038461.1400698423,-1442343.3873685934,-24378.33434507702,54235154.53743446,-1442343.3873685934,-24378.33434507702,0.008232292764795974
730,417159919051.1768,7046187457.450152,984284350.9486556,15790629.677375905,180286.91863472032,416784740605.3174,7058105235.638055,987678177.7339476,15907505.580699021,197714.63427898384,375178445.85943604,-11917778.18790245,-3393826.7852920294,-116875.90332311578,-17427.715644263517,71588371.85210988,-116875.90332311578,-17427.715644263517,0.0078071494413699625
731,417159919051.1768,7046187457.450152,984284350.9486556,15790629.677375905,180286.91863472032,416912262686.72595,7065626625.902576,987058415.5400786,17765160.278033275,218400.08324916582,247656364.4508667,-19439168.45242405,-2774064.5914230347,-1974530.60065737,-38113.1646144455,59361687.711477086,-1974530.60065737,-38113.1646144455,0.008835546229445846
732,417159919051.1768,7046187457.450152,984284350.9486556,15790629.677375905,180286.91863472032,417008796025.7728,7084553391.461331,995301199.6267327,15993274.8482533,183496.0830396748,151123025.4039917,-38365934.01117897,-11016848.678077102,-202645.1708773952,-3209.1644049544702,72051236.49985483,-202645.1708773952,-3209.1644049544702,0.009865733313756338
733,417159919051.1768,7046187457.450152,984284350.9486556,15790629.677375905,180286.91863472032,416959005049.2014,7058985495.117114,986802531.2690911,18173696.834921263,192801.91639697726,200914001.97540283,-12798037.66696167,-2518180.320435524,-2383067.157545358,-12514.997762256942,45453318.28370762,-2383067.157545358,-12514.997762256942,0.007399571915400045
734,417159919051.1768,7046187457.450152,984284350.9486556,15790629.677375905,180286.91863472032,417131099598.8865,7069791844.33767,991226331.3477958,19705381.465549164,179773.47762530108,28819452.29034424,-23604386.88751793,-6941980.399140239,-3914751.7881732583,513.4410094192426,34869285.1302098,-3914751.7881732583,513.4410094192426,0.01037513543917845
735,417159919051.1768,7046187457.450152,984284350.9486556,15790629.677375905,180286.91863472032,417145525902.0283,7070228123.298001,989180376.5012037,19196460.08593762,182104.2889117987,14393149.148498535,-24040665.847848892,-4896025.552548051,-3405830.408561714,-1817.3702770783857,31095663.772671722,-3405830.408561714,-1817.3702770783857,0.010044109760023477
736,417159919051.1768,7046187457.450152,984284350.9486556,15790629.677375905,180286.91863472032,417130779872.21814,7056481633.636482,989247402.0319234,17120441.506151818,182757.0728490948,29139178.9586792,-10294176.186329842,-4963051.083267808,-1329811.8287759125,-2470.154214374488,19628104.113399528,-1329811.8287759125,-2470.154214374488,0.010148568809004757
737,417159919051.1768,7046187457.450152,984284350.9486556,15790629.677375905,180286.91863472032,416854225932.46094,7072770210.341137,990553743.1271802,16128900.932791917,180110.57288637254,305693118.71588135,-26582752.890984535,-6269392.178524613,-338271.25541601144,176.34574834778323,78706112.87689134,-338271.25541601144,176.34574834778323,0.0062303580664485195
738,417159919051.1768,7046187457.450152,984284350.9486556,15790629.677375905,180286.91863472032,417001986997.1446,7057797304.041704,988845208.844389,20389302.80580172,182612.64582406828,157932054.03222656,-11609846.59155178,-4560857.8957333565,-4598673.128425814,-2325.727189347963,39860512.59211912,-4598673.128425814,-2325.727189347963,0.009902297229583286
739,417159919051.1768,7046187457.450152,984284350.9486556,15790629.677375905,180286.91863472032,417080210045.0651,7060429486.402191,989276468.2399939,16547613.03623378,181056.89987748963,79709006.11169434,-14242028.952038765,-4992117.291338325,-756983.3588578757,-769.9812427693105,31190497.16013124,-756983.3588578757,-769.9812427693105,0.009484706354042017
740,417159919051.1768,7046187457.450152,984284350.9486556,15790629.677375905,180286.91863472032,416895435839.04974,7057343136.706044,987160364.7986733,16565159.828977736,188597.26723297915,264483212.1270752,-11155679.2558918,-2876013.850017667,-774530.1516018305,-8310.348598258832,53704174.924970746,-774530.1516018305,-8310.348598258832,0.008232292764795974
741,417159919051.1768,7046187457.450152,984284350.9486556,15790629.677375905,180286.91863472032,417100578795.40265,7062529161.860421,994507093.8027134,19351852.750041835,181302.19919862566,59340255.77416992,-16341704.410268784,-10222742.854057789,-3561223.07266593,-1015.2805639053404,35465485.63045206,-3561223.07266593,-1015.2805639053404,0.009824337744086118
742,417159919051.1768,7046187457.450152,984284350.9486556,15790629.677375905,180286.91863472032,416467370769.32825,7072883233.804831,994475435.8225019,20462218.11026663,181006.4415491483,692548281.8485718,-26695776.354678154,-10191084.873846292,-4671588.432890724,-719.5229144279729,140769103.5058102,-4671588.432890724,-719.5229144279729,0.003510768576287078
743,417159919051.1768,7046187457.450152,984284350.9486556,15790629.677375905,180286.91863472032,417091321255.52454,7056240913.612814,987251204.2628819,16010206.27183289,185832.66152698928,68597795.65228271,-10053456.162661552,-2966853.3142262697,-219576.5944569856,-5545.742892268958,23309978.82473023,-219576.5944569856,-5545.742892268958,0.009922303672181327
744,417159919051.1768,7046187457.450152,984284350.9486556,15790629.677375905,180286.91863472032,416467370769.32825,7084775458.897593,992659800.2243137,20483075.215124115,182845.06062565043,692548281.8485718,-38588001.44744015,-8375449.275658131,-4692445.53774821,-2558.141990930104,150845693.00038403,-4692445.53774821,-2558.141990930104,0.003510768576287078
745,417159919051.1768,7046187457.450152,984284350.9486556,15790629.677375905,180286.91863472032,417162854522.9222,7100316578.255684,991415055.3808689,20159576.03615563,182364.6032691677,-2935471.745361328,-54129120.8055315,-7130704.432213306,-4368946.358779725,-2077.684634447389,60819504.47594061,-4368946.358779725,-2077.684634447389,0.010853036387758223
746,417159919051.1768,7046187457.450152,984284350.9486556,15790629.677375905,180286.91863472032,417100578795.40265,7043104475.78692,988883578.1033188,19280791.67545476,179908.30646035576,59340255.77416992,3082981.6632328033,-4599227.154663205,-3490161.9980788566,378.61217436456354,10417283.85755589,-3490161.9980788566,378.61217436456354,0.009824337744086118
747,417159919051.1768,7046187457.450152,984284350.9486556,15790629.677375905,180286.91863472032,416854225932.46094,7071431198.730989,988014942.452418,16492302.832253566,180963.45382035527,305693118.71588135,-25243741.28083706,-3730591.5037623644,-701673.1548776608,-676.5351856349444,74828300.59198162,-701673.1548776608,-676.5351856349444,0.0062303580664485195
748,417159919051.1768,7046187457.450152,984284350.9486556,15790629.677375905,180286.91863472032,417080183268.0946,7060775368.797261,990202686.313281,18361058.838912297,195507.58115101783,79735783.08221436,-14587911.347108841,-5918335.364625454,-2570429.161536392,-15220.66251629751,32466614.174066447,-2570429.161536392,-15220.66251629751,0.01039479640033648
749,417159919051.1768,7046187457.450152,984284350.9486556,15790629.677375905,180286.91863472032,416959005049.2014,7072812493.761148,990421143.4855673,18836949.71280461,186230.4275207908,200914001.97540283,-26625036.310996056,-6136792.536911726,-3046320.0354287066,-5943.5088860704855,62898929.14421821,-3046320.0354287066,-5943.5088860704855,0.007399571915400045
750,417159919051.1768,7046187457.450152,984284350.9486556,15790629.677375905,180286.91863472032,417144993910.5434,7052436965.673477,988856179.2788345,18046085.340769336,181414.16657730483,14925140.633422852,-6249508.223324776,-4571828.330178857,-2255455.6633934304,-1127.2479425845086,13060107.648517061,-2255455.6633934304,-1127.2479425845086,0.00990968131303971
751,417159919051.1768,7046187457.450152,984284350.9486556,15790629.677375905,180286.91863472032,417147275291.41064,7064904888.952422,993413256.7593323,20422005.560669843,187472.36289584805,12643759.766174316,-18717431.502269745,-9128905.810676694,-4631375.883293938,-7185.444261127734,29742901.277872585,-4631375.883293938,-7185.444261127734,0.010073396239223039
752,417159919051.1768,7046187457.450152,984284350.9486556,15790629.677375905,180286.91863472032,417147275291.41064,7051705666.9035845,987633052.6834881,18639196.40455475,194312.795201497,12643759.766174316,-5518209.453432083,-3348701.7348325253,-2848566.7271788456,-14025.876566776686,10763475.153190756,-2848566.7271788456,-14025.876566776686,0.010073396239223039
753,417159919051.1768,7046187457.450152,984284350.9486556,15790629.677375905,180286.91863472032,417147275291.41064,7054320980.112972,986219198.9018693,19290359.36871329,181269.38512513303,12643759.766174316,-8133522.662819862,-1934847.9532136917,-3499729.6913373843,-982.466490412713,11964934.580959702,-3499729.6913373843,-982.466490412713,0.010073396239223039
754,417159919051.1768,7046187457.450152,984284350.9486556,15790629.677375905,180286.91863472032,417147275291.41064,7050691885.045327,988402538.9233588,20000542.083495736,182971.60599827467,12643759.766174316,-4504427.595174789,-4118187.9747031927,-4209912.406119831,-2684.687363554345,10519179.53480413,-4209912.406119831,-2684.687363554345,0.010073396239223039
755,417159919051.1768,7046187457.450152,984284350.9486556,15790629.677375905,180286.91863472032,417147275291.41064,7057730013.253708,994808179.6420686,20133168.39100053,183984.57141931102,12643759.766174316,-11542555.803555489,-10523828.69341302,-4342538.713624626,-3697.6527845906967,23962948.461894654,-4342538.713624626,-3697.6527845906967,0.010073396239223039
756,417159919051.1768,7046187457.450152,984284350.9486556,15790629.677375905,180286.91863472032,417147275291.41064,7050435888.800025,989728628.1034662,20144545.50986772,184627.16965753693,12643759.766174316,-4248431.349872589,-5444277.154810548,-4353915.832491815,-4340.251022816607,11589272.469609285,-4353915.832491815,-4340.251022816607,0.010073396239223039
757,417159919051.1768,7046187457.450152,984284350.9486556,15790629.677375905,180286.91863472032,416862494083.92395,7093900036.39856,995278472.6149366,20432512.30678238,208804.27582504583,297424967.25286865,-47712578.94840717,-10994121.666280985,-4641882.6294064745,-28517.357190325507,103320445.70261845,-4641882.6294064745,-28517.357190325507,0.009131975377655865
758,417159919051.1768,7046187457.450152,984284350.9486556,15790629.677375905,180286.91863472032,417080210045.0651,7074351511.408211,986437372.4479655,16269284.13732014,196659.4697820985,79709006.11169434,-28164053.958058357,-2153021.4993098974,-478654.45994423516,-16372.551147378166,42273426.3741224,-478654.45994423516,-16372.551147378166,0.009484706354042017
759,417159919051.1768,7046187457.450152,984284350.9486556,15790629.677375905,180286.91863472032,417147275291.41064,7051575656.171923,990054121.8840444,20323504.92003525,183515.74442853118,12643759.766174316,-5388198.721770287,-5769770.9353888035,-4532875.242659345,-3228.825793810858,13054533.622085238,-4532875.242659345,-3228.825793810858,0.010073396239223039
760,417159919051.1768,7046187457.450152,984284350.9486556,15790629.677375905,180286.91863472032,417119296683.91736,7065801197.392904,987105361.8815346,15361656.683635045,181115.23077430902,40622367.25946045,-19613739.942751884,-2821010.932878971,428972.9937408604,-828.3121395886992,28528105.96454992,428972.9937408604,-828.3121395886992,0.009347872269775046
761,417159919051.1768,7046187457.450152,984284350.9486556,15790629.677375905,180286.91863472032,417159919051.1768,7053530638.651855,986054514.2822624,16123662.193750214,181742.46059608908,0.0,-7343181.201703072,-1770163.3336068392,-333032.5163743086,-1455.5419613687554,9113344.53530991,-333032.5163743086,-1455.5419613687554,0.010437739146191486
762,417159919051.1768,7046187457.450152,984284350.9486556,15790629.677375905,180286.91863472032,416854225932.46094,7068995893.577699,987726294.4570494,15036809.785974134,195692.55698560685,305693118.71588135,-22808436.12754631,-3441943.5083937645,753819.8914017715,-15405.638350886526,72104347.44332227,753819.8914017715,-15405.638350886526,0.0062303580664485195
763,417159919051.1768,7046187457.450152,984284350.9486556,15790629.677375905,180286.91863472032,416854225932.46094,7080741788.0812435,987940161.1124947,15039877.681942368,195567.9205666477,305693118.71588135,-34554330.63109112,-3655810.163839102,750751.9954335373,-15281.00193192737,84064108.60231242,750751.9954335373,-15281.00193192737,0.0062303580664485195
764,417159919051.1768,7046187457.450152,984284350.9486556,15790629.677375905,180286.91863472032,416854225932.46094,7083064379.953913,988058113.9524715,15040799.798438692,195530.01366144646,305693118.71588135,-36876922.50376034,-3773763.0038158894,749829.8789372128,-15243.095026726136,86504653.31495842,749829.8789372128,-15243.095026726136,0.0062303580664485195
765,417159919051.1768,7046187457.450152,984284350.9486556,15790629.677375905,180286.91863472032,416854225932.46094,7079952346.957442,987162776.5145718,15110958.264442328,199496.95988440682,305693118.71588135,-33764889.50728989,-2878425.5659161806,679671.4129335769,-19210.041249686503,82497282.88058826,679671.4129335769,-19210.041249686503,0.0062303580664485195
766,417159919051.1768,7046187457.450152,984284350.9486556,15790629.677375905,180286.91863472032,416784740605.3174,7064558118.589319,987986443.8298205,15649420.679398414,188043.76920136888,375178445.85943604,-18370661.139166832,-3702092.8811649084,141208.99797749147,-7756.850566648558,78349520.89924714,141208.99797749147,-7756.850566648558,0.0078071494413699625
767,417159919051.1768,7046187457.450152,984284350.9486556,15790629.677375905,180286.91863472032,416784740605.3174,7057868333.12692,988521670.1854175,15731006.489990748,213925.7185432769,375178445.85943604,-11680875.67676735,-4237319.236761928,59623.18738515675,-33638.79990855657,72194961.79244468,59623.18738515675,-33638.79990855657,0.0078071494413699625
768,417159919051.1768,7046187457.450152,984284350.9486556,15790629.677375905,180286.91863472032,416912262686.72595,7065497393.310821,988387202.8394197,17921203.600962285,200625.46180195114,247656364.4508667,-19309935.860668182,-4102851.8907641172,-2130573.9235863797,-20338.54316723082,60561242.4190623,-2130573.9235863797,-20338.54316723082,0.008835546229445846
769,417159919051.1768,7046187457.450152,984284350.9486556,15790629.677375905,180286.91863472032,417008796025.7728,7083769418.586295,995380792.3787509,15993274.8482533,183496.0830396748,151123025.4039917,-37581961.13614273,-11096441.430095315,-202645.1708773952,-3209.1644049544702,71346856.3768368,-202645.1708773952,-3209.1644049544702,0.009865733313756338
770,417159919051.1768,7046187457.450152,984284350.9486556,15790629.677375905,180286.91863472032,416467370769.32825,7088412001.696885,992220274.9331394,20161090.192979954,181975.73191577528,692548281.8485718,-42224544.24673271,-7935923.984483838,-4370460.515604049,-1688.8132810549578,154042710.5085023,-4370460.515604049,-1688.8132810549578,0.003510768576287078
771,417159919051.1768,7046187457.450152,984284350.9486556,15790629.677375905,180286.91863472032,416467370769.32825,7088412001.696885,992220274.9331394,20161090.192979954,181975.73191577528,692548281.8485718,-42224544.24673271,-7935923.984483838,-4370460.515604049,-1688.8132810549578,154042710.5085023,-4370460.515604049,-1688.8132810549578,0.003510768576287078
772,417159919051.1768,7046187457.450152,984284350.9486556,15790629.677375905,180286.91863472032,416467370769.32825,7084013880.478455,991513211.7177578,20185035.265728388,180211.72676639882,692548281.8485718,-37826423.02830219,-7228860.769102216,-4394405.588352483,75.19186832150444,148937526.07469016,-4394405.588352483,75.19186832150444,0.003510768576287078
773,417159919051.1768,7046187457.450152,984284350.9486556,15790629.677375905,180286.91863472032,416467370769.32825,7072730029.971371,991369778.7274208,20184013.52999839,180253.02923446757,692548281.8485718,-26542572.5212183,-7085427.778765202,-4393383.852622483,33.88940025275224,137510242.57726926,-4393383.852622483,33.88940025275224,0.003510768576287078
774,417159919051.1768,7046187457.450152,984284350.9486556,15790629.677375905,180286.91863472032,416467370769.32825,7082814444.504297,992002979.148068,20186005.914671887,180171.98390588583,692548281.8485718,-36626987.05414486,-7718628.199412346,-4395376.2372959815,114.93472883448703,148227857.53084296,-4395376.2372959815,114.93472883448703,0.003510768576287078
775,417159919051.1768,7046187457.450152,984284350.9486556,15790629.677375905,180286.91863472032,416467370769.32825,7083386818.235054,992206370.6312858,20186005.914671887,180171.98390588583,692548281.8485718,-37199360.78490162,-7922019.682630181,-4395376.2372959815,114.93472883448703,149003622.74481755,-4395376.2372959815,114.93472883448703,0.003510768576287078
776,417159919051.1768,7046187457.450152,984284350.9486556,15790629.677375905,180286.91863472032,416959005049.2014,7065939638.24186,988925311.0147405,18721453.54925085,191569.63434844927,200914001.97540283,-19752180.791707993,-4640960.066084862,-2930823.8718749434,-11282.715713728947,54530241.15410328,-2930823.8718749434,-11282.715713728947,0.007399571915400045
777,417159919051.1768,7046187457.450152,984284350.9486556,15790629.677375905,180286.91863472032,417145525902.0283,7067511935.82642,988748874.5922515,19156916.609508306,182153.79436327115,14393149.148498535,-21324478.376267433,-4464523.643595934,-3366286.9321324006,-1866.8757285508327,27947974.392138146,-3366286.9321324006,-1866.8757285508327,0.010044109760023477
778,417159919051.1768,7046187457.450152,984284350.9486556,15790629.677375905,180286.91863472032,417145525902.0283,7061741147.629334,987552277.0781783,19014537.362364754,182317.75805558023,14393149.148498535,-15553690.179182053,-3267926.1295226812,-3223907.684988849,-2030.8394208599057,20980588.680979513,-3223907.684988849,-2030.8394208599057,0.010044109760023477
779,417159919051.1768,7046187457.450152,984284350.9486556,15790629.677375905,180286.91863472032,417145525902.0283,7066419953.853382,988398364.2115262,19014537.362364754,182317.75805558023,14393149.148498535,-20232496.403229713,-4114013.26287055,-3223907.684988849,-2030.8394208599057,26505482.038375042,-3223907.684988849,-2030.8394208599057,0.010044109760023477
780,417159919051.1768,7046187457.450152,984284350.9486556,15790629.677375905,180286.91863472032,417145525902.0283,7071386153.886446,991549891.7004963,19200945.265983164,181927.12801988373,14393149.148498535,-25198696.436293602,-7265540.751840711,-3410315.588607259,-1640.2093851634127,34623209.56040909,-3410315.588607259,-1640.2093851634127,0.010044109760023477
781,417159919051.1768,7046187457.450152,984284350.9486556,15790629.677375905,180286.91863472032,417145525902.0283,7073454801.516176,991582860.169063,19200945.265983164,181927.12801988373,14393149.148498535,-27267344.066023827,-7298509.220407367,-3410315.588607259,-1640.2093851634127,36724825.65870597,-3410315.588607259,-1640.2093851634127,0.010044109760023477
782,417159919051.1768,7046187457.450152,984284350.9486556,15790629.677375905,180286.91863472032,417147531044.72815,7051717407.53365,987455353.833086,15771759.446552904,181948.1349251545,12388006.448669434,-5529950.083498001,-3171002.8844304085,18870.230823000893,-1661.2162904341822,10559153.935228825,18870.230823000893,-1661.2162904341822,0.0100313436266933
783,417159919051.1768,7046187457.450152,984284350.9486556,15790629.677375905,180286.91863472032,417147531044.72815,7052066171.547857,987737110.5498809,15857204.713060604,181841.5711915336,12388006.448669434,-5878714.097704887,-3452759.601225257,-66575.03568469919,-1554.652556813293,11189674.66623056,-66575.03568469919,-1554.652556813293,0.0100313436266933
784,417159919051.1768,7046187457.450152,984284350.9486556,15790629.677375905,180286.91863472032,417147531044.72815,7048541976.235639,988157388.532221,15943350.733168665,180191.13985324776,12388006.448669434,-2354518.7854862213,-3873037.5835653543,-152721.0557927601,95.77878147255979,8085757.336351991,-152721.0557927601,95.77878147255979,0.0100313436266933
785,417159919051.1768,7046187457.450152,984284350.9486556,15790629.677375905,180286.91863472032,417091638310.12854,7062455415.108561,985651205.2528415,13738430.25921964,192134.20299460788,68280741.04827881,-16267957.658408165,-1366854.3041858673,2052199.4181562643,-11847.284359887562,27876923.119835854,2052199.4181562643,-11847.284359887562,0.010204578366279173
786,417159919051.1768,7046187457.450152,984284350.9486556,15790629.677375905,180286.91863472032,417001986997.1446,7063102850.298236,992731488.3506539,20243454.939162083,185711.96864881134,157932054.03222656,-16915392.848083496,-8447137.401998281,-4452825.261786178,-5425.050014091015,49052338.35491576,-4452825.261786178,-5425.050014091015,0.009902297229583286
787,417159919051.1768,7046187457.450152,984284350.9486556,15790629.677375905,180286.91863472032,417080210045.0651,7040972014.753522,989720768.328801,17462631.33929683,181654.05815917454,79709006.11169434,5215442.696630478,-5436417.380145431,-1672001.6619209237,-1367.1395244542218,12177325.600269103,-1672001.6619209237,-1367.1395244542218,0.009484706354042017
788,417159919051.1768,7046187457.450152,984284350.9486556,15790629.677375905,180286.91863472032,416467370769.32825,7093574967.983575,992996701.9945447,20485501.32997765,184117.49537948184,692548281.8485718,-47387510.53342247,-8712351.04588914,-4694871.652601745,-3830.5767447615217,159982103.85659736,-4694871.652601745,-3830.5767447615217,0.003510768576287078
789,417159919051.1768,7046187457.450152,984284350.9486556,15790629.677375905,180286.91863472032,416467370769.32825,7094421912.201802,993508825.8609371,20486423.446473975,184079.5884742806,692548281.8485718,-48234454.75164986,-9224474.912281513,-4695793.7690980695,-3792.669839560287,161341171.94121712,-4695793.7690980695,-3792.669839560287,0.003510768576287078
790,417159919051.1768,7046187457.450152,984284350.9486556,15790629.677375905,180286.91863472032,416467370769.32825,7093809498.806256,992920028.9710085,20482433.434009418,184242.131798441,692548281.8485718,-47622041.3561039,-8635678.022352934,-4691803.756633513,-3955.2131637206767,160139961.6557426,-4691803.756633513,-3955.2131637206767,0.003510768576287078
791,417159919051.1768,7046187457.450152,984284350.9486556,15790629.677375905,180286.91863472032,416784740605.3174,7055474367.007524,985383336.5855807,14403267.45249075,183665.62824077116,375178445.85943604,-9286909.55737114,-1098985.6369251013,1387362.2248851545,-3378.709606050834,66662662.07321165,1387362.2248851545,-3378.709606050834,0.0078071494413699625
792,417159919051.1768,7046187457.450152,984284350.9486556,15790629.677375905,180286.91863472032,417159919051.1768,7044890082.116617,984842503.4642076,15791423.316791266,180426.26483058612,0.0,1297375.3335351944,-558152.5155520439,-793.6394153609872,-139.34619586580084,-739222.8179831505,-793.6394153609872,-139.34619586580084,0.010437739146191486
793,417159919051.1768,7046187457.450152,984284350.9486556,15790629.677375905,180286.91863472032,417035114804.9565,7045640654.90569,984632985.5023221,15791470.834075168,180546.45217230413,124804246.22033691,546802.544462204,-348634.55366647243,-841.1566992625594,-259.533537583804,18522468.942254804,-841.1566992625594,-259.533537583804,0.010231339233487121
794,417159919051.1768,7046187457.450152,984284350.9486556,15790629.677375905,180286.91863472032,417002051729.0523,7046227571.58438,982774001.2340175,15785966.668238759,179970.39380961907,157867322.12451172,-40114.134227752686,1510349.714638114,4663.009137146175,316.52482510125265,22209862.738266397,4663.009137146175,316.52482510125265,0.010122974014486382
795,417159919051.1768,7046187457.450152,984284350.9486556,15790629.677375905,180286.91863472032,417026948493.8494,7045557547.124437,982484146.8592201,15786296.668540664,182370.65205712972,132970557.32739258,629910.325715065,1800204.0894354582,4333.0088352411985,-2083.733422409394,17515469.183958363,4333.0088352411985,-2083.733422409394,0.010135624542277583
796,417159919051.1768,7046187457.450152,984284350.9486556,15790629.677375905,180286.91863472032,416987535216.5774,7045342613.371076,983613792.4053155,15758283.449130027,181448.5955803377,172383834.59942627,844844.079076767,670558.5433400869,32346.228245878592,-1161.6769456173643,24342172.567497086,32346.228245878592,-1161.6769456173643,0.010082037680377864
797,417159919051.1768,7046187457.450152,984284350.9486556,15790629.677375905,180286.91863472032,417011870245.12354,7045589408.881989,982513292.3056985,15779290.193402657,184046.6508770864,148048806.0532837,598048.5681638718,1771058.6429570913,11339.48397324793,-3759.732242366066,19838213.69687159,11339.48397324793,-3759.732242366066,0.010160201489140352
798,417159919051.1768,7046187457.450152,984284350.9486556,15790629.677375905,180286.91863472032,417064647815.25775,7048380737.535693,985441730.1075048,15641766.179700078,179766.19739026102,95271235.91906738,-2193280.0855407715,-1157379.1588492393,148863.49767582677,520.7212444593024,17641344.632250115,148863.49767582677,520.7212444593024,0.010287340123060302
799,417159919051.1768,7046187457.450152,984284350.9486556,15790629.677375905,180286.91863472032,417159919051.1768,7044603833.921874,982230087.879235,15785703.339652253,181085.31886588494,0.0,1583623.5282783508,2054263.069420576,4926.337723651901,-798.4002311646182,-3637886.597698927,4926.337723651901,-798.4002311646182,0.010437739146191486
800,417159919051.1768,7046187457.450152,984284350.9486556,15790629.677375905,180286.91863472032,417159919051.1768,7047671738.410744,984362309.6141838,15780831.3675907,179222.53858876787,0.0,-1484280.9605913162,-77958.66552817822,9798.30978520587,1064.38004595245,1562239.6261194944,9798.30978520587,1064.38004595245,0.010437739146191486
801,417159919051.1768,7046187457.450152,984284350.9486556,15790629.677375905,180286.91863472032,417083941799.78625,7043667871.920689,984770801.9902701,15791842.195245089,179574.03019954194,75977251.39056396,2519585.529463768,-486451.04161453247,-1212.5178691837937,712.8884351783781,9363453.220735358,-1212.5178691837937,712.8884351783781,0.010317758638386635
802,417159919051.1768,7046187457.450152,984284350.9486556,15790629.677375905,180286.91863472032,417159919051.1768,7044296537.386903,983646267.8648256,15789976.373509435,179593.80635161154,0.0,1890920.063249588,638083.083829999,653.3038664702326,693.112283108785,-2529003.147079587,653.3038664702326,693.112283108785,0.010437739146191486
803,417159919051.1768,7046187457.450152,984284350.9486556,15790629.677375905,180286.91863472032,417026948493.8494,7044511146.681805,983355061.4786627,15790278.21357876,180439.993667889,132970557.32739258,1676310.7683477402,929289.469992876,351.4637971445918,-153.0750331686868,17339983.36076827,351.4637971445918,-153.0750331686868,0.010135624542277583
804,417159919051.1768,7046187457.450152,984284350.9486556,15790629.677375905,180286.91863472032,417159919051.1768,7045490007.240744,984400718.4584085,15789676.098014964,179407.2308759437,0.0,697450.2094087601,-116367.5097528696,953.579360941425,879.6877587766212,-581082.6996558905,953.579360941425,879.6877587766212,0.010437739146191486
805,417159919051.1768,7046187457.450152,984284350.9486556,15790629.677375905,180286.91863472032,417159919051.1768,7045916038.487746,984255231.386349,15791174.401530629,179344.19494389062,0.0,271418.96240615845,29119.562306642532,-544.7241547238082,942.7236908297054,-300538.524712801,-544.7241547238082,942.7236908297054,0.010437739146191486
806,417159919051.1768,7046187457.450152,984284350.9486556,15790629.677375905,180286.91863472032,417159919051.1768,7050789785.951088,983705729.920639,15773447.4583986,179539.48619452555,0.0,-4602328.5009355545,578621.0280165672,17182.218977306038,747.432440194767,4023707.4729189873,17182.218977306038,747.432440194767,0.010437739146191486
807,417159919051.1768,7046187457.450152,984284350.9486556,15790629.677375905,180286.91863472032,417109312875.899,7046102509.974607,984086572.1255325,15710248.019964276,181576.15723773488,50606175.27783203,84947.4755449295,197778.82312309742,80381.65741162933,-1289.2386030145572,7308199.993006777,80381.65741162933,-1289.2386030145572,0.010364852070106794
808,417159919051.1768,7046187457.450152,984284350.9486556,15790629.677375905,180286.91863472032,417035114804.9565,7047088226.478026,985485235.3845855,15790766.159091655,181773.49282138242,124804246.22033691,-900769.0278739929,-1200884.4359298944,-136.48171574994922,-1486.5741866620956,20822290.396854423,-136.48171574994922,-1486.5741866620956,0.010231339233487121
809,417159919051.1768,7046187457.450152,984284350.9486556,15790629.677375905,180286.91863472032,417159919051.1768,7043277954.928646,984191804.5656424,15789887.877563907,179829.35724502173,0.0,2909502.5215063095,92546.38301324844,741.7998119983822,457.56138969858875,-3002048.904519558,741.7998119983822,457.56138969858875,0.010437739146191486
810,417159919051.1768,7046187457.450152,984284350.9486556,15790629.677375905,180286.91863472032,417159919051.1768,7036182200.081938,974559479.0555224,15791718.116405696,167628.56897789385,0.0,10005257.368214607,9724871.893133163,-1088.439029790461,12658.349656826467,-19730129.26134777,-1088.439029790461,12658.349656826467,0.010437739146191486
811,417159919051.1768,7046187457.450152,984284350.9486556,15790629.677375905,180286.91863472032,417159919051.1768,7036713434.980156,974151447.2323819,15792045.268171923,167341.38695807033,0.0,9474022.469996452,10132903.716273665,-1415.5907960180193,12945.53167664999,-19606926.186270118,-1415.5907960180193,12945.53167664999,0.010437739146191486
812,417159919051.1768,7046187457.450152,984284350.9486556,15790629.677375905,180286.91863472032,416987535216.5774,7046206666.098565,983621653.6514441,15758497.72638974,180434.35256060687,172383834.59942627,-19208.648412704468,662697.2972115278,32131.950986165553,-147.43392588655115,25214086.541115116,32131.950986165553,-147.43392588655115,0.010082037680377864
813,417159919051.1768,7046187457.450152,984284350.9486556,15790629.677375905,180286.91863472032,416987535216.5774,7045092245.317381,983449271.7870548,15757377.41588681,183943.52011591254,172383834.59942627,1095212.132771492,835079.1616008282,33252.261489095166,-3656.6014811922214,23927283.89554162,33252.261489095166,-3656.6014811922214,0.010082037680377864
814,417159919051.1768,7046187457.450152,984284350.9486556,15790629.677375905,180286.91863472032,417011870245.12354,7045345642.865217,983524699.6050913,15779621.90079574,182138.8694468968,148048806.0532837,841814.5849351883,759651.3435642719,11007.776580166072,-1851.9508121764811,20605854.979493093,11007.776580166072,-1851.9508121764811,0.010160201489140352
815,417159919051.1768,7046187457.450152,984284350.9486556,15790629.677375905,180286.91863472032,417064647815.25775,7047527139.546693,985461347.368488,15641766.179700078,179766.19739026102,95271235.91906738,-1339682.096540451,-1176996.4198323488,148863.49767582677,520.7212444593024,16807363.904232904,148863.49767582677,520.7212444593024,0.010287340123060302
816,417159919051.1768,7046187457.450152,984284350.9486556,15790629.677375905,180286.91863472032,417159919051.1768,7048277070.980153,984534890.0572335,15791393.899349244,179067.4491742077,0.0,-2089613.5300006866,-250539.10857784748,-764.2219733390957,1219.4694605126278,2340152.638578534,-764.2219733390957,1219.4694605126278,0.010437739146191486
817,417159919051.1768,7046187457.450152,984284350.9486556,15790629.677375905,180286.91863472032,417159919051.1768,7048277070.980153,984534890.0572335,15791393.899349244,179067.4491742077,0.0,-2089613.5300006866,-250539.10857784748,-764.2219733390957,1219.4694605126278,2340152.638578534,-764.2219733390957,1219.4694605126278,0.010437739146191486
818,417159919051.1768,7046187457.450152,984284350.9486556,15790629.677375905,180286.91863472032,417159919051.1768,7026283685.942513,981311901.4658015,15790808.146793293,179603.9984945198,0.0,19903771.50763893,2972449.482854128,-178.46941738761961,682.9201402005274,-22876220.99049306,-178.46941738761961,682.9201402005274,0.010437739146191486
819,417159919051.1768,7046187457.450152,984284350.9486556,15790629.677375905,180286.91863472032,417159919051.1768,7025485260.579552,981408393.7919093,15791152.517073534,179304.61827175802,0.0,20702196.8706007,2875957.1567462683,-522.8396976292133,982.3003629622981,-23578154.02734697,-522.8396976292133,982.3003629622981,0.010437739146191486
820,417159919051.1768,7046187457.450152,984284350.9486556,15790629.677375905,180286.91863472032,417159919051.1768,7025834646.330006,981451433.8205296,15791152.517073534,179304.61827175802,0.0,20352811.12014675,2832917.128126025,-522.8396976292133,982.3003629622981,-23185728.248272777,-522.8396976292133,982.3003629622981,0.010437739146191486
821,417159919051.1768,7046187457.450152,984284350.9486556,15790629.677375905,180286.91863472032,417159919051.1768,6891832996.290013,943343421.4959537,15791373.746125456,178272.58906655555,0.0,154354461.16013908,40940929.452701926,-744.06874955073,2014.3295681647724,-195295390.612841,-744.06874955073,2014.3295681647724,0.010437739146191486
822,417159919051.1768,7046187457.450152,984284350.9486556,15790629.677375905,180286.91863472032,417159919051.1768,6892659628.639534,943335813.4809495,15791373.746125456,178272.58906655555,0.0,153527828.8106184,40948537.467706084,-744.06874955073,2014.3295681647724,-194476366.27832448,-744.06874955073,2014.3295681647724,0.010437739146191486
823,417159919051.1768,7046187457.450152,984284350.9486556,15790629.677375905,180286.91863472032,417125086872.4565,7045045839.156263,981960340.040894,15651718.651905287,180935.35768476847,34832178.720336914,1141618.2938890457,2324010.907761574,138911.02547061816,-648.4390500481531,1759197.606399917,138911.02547061816,-648.4390500481531,0.010355085874157786
824,417159919051.1768,7046187457.450152,984284350.9486556,15790629.677375905,180286.91863472032,417083941799.78625,7044467989.642644,984481891.1360941,15791242.460686367,180107.1596216382,75977251.39056396,1719467.8075084686,-197540.187438488,-612.7833104617894,179.7590130821336,9874660.088514613,-612.7833104617894,179.7590130821336,0.010317758638386635
825,417159919051.1768,7046187457.450152,984284350.9486556,15790629.677375905,180286.91863472032,417159919051.1768,7041483454.980267,983528461.1228366,15780372.960106883,179656.1489802163,0.0,4704002.469885826,755889.8258190155,10256.717269022018,630.7696545040235,-5459892.295704842,10256.717269022018,630.7696545040235,0.010437739146191486
826,417159919051.1768,7046187457.450152,984284350.9486556,15790629.677375905,180286.91863472032,417159919051.1768,7048423645.183588,984186124.842045,15791718.116405696,179354.63119403124,0.0,-2236187.733435631,98226.10661065578,-1088.439029790461,932.2874406890769,2137961.626824975,-1088.439029790461,932.2874406890769,0.010437739146191486
827,417159919051.1768,7046187457.450152,984284350.9486556,15790629.677375905,180286.91863472032,417159919051.1768,7048944750.641915,984169192.0474486,15792045.268171923,179067.4491742077,0.0,-2757293.191762924,115158.90120697021,-1415.5907960180193,1219.4694605126278,2642134.290555954,-1415.5907960180193,1219.4694605126278,0.010437739146191486
828,417159919051.1768,7046187457.450152,984284350.9486556,15790629.677375905,180286.91863472032,416987535216.5774,7044745498.73422,983273608.7253002,15734746.1994498,179848.4134675374,172383834.59942627,1441958.715932846,1010742.2233554125,55883.47792610526,438.5051671829133,23404874.25062568,55883.47792610526,438.5051671829133,0.010082037680377864
829,417159919051.1768,7046187457.450152,984284350.9486556,15790629.677375905,180286.91863472032,417159919051.1768,6956148807.72781,974763224.4974737,15790334.877761476,179230.0447864438,0.0,90038649.72234249,9521126.451181889,294.7996144294739,1056.873848276533,-99559776.17352438,294.7996144294739,1056.873848276533,0.010437739146191486
830,417159919051.1768,7046187457.450152,984284350.9486556,15790629.677375905,180286.91863472032,417035114804.9565,6956499344.118201,974595399.1457819,15790382.395045377,179350.23212816176,124804246.22033691,89688113.33195114,9688951.80287373,247.28233052790165,936.6865065585589,-80656428.20177433,247.28233052790165,936.6865065585589,0.010231339233487121
831,417159919051.1768,7046187457.450152,984284350.9486556,15790629.677375905,180286.91863472032,417002051729.0523,6957194252.995662,974135619.5587405,15784551.07744274,179061.35578530023,157867322.12451172,88993204.45449066,10148731.389915109,6078.599933166057,1225.5628494200937,-75461837.52572902,6078.599933166057,1225.5628494200937,0.010122974014486382
832,417159919051.1768,7046187457.450152,984284350.9486556,15790629.677375905,180286.91863472032,417026948493.8494,6956546591.552523,974592994.8263993,15785208.229510874,181174.43201298738,132970557.32739258,89640865.89762974,9691356.122256279,5421.44786503166,-887.51337826706,-79386638.42077713,5421.44786503166,-887.51337826706,0.010135624542277583
833,417159919051.1768,7046187457.450152,984284350.9486556,15790629.677375905,180286.91863472032,416987535216.5774,6956329918.260926,974420216.815558,15757195.010100236,180252.37553619532,172383834.59942627,89857539.18922615,9864134.133097649,33434.66727566905,34.54309852499864,-73864098.13240986,33434.66727566905,34.54309852499864,0.010082037680377864
834,417159919051.1768,7046187457.450152,984284350.9486556,15790629.677375905,180286.91863472032,417011870245.12354,6956614382.7770405,974063555.2269862,15777874.602606637,183137.61285276758,148048806.0532837,89573074.67311192,10220795.721669436,12755.074769267812,-2850.6942180472543,-77586549.4867888,12755.074769267812,-2850.6942180472543,0.010160201489140352
835,417159919051.1768,7046187457.450152,984284350.9486556,15790629.677375905,180286.91863472032,417064647815.25775,6958131838.760542,974895365.1260154,15640350.588904059,178857.1593659422,95271235.91906738,88055618.68961048,9388985.82264018,150279.08847184666,1429.7592687781143,-83153919.12439056,150279.08847184666,1429.7592687781143,0.010287340123060302
836,417159919051.1768,7046187457.450152,984284350.9486556,15790629.677375905,180286.91863472032,417159919051.1768,6956063146.160714,974002354.2564374,15784287.748856235,180176.28084156613,0.0,90124311.28943825,10281996.692218184,6341.92851966992,110.63779315419379,-100406307.98165643,6341.92851966992,110.63779315419379,0.010437739146191486
837,417159919051.1768,7046187457.450152,984284350.9486556,15790629.677375905,180286.91863472032,417159919051.1768,6958392939.376832,974584278.6025863,15779415.776794681,178313.50056444906,0.0,87794518.07332039,9700072.346069336,11213.90058122389,1973.418070271262,-97494590.41938972,11213.90058122389,1973.418070271262,0.010437739146191486
838,417159919051.1768,7046187457.450152,984284350.9486556,15790629.677375905,180286.91863472032,417083941799.78625,6955493446.811725,974506282.7945668,15790426.604449071,178664.9921752231,75977251.39056396,90694010.63842773,9778068.154088855,203.07292683422565,1621.9264594972192,-89075491.083932,203.07292683422565,1621.9264594972192,0.010317758638386635
839,417159919051.1768,7046187457.450152,984284350.9486556,15790629.677375905,180286.91863472032,417159919051.1768,6955980845.816264,974659503.955303,15788887.934479645,178397.58630746917,0.0,90206611.63388824,9624846.993352652,1741.7428962606937,1889.332327251148,-99831458.6272409,1741.7428962606937,1889.332327251148,0.010437739146191486
840,417159919051.1768,7046187457.450152,984284350.9486556,15790629.677375905,180286.91863472032,417026948493.8494,6955912462.431572,974318986.6135657,15788862.622782743,179530.9556435702,132970557.32739258,90274995.01858044,9965364.335089922,1767.0545931626111,755.9629911501252,-80294775.75456147,1767.0545931626111,755.9629911501252,0.010135624542277583
841,417159919051.1768,7046187457.450152,984284350.9486556,15790629.677375905,180286.91863472032,417159919051.1768,6956565000.322429,974661147.0303373,15788260.507218944,178498.1928516249,0.0,89622457.1277237,9623203.918318272,2369.170156961307,1788.7257830954331,-99245661.04604197,2369.170156961307,1788.7257830954331,0.010437739146191486
842,417159919051.1768,7046187457.450152,984284350.9486556,15790629.677375905,180286.91863472032,417159919051.1768,6956754908.317183,974525226.1166415,15789758.81073461,178435.1569195718,0.0,89432549.13296986,9759124.832014084,870.8666412960738,1851.7617151485174,-99191673.96498394,870.8666412960738,1851.7617151485174,0.010437739146191486
843,417159919051.1768,7046187457.450152,984284350.9486556,15790629.677375905,180286.91863472032,417159919051.1768,6959669298.920677,974465398.322478,15772031.867602581,178630.44817020674,0.0,86518158.52947521,9818952.62617755,18597.809773324057,1656.470464513579,-96337111.15565276,18597.809773324057,1656.470464513579,0.010437739146191486
844,417159919051.1768,7046187457.450152,984284350.9486556,15790629.677375905,180286.91863472032,417109312875.899,6956908057.02403,974563225.0205737,15708832.429168258,180667.11921341607,50606175.27783203,89279400.42612267,9721125.92808187,81797.24820764735,-380.2005786957452,-91409600.06252973,81797.24820764735,-380.2005786957452,0.010364852070106794
845,417159919051.1768,7046187457.450152,984284350.9486556,15790629.677375905,180286.91863472032,417035114804.9565,6956780926.483543,974655847.9200214,15789677.720061865,180577.27277724005,124804246.22033691,89406530.966609,9628503.02863419,951.9573140405118,-290.3541425197327,-80314397.06219265,951.9573140405118,-290.3541425197327,0.010231339233487121
846,417159919051.1768,7046187457.450152,984284350.9486556,15790629.677375905,180286.91863472032,417159919051.1768,6955139002.082545,974543268.9834597,15788799.438534116,178633.13720087937,0.0,91048455.36760712,9741081.965195894,1830.2388417888433,1653.7814338409516,-100789537.33280301,1830.2388417888433,1653.7814338409516,0.010437739146191486
847,417159919051.1768,7046187457.450152,984284350.9486556,15790629.677375905,180286.91863472032,417159919051.1768,6945122993.893258,965641696.4064909,15790629.677375905,166432.3489337515,0.0,101064463.5568943,18642654.542164683,0.0,13854.56970096883,-119707118.09905899,0.0,13854.56970096883,0.010437739146191486
848,417159919051.1768,7046187457.450152,984284350.9486556,15790629.677375905,180286.91863472032,417159919051.1768,6947072213.401848,965161984.5117195,15790629.677375905,166432.3489337515,0.0,99115244.04830456,19122366.43693614,0.0,13854.56970096883,-118237610.4852407,0.0,13854.56970096883,0.010437739146191486
849,417159919051.1768,7046187457.450152,984284350.9486556,15790629.677375905,180286.91863472032,416987535216.5774,6956588711.919708,974553438.1951572,15757409.287359951,179238.1325164645,172383834.59942627,89598745.53044415,9730912.753498435,33220.39001595415,1048.7861182558117,-73472083.09402864,33220.39001595415,1048.7861182558117,0.010082037680377864
850,417159919051.1768,7046187457.450152,984284350.9486556,15790629.677375905,180286.91863472032,416987535216.5774,6956472925.988203,974210535.2040726,15755961.82509079,183034.4820915937,172383834.59942627,89714531.46194935,10073815.74458301,34667.85228511505,-2747.5634568733803,-73930772.01661842,34667.85228511505,-2747.5634568733803,0.010082037680377864
851,417159919051.1768,7046187457.450152,984284350.9486556,15790629.677375905,180286.91863472032,417011870245.12354,6956466590.331275,974270302.8289808,15778206.309999721,181229.831422578,148048806.0532837,89720867.11887741,10014048.119674802,12423.367376184091,-942.9127878576692,-77527594.33055966,12423.367376184091,-942.9127878576692,0.010160201489140352
852,417159919051.1768,7046187457.450152,984284350.9486556,15790629.677375905,180286.91863472032,417064647815.25775,6957413295.960603,974915723.1906102,15640350.588904059,178857.1593659422,95271235.91906738,88774161.48954964,9368627.758045435,150279.08847184666,1429.7592687781143,-83852103.85973497,150279.08847184666,1429.7592687781143,0.010287340123060302
853,417159919051.1768,7046187457.450152,984284350.9486556,15790629.677375905,180286.91863472032,417159919051.1768,6958487327.759225,974536445.5912567,15789978.308553224,178158.41114988888,0.0,87700129.6909275,9747905.357398868,651.3688226807863,2128.50748483144,-97448035.04832637,651.3688226807863,2128.50748483144,0.010437739146191486
854,417159919051.1768,7046187457.450152,984284350.9486556,15790629.677375905,180286.91863472032,417159919051.1768,6958487327.759225,974536445.5912567,15789978.308553224,178158.41114988888,0.0,87700129.6909275,9747905.357398868,651.3688226807863,2128.50748483144,-97448035.04832637,651.3688226807863,2128.50748483144,0.010437739146191486
855,417159919051.1768,7046187457.450152,984284350.9486556,15790629.677375905,180286.91863472032,417159919051.1768,6936419952.580132,971498594.2634432,15790064.078043744,178108.39822761566,0.0,109767504.87002087,12785756.685212374,565.5993321612477,2178.520407104661,-122553261.55523324,565.5993321612477,2178.520407104661,0.010437739146191486
856,417159919051.1768,7046187457.450152,984284350.9486556,15790629.677375905,180286.91863472032,417159919051.1768,6935372398.277619,971466500.9320239,15790064.078043744,178108.39822761566,0.0,110815059.17253304,12817850.016631722,565.5993321612477,2178.520407104661,-123632909.18916476,565.5993321612477,2178.520407104661,0.010437739146191486
857,417159919051.1768,7046187457.450152,984284350.9486556,15790629.677375905,180286.91863472032,417159919051.1768,6935858240.3806095,971495370.2347819,15790064.078043744,178108.39822761566,0.0,110329217.06954288,12788980.713873744,565.5993321612477,2178.520407104661,-123118197.78341663,565.5993321612477,2178.520407104661,0.010437739146191486
858,417159919051.1768,7046187457.450152,984284350.9486556,15790629.677375905,180286.91863472032,417159919051.1768,6801118167.198311,933794772.9585133,15790629.677375905,176776.98879965142,0.0,245069290.25184155,50489577.990142345,0.0,3509.929835068906,-295558868.2419839,0.0,3509.929835068906,0.010437739146191486
859,417159919051.1768,7046187457.450152,984284350.9486556,15790629.677375905,180286.91863472032,417159919051.1768,6802695537.94696,933779675.6693918,15790629.677375905,176776.98879965142,0.0,243491919.50319195,50504675.279263854,0.0,3509.929835068906,-293996594.7824558,0.0,3509.929835068906,0.010437739146191486
860,417159919051.1768,7046187457.450152,984284350.9486556,15790629.677375905,180286.91863472032,417125086872.4565,6955861985.390846,974260478.4971902,15650630.212875497,179739.1376406261,34832178.720336914,90325472.05930614,10023872.451465368,139999.46450040862,547.7809940942097,-95124517.70272097,139999.46450040862,547.7809940942097,0.010355085874157786
861,417159919051.1768,7046187457.450152,984284350.9486556,15790629.677375905,180286.91863472032,417083941799.78625,6955980167.439312,974669435.0556655,15790154.021656577,178910.93957749582,75977251.39056396,90207290.01084042,9614915.892990112,475.6557193286717,1375.9790572244965,-88425618.19524594,475.6557193286717,1375.9790572244965,0.010317758638386635
862,417159919051.1768,7046187457.450152,984284350.9486556,15790629.677375905,180286.91863472032,417159919051.1768,6954061882.567012,974500273.8543388,15779284.521077093,178459.92893607396,0.0,92125574.88314056,9784077.09431684,11345.156298812479,1826.9896986463573,-101909651.9774574,11345.156298812479,1826.9896986463573,0.010437739146191486
863,417159919051.1768,7046187457.450152,984284350.9486556,15790629.677375905,180286.91863472032,417159919051.1768,6958022664.996155,974546117.280645,15790629.677375905,178158.41114988888,0.0,88164792.45399761,9738233.668010592,0.0,2128.50748483144,-97903026.1220082,0.0,2128.50748483144,0.010437739146191486
864,417159919051.1768,7046187457.450152,984284350.9486556,15790629.677375905,180286.91863472032,417159919051.1768,6958738780.9741535,974457432.9113559,15790629.677375905,178158.41114988888,0.0,87448676.47599888,9826918.037299752,0.0,2128.50748483144,-97275594.51329863,0.0,2128.50748483144,0.010437739146191486
865,417159919051.1768,7046187457.450152,984284350.9486556,15790629.677375905,180286.91863472032,416987535216.5774,6956159787.9194765,974452694.6515459,15733657.76042001,178652.19342339505,172383834.59942627,90027669.53067589,9831656.297109723,56971.91695589572,1634.7252113252762,-74001750.63787167,56971.91695589572,1634.7252113252762,0.010082037680377864
866,417159919051.1768,7046187457.450152,984284350.9486556,15790629.677375905,180286.91863472032,417159919051.1768,7048215238.152768,985977882.0211638,15809548.888026968,183051.74744628204,0.0,-2027780.702615738,-1693531.072508216,-18919.21065106243,-2764.828811561718,3721311.775123954,-18919.21065106243,-2764.828811561718,0.010437739146191486
867,417159919051.1768,7046187457.450152,984284350.9486556,15790629.677375905,180286.91863472032,416929476389.24347,7047797006.939435,985599316.2469194,15811338.594778268,183361.48248724724,230442661.9333496,-1609549.489282608,-1314965.2982637882,-20708.91740236245,-3074.563852526917,37490914.07754884,-20708.91740236245,-3074.563852526917,0.009902653917263912
868,417159919051.1768,7046187457.450152,984284350.9486556,15790629.677375905,180286.91863472032,417137952981.7698,7048380244.408179,984550200.2741672,15789239.561838226,183412.49337093724,21966069.407043457,-2192786.958026886,-265849.32551157475,1390.1155376788229,-3125.5747362169204,5753546.694594979,1390.1155376788229,-3125.5747362169204,0.0103425677141608
869,417159919051.1768,7046187457.450152,984284350.9486556,15790629.677375905,180286.91863472032,417137952981.7698,7046622060.141702,984559709.8356485,15786796.626401255,182591.77440056915,21966069.407043457,-434602.69154930115,-275358.88699293137,3833.0509746503085,-2304.855765848828,4004871.989598751,3833.0509746503085,-2304.855765848828,0.0103425677141608
870,417159919051.1768,7046187457.450152,984284350.9486556,15790629.677375905,180286.91863472032,417039821920.0494,7069101645.858334,984496253.9998105,15716944.579987407,180553.57712342034,120097131.1274414,-22914188.40818119,-211903.0511548519,73685.09738849849,-266.6584887000208,41140661.12845226,73685.09738849849,-266.6584887000208,0.010030363232904141
871,417159919051.1768,7046187457.450152,984284350.9486556,15790629.677375905,180286.91863472032,417141106096.5896,7050463485.578603,984273630.944907,15712361.878855843,180785.95533851467,18812954.58721924,-4276028.128450394,10720.00374865532,78267.79852006212,-499.0367037943506,7087251.312784623,78267.79852006212,-499.0367037943506,0.010258783775181312
872,417159919051.1768,7046187457.450152,984284350.9486556,15790629.677375905,180286.91863472032,417141106096.5896,7050611331.432267,984065888.4519397,15724627.214970259,180960.43484076447,18812954.58721924,-4423873.982114792,218462.49671590328,66002.46240564622,-673.5162060441507,7027354.673481774,66002.46240564622,-673.5162060441507,0.010258783775181312
873,417159919051.1768,7046187457.450152,984284350.9486556,15790629.677375905,180286.91863472032,417141106096.5896,7046473941.454835,984309043.727517,15718297.6293857,180963.46375273226,18812954.58721924,-286484.0046825409,-24692.778861403465,72332.04799020477,-676.5451180119417,3133119.97162683,72332.04799020477,-676.5451180119417,0.010258783775181312
874,417159919051.1768,7046187457.450152,984284350.9486556,15790629.677375905,180286.91863472032,417141106096.5896,7046933555.507378,984509073.0216135,15724130.973271765,180616.62003329978,18812954.58721924,-746098.0572252274,-224722.07295787334,66498.7041041404,-329.70139857946197,3792763.318265986,66498.7041041404,-329.70139857946197,0.010258783775181312
875,417159919051.1768,7046187457.450152,984284350.9486556,15790629.677375905,180286.91863472032,416937041857.3036,7052021077.915727,983003837.4404997,15735472.021153085,182215.86788932208,222877193.87322998,-5833620.4655742645,1280513.508155942,55157.65622282028,-1928.9492546017573,37984686.03840282,55157.65622282028,-1928.9492546017573,0.009730217993874184
876,417159919051.1768,7046187457.450152,984284350.9486556,15790629.677375905,180286.91863472032,416940879089.90594,7048467074.460002,981838857.0038034,15785775.670949489,187903.0443826709,219039961.27087402,-2279617.0098495483,2445493.944852233,4854.0064264163375,-7616.125747950573,32690117.255628422,4854.0064264163375,-7616.125747950573,0.009677318259368425
877,417159919051.1768,7046187457.450152,984284350.9486556,15790629.677375905,180286.91863472032,416857669372.19293,7047301441.688526,984219834.2461962,15607141.332012994,185710.90395714616,302249678.9838867,-1113984.2383737564,64516.70245945454,183488.345362911,-5423.98532242584,46386919.383497305,183488.345362911,-5423.98532242584,0.009524885626946769
878,417159919051.1768,7046187457.450152,984284350.9486556,15790629.677375905,180286.91863472032,416951165023.2747,7049842485.071562,982475227.9081967,15764128.591596004,191598.54329397972,208754027.9020996,-3655027.621409416,1809123.0404589176,26501.085779901594,-11311.624659259396,33159008.766265437,26501.085779901594,-11311.624659259396,0.009821282826032039
879,417159919051.1768,7046187457.450152,984284350.9486556,15790629.677375905,180286.91863472032,417026938002.35596,7057353620.837789,987117403.7764901,15314640.0706578,181777.39008934234,132981048.82086182,-11166163.387636185,-2833052.827834487,475989.60671810433,-1490.4714546220202,33946373.53859994,475989.60671810433,-1490.4714546220202,0.010117344306319687
880,417159919051.1768,7046187457.450152,984284350.9486556,15790629.677375905,180286.91863472032,417027174929.1949,7046774482.401577,982209263.9936503,15712048.436977439,184694.64601060867,132744121.9819336,-587024.9514245987,2075086.9550052881,78581.24039846659,-4407.727375888353,18423556.29370935,78581.24039846659,-4407.727375888353,0.009737215432919033
881,417159919051.1768,7046187457.450152,984284350.9486556,15790629.677375905,180286.91863472032,417140972493.0826,6971204317.017631,972452366.8775638,15795376.47191173,178901.65899552422,18946558.09423828,74983140.43252182,11831984.071091771,-4746.794535825029,1385.2596391960979,-83973140.78947785,-4746.794535825029,1385.2596391960979,0.010349108797339785
882,417159919051.1768,7046187457.450152,984284350.9486556,15790629.677375905,180286.91863472032,417159919051.1768,7012994172.143568,973823620.2332616,15798783.29543925,179781.03804269008,0.0,33193285.30658436,10460730.71539402,-8153.6180633455515,505.8805920302402,-43654016.02197838,-8153.6180633455515,505.8805920302402,0.010437739146191486
883,417159919051.1768,7046187457.450152,984284350.9486556,15790629.677375905,180286.91863472032,417141128527.8507,7046900028.038781,983979537.6210344,15723062.079930618,180852.00324231802,18790523.32611084,-712570.5886287689,304813.32762122154,67567.59744528681,-565.0846075977024,3226335.7599241734,67567.59744528681,-565.0846075977024,0.010298721115085348
884,417159919051.1768,7046187457.450152,984284350.9486556,15790629.677375905,180286.91863472032,416954466329.1839,7055918942.132182,985249200.0481094,15471603.696999822,180615.9585632688,205452721.99291992,-9731484.682029724,-964849.0994538069,319025.9803760834,-329.03992854847456,41514242.08042152,319025.9803760834,-329.03992854847456,0.009473216636133661
885,417159919051.1768,7046187457.450152,984284350.9486556,15790629.677375905,180286.91863472032,417024884356.7802,7044862946.81239,985414443.837154,15811106.569885442,181407.91268847158,135034694.39660645,1324510.6377620697,-1130092.8884984255,-20476.892509536818,-1120.9940537512593,20060786.41022732,-20476.892509536818,-1120.9940537512593,0.010128929704465238
886,417159919051.1768,7046187457.450152,984284350.9486556,15790629.677375905,180286.91863472032,417102865927.2934,7046257735.535531,984307416.7400757,15708054.408823505,180896.9947594819,57053123.88342285,-70278.08537864685,-23065.79142010212,82575.26855240017,-610.0761247615737,8651312.459312176,82575.26855240017,-610.0761247615737,0.01014923689268852
887,417159919051.1768,7046187457.450152,984284350.9486556,15790629.677375905,180286.91863472032,416940879089.90594,7046129264.116043,983873039.0491751,15805707.392017812,183316.19845410014,219039961.27087402,58193.334109306335,411311.8994804621,-15077.714641906321,-3029.2798193798226,32386488.957041334,-15077.714641906321,-3029.2798193798226,0.009677318259368425
888,417159919051.1768,7046187457.450152,984284350.9486556,15790629.677375905,180286.91863472032,417126078964.63153,7049267230.862577,985882969.3384,15793302.048625901,181023.03422402273,33840086.545288086,-3079773.412425041,-1598618.389744401,-2672.3712499961257,-736.1155893024115,9754404.783962656,-2672.3712499961257,-736.1155893024115,0.010267742947800584
889,417159919051.1768,7046187457.450152,984284350.9486556,15790629.677375905,180286.91863472032,416717824272.7578,7051532321.882658,985483840.5499951,15806737.664271297,180891.00734940602,442094778.41900635,-5344864.432505608,-1199489.6013394594,-16107.986895391718,-604.0887146856985,72858570.796696,-16107.986895391718,-604.0887146856985,0.008866674926749462
890,417159919051.1768,7046187457.450152,984284350.9486556,15790629.677375905,180286.91863472032,417108134835.45526,7047261907.890403,984199748.8578508,15603253.479522444,181857.42444398403,51784215.72155762,-1074450.4402503967,84602.09080481529,187376.1978534609,-1570.5058092637046,8757480.707679223,187376.1978534609,-1570.5058092637046,0.01021446505288125
891,417159919051.1768,7046187457.450152,984284350.9486556,15790629.677375905,180286.91863472032,416717824272.7578,7053352954.408583,984690194.0735512,15799751.867814697,181012.10302898966,442094778.41900635,-7165496.95843029,-405843.12489557266,-9122.19043879211,-725.1843942693376,73885556.8461768,-9122.19043879211,-725.1843942693376,0.008866674926749462
892,417159919051.1768,7046187457.450152,984284350.9486556,15790629.677375905,180286.91863472032,417159919051.1768,7064788139.548025,984655909.1639793,15727470.504375318,181319.38329909163,0.0,-18600682.097872734,-371558.2153236866,63159.17300058715,-1032.4646643713058,18972240.31319642,63159.17300058715,-1032.4646643713058,0.010437739146191486
893,417159919051.1768,7046187457.450152,984284350.9486556,15790629.677375905,180286.91863472032,417126078964.63153,7043301922.035191,984375714.4169167,15762500.799351202,180376.1033510196,33840086.545288086,2885535.414961815,-91363.4682611227,28128.87802470289,-89.18471629929263,2281841.0350925205,28128.87802470289,-89.18471629929263,0.010267742947800584
894,417159919051.1768,7046187457.450152,984284350.9486556,15790629.677375905,180286.91863472032,416954466329.1839,7051970150.741104,984229732.4725325,15494379.29748627,180670.34413108625,205452721.99291992,-5782693.290951729,54618.47612309456,296250.37988963537,-383.4254963659332,36545983.113766626,296250.37988963537,-383.4254963659332,0.009473216636133661
895,417159919051.1768,7046187457.450152,984284350.9486556,15790629.677375905,180286.91863472032,417087195391.7124,7050470923.861055,985159875.3941067,15580835.63288876,185704.58462438398,72723659.4644165,-4283466.410902977,-875524.4454511404,209794.0444871448,-5417.665989663656,16067539.776016593,209794.0444871448,-5417.665989663656,0.010279555685099816
896,417159919051.1768,7046187457.450152,984284350.9486556,15790629.677375905,180286.91863472032,417027174929.1949,7050540898.738438,984492524.213117,15744732.875730775,181727.1803305142,132744121.9819336,-4353441.288285255,-208173.26446139812,45896.80164512992,-1440.261695793888,24473232.850036692,45896.80164512992,-1440.261695793888,0.009737215432919033
897,417159919051.1768,7046187457.450152,984284350.9486556,15790629.677375905,180286.91863472032,417159919051.1768,7047317035.15038,985939365.4333832,15806030.634168612,180286.91863472032,0.0,-1129577.7002277374,-1655014.484727621,-15400.956792706624,0.0,2784592.1849553585,-15400.956792706624,0.0,0.010437739146191486
898,417159919051.1768,7046187457.450152,984284350.9486556,15790629.677375905,180286.91863472032,417159919051.1768,7046992441.709291,983876263.8522962,15798595.201603966,180406.5215952435,0.0,-804984.259139061,408087.09635937214,-7965.524228060618,-119.60296052318881,396897.16277968884,-7965.524228060618,-119.60296052318881,0.010437739146191486
899,417159919051.1768,7046187457.450152,984284350.9486556,15790629.677375905,180286.91863472032,417159919051.1768,7045918640.865835,985850122.1036155,15802337.684323909,181061.15761911374,0.0,268816.58431720734,-1565771.154959917,-11708.006948003545,-774.2389843934216,1296954.5706427097,-11708.006948003545,-774.2389843934216,0.010437739146191486
900,417159919051.1768,7046187457.450152,984284350.9486556,15790629.677375905,180286.91863472032,417159919051.1768,7043769037.937874,985353890.1676917,15805800.883713875,181359.9588121298,0.0,2418419.512278557,-1069539.2190361023,-15171.20633796975,-1073.040177409479,-1348880.2932424545,-15171.20633796975,-1073.040177409479,0.010437739146191486
901,417159919051.1768,7046187457.450152,984284350.9486556,15790629.677375905,180286.91863472032,416929476389.24347,7056886209.933743,987009018.248647,15804972.950696949,188221.34014359326,230442661.9333496,-10698752.483590126,-2724667.2999913692,-14343.2733210437,-7934.42150887294,47989819.07358394,-14343.2733210437,-7934.42150887294,0.009902653917263912
902,417159919051.1768,7046187457.450152,984284350.9486556,15790629.677375905,180286.91863472032,417102865927.2934,7048481065.928935,981920785.1507583,15690272.56476139,183960.87515496972,57053123.88342285,-2293608.478782654,2363565.797897339,100357.1126145143,-3673.9565202493977,8488011.263398742,100357.1126145143,-3673.9565202493977,0.01014923689268852
903,417159919051.1768,7046187457.450152,984284350.9486556,15790629.677375905,180286.91863472032,417159919051.1768,7043853929.724459,985153717.2720286,15805238.26998526,181520.22713840727,0.0,2333527.7256937027,-869366.3233729601,-14608.592609355226,-1233.3085036869452,-1464161.4023207426,-14608.592609355226,-1233.3085036869452,0.010437739146191486
904,417159919051.1768,7046187457.450152,984284350.9486556,15790629.677375905,180286.91863472032,417141106096.5896,7049515321.991931,982919680.801982,15735146.183283137,180502.2565662946,18812954.58721924,-3327864.5417785645,1364670.1466735601,55483.49409276806,-215.33793157429318,4785137.583187889,55483.49409276806,-215.33793157429318,0.010258783775181312
905,417159919051.1768,7046187457.450152,984284350.9486556,15790629.677375905,180286.91863472032,416954466329.1839,7035755338.9022255,976831162.0309505,15377055.892941834,174284.8429133932,205452721.99291992,10432118.547926903,7453188.917705059,413573.7844340708,6002.075721327128,12932600.833306026,413573.7844340708,6002.075721327128,0.009473216636133661
906,417159919051.1768,7046187457.450152,984284350.9486556,15790629.677375905,180286.91863472032,416954466329.1839,7046289396.3541765,976555038.1413192,15383008.683748653,174284.8429133932,205452721.99291992,-101938.90402412415,7729312.80733645,407620.99362725206,6002.075721327128,23190534.395625662,407620.99362725206,6002.075721327128,0.009473216636133661
907,417159919051.1768,7046187457.450152,984284350.9486556,15790629.677375905,180286.91863472032,416954466329.1839,7048164051.415657,976481866.8945017,15383683.51018905,174284.8429133932,205452721.99291992,-1976593.9655046463,7802484.054153919,406946.1671868544,6002.075721327128,24992018.210288715,406946.1671868544,6002.075721327128,0.009473216636133661
908,417159919051.1768,7046187457.450152,984284350.9486556,15790629.677375905,180286.91863472032,416954466329.1839,7051249168.399576,982818959.6327498,15378933.05564757,184671.74925350805,205452721.99291992,-5061710.94942379,1465391.3159058094,411696.6217283346,-4384.8306187877315,34414227.93245597,411696.6217283346,-4384.8306187877315,0.009473216636133661
909,417159919051.1768,7046187457.450152,984284350.9486556,15790629.677375905,180286.91863472032,416857669372.19293,7050540834.852377,984187584.0031667,15618743.437599655,183067.63617699614,302249678.9838867,-4353377.402224541,96766.94548892975,171886.23977624997,-2780.7175422758155,49594062.304318614,171886.23977624997,-2780.7175422758155,0.009524885626946769
910,417159919051.1768,7046187457.450152,984284350.9486556,15790629.677375905,180286.91863472032,416857669372.19293,7047367387.596396,983907489.6298298,15609431.17760443,191068.4819662865,302249678.9838867,-1179930.146244049,376861.31882584095,181198.4997714758,-10781.563331566169,46140520.67500121,181198.4997714758,-10781.563331566169,0.009524885626946769
911,417159919051.1768,7046187457.450152,984284350.9486556,15790629.677375905,180286.91863472032,416951165023.2747,7048967618.532347,983971582.8060161,15765233.111954996,187060.48120593381,208754027.9020996,-2780161.0821943283,312768.1426395178,25396.565420908853,-6773.562571213493,33780497.12486975,25396.565420908853,-6773.562571213493,0.009821282826032039
912,417159919051.1768,7046187457.450152,984284350.9486556,15790629.677375905,180286.91863472032,417026938002.35596,7056669246.410345,987177364.4394153,15314640.0706578,181777.39008934234,132981048.82086182,-10481788.96019268,-2893013.4907597303,475989.60671810433,-1490.4714546220202,33321959.77408168,475989.60671810433,-1490.4714546220202,0.010117344306319687
913,417159919051.1768,7046187457.450152,984284350.9486556,15790629.677375905,180286.91863472032,416717824272.7578,7059089175.075379,985523271.6773661,15808016.576277776,180922.0140577382,442094778.41900635,-12901717.625226974,-1238920.7287105322,-17386.898901870474,-635.0954230178904,80454855.11678845,-17386.898901870474,-635.0954230178904,0.008866674926749462
914,417159919051.1768,7046187457.450152,984284350.9486556,15790629.677375905,180286.91863472032,416717824272.7578,7059089175.075379,985523271.6773661,15808016.576277776,180922.0140577382,442094778.41900635,-12901717.625226974,-1238920.7287105322,-17386.898901870474,-635.0954230178904,80454855.11678845,-17386.898901870474,-635.0954230178904,0.008866674926749462
915,417159919051.1768,7046187457.450152,984284350.9486556,15790629.677375905,180286.91863472032,416717824272.7578,7057330392.996665,985043361.647091,15805877.415347021,180450.54010965803,442094778.41900635,-11142935.546512604,-759010.6984354258,-15247.737971115857,-163.62147493771045,78216163.00779897,-15247.737971115857,-163.62147493771045,0.008866674926749462
916,417159919051.1768,7046187457.450152,984284350.9486556,15790629.677375905,180286.91863472032,416717824272.7578,7047331258.95889,984986843.0145969,15804472.525219815,180450.54010965803,442094778.41900635,-1143801.508737564,-702492.0659413338,-13842.847843909636,-163.62147493771045,68160510.33752984,-13842.847843909636,-163.62147493771045,0.008866674926749462
917,417159919051.1768,7046187457.450152,984284350.9486556,15790629.677375905,180286.91863472032,416717824272.7578,7056283482.041278,985375339.8299394,15807212.060967866,180450.54010965803,442094778.41900635,-10096024.591125488,-1090988.88128376,-16582.383591961116,-163.62147493771045,77501230.23526019,-16582.383591961116,-163.62147493771045,0.008866674926749462
918,417159919051.1768,7046187457.450152,984284350.9486556,15790629.677375905,180286.91863472032,416717824272.7578,7056816539.355196,985522327.4043148,15807212.060967866,180450.54010965803,442094778.41900635,-10629081.905043602,-1237976.455659151,-16582.383591961116,-163.62147493771045,78181275.1235537,-16582.383591961116,-163.62147493771045,0.008866674926749462
919,417159919051.1768,7046187457.450152,984284350.9486556,15790629.677375905,180286.91863472032,417027174929.1949,7047765568.284542,984410499.7729572,15733530.296529317,182957.43181307087,132744121.9819336,-1578110.8343896866,-126148.82430160046,57099.38084658794,-2670.5131783505494,21615877.955981325,57099.38084658794,-2670.5131783505494,0.009737215432919033
920,417159919051.1768,7046187457.450152,984284350.9486556,15790629.677375905,180286.91863472032,417159919051.1768,7014576920.280842,974892499.2400022,15810648.779354583,179781.03804269008,0.0,31610537.16931057,9391851.70865345,-20019.101978678256,505.8805920302402,-41002388.87796402,-20019.101978678256,505.8805920302402,0.010437739146191486
921,417159919051.1768,7046187457.450152,984284350.9486556,15790629.677375905,180286.91863472032,417159919051.1768,7016095112.182114,974910385.5601449,15810648.779354583,179781.03804269008,0.0,30092345.26803875,9373965.388510704,-20019.101978678256,505.8805920302402,-39466310.656549454,-20019.101978678256,505.8805920302402,0.010437739146191486
922,417159919051.1768,7046187457.450152,984284350.9486556,15790629.677375905,180286.91863472032,417159919051.1768,7006154857.642291,979188378.8616147,15792026.850396188,180126.31649169742,0.0,40032599.80786133,5095972.087040901,-1397.1730202827603,160.60214302290115,-45128571.89490223,-1397.1730202827603,160.60214302290115,0.010437739146191486
923,417159919051.1768,7046187457.450152,984284350.9486556,15790629.677375905,180286.91863472032,417100346702.4042,7049019551.170137,981098655.0497471,15186291.841479925,184282.86972169182,59572348.77264404,-2832093.7199850082,3185695.898908496,604337.8358959798,-3995.9510869715014,8582250.136973118,604337.8358959798,-3995.9510869715014,0.010229686618482852
924,417159919051.1768,7046187457.450152,984284350.9486556,15790629.677375905,180286.91863472032,417024884356.7802,7045870858.403097,985713889.7712877,15808444.516213184,182220.5361826493,135034694.39660645,316599.04705524445,-1429538.8226320744,-17814.838837279007,-1933.6175479289668,21368143.935067795,-17814.838837279007,-1933.6175479289668,0.010128929704465238
925,417159919051.1768,7046187457.450152,984284350.9486556,15790629.677375905,180286.91863472032,417102865927.2934,7037506524.2588005,984364988.9572505,15680968.628588906,181048.47534741153,57053123.88342285,8680933.19135189,-80638.00859487057,109661.04878699966,-761.5567126912065,-42326.600243592635,109661.04878699966,-761.5567126912065,0.01014923689268852
926,417159919051.1768,7046187457.450152,984284350.9486556,15790629.677375905,180286.91863472032,416717824272.7578,7059850306.744223,984908507.4959537,15805331.049647441,181322.96735113522,442094778.41900635,-13662849.294070244,-624156.5472980738,-14701.372271535918,-1036.0487164148944,80601222.60421926,-14701.372271535918,-1036.0487164148944,0.008866674926749462
927,417159919051.1768,7046187457.450152,984284350.9486556,15790629.677375905,180286.91863472032,416717824272.7578,7060563356.485277,985228475.1714156,15806005.876087839,181322.96735113522,442094778.41900635,-14375899.035124779,-944124.2227599621,-15376.198711933568,-1036.0487164148944,81634240.02073568,-15376.198711933568,-1036.0487164148944,0.008866674926749462
928,417159919051.1768,7046187457.450152,984284350.9486556,15790629.677375905,180286.91863472032,416717824272.7578,7059934396.360951,984946046.4330003,15799378.258840622,181322.96735113522,442094778.41900635,-13746938.910799026,-661695.4843447208,-8748.581464717165,-1036.0487164148944,80722851.15799469,-8748.581464717165,-1036.0487164148944,0.008866674926749462
929,417159919051.1768,7046187457.450152,984284350.9486556,15790629.677375905,180286.91863472032,416857669372.19293,7048145375.953427,983561714.1467113,15508016.567073464,181572.0431549233,302249678.9838867,-1957918.5032749176,722636.8019442558,282613.1103024408,-1285.1245202029822,46572733.548913665,282613.1103024408,-1285.1245202029822,0.009524885626946769
930,417159919051.1768,7046187457.450152,984284350.9486556,15790629.677375905,180286.91863472032,417159919051.1768,6967425472.665523,974842678.1155217,15790813.980126819,180567.5424694047,0.0,78761984.78462982,9441672.833133936,-184.30275091342628,-280.62383468437474,-88203657.61776376,-184.30275091342628,-280.62383468437474,0.010437739146191486
931,417159919051.1768,7046187457.450152,984284350.9486556,15790629.677375905,180286.91863472032,417078747551.96875,6967473189.066816,974659284.6712935,15790840.763152698,180645.92292013342,81171499.20806885,78714268.38333607,9625066.277362108,-211.08577679283917,-359.0042854131025,-76163609.77948785,-211.08577679283917,-359.0042854131025,0.01030364257316573
932,417159919051.1768,7046187457.450152,984284350.9486556,15790629.677375905,180286.91863472032,417022096586.7266,6968624837.252724,974366769.9586884,15786705.042258244,180537.1162498251,137822464.4501953,77562620.1974287,9917580.989967227,3924.635117661208,-250.19761510478565,-66806831.51986663,3924.635117661208,-250.19761510478565,0.010206549073349776
933,417159919051.1768,7046187457.450152,984284350.9486556,15790629.677375905,180286.91863472032,417067031594.97754,6968125111.213989,974269068.075943,15787591.536845785,181844.3868441859,92887456.19927979,78062346.23616314,10015282.872712612,3038.1405301205814,-1557.4682094655873,-74144510.67898378,3038.1405301205814,-1557.4682094655873,0.010240917951532513
934,417159919051.1768,7046187457.450152,984284350.9486556,15790629.677375905,180286.91863472032,417038833668.12506,6967799893.869704,974703777.7948439,15789546.876248598,181230.6113013106,121085383.05175781,78387563.58044815,9580573.153811693,1082.801127307117,-943.692666590272,-69805329.27649617,1082.801127307117,-943.692666590272,0.01020387699499654
935,417159919051.1768,7046187457.450152,984284350.9486556,15790629.677375905,180286.91863472032,417036123346.29474,6968263712.287011,974256084.2488976,15784187.926639162,183495.1829163326,123795704.88208008,77923745.16314125,10028266.699758053,6441.750736743212,-3208.264281612268,-69382656.1305873,6441.750736743212,-3208.264281612268,0.010234603339045573
936,417159919051.1768,7046187457.450152,984284350.9486556,15790629.677375905,180286.91863472032,417082224782.66473,6970837632.410681,975547694.7614995,15692732.167159034,180386.5291582029,77694268.51208496,75349825.03947163,8736656.187156081,97897.51021687128,-99.6105234825809,-72432340.94981496,97897.51021687128,-99.6105234825809,0.010326614902225223
937,417159919051.1768,7046187457.450152,984284350.9486556,15790629.677375905,180286.91863472032,417159919051.1768,6967172381.946313,974124559.2785547,15786902.199678134,181353.42699002064,0.0,79015075.5038395,10159791.670100927,3727.4776977710426,-1066.5083553003205,-89174867.17394042,3727.4776977710426,-1066.5083553003205,0.010437739146191486
938,417159919051.1768,7046187457.450152,984284350.9486556,15790629.677375905,180286.91863472032,417159919051.1768,6970525215.492793,975088253.6042802,15782960.742993215,179985.55618428095,0.0,75662241.95735931,9196097.344375372,7668.934382690117,301.3624504393665,-84858339.30173469,7668.934382690117,301.3624504393665,0.010437739146191486
939,417159919051.1768,7046187457.450152,984284350.9486556,15790629.677375905,180286.91863472032,417107668249.23773,6966190269.810399,975182415.3413327,15791007.839223325,180241.2883192246,52250801.939086914,79997187.63975334,9101935.607322931,-378.1618474200368,45.63031549571315,-81261502.95621324,-378.1618474200368,45.63031549571315,0.01035962067834943
940,417159919051.1768,7046187457.450152,984284350.9486556,15790629.677375905,180286.91863472032,417159919051.1768,6966547526.4139385,974671958.7903312,15789870.215142876,180026.98466062595,0.0,79639931.03621387,9612392.15832436,759.4622330293059,259.93397409436875,-89252323.19453824,759.4622330293059,259.93397409436875,0.010437739146191486
941,417159919051.1768,7046187457.450152,984284350.9486556,15790629.677375905,180286.91863472032,417067031594.97754,6967373928.38102,974628003.214329,15789950.394702403,180875.2997980013,92887456.19927979,78813529.0691328,9656347.734326601,679.2826735023409,-588.3811632809811,-74536758.37356743,679.2826735023409,-588.3811632809811,0.010240917951532513
942,417159919051.1768,7046187457.450152,984284350.9486556,15790629.677375905,180286.91863472032,417159919051.1768,6967968894.737756,975087738.5964622,15789390.491497397,180120.64058544295,0.0,78218562.71239662,9196612.352193356,1239.185878507793,166.27804927737452,-87415175.06458998,1239.185878507793,166.27804927737452,0.010437739146191486
943,417159919051.1768,7046187457.450152,984284350.9486556,15790629.677375905,180286.91863472032,417159919051.1768,6968238868.625767,975078476.0046369,15790585.255336784,180073.87840645696,0.0,77948588.82438564,9205874.944018722,44.42203912138939,213.04022826335859,-87154463.76840436,44.42203912138939,213.04022826335859,0.010437739146191486
944,417159919051.1768,7046187457.450152,984284350.9486556,15790629.677375905,180286.91863472032,417159919051.1768,6972666266.56279,974802102.0715278,15787150.270121677,180217.38518718252,0.0,73521190.88736248,9482248.877127767,3479.4072542283684,69.53344753780402,-83003439.76449025,3479.4072542283684,69.53344753780402,0.010437739146191486
945,417159919051.1768,7046187457.450152,984284350.9486556,15790629.677375905,180286.91863472032,417117324854.0751,6968701452.453182,975000541.3458471,15737431.295482012,181715.73679234352,42594197.101745605,77486004.99697018,9283809.602808475,53198.381893893704,-1428.8181576232018,-80380685.03451681,53198.381893893704,-1428.8181576232018,0.010384101346749325
946,417159919051.1768,7046187457.450152,984284350.9486556,15790629.677375905,180286.91863472032,417078747551.96875,6968981494.834341,975117046.0784649,15790383.125849646,181053.9035907526,81171499.20806885,77205962.61581135,9167304.87019074,246.55152625963092,-766.9849560322764,-74197542.60479176,246.55152625963092,-766.9849560322764,0.01030364257316573
947,417159919051.1768,7046187457.450152,984284350.9486556,15790629.677375905,180286.91863472032,417159919051.1768,6966025057.94829,975080654.1161623,15789787.672559263,180178.92158674114,0.0,80162399.50186253,9203696.832493305,842.0048166420311,107.99704797918093,-89366096.33435583,842.0048166420311,107.99704797918093,0.010437739146191486
948,417159919051.1768,7046187457.450152,984284350.9486556,15790629.677375905,180286.91863472032,417159919051.1768,6931770843.545413,963790248.4788502,15791001.3557968,166842.66053424915,0.0,114416613.90473938,20494102.46980536,-371.6784208957106,13444.258100471168,-134910716.37454474,-371.6784208957106,13444.258100471168,0.010437739146191486
949,417159919051.1768,7046187457.450152,984284350.9486556,15790629.677375905,180286.91863472032,417159919051.1768,6933716881.834648,963867567.6961199,15791143.199862111,166842.66053424915,0.0,112470575.61550426,20416783.2525357,-513.5224862061441,13444.258100471168,-132887358.86803997,-513.5224862061441,13444.258100471168,0.010437739146191486
950,417159919051.1768,7046187457.450152,984284350.9486556,15790629.677375905,180286.91863472032,417038833668.12506,6968638936.335919,974665051.4469534,15786211.341253497,180573.03882625865,121085383.05175781,77548521.11423302,9619299.50170219,4418.336122408509,-286.1201915383281,-69005013.15817153,4418.336122408509,-286.1201915383281,0.01020387699499654
951,417159919051.1768,7046187457.450152,984284350.9486556,15790629.677375905,180286.91863472032,417038833668.12506,6968121456.034132,974839688.9249121,15787101.171723915,183436.3520625866,121085383.05175781,78066001.4160204,9444662.02374351,3528.5056519899517,-3149.4334278662864,-69347855.98200023,3528.5056519899517,-3149.4334278662864,0.01020387699499654
952,417159919051.1768,7046187457.450152,984284350.9486556,15790629.677375905,180286.91863472032,417036123346.29474,6968025058.088985,974705209.2518677,15784403.681966452,182121.22185672613,123795704.88208008,78162399.36116695,9579141.696787953,6225.995409453288,-1834.3032220058085,-69172185.3256429,6225.995409453288,-1834.3032220058085,0.010234603339045573
953,417159919051.1768,7046187457.450152,984284350.9486556,15790629.677375905,180286.91863472032,417082224782.66473,6970129918.781787,975625643.5083982,15692732.167159034,180386.5291582029,77694268.51208496,76057538.66836548,8658707.44025743,97897.51021687128,-99.6105234825809,-73062105.83181016,97897.51021687128,-99.6105234825809,0.010326614902225223
954,417159919051.1768,7046187457.450152,984284350.9486556,15790629.677375905,180286.91863472032,417159919051.1768,6938870620.928184,972587338.8025966,15791044.577662895,179725.179663413,0.0,107316836.52196884,11697012.146059036,-414.90028698928654,561.7389713073208,-119013848.66802788,-414.90028698928654,561.7389713073208,0.010437739146191486
955,417159919051.1768,7046187457.450152,984284350.9486556,15790629.677375905,180286.91863472032,417159919051.1768,6938870620.928184,972587338.8025966,15791044.577662895,179725.179663413,0.0,107316836.52196884,11697012.146059036,-414.90028698928654,561.7389713073208,-119013848.66802788,-414.90028698928654,561.7389713073208,0.010437739146191486
956,417159919051.1768,7046187457.450152,984284350.9486556,15790629.677375905,180286.91863472032,417159919051.1768,6926516728.964434,968869375.6203799,15791001.3557968,179772.88862133,0.0,119670728.48571873,15414975.32827568,-371.6784208957106,514.030013390322,-135085703.8139944,-371.6784208957106,514.030013390322,0.010437739146191486
957,417159919051.1768,7046187457.450152,984284350.9486556,15790629.677375905,180286.91863472032,417159919051.1768,6926998752.646602,969062955.4992044,15791001.3557968,179772.88862133,0.0,119188704.80355072,15221395.449451208,-371.6784208957106,514.030013390322,-134410100.25300193,-371.6784208957106,514.030013390322,0.010437739146191486
958,417159919051.1768,7046187457.450152,984284350.9486556,15790629.677375905,180286.91863472032,417136555361.0899,6967329507.394159,974058160.4848003,15711739.10541879,180903.53957392141,23363690.086914062,78857950.05599308,10226190.463855267,78890.57195711508,-616.6209392010933,-85579587.00681123,78890.57195711508,-616.6209392010933,0.010383227978490058
959,417159919051.1768,7046187457.450152,984284350.9486556,15790629.677375905,180286.91863472032,417107668249.23773,6966665310.820533,975097994.7603499,15790692.450548753,180360.54581587538,52250801.939086914,79522146.6296196,9186356.188305736,-62.77317284792662,-73.62718115505413,-80870882.5270623,-62.77317284792662,-73.62718115505413,0.01035962067834943
960,417159919051.1768,7046187457.450152,984284350.9486556,15790629.677375905,180286.91863472032,417159919051.1768,6964325013.162841,974676040.754882,15783633.46726269,180067.3518573232,0.0,81862444.28731155,9608310.193773627,6996.210113214329,219.56677739712177,-91470754.48108518,6996.210113214329,219.56677739712177,0.010437739146191486
961,417159919051.1768,7046187457.450152,984284350.9486556,15790629.677375905,180286.91863472032,417159919051.1768,6942098424.346698,971303870.4612708,15791001.3557968,179637.47400063145,0.0,104089033.10345459,12980480.487384796,-371.6784208957106,649.444634088868,-117069513.59083939,-371.6784208957106,649.444634088868,0.010437739146191486
962,417159919051.1768,7046187457.450152,984284350.9486556,15790629.677375905,180286.91863472032,417159919051.1768,6942824651.023171,971775239.795563,15791143.199862111,179637.47400063145,0.0,103362806.42698097,12509111.153092623,-513.5224862061441,649.444634088868,-115871917.5800736,-513.5224862061441,649.444634088868,0.010437739146191486
963,417159919051.1768,7046187457.450152,984284350.9486556,15790629.677375905,180286.91863472032,417038833668.12506,6966977007.579922,974544836.2787238,15762041.002164073,180191.22501527338,121085383.05175781,79210449.87023067,9739514.66993177,28588.675211831927,95.69361944694538,-70787157.08239877,28588.675211831927,95.69361944694538,0.01020387699499654
964,417159919051.1768,7046187457.450152,984284350.9486556,15790629.677375905,180286.91863472032,417159919051.1768,7041914140.46377,981781227.3837527,15788905.442568194,182357.3189803449,0.0,4273316.986382484,2503123.5649029016,1724.2348077110946,-2070.40034562457,-6776440.551285386,1724.2348077110946,-2070.40034562457,0.010437739146191486
965,417159919051.1768,7046187457.450152,984284350.9486556,15790629.677375905,180286.91863472032,416947496763.73584,7041422158.722731,981503588.2305286,15790092.225115687,182616.4283103771,212422287.440979,4765298.727421761,2780762.7181270123,537.4522602185607,-2329.5096756567655,24317281.670598075,537.4522602185607,-2329.5096756567655,0.009991077420381581
966,417159919051.1768,7046187457.450152,984284350.9486556,15790629.677375905,180286.91863472032,417144356690.44855,7040342605.517912,981202927.4426094,15777029.994261218,182484.16736769487,15562360.728271484,5844851.932240486,3081423.506046176,13599.68311468698,-2197.248732974549,-6591921.32904594,13599.68311468698,-2197.248732974549,0.010375003178178183
967,417159919051.1768,7046187457.450152,984284350.9486556,15790629.677375905,180286.91863472032,417144356690.44855,7036087435.656968,981337860.997531,15780394.440678291,181544.45826202302,15562360.728271484,10100021.79318428,2946489.951124549,10235.236697614193,-1257.5396273027,-10712157.635068107,10235.236697614193,-1257.5396273027,0.010375003178178183
968,417159919051.1768,7046187457.450152,984284350.9486556,15790629.677375905,180286.91863472032,417053302961.8964,7053623201.407393,981247815.6744617,15718750.149333956,180045.6838037448,106616089.28039551,-7435743.957241058,3036535.274193883,71879.5280419495,241.23483097553253,20391622.0751065,71879.5280419495,241.23483097553253,0.010119060660346395
969,417159919051.1768,7046187457.450152,984284350.9486556,15790629.677375905,180286.91863472032,417149915788.471,7042093007.920532,981933610.1766051,15742553.365384102,180374.58813393855,10003262.705810547,4094449.5296201706,2350740.7720505,48076.31199180335,-87.66949921823107,-4944700.895799088,48076.31199180335,-87.66949921823107,0.010350292095582471
970,417159919051.1768,7046187457.450152,984284350.9486556,15790629.677375905,180286.91863472032,417149915788.471,7041937957.779692,981907637.0389853,15751347.743729152,180489.13334110522,10003262.705810547,4249499.670460701,2376713.909670353,39281.93364675343,-202.214706384897,-5125724.174259472,39281.93364675343,-202.214706384897,0.010350292095582471
971,417159919051.1768,7046187457.450152,984284350.9486556,15790629.677375905,180286.91863472032,416951076227.98956,7044648196.918774,979872950.953084,15742763.16698255,181707.3480932249,208842823.18725586,1539260.531378746,4411399.995571613,47866.51039335504,-1420.4294585045718,25375762.95113802,47866.51039335504,-1420.4294585045718,0.0098430785652929
972,417159919051.1768,7046187457.450152,984284350.9486556,15790629.677375905,180286.91863472032,416954255213.7033,7042241289.609485,979573448.0310984,15777640.963362822,186442.193513037,205663837.47351074,3946167.8406677246,4710902.9175572395,12988.714013082907,-6155.274878316675,22192504.862801645,12988.714013082907,-6155.274878316675,0.009800382302692933
973,417159919051.1768,7046187457.450152,984284350.9486556,15790629.677375905,180286.91863472032,416877610488.78174,7041364598.264658,980662781.7013985,15632542.791852038,184575.86178036826,282308562.39508057,4822859.185494423,3621569.2472571135,158086.88552386686,-4288.943145647936,33901855.92651055,158086.88552386686,-4288.943145647936,0.009675554668060943
974,417159919051.1768,7046187457.450152,984284350.9486556,15790629.677375905,180286.91863472032,416960473142.0521,7042980107.785123,979597395.7759777,15755593.582243169,189619.19871863056,199445909.12469482,3207349.6650295258,4686955.172677875,35036.09513273649,-9332.280083910242,22022581.53099682,35036.09513273649,-9332.280083910242,0.009913013384615301
975,417159919051.1768,7046187457.450152,984284350.9486556,15790629.677375905,180286.91863472032,417032656342.2071,7047725813.215221,982377656.7311231,15388282.785225859,181328.96328355404,127262708.96972656,-1538355.7650690079,1906694.2175325155,402346.8921500463,-1042.0446488337184,18721067.892995477,402346.8921500463,-1042.0446488337184,0.010160687710056442
976,417159919051.1768,7046187457.450152,984284350.9486556,15790629.677375905,180286.91863472032,417047828435.596,7041276035.958534,979402123.3621484,15724593.77217369,183815.4631977388,112090615.58081055,4911421.491618156,4882227.586507201,66035.90520221554,-3528.544563018484,7019943.258996222,66035.90520221554,-3528.544563018484,0.009927284997778188
977,417159919051.1768,7046187457.450152,984284350.9486556,15790629.677375905,180286.91863472032,417145126068.7605,6961999841.725439,968721680.0752789,15785966.452530405,178523.7984392639,14792982.4163208,84187615.72471333,15562670.873376727,4663.224845500663,1763.1201954564312,-97531339.23564193,4663.224845500663,1763.1201954564312,0.01037997221281584
978,417159919051.1768,7046187457.450152,984284350.9486556,15790629.677375905,180286.91863472032,417145890697.7233,7039679879.483448,981276960.5343889,15745925.85555226,180414.93287165207,14028353.453491211,6507577.966704369,3007390.4142667055,44703.82182364538,-128.0142369317473,-7410715.362947393,44703.82182364538,-128.0142369317473,0.010347095493742782
979,417159919051.1768,7046187457.450152,984284350.9486556,15790629.677375905,180286.91863472032,416986751158.0829,7047486572.843504,981282318.5341873,15546757.858730106,180329.48937597088,173167893.0939331,-1299115.3933515549,3002032.4144682884,243871.81864579953,-42.57074125055806,24272266.94297323,243871.81864579953,-42.57074125055806,0.00972198847926739
980,417159919051.1768,7046187457.450152,984284350.9486556,15790629.677375905,180286.91863472032,417033661259.709,7039922653.006822,981312442.5617045,15789525.789889645,181002.1846248903,126257791.46783447,6264804.443330765,2971908.386951089,1103.8874862603843,-715.2659901699808,9701955.889893316,1103.8874862603843,-715.2659901699808,0.010179544943262604
981,417159919051.1768,7046187457.450152,984284350.9486556,15790629.677375905,180286.91863472032,417111907065.35614,7040692271.631162,980872804.1052798,15730289.566298993,180558.05110737507,48011985.82067871,5495185.818990707,3411546.843375802,60340.11107691191,-271.1324726547464,-1704934.7892647032,60340.11107691191,-271.1324726547464,0.010226254771570152
982,417159919051.1768,7046187457.450152,984284350.9486556,15790629.677375905,180286.91863472032,416954255213.7033,7040712778.432761,980430293.007534,15786645.107783208,182632.3246995553,205663837.47351074,5474679.017391205,3854057.941121578,3984.569592697546,-2345.4060648349696,21520838.662513826,3984.569592697546,-2345.4060648349696,0.009800382302692933
983,417159919051.1768,7046187457.450152,984284350.9486556,15790629.677375905,180286.91863472032,417134545701.6307,7042877981.788617,981585225.8645163,15779064.91616196,180677.4827074839,25373349.546142578,3309475.661535263,2699125.084139347,11564.761213945225,-390.5640727635764,-2202598.3137532235,11564.761213945225,-390.5640727635764,0.010327063560637555
984,417159919051.1768,7046187457.450152,984284350.9486556,15790629.677375905,180286.91863472032,416795263323.94434,7043817615.924903,981318050.967491,15786140.36050432,180563.00792299464,364655727.2324829,2369841.525249481,2966299.9811645746,4489.316871585324,-276.089288274321,49362217.578458376,4489.316871585324,-276.089288274321,0.009314207146240793
985,417159919051.1768,7046187457.450152,984284350.9486556,15790629.677375905,180286.91863472032,417112608057.93286,7039894540.464449,981216534.9290557,15631916.432021493,181272.5380594179,47310993.24395752,6292916.985703468,3067816.0195999146,158713.24535441212,-985.6194246975647,-2264084.0187097555,158713.24535441212,-985.6194246975647,0.010263569342833258
986,417159919051.1768,7046187457.450152,984284350.9486556,15790629.677375905,180286.91863472032,416795263323.94434,7042456962.956152,981286622.9281485,15786073.482399205,180576.92829839126,364655727.2324829,3730494.494000435,2997728.0205070972,4556.19497670047,-290.00966367093497,47970136.5703649,4556.19497670047,-290.00966367093497,0.009314207146240793
987,417159919051.1768,7046187457.450152,984284350.9486556,15790629.677375905,180286.91863472032,417159919051.1768,7052281252.387601,980885498.8929601,15723391.74352973,180929.06340433002,0.0,-6093794.937448502,3398852.0556955338,67237.93384617567,-642.144769609702,2694942.881752968,67237.93384617567,-642.144769609702,0.010437739146191486
988,417159919051.1768,7046187457.450152,984284350.9486556,15790629.677375905,180286.91863472032,417134545701.6307,7039956704.801641,981538959.4460262,15765568.408893522,180103.8731355117,25373349.546142578,6230752.648510933,2745391.5026293993,25061.26848238334,183.0454992086161,-5170141.719218945,25061.26848238334,183.0454992086161,0.010327063560637555
989,417159919051.1768,7046187457.450152,984284350.9486556,15790629.677375905,180286.91863472032,416986751158.0829,7043126703.378046,981466410.0620953,15569860.817318583,180330.9683046693,173167893.0939331,3060754.0721063614,2817940.886560321,220768.8600573223,-44.049669948988594,20096489.00542328,220768.8600573223,-44.049669948988594,0.00972198847926739
990,417159919051.1768,7046187457.450152,984284350.9486556,15790629.677375905,180286.91863472032,417090822981.5176,7043466066.483424,981213360.9920259,15599632.516344963,184696.9434298743,69096069.65924072,2721390.9667282104,3070989.956629753,190997.16103094257,-4410.024795153993,4572029.525528144,190997.16103094257,-4410.024795153993,0.010302093762173226
991,417159919051.1768,7046187457.450152,984284350.9486556,15790629.677375905,180286.91863472032,417047828435.596,7042194540.214924,981283131.4624107,15751227.523177898,181100.9946794881,112090615.58081055,3992917.2352285385,3001219.486244917,39402.15419800766,-814.0760447677749,9819455.615648124,39402.15419800766,-814.0760447677749,0.009927284997778188
992,417159919051.1768,7046187457.450152,984284350.9486556,15790629.677375905,180286.91863472032,417159919051.1768,7023174356.6922455,980168546.2741364,15790629.677375905,179478.90073347554,0.0,23013100.757906914,4115804.6745191813,0.0,808.017901244777,-27128905.432426095,0.0,808.017901244777,0.010437739146191486
993,417159919051.1768,7046187457.450152,984284350.9486556,15790629.677375905,180286.91863472032,417159919051.1768,7040839469.52367,980896509.0096674,15789748.559985947,180045.6838037448,0.0,5347987.926482201,3387841.938988209,881.1173899583519,241.23483097553253,-8735829.86547041,881.1173899583519,241.23483097553253,0.010437739146191486
994,417159919051.1768,7046187457.450152,984284350.9486556,15790629.677375905,180286.91863472032,417159919051.1768,7040285097.194615,981716659.23307,15790487.274964606,180550.56716316062,0.0,5902360.255537033,2567691.7155855894,142.40241129882634,-263.64852844030247,-8470051.971122622,142.40241129882634,-263.64852844030247,0.010437739146191486
995,417159919051.1768,7046187457.450152,984284350.9486556,15790629.677375905,180286.91863472032,417159919051.1768,7039384182.477825,981354591.5289786,15790471.65849023,180831.83446765217,0.0,6803274.972327232,2929759.419677019,158.01888567581773,-544.9158329318452,-9733034.392004251,158.01888567581773,-544.9158329318452,0.010437739146191486
996,417159919051.1768,7046187457.450152,984284350.9486556,15790629.677375905,180286.91863472032,416947496763.73584,7046253205.023474,982218156.39036,15785619.983114706,186509.11319237863,212422287.440979,-65747.57332134247,2066194.5582956076,5009.694261198863,-6222.194557658309,29862896.131172583,5009.694261198863,-6222.194557658309,0.009991077420381581
997,417159919051.1768,7046187457.450152,984284350.9486556,15790629.677375905,180286.91863472032,417111907065.35614,7041714685.843613,979485684.2982172,15724518.219779564,182761.63308057663,48011985.82067871,4472771.606539726,4798666.650438428,66111.45759634115,-2474.7144458563125,-2069640.383876348,66111.45759634115,-2474.7144458563125,0.010226254771570152
998,417159919051.1768,7046187457.450152,984284350.9486556,15790629.677375905,180286.91863472032,417159919051.1768,7039374310.040565,981203641.3570704,15785432.458108889,181075.11791603718,0.0,6813147.40958786,3080709.5915851593,5197.219267016277,-788.1992813168617,-9893857.00117302,5197.219267016277,-788.1992813168617,0.010437739146191486
999,417159919051.1768,7046187457.450152,984284350.9486556,15790629.677375905,180286.91863472032,416986751158.0829,7023303712.800294,973352419.8129035,15485936.517265853,172528.3741222012,173167893.0939331,22883744.649858475,10931931.135752082,304693.1601100527,7758.544512519118,-7840491.821520593,304693.1601100527,7758.544512519118,0.00972198847926739
1000,417159919051.1768,7046187457.450152,984284350.9486556,15790629.677375905,180286.91863472032,416986751158.0829,7035062852.361896,972418194.8112677,15485936.517265853,172528.3741222012,173167893.0939331,11124605.088256836,11866156.137387872,304693.1601100527,7758.544512519118,2984422.738445256,304693.1601100527,7758.544512519118,0.00972198847926739
1001,417159919051.1768,7046187457.450152,984284350.9486556,15790629.677375905,180286.91863472032,416986751158.0829,7037418358.63044,972085821.1903924,15485936.517265853,172528.3741222012,173167893.0939331,8769098.819712639,12198529.75826323,304693.1601100527,7758.544512519118,5007555.386114094,304693.1601100527,7758.544512519118,0.00972198847926739
1002,417159919051.1768,7046187457.450152,984284350.9486556,15790629.677375905,180286.91863472032,416986751158.0829,7041793472.575591,980304994.7373134,15486993.379367026,183282.32318026142,173167893.0939331,4393984.87456131,3979356.2113422155,303636.29800887965,-2995.404545541096,17601842.87818644,303636.29800887965,-2995.404545541096,0.00972198847926739
1003,417159919051.1768,7046187457.450152,984284350.9486556,15790629.677375905,180286.91863472032,416877610488.78174,7043074281.733435,980728526.4943899,15641115.891087376,182372.41537253043,282308562.39508057,3113175.71671772,3555824.4542657137,149513.78628852963,-2085.4967378101137,35677284.18827865,149513.78628852963,-2085.4967378101137,0.009675554668060943
1004,417159919051.1768,7046187457.450152,984284350.9486556,15790629.677375905,180286.91863472032,416877610488.78174,7041774397.258098,980394013.762105,15633375.63492093,189244.19229609193,282308562.39508057,4413060.192054749,3890337.186550617,157254.04245497473,-8957.273661371612,34042886.98065672,157254.04245497473,-8957.273661371612,0.009675554668060943
1005,417159919051.1768,7046187457.450152,984284350.9486556,15790629.677375905,180286.91863472032,416960473142.0521,7042442680.308497,980418401.1771426,15756422.661523307,185825.2050768949,199445909.12469482,3744777.1416549683,3865949.771512985,34207.01585259847,-5538.286442174576,22306159.45553627,34207.01585259847,-5538.286442174576,0.009913013384615301
1006,417159919051.1768,7046187457.450152,984284350.9486556,15790629.677375905,180286.91863472032,417032656342.2071,7046913447.911738,982412397.6245049,15388282.785225859,181328.96328355404,127262708.96972656,-725990.4615859985,1871953.3241506815,402346.8921500463,-1042.0446488337184,17943443.4828943,402346.8921500463,-1042.0446488337184,0.010160687710056442
1007,417159919051.1768,7046187457.450152,984284350.9486556,15790629.677375905,180286.91863472032,416795263323.94434,7048587749.211226,981297283.1805487,15787157.213112125,180514.28137199173,364655727.2324829,-2400291.761074066,2987067.7681069374,3472.4642637800425,-227.36273727141088,54111583.07783956,3472.4642637800425,-227.36273727141088,0.009314207146240793
1008,417159919051.1768,7046187457.450152,984284350.9486556,15790629.677375905,180286.91863472032,416795263323.94434,7048587749.211226,981297283.1805487,15787157.213112125,180514.28137199173,364655727.2324829,-2400291.761074066,2987067.7681069374,3472.4642637800425,-227.36273727141088,54111583.07783956,3472.4642637800425,-227.36273727141088,0.009314207146240793
1009,417159919051.1768,7046187457.450152,984284350.9486556,15790629.677375905,180286.91863472032,416795263323.94434,7047536295.367405,981149654.5086123,15787089.873879034,180152.43681040872,364655727.2324829,-1348837.9172525406,3134696.44004333,3539.8034968711436,134.4818243116024,52912500.56208164,3539.8034968711436,134.4818243116024,0.009314207146240793
1010,417159919051.1768,7046187457.450152,984284350.9486556,15790629.677375905,180286.91863472032,416795263323.94434,7035983993.429186,981210747.9393139,15787089.873879034,180152.43681040872,364655727.2324829,10203464.02096653,3073603.0093417168,3539.8034968711436,134.4818243116024,41421292.054564185,3539.8034968711436,134.4818243116024,0.009314207146240793
1011,417159919051.1768,7046187457.450152,984284350.9486556,15790629.677375905,180286.91863472032,416795263323.94434,7046279489.55664,981248718.064848,15787089.873879034,180152.43681040872,364655727.2324829,-92032.10648727417,3035632.883807659,3539.8034968711436,134.4818243116024,51754758.30755205,3539.8034968711436,134.4818243116024,0.009314207146240793
1012,417159919051.1768,7046187457.450152,984284350.9486556,15790629.677375905,180286.91863472032,416795263323.94434,7046866277.986552,981320421.6523728,15787089.873879034,180152.43681040872,364655727.2324829,-678820.5363998413,2963929.2962827682,3539.8034968711436,134.4818243116024,52413250.324989505,3539.8034968711436,134.4818243116024,0.009314207146240793
1013,417159919051.1768,7046187457.450152,984284350.9486556,15790629.677375905,180286.91863472032,417047828435.596,7040097824.993975,980749755.1341465,15744038.788540175,182013.50362329738,112090615.58081055,6089632.4561777115,3534595.8145091534,46590.88883573003,-1726.5849885770585,7189364.066434715,46590.88883573003,-1726.5849885770585,0.009927284997778188
1014,417159919051.1768,7046187457.450152,984284350.9486556,15790629.677375905,180286.91863472032,417159919051.1768,6985853857.439986,966310642.1641402,15790629.677375905,179307.87167504829,0.0,60333600.01016617,17973708.78451538,0.0,979.0469596720359,-78307308.79468155,0.0,979.0469596720359,0.010437739146191486
1015,417159919051.1768,7046187457.450152,984284350.9486556,15790629.677375905,180286.91863472032,417159919051.1768,6987924384.919154,966307469.8394324,15790629.677375905,179307.87167504829,0.0,58263072.53099823,17976881.109223247,0.0,979.0469596720359,-76239953.64022148,0.0,979.0469596720359,0.010437739146191486
1016,417159919051.1768,7046187457.450152,984284350.9486556,15790629.677375905,180286.91863472032,417159919051.1768,6983583079.165481,973811382.0201138,15780681.498093652,179811.38285844572,0.0,62604378.28467178,10472968.92854178,9948.179282253608,475.5357762745989,-73077347.21321356,9948.179282253608,475.5357762745989,0.010437739146191486
1017,417159919051.1768,7046187457.450152,984284350.9486556,15790629.677375905,180286.91863472032,417104617796.2756,7042116429.50852,978989013.3755268,15302617.099980406,183403.31263836124,55301254.90124512,4071027.941632271,5295337.573128819,488012.57739549875,-3116.3940036409185,-1071177.2795743234,488012.57739549875,-3116.3940036409185,0.010261336264782995
1018,417159919051.1768,7046187457.450152,984284350.9486556,15790629.677375905,180286.91863472032,417033661259.709,7040573464.686323,981542829.8098211,15788107.973277329,181663.22289447632,126257791.46783447,5613992.763829231,2741521.1388344765,2521.70409857668,-1376.304259755998,10583154.817511462,2521.70409857668,-1376.304259755998,0.010179544943262604
1019,417159919051.1768,7046187457.450152,984284350.9486556,15790629.677375905,180286.91863472032,417111907065.35614,7035453802.7618685,980804838.962362,15704500.29959744,180686.94253908005,48011985.82067871,10733654.68828392,3479511.9862935543,86129.37777846493,-400.02390435972484,-7011368.801475668,86129.37777846493,-400.02390435972484,0.010226254771570152
1020,417159919051.1768,7046187457.450152,984284350.9486556,15790629.677375905,180286.91863472032,416795263323.94434,7048644964.279569,981025186.4263451,15785790.05838616,180806.34573716365,364655727.2324829,-2457506.829416275,3259164.5223104954,4839.618989745155,-519.4271024433256,53896701.39197821,4839.618989745155,-519.4271024433256,0.009314207146240793
1021,417159919051.1768,7046187457.450152,984284350.9486556,15790629.677375905,180286.91863472032,416795263323.94434,7049478716.4810915,981084606.7135491,15785790.05838616,180806.34573716365,364655727.2324829,-3291259.030939102,3199744.235106468,4839.618989745155,-519.4271024433256,54789873.880705066,4839.618989745155,-519.4271024433256,0.009314207146240793
1022,417159919051.1768,7046187457.450152,984284350.9486556,15790629.677375905,180286.91863472032,416795263323.94434,7048913719.104523,981217248.2834109,15785790.05838616,180806.34573716365,364655727.2324829,-2726261.654370308,3067102.6652446985,4839.618989745155,-519.4271024433256,54357518.07399804,4839.618989745155,-519.4271024433256,0.009314207146240793
1023,417159919051.1768,7046187457.450152,984284350.9486556,15790629.677375905,180286.91863472032,416877610488.78174,7042044262.365289,980364569.4603248,15560762.516201688,181117.77653546762,282308562.39508057,4143195.0848636627,3919781.488330841,229867.16117421724,-830.8579007473018,34283307.78606758,229867.16117421724,-830.8579007473018,0.009675554668060943
1024,417159919051.1768,7046187457.450152,984284350.9486556,15790629.677375905,180286.91863472032,417159919051.1768,7046841133.398719,984231214.5488733,15790437.372242395,181752.25808524745,0.0,-653675.9485664368,53136.399782299995,192.30513351038098,-1465.339450527128,600539.5487841368,192.30513351038098,-1465.339450527128,0.010437739146191486
1025,417159919051.1768,7046187457.450152,984284350.9486556,15790629.677375905,180286.91863472032,416996046175.3082,7046649830.117043,984034472.0568845,15790507.237702334,181916.5703078433,163872875.8685913,-462372.66689014435,249878.8917710781,122.43967357091606,-1629.6516731229785,24793425.15540776,122.43967357091606,-1629.6516731229785,0.01015528010404187
1026,417159919051.1768,7046187457.450152,984284350.9486556,15790629.677375905,180286.91863472032,417159919051.1768,7045022828.697566,984241915.659565,15789011.870436141,181446.7850298283,0.0,1164628.7525863647,42435.28909063339,1617.8069397639483,-1159.8663951079652,-1207064.0416769981,1617.8069397639483,-1159.8663951079652,0.010437739146191486
1027,417159919051.1768,7046187457.450152,984284350.9486556,15790629.677375905,180286.91863472032,417096117087.9479,7041386642.915262,982233653.922999,15756695.066659767,179785.1976651725,63801963.22894287,4800814.534890175,2050697.025656581,33934.610716138035,501.72096954780864,2718782.9237946738,33934.610716138035,501.72096954780864,0.010285551685387391
1028,417159919051.1768,7046187457.450152,984284350.9486556,15790629.677375905,180286.91863472032,416982548940.6708,7048424291.3816395,983385036.844398,15783055.428439721,181434.4287121308,177370110.50604248,-2236833.9314870834,899314.1042575836,7574.248936183751,-1147.5100774104649,27943036.40313587,7574.248936183751,-1147.5100774104649,0.010035731512959032
1029,417159919051.1768,7046187457.450152,984284350.9486556,15790629.677375905,180286.91863472032,416998062386.9142,7047226525.4095125,983680604.0439359,15783044.543137284,184385.91005811607,161856664.26263428,-1039067.9593601227,603746.9047197104,7585.13423862122,-4098.991423395753,24713820.694035552,7585.13423862122,-4098.991423395753,0.010028479842169253
1030,417159919051.1768,7046187457.450152,984284350.9486556,15790629.677375905,180286.91863472032,416946190448.751,7046761336.158078,983765708.9598255,15718140.49232125,183152.6189219775,213728602.4258423,-573878.7079257965,518641.98883008957,72489.18505465612,-2865.7002872571757,32114527.08297205,72489.18505465612,-2865.7002872571757,0.009954501941147487
1031,417159919051.1768,7046187457.450152,984284350.9486556,15790629.677375905,180286.91863472032,416989787041.02313,7047377526.136301,983270185.6876347,15771056.262302432,186703.86176565336,170132010.15368652,-1190068.6861486435,1014165.2610208988,19573.415073473006,-6416.943130933039,25695704.948180724,19573.415073473006,-6416.943130933039,0.010081977867571168
1032,417159919051.1768,7046187457.450152,984284350.9486556,15790629.677375905,180286.91863472032,417051250518.57385,7049575254.115556,984476429.7078605,15563142.565537415,181174.4594900887,108668532.60296631,-3387796.665403366,-192078.7592048645,227487.11183848977,-887.5408553683665,19880155.315053176,227487.11183848977,-887.5408553683665,0.01024656010338
1033,417159919051.1768,7046187457.450152,984284350.9486556,15790629.677375905,180286.91863472032,417111233852.73004,7046780088.879433,983181511.4303935,15772939.105801893,182863.10595228785,48685198.446777344,-592631.4292802811,1102839.518262148,17690.571574011818,-2576.187317567528,6792571.678034735,17690.571574011818,-2576.187317567528,0.010276215125052017
1034,417159919051.1768,7046187457.450152,984284350.9486556,15790629.677375905,180286.91863472032,417089693528.65753,7049899802.851443,984021251.4383284,15713699.995004227,180483.64511965017,70225522.51928711,-3712345.4012908936,263099.51032721996,76929.68237167783,-196.72648492985172,13983074.26885674,76929.68237167783,-196.72648492985172,0.010206977383017225
1035,417159919051.1768,7046187457.450152,984284350.9486556,15790629.677375905,180286.91863472032,417063472529.4159,7045962905.854224,983939958.6934042,15790472.24701754,180936.35731527174,96446521.7609253,224551.59592819214,344392.2552514076,157.4303583651781,-649.4386805514223,13898034.412959194,157.4303583651781,-649.4386805514223,0.010273858314833207
1036,417159919051.1768,7046187457.450152,984284350.9486556,15790629.677375905,180286.91863472032,417139230417.7474,7046462145.050525,984009726.0195695,15783759.97326189,180613.06867412597,20688633.42944336,-274687.60037231445,274624.92908608913,6869.7041140161455,-326.1500394056493,3103357.685702729,6869.7041140161455,-326.1500394056493,0.01037058773702705
1037,417159919051.1768,7046187457.450152,984284350.9486556,15790629.677375905,180286.91863472032,416998062386.9142,7046401241.923686,983641637.3985039,15788392.15753233,182045.42866264033,161856664.26263428,-213784.47353363037,642713.5501517057,2237.5198435746133,-1758.5100279200124,23849570.562777065,2237.5198435746133,-1758.5100279200124,0.010028479842169253
1038,417159919051.1768,7046187457.450152,984284350.9486556,15790629.677375905,180286.91863472032,417159919051.1768,7047430668.865662,984121789.200668,15787774.316428514,180720.40586450594,0.0,-1243211.415509224,162561.74798762798,2855.3609473910183,-433.48722978562,1080649.667521596,2855.3609473910183,-433.48722978562,0.010437739146191486
1039,417159919051.1768,7046187457.450152,984284350.9486556,15790629.677375905,180286.91863472032,417010421508.24384,7047496227.070353,983964757.8684053,15789022.921081198,180640.57318698466,149497542.9329834,-1308769.6202001572,319593.0802502632,1606.7562947068363,-353.6545522643428,23413807.979897402,1606.7562947068363,-353.6545522643428,0.01007965594713309
1040,417159919051.1768,7046187457.450152,984284350.9486556,15790629.677375905,180286.91863472032,417131208688.2187,7046170037.688797,984573200.8169822,15718296.828126147,180871.03596167636,28710362.958129883,17419.761355400085,-288849.86832654476,72332.84924975783,-584.1173269560386,4577984.550690627,72332.84924975783,-584.1173269560386,0.01035496632683325
1041,417159919051.1768,7046187457.450152,984284350.9486556,15790629.677375905,180286.91863472032,417159919051.1768,7051615605.7233095,983833964.2955911,15756874.904868478,180890.3028152583,0.0,-5428148.27315712,450386.65306448936,33754.77250742726,-603.384180537978,4977761.62009263,33754.77250742726,-603.384180537978,0.010437739146191486
1042,417159919051.1768,7046187457.450152,984284350.9486556,15790629.677375905,180286.91863472032,417102297665.80554,7047794666.812333,984007755.297474,15675491.960865654,183484.36470682762,57621385.371276855,-1607209.3621807098,276595.65118157864,115137.71651025116,-3197.4460721072974,9973821.516690658,115137.71651025116,-3197.4460721072974,0.010344807778555249
1043,417159919051.1768,7046187457.450152,984284350.9486556,15790629.677375905,180286.91863472032,417159919051.1768,7005407245.904442,979327885.096638,15790331.017030632,180066.62291043333,0.0,40780211.54571056,4956465.852017641,298.6603452730924,220.29572428698884,-45736677.397728205,298.6603452730924,220.29572428698884,0.010437739146191486
1044,417159919051.1768,7046187457.450152,984284350.9486556,15790629.677375905,180286.91863472032,416996046175.3082,7047865743.888298,984229647.1896477,15789542.52305518,183995.61572105985,163872875.8685913,-1678286.4381456375,54703.759007930756,1087.1543207243085,-3708.6970863395254,26204514.0594264,1087.1543207243085,-3708.6970863395254,0.01015528010404187
1045,417159919051.1768,7046187457.450152,984284350.9486556,15790629.677375905,180286.91863472032,417159919051.1768,7045594942.77969,983997913.4058539,15788276.768199692,180937.37651127018,0.0,592514.6704626083,286437.5428017378,2352.909176213667,-650.4578765498591,-878952.2132643461,2352.909176213667,-650.4578765498591,0.010437739146191486
1046,417159919051.1768,7046187457.450152,984284350.9486556,15790629.677375905,180286.91863472032,417089693528.65753,7035952676.677732,974886462.3865199,15702650.11692275,169911.17625453108,70225522.51928711,10234780.77241993,9397888.562135696,87979.56045315601,10375.742380189244,-9098840.95666256,87979.56045315601,10375.742380189244,0.010206977383017225
1047,417159919051.1768,7046187457.450152,984284350.9486556,15790629.677375905,180286.91863472032,417089693528.65753,7038337969.132162,974469422.858809,15702665.154360535,169911.17625453108,70225522.51928711,7849488.317990303,9814928.089846611,87964.52301537059,10375.742380189244,-7130588.029943848,87964.52301537059,10375.742380189244,0.010206977383017225
1048,417159919051.1768,7046187457.450152,984284350.9486556,15790629.677375905,180286.91863472032,416946190448.751,7047209841.106249,983883212.2969747,15721222.929436436,181762.70031006733,213728602.4258423,-1022383.6560964584,401138.65168094635,69406.7479394693,-1475.7816753470106,32680535.368291855,69406.7479394693,-1475.7816753470106,0.009954501941147487
1049,417159919051.1768,7046187457.450152,984284350.9486556,15790629.677375905,180286.91863472032,416946190448.751,7047215114.998217,983570749.334918,15717689.434166245,186537.12063090358,213728602.4258423,-1027657.5480642319,713601.6137375832,72940.24320966005,-6250.201996183256,32373346.29820299,72940.24320966005,-6250.201996183256,0.009954501941147487
1050,417159919051.1768,7046187457.450152,984284350.9486556,15790629.677375905,180286.91863472032,416989787041.02313,7047134532.362739,983585048.5169979,15771545.33275531,184218.44785435064,170132010.15368652,-947074.9125862122,699302.4316576719,19084.344620594755,-3931.52921963032,25767574.00398152,19084.344620594755,-3931.52921963032,0.010081977867571168
1051,417159919051.1768,7046187457.450152,984284350.9486556,15790629.677375905,180286.91863472032,417051250518.57385,7048741149.829517,984505738.5885867,15563142.565537415,181174.4594900887,108668532.60296631,-2553692.3793649673,-221387.63993108273,227487.11183848977,-887.5408553683665,19075359.909740996,227487.11183848977,-887.5408553683665,0.01024656010338
1052,417159919051.1768,7046187457.450152,984284350.9486556,15790629.677375905,180286.91863472032,417010421508.24384,7049946086.510851,983950271.2934698,15789554.30865296,180437.72700142453,149497542.9329834,-3758629.060698509,334079.6551858187,1075.3687229454517,-150.8083667042083,25849180.8454602,1075.3687229454517,-150.8083667042083,0.01007965594713309
1053,417159919051.1768,7046187457.450152,984284350.9486556,15790629.677375905,180286.91863472032,417010421508.24384,7049946086.510851,983950271.2934698,15789554.30865296,180437.72700142453,149497542.9329834,-3758629.060698509,334079.6551858187,1075.3687229454517,-150.8083667042083,25849180.8454602,1075.3687229454517,-150.8083667042083,0.01007965594713309
1054,417159919051.1768,7046187457.450152,984284350.9486556,15790629.677375905,180286.91863472032,417010421508.24384,7049453870.609471,983942578.9792101,15789539.290485147,180286.91863472032,149497542.9329834,-3266413.159318924,341771.969445467,1090.386890757829,0.0,25349272.629820965,1090.386890757829,0.0,0.01007965594713309
1055,417159919051.1768,7046187457.450152,984284350.9486556,15790629.677375905,180286.91863472032,417010421508.24384,7038218210.690325,984075890.2593731,15789488.612381566,180286.91863472032,149497542.9329834,7969246.759827614,208460.6892825365,1141.0649943388999,0.0,14246923.990837358,1141.0649943388999,0.0,0.01007965594713309
1056,417159919051.1768,7046187457.450152,984284350.9486556,15790629.677375905,180286.91863472032,417010421508.24384,7048152696.554289,983944736.2857233,15789587.434683548,180286.91863472032,149497542.9329834,-1965239.104136467,339614.6629322767,1042.2426923569292,0.0,24050255.8811517,1042.2426923569292,0.0,0.01007965594713309
1057,417159919051.1768,7046187457.450152,984284350.9486556,15790629.677375905,180286.91863472032,417010421508.24384,7048751343.334046,983994266.9375367,15789587.434683548,180286.91863472032,149497542.9329834,-2563885.8838939667,290084.01111888885,1042.2426923569292,0.0,24698433.312722586,1042.2426923569292,0.0,0.01007965594713309
1058,417159919051.1768,7046187457.450152,984284350.9486556,15790629.677375905,180286.91863472032,417159919051.1768,6925249168.970532,952294859.6986632,15790797.62813596,179111.6503968919,0.0,120938288.47961998,31989491.24999237,-167.95076005533338,1175.2682378284226,-152927779.72961235,-167.95076005533338,1175.2682378284226,0.010437739146191486
1059,417159919051.1768,7046187457.450152,984284350.9486556,15790629.677375905,180286.91863472032,417159919051.1768,6927328292.671096,952284307.4992547,15790797.62813596,179111.6503968919,0.0,118859164.77905655,32000043.4494009,-167.95076005533338,1175.2682378284226,-150859208.22845745,-167.95076005533338,1175.2682378284226,0.010437739146191486
1060,417159919051.1768,7046187457.450152,984284350.9486556,15790629.677375905,180286.91863472032,417118111133.86896,7046473227.349548,983305384.7966162,15547501.882788263,182437.30168228727,41807917.30786133,-285769.8993959427,978966.1520394087,243127.79458764195,-2150.383047566953,5577991.343535733,243127.79458764195,-2150.383047566953,0.010325386045826395
1061,417159919051.1768,7046187457.450152,984284350.9486556,15790629.677375905,180286.91863472032,417063472529.4159,7046395909.042653,984144283.3204188,15790052.013036873,181314.657804944,96446521.7609253,-208451.59250068665,140067.62823677063,577.6643390320241,-1027.7391702236782,14535362.22840271,577.6643390320241,-1027.7391702236782,0.010273858314833207
1062,417159919051.1768,7046187457.450152,984284350.9486556,15790629.677375905,180286.91863472032,417139230417.7474,7043936476.301849,983861921.888205,15765325.241563318,180697.88629181826,20688633.42944336,2250981.148303032,422429.0604505539,25304.43581258692,-410.96765709793544,429884.8056629179,25304.43581258692,-410.96765709793544,0.01037058773702705
1063,417159919051.1768,7046187457.450152,984284350.9486556,15790629.677375905,180286.91863472032,417010421508.24384,7049438572.042348,983895123.7863684,15789364.284461213,180529.88581951035,149497542.9329834,-3251114.592195511,389227.16228723526,1265.39291469194,-242.96718479003175,25286518.869855784,1265.39291469194,-242.96718479003175,0.01007965594713309
1064,417159919051.1768,7046187457.450152,984284350.9486556,15790629.677375905,180286.91863472032,417010421508.24384,7050264708.223855,983869548.0961603,15789379.321898999,180529.88581951035,149497542.9329834,-4077250.7737026215,414802.8524953127,1250.355476906523,-242.96718479003175,26087079.361154817,1250.355476906523,-242.96718479003175,0.01007965594713309
1065,417159919051.1768,7046187457.450152,984284350.9486556,15790629.677375905,180286.91863472032,416946190448.751,7047079554.054982,983741609.1190772,15686128.581773665,180963.59980034892,213728602.4258423,-892096.6048297882,542741.8295783997,104501.09560224041,-676.6811656286009,32408645.13912773,104501.09560224041,-676.6811656286009,0.009954501941147487
1066,417159919051.1768,7046187457.450152,984284350.9486556,15790629.677375905,180286.91863472032,417159919051.1768,7046383990.991344,984174808.6455604,15790447.323921986,181358.55227127523,0.0,-196533.54119205475,109542.30309522152,182.3534539192915,-1071.6336365549068,86991.23809683323,182.3534539192915,-1071.6336365549068,0.010437739146191486
1067,417159919051.1768,7046187457.450152,984284350.9486556,15790629.677375905,180286.91863472032,417035114804.9565,7046340904.159436,984004810.0314292,15790496.257498413,181478.7396129932,124804246.22033691,-153446.70928382874,279540.91722643375,133.41987749189138,-1191.820978272881,18594542.72510793,133.41987749189138,-1191.820978272881,0.010231339233487121
1068,417159919051.1768,7046187457.450152,984284350.9486556,15790629.677375905,180286.91863472032,417002051729.0523,7046956859.534096,984232469.482123,15784684.124827007,181189.8632701317,157867322.12451172,-769402.083943367,51881.466532588005,5945.552548898384,-902.9446354113752,24397618.936087538,5945.552548898384,-902.9446354113752,0.010122974014486382
1069,417159919051.1768,7046187457.450152,984284350.9486556,15790629.677375905,180286.91863472032,417026948493.8494,7046391270.962484,984827358.4721242,15785322.091963908,183302.93949781882,132970557.32739258,-203813.5123319626,-543007.5234686136,5307.585411997512,-3016.0208630985,20692404.634909462,5307.585411997512,-3016.0208630985,0.010135624542277583
1070,417159919051.1768,7046187457.450152,984284350.9486556,15790629.677375905,180286.91863472032,416987535216.5774,7046252606.796145,984266269.5010455,15757308.872553272,182380.88302102676,172383834.59942627,-65149.34599304199,18081.447610139847,33320.80482263304,-2093.964386306441,25904643.08829684,33320.80482263304,-2093.964386306441,0.010082037680377864
1071,417159919051.1768,7046187457.450152,984284350.9486556,15790629.677375905,180286.91863472032,417011870245.12354,7046479993.188211,984228332.0161471,15778007.649990905,185266.12033759902,148048806.0532837,-292535.7380590439,56018.93250846863,12622.02738500014,-4979.201702878694,22443837.71354313,12622.02738500014,-4979.201702878694,0.010160201489140352
1072,417159919051.1768,7046187457.450152,984284350.9486556,15790629.677375905,180286.91863472032,417064647815.25775,7046654381.731075,984296331.6804655,15640483.636288324,180985.66685077365,95271235.91906738,-466924.2809228897,-11980.731809854507,150146.04108758084,-698.7482160533255,14769590.40059285,150146.04108758084,-698.7482160533255,0.010287340123060302
1073,417159919051.1768,7046187457.450152,984284350.9486556,15790629.677375905,180286.91863472032,417159919051.1768,7046495118.465108,984247419.2763288,15784420.796240501,182304.78832639757,0.0,-307661.01495552063,36931.67232680321,6208.88113540411,-2017.869691677246,270729.3426287174,6208.88113540411,-2017.869691677246,0.010437739146191486
1074,417159919051.1768,7046187457.450152,984284350.9486556,15790629.677375905,180286.91863472032,417159919051.1768,7047512786.9396105,984265473.4114937,15779548.824178947,180442.0080492805,0.0,-1325329.489458084,18877.537161946297,11080.85319695808,-155.08941456017783,1306451.9522961378,11080.85319695808,-155.08941456017783,0.010437739146191486
1075,417159919051.1768,7046187457.450152,984284350.9486556,15790629.677375905,180286.91863472032,417083941799.78625,7046403012.706645,983995552.4673499,15790559.651833337,180793.49966005457,75977251.39056396,-215555.25649261475,288798.4813057184,70.0255425684154,-506.5810253342497,11323344.48377149,70.0255425684154,-506.5810253342497,0.010317758638386635
1076,417159919051.1768,7046187457.450152,984284350.9486556,15790629.677375905,180286.91863472032,417159919051.1768,7046827415.938338,984535561.7775202,15789001.79693268,180526.09379230064,0.0,-639958.4881858826,-251210.82886457443,1627.8804432246834,-239.17515758032096,891169.317050457,1627.8804432246834,-239.17515758032096,0.010437739146191486
1077,417159919051.1768,7046187457.450152,984284350.9486556,15790629.677375905,180286.91863472032,417026948493.8494,7046249556.274619,984270789.1060654,15788995.670167008,181659.46312840164,132970557.32739258,-62098.82446670532,13561.842590212822,1634.0072088968009,-1372.5444936813146,19994120.58098538,1634.0072088968009,-1372.5444936813146,0.010135624542277583
1078,417159919051.1768,7046187457.450152,984284350.9486556,15790629.677375905,180286.91863472032,417159919051.1768,7046495833.990177,984350431.8508109,15788393.55460321,180626.70033645633,0.0,-308376.5400247574,-66080.90215528011,2236.1227726954967,-339.78170173600665,374457.4421800375,2236.1227726954967,-339.78170173600665,0.010437739146191486
1079,417159919051.1768,7046187457.450152,984284350.9486556,15790629.677375905,180286.91863472032,417159919051.1768,7046373682.090372,984238049.6086587,15789891.858118877,180563.66440440324,0.0,-186224.64021968842,46301.33999693394,737.8192570284009,-276.7457696829224,139923.30022275448,737.8192570284009,-276.7457696829224,0.010437739146191486
1080,417159919051.1768,7046187457.450152,984284350.9486556,15790629.677375905,180286.91863472032,417159919051.1768,7047170156.396371,984342703.9034646,15772164.914986847,180758.95565503818,0.0,-982698.9462184906,-58352.954808950424,18464.762389058247,-472.0370203178609,1041051.901027441,18464.762389058247,-472.0370203178609,0.010437739146191486
1081,417159919051.1768,7046187457.450152,984284350.9486556,15790629.677375905,180286.91863472032,417109312875.899,7046487542.5616045,984351421.278922,15708965.476552524,182795.6266982475,50606175.27783203,-300085.11145210266,-67070.33026635647,81664.20082338154,-2508.708063527185,7958081.733393263,81664.20082338154,-2508.708063527185,0.010364852070106794
1082,417159919051.1768,7046187457.450152,984284350.9486556,15790629.677375905,180286.91863472032,417035114804.9565,7045062907.038649,983834836.8568479,15789791.5825149,182705.7802620715,124804246.22033691,1124550.4115037918,449514.09180772305,838.0948610045016,-2418.8616273511725,17146572.42973902,838.0948610045016,-2418.8616273511725,0.010231339233487121
1083,417159919051.1768,7046187457.450152,984284350.9486556,15790629.677375905,180286.91863472032,417159919051.1768,7046142658.851929,984276199.9979774,15788863.267099604,180761.64468571084,0.0,44798.59822368622,8150.950678229332,1766.4102763012052,-474.72605099051725,-52949.54890191555,1766.4102763012052,-474.72605099051725,0.010437739146191486
1084,417159919051.1768,7046187457.450152,984284350.9486556,15790629.677375905,180286.91863472032,417159919051.1768,7033529036.9446745,975501625.3443586,15790743.539828941,168560.85641858296,0.0,12658420.505477905,8782725.604297042,-113.86245303601027,11726.062216137361,-21441146.109774947,-113.86245303601027,11726.062216137361,0.010437739146191486
1085,417159919051.1768,7046187457.450152,984284350.9486556,15790629.677375905,180286.91863472032,417159919051.1768,7036070485.693431,975169251.7234832,15790762.724760171,168560.85641858296,0.0,10116971.756721497,9115099.2251724,-133.04738426581025,11726.062216137361,-19232070.981893897,-133.04738426581025,11726.062216137361,0.010437739146191486
1086,417159919051.1768,7046187457.450152,984284350.9486556,15790629.677375905,180286.91863472032,416987535216.5774,7045744063.402567,984412637.5787063,15757523.149812985,181366.64000129595,172383834.59942627,443394.04758548737,-128286.63005065918,33106.527562920004,-1079.721366575628,25542467.77237911,33106.527562920004,-1079.721366575628,0.010082037680377864
1087,417159919051.1768,7046187457.450152,984284350.9486556,15790629.677375905,180286.91863472032,416987535216.5774,7046808610.741781,984146819.6591548,15756094.872475058,185162.98957642517,172383834.59942627,-621153.2916288376,137531.28950083256,34534.804900847375,-4876.070941704849,26341197.192041945,34534.804900847375,-4876.070941704849,0.010082037680377864
1088,417159919051.1768,7046187457.450152,984284350.9486556,15790629.677375905,180286.91863472032,417011870245.12354,7046464710.568817,984142478.5310086,15778339.357383987,183358.33890740943,148048806.0532837,-277253.1186647415,141872.41764700413,12290.31999191828,-3071.420272689109,22342701.60901029,12290.31999191828,-3071.420272689109,0.010160201489140352
1089,417159919051.1768,7046187457.450152,984284350.9486556,15790629.677375905,180286.91863472032,417064647815.25775,7045789765.01575,984331072.5738473,15640483.636288324,180985.66685077365,95271235.91906738,397692.4344024658,-46721.62519168854,150146.04108758084,-698.7482160533255,13939714.578649329,150146.04108758084,-698.7482160533255,0.010287340123060302
1090,417159919051.1768,7046187457.450152,984284350.9486556,15790629.677375905,180286.91863472032,417159919051.1768,7047239110.390171,984137250.7779427,15790111.355937492,180286.91863472032,0.0,-1051652.9400186539,147100.17071294785,518.3214384131134,0.0,904552.769305706,518.3214384131134,0.0,0.010437739146191486
1091,417159919051.1768,7046187457.450152,984284350.9486556,15790629.677375905,180286.91863472032,417159919051.1768,7047239110.390171,984137250.7779427,15790111.355937492,180286.91863472032,0.0,-1051652.9400186539,147100.17071294785,518.3214384131134,0.0,904552.769305706,518.3214384131134,0.0,0.010437739146191486
1092,417159919051.1768,7046187457.450152,984284350.9486556,15790629.677375905,180286.91863472032,417159919051.1768,7025246266.457465,980911937.3235987,15790143.148277203,180236.9057124471,0.0,20941190.992687225,3372413.625056863,486.52909870259464,50.01292227322119,-24313604.61774409,486.52909870259464,50.01292227322119,0.010437739146191486
1093,417159919051.1768,7046187457.450152,984284350.9486556,15790629.677375905,180286.91863472032,417159919051.1768,7023875521.102499,981011000.8798344,15790177.94049678,180236.9057124471,0.0,22311936.34765339,3273350.068821192,451.73687912523746,50.01292227322119,-25585286.41647458,451.73687912523746,50.01292227322119,0.010437739146191486
1094,417159919051.1768,7046187457.450152,984284350.9486556,15790629.677375905,180286.91863472032,417159919051.1768,7024511302.316531,981082704.4673593,15790177.94049678,180236.9057124471,0.0,21676155.133621216,3201646.481296301,451.73687912523746,50.01292227322119,-24877801.614917517,451.73687912523746,50.01292227322119,0.010437739146191486
1095,417159919051.1768,7046187457.450152,984284350.9486556,15790629.677375905,180286.91863472032,417159919051.1768,6889279559.917078,943425289.1252594,15790708.747609364,178905.49628448286,0.0,156907897.53307438,40859061.823396206,-79.07023345865309,1381.4223502374662,-197766959.35647058,-79.07023345865309,1381.4223502374662,0.010437739146191486
1096,417159919051.1768,7046187457.450152,984284350.9486556,15790629.677375905,180286.91863472032,417159919051.1768,6891558559.994557,943422116.8005515,15790708.747609364,178905.49628448286,0.0,154628897.45559502,40862234.14810407,-79.07023345865309,1381.4223502374662,-195491131.6036991,-79.07023345865309,1381.4223502374662,0.010437739146191486
1097,417159919051.1768,7046187457.450152,984284350.9486556,15790629.677375905,180286.91863472032,417125086872.4565,7045576502.606953,984605944.3133402,15650744.07532853,181867.64512545755,34832178.720336914,610954.8431997299,-321593.36468458176,139885.60204737447,-1580.72649073723,4935465.329535388,139885.60204737447,-1580.72649073723,0.010355085874157786
1098,417159919051.1768,7046187457.450152,984284350.9486556,15790629.677375905,180286.91863472032,417083941799.78625,7046578692.584248,984302547.4728122,15790267.88410961,181039.4470623273,75977251.39056396,-391235.13409519196,-18196.524156570435,361.7932662945241,-752.5284276069724,11806019.366836356,361.7932662945241,-752.5284276069724,0.010317758638386635
1099,417159919051.1768,7046187457.450152,984284350.9486556,15790629.677375905,180286.91863472032,417159919051.1768,7046017910.697345,984409853.6620442,15779398.383530129,180588.4364209054,0.0,169546.7528076172,-125502.7133885622,11231.293845776469,-301.5177861850825,-44044.039419054985,11231.293845776469,-301.5177861850825,0.010437739146191486
1100,417159919051.1768,7046187457.450152,984284350.9486556,15790629.677375905,180286.91863472032,417159919051.1768,7046121871.321197,984142309.6646345,15790743.539828941,180286.91863472032,0.0,65586.12895584106,142041.28402113914,-113.86245303601027,0.0,-207627.4129769802,-113.86245303601027,0.0,0.010437739146191486
1101,417159919051.1768,7046187457.450152,984284350.9486556,15790629.677375905,180286.91863472032,417159919051.1768,7046999284.360686,984201729.9518385,15790762.724760171,180286.91863472032,0.0,-811826.910533905,82620.99681711197,-133.04738426581025,0.0,729205.9137167931,-133.04738426581025,0.0,0.010437739146191486
1102,417159919051.1768,7046187457.450152,984284350.9486556,15790629.677375905,180286.91863472032,416987535216.5774,7046597820.601173,984413707.5687135,15733771.622873044,180780.70090822648,172383834.59942627,-410363.1510210037,-129356.62005794048,56858.054502861574,-493.7822735061636,26397294.960992884,56858.054502861574,-493.7822735061636,0.010082037680377864
1103,417159919051.1768,7046187457.450152,984284350.9486556,15790629.677375905,180286.91863472032,417243708480.16907,7046068007.122896,983968417.2486926,15804025.7767345,181358.55227127523,-83789428.99224854,119450.3272562027,315933.6999629736,-13396.099358594045,-1071.6336365549068,-13003798.376056457,-13396.099358594045,-1071.6336365549068,0.01065248499947681
1104,417159919051.1768,7046187457.450152,984284350.9486556,15790629.677375905,180286.91863472032,417118904233.9487,7045529673.88387,983716365.4984837,15804073.2940184,181478.7396129932,41014817.22808838,657783.5662822723,567985.4501719475,-13443.616642495617,-1191.820978272881,4926453.567759037,-13443.616642495617,-1191.820978272881,0.010446085086772446
1105,417159919051.1768,7046187457.450152,984284350.9486556,15790629.677375905,180286.91863472032,417085841158.04456,7046906064.889862,984396530.4626226,15799207.23161208,181189.8632701317,74077893.13226318,-718607.4397096634,-112179.5139670372,-8577.554236175492,-902.9446354113752,11942470.923516179,-8577.554236175492,-902.9446354113752,0.010337719867771706
1106,417159919051.1768,7046187457.450152,984284350.9486556,15790629.677375905,180286.91863472032,417110737922.8417,7046228137.211561,984349693.5489064,15798899.128483897,183302.93949781882,49181128.33514404,-40679.76140880585,-65342.60025084019,-8269.45110799186,-3016.0208630985,7483191.611931252,-8269.45110799186,-3016.0208630985,0.010350370395562905
1107,417159919051.1768,7046187457.450152,984284350.9486556,15790629.677375905,180286.91863472032,417071324645.56964,7045863894.527296,984386928.0808895,15770885.90907326,182380.88302102676,88594405.60717773,323562.9228563309,-102577.13223385811,19743.768302645534,-2093.964386306441,13068175.050454186,19743.768302645534,-2093.964386306441,0.010296783533663185
1108,417159919051.1768,7046187457.450152,984284350.9486556,15790629.677375905,180286.91863472032,417095659674.1158,7046207962.940938,984355433.7636538,15792530.756775979,185266.12033759902,64259377.061035156,-20505.490785598755,-71082.81499814987,-1901.079400073737,-4979.201702878694,9730494.864939021,-1901.079400073737,-4979.201702878694,0.010374947342425675
1109,417159919051.1768,7046187457.450152,984284350.9486556,15790629.677375905,180286.91863472032,417148437244.25,7047017586.084103,984789781.7953709,15655006.7430734,180985.66685077365,11481806.926818848,-830128.6339502335,-505430.8467153311,135622.9343025051,-698.7482160533255,3057830.5196883916,135622.9343025051,-698.7482160533255,0.010502085976345625
1110,417159919051.1768,7046187457.450152,984284350.9486556,15790629.677375905,180286.91863472032,417243708480.16907,7045955214.349418,984332778.8364697,15795816.330685692,182304.78832639757,-83789428.99224854,232243.1007347107,-48427.88781404495,-5186.653309786692,-2017.869691677246,-12752229.561757946,-5186.653309786692,-2017.869691677246,0.01065248499947681
1111,417159919051.1768,7046187457.450152,984284350.9486556,15790629.677375905,180286.91863472032,417243708480.16907,7047852258.696559,984626280.4050189,15793868.40847215,180442.0080492805,-83789428.99224854,-1664801.2464065552,-341929.45636332035,-3238.7310962453485,-155.08941456017783,-10561683.646067405,-3238.7310962453485,-155.08941456017783,0.01065248499947681
1112,417159919051.1768,7046187457.450152,984284350.9486556,15790629.677375905,180286.91863472032,417167731228.7785,7045637219.730571,984367680.0554745,15805082.75861841,180793.49966005457,-7812177.60168457,550237.719581604,-83329.10681891441,-14453.081242505461,-506.5810253342497,-1638735.253015375,-14453.081242505461,-506.5810253342497,0.010532504491671958
1113,417159919051.1768,7046187457.450152,984284350.9486556,15790629.677375905,180286.91863472032,417159919051.1768,7045921813.071498,984424872.0541661,15795036.53613115,180526.09379230064,0.0,265644.37865448,-140521.10551047325,-4406.858755243942,-239.17515758032096,-125123.27314400673,-4406.858755243942,-239.17515758032096,0.010437739146191486
1114,417159919051.1768,7046187457.450152,984284350.9486556,15790629.677375905,180286.91863472032,417110737922.8417,7045754527.106863,984503506.7750839,15803518.776952082,181659.46312840164,49181128.33514404,432930.3432893753,-219155.82642829418,-12889.099576177076,-1372.5444936813146,7163394.733410525,-12889.099576177076,-1372.5444936813146,0.010350370395562905
1115,417159919051.1768,7046187457.450152,984284350.9486556,15790629.677375905,180286.91863472032,417243708480.16907,7046192954.905333,984674830.373512,15802916.661388285,180626.70033645633,-83789428.99224854,-5497.455180168152,-390479.42485642433,-12286.984012380242,-339.78170173600665,-12172437.468800688,-12286.984012380242,-339.78170173600665,0.01065248499947681
1116,417159919051.1768,7046187457.450152,984284350.9486556,15790629.677375905,180286.91863472032,417243708480.16907,7046002751.957698,984661327.7325284,15804414.96490395,180563.66440440324,-83789428.99224854,184705.4924545288,-376976.7838728428,-13785.287528045475,-276.7457696829224,-12376143.057418967,-13785.287528045475,-276.7457696829224,0.01065248499947681
1117,417159919051.1768,7046187457.450152,984284350.9486556,15790629.677375905,180286.91863472032,417243708480.16907,7048016590.375336,984610683.9085221,15786688.02177192,180758.95565503818,-83789428.99224854,-1829132.9251832962,-326332.95986652374,3941.655603984371,-472.0370203178609,-10412948.46378746,3941.655603984371,-472.0370203178609,0.01065248499947681
1118,417159919051.1768,7046187457.450152,984284350.9486556,15790629.677375905,180286.91863472032,417193102304.89124,7046350841.646437,984739022.4900101,15723488.5833376,182795.6266982475,-33183253.714416504,-163384.19628429413,-454671.541354537,67141.0940383058,-2508.708063527185,-4359432.319523645,67141.0940383058,-2508.708063527185,0.01057959792339212
1119,417159919051.1768,7046187457.450152,984284350.9486556,15790629.677375905,180286.91863472032,417118904233.9487,7045197827.688786,983934472.9172379,15803368.619034888,182705.7802620715,41014817.22808838,989629.7613668442,349878.03141772747,-12738.941658983007,-2418.8616273511725,4812714.791428685,-12738.941658983007,-2418.8616273511725,0.010446085086772446
1120,417159919051.1768,7046187457.450152,984284350.9486556,15790629.677375905,180286.91863472032,417243708480.16907,7045553342.64625,984702870.1093209,15802490.33750714,180761.64468571084,-83789428.99224854,634114.803902626,-418519.16066527367,-11860.660131234676,-474.72605099051725,-12784009.992074633,-11860.660131234676,-474.72605099051725,0.01065248499947681
1121,417159919051.1768,7046187457.450152,984284350.9486556,15790629.677375905,180286.91863472032,417243708480.16907,7033546992.176672,975201195.1846354,15804320.576348929,168560.85641858296,-83789428.99224854,12640465.273480415,9083155.764020205,-13690.898973023519,11726.062216137361,-34292035.3863379,-13690.898973023519,11726.062216137361,0.01065248499947681
1122,417159919051.1768,7046187457.450152,984284350.9486556,15790629.677375905,180286.91863472032,417243708480.16907,7036278983.838864,975586785.8999355,15805285.831545247,168560.85641858296,-83789428.99224854,9908473.61128807,8697565.048720121,-14656.15416934155,11726.062216137361,-31174453.00884547,-14656.15416934155,11726.062216137361,0.01065248499947681
1123,417159919051.1768,7046187457.450152,984284350.9486556,15790629.677375905,180286.91863472032,417071324645.56964,7045601706.399796,984371350.4161545,15771100.186332973,181366.64000129595,88594405.60717773,585751.0503568649,-86999.4674988985,19529.491042932495,-1079.721366575628,12790409.258218693,19529.491042932495,-1079.721366575628,0.010296783533663185
1124,417159919051.1768,7046187457.450152,984284350.9486556,15790629.677375905,180286.91863472032,417071324645.56964,7046637718.451118,984707333.2676618,15770617.979260132,185162.98957642517,88594405.60717773,-450261.0009660721,-422982.3190062046,20011.6981157735,-4876.070941704849,14162404.161048936,20011.6981157735,-4876.070941704849,0.010296783533663185
1125,417159919051.1768,7046187457.450152,984284350.9486556,15790629.677375905,180286.91863472032,417095659674.1158,7046130006.755016,984412886.710765,15792862.464169063,183358.33890740943,64259377.061035156,57450.69513607025,-128535.76210939884,-2232.7867931574583,-3071.420272689109,9709991.6261286,-2232.7867931574583,-3071.420272689109,0.010374947342425675
1126,417159919051.1768,7046187457.450152,984284350.9486556,15790629.677375905,180286.91863472032,417148437244.25,7046006411.438906,984895156.9643613,15655006.7430734,180985.66685077365,11481806.926818848,181046.0112466812,-610806.0157057047,135622.9343025051,-698.7482160533255,2152031.0434818505,135622.9343025051,-698.7482160533255,0.010502085976345625
1127,417159919051.1768,7046187457.450152,984284350.9486556,15790629.677375905,180286.91863472032,417243708480.16907,7047601714.051442,984536109.3606579,15804634.462722566,180286.91863472032,-83789428.99224854,-1414256.6012897491,-251758.41200232506,-14004.785346660763,0.0,-10902399.335545206,-14004.785346660763,0.0,0.01065248499947681
1128,417159919051.1768,7046187457.450152,984284350.9486556,15790629.677375905,180286.91863472032,417243708480.16907,7047601714.051442,984536109.3606579,15804634.462722566,180286.91863472032,-83789428.99224854,-1414256.6012897491,-251758.41200232506,-14004.785346660763,0.0,-10902399.335545206,-14004.785346660763,0.0,0.01065248499947681
1129,417159919051.1768,7046187457.450152,984284350.9486556,15790629.677375905,180286.91863472032,417210449174.1199,7025750282.718935,980404875.7259368,15799423.325369736,180236.9057124471,-50530122.9430542,20437174.731217384,3879475.222718835,-8793.647993830964,50.01292227322119,-31896168.395394348,-8793.647993830964,50.01292227322119,0.010578626629986971
1130,417159919051.1768,7046187457.450152,984284350.9486556,15790629.677375905,180286.91863472032,417243708480.16907,7024078305.4708185,981137555.6462286,15803754.977016767,180236.9057124471,-83789428.99224854,22109151.979333878,3146795.3024270535,-13125.299640862271,50.01292227322119,-37824361.63059821,-13125.299640862271,50.01292227322119,0.01065248499947681
1131,417159919051.1768,7046187457.450152,984284350.9486556,15790629.677375905,180286.91863472032,417243708480.16907,7024792192.508719,981418458.7442477,15803754.977016767,180236.9057124471,-83789428.99224854,21395264.941432953,2865892.2044079304,-13125.299640862271,50.01292227322119,-36829571.49467816,-13125.299640862271,50.01292227322119,0.01065248499947681
1132,417159919051.1768,7046187457.450152,984284350.9486556,15790629.677375905,180286.91863472032,417210449174.1199,6889510839.713802,943338930.8975542,15799988.9247019,178905.49628448286,-50530122.9430542,156676617.73635006,40945420.051101446,-9359.247325994074,1381.4223502374662,-205201556.22890964,-9359.247325994074,1381.4223502374662,0.010578626629986971
1133,417159919051.1768,7046187457.450152,984284350.9486556,15790629.677375905,180286.91863472032,417210449174.1199,6891824025.747555,943393710.3404078,15799988.9247019,178905.49628448286,-50530122.9430542,154363431.70259762,40890640.60824776,-9359.247325994074,1381.4223502374662,-202833590.7523035,-9359.247325994074,1381.4223502374662,0.010578626629986971
1134,417159919051.1768,7046187457.450152,984284350.9486556,15790629.677375905,180286.91863472032,417208876301.4487,7045206330.168612,984273287.3560513,15664321.11184852,181867.64512545755,-48957250.27191162,981127.2815408707,11063.592604279518,126308.5655273851,-1580.72649073723,-8335778.414931893,126308.5655273851,-1580.72649073723,0.010569831727443111
1135,417159919051.1768,7046187457.450152,984284350.9486556,15790629.677375905,180286.91863472032,417167731228.7785,7045915996.194674,984585088.6864556,15803844.9206296,181039.4470623273,-7812177.60168457,271461.25547885895,-300737.7378000021,-13215.243253694847,-752.5284276069724,-1142550.1579315423,-13215.243253694847,-752.5284276069724,0.010532504491671958
1136,417159919051.1768,7046187457.450152,984284350.9486556,15790629.677375905,180286.91863472032,417159919051.1768,7044888013.716222,984515770.2718778,15785681.07109325,180588.4364209054,0.0,1299443.7339305878,-231419.32322216034,4948.60628265515,-301.5177861850825,-1068024.4107084274,4948.60628265515,-301.5177861850825,0.010437739146191486
1137,417159919051.1768,7046187457.450152,984284350.9486556,15790629.677375905,180286.91863472032,417243708480.16907,7046665922.046413,983965161.4443752,15804320.576348929,180286.91863472032,-83789428.99224854,-478464.5962610245,319189.50428044796,-13690.898973023519,0.0,-12409139.256856704,-13690.898973023519,0.0,0.01065248499947681
1138,417159919051.1768,7046187457.450152,984284350.9486556,15790629.677375905,180286.91863472032,417243708480.16907,7047486426.354795,984746301.9211133,15805285.831545247,180286.91863472032,-83789428.99224854,-1298968.9046430588,-461950.9724576473,-14656.15416934155,0.0,-10807494.471736575,-14656.15416934155,0.0,0.01065248499947681
1139,417159919051.1768,7046187457.450152,984284350.9486556,15790629.677375905,180286.91863472032,417071324645.56964,7046185894.4403515,984379764.0127091,15747348.659393033,180780.70090822648,88594405.60717773,1563.0098009109497,-95413.06405353546,43281.0179828722,-493.7822735061636,13383010.895329284,43281.0179828722,-493.7822735061636,0.010296783533663185
1140,417159919051.1768,7046187457.450152,984284350.9486556,15790629.677375905,180286.91863472032,417159919051.1768,7045446414.325121,985892602.1282314,15798715.062937176,181678.94596483017,0.0,741043.1250314713,-1608251.179575801,-8085.385561270639,-1392.0273301098496,867208.0545443296,-8085.385561270639,-1392.0273301098496,0.010437739146191486
1141,417159919051.1768,7046187457.450152,984284350.9486556,15790629.677375905,180286.91863472032,416970112354.5192,7046258768.084484,984896049.7809705,15799329.06749105,181889.5306888102,189806696.65759277,-71310.63433170319,-611698.8323148489,-8699.390115145594,-1602.61205408987,29154013.96528547,-8699.390115145594,-1602.61205408987,0.010075206304516832
1142,417159919051.1768,7046187457.450152,984284350.9486556,15790629.677375905,180286.91863472032,417151600087.3405,7047320766.313301,983850976.3880428,15792061.900951944,181770.70300733272,8318963.836303711,-1133308.8631486893,433374.56061279774,-1432.2235760390759,-1483.7843726123974,1947778.877981448,-1432.2235760390759,-1483.7843726123974,0.010406736529885963
1143,417159919051.1768,7046187457.450152,984284350.9486556,15790629.677375905,180286.91863472032,417072857324.2531,7045704844.136707,983793902.3823968,15747096.43610206,179730.68745634612,87061726.92370605,482613.31344509125,490448.5662587881,43533.241273844615,556.2311783742043,12086197.158852028,43533.241273844615,556.2311783742043,0.010204059305695738
1144,417159919051.1768,7046187457.450152,984284350.9486556,15790629.677375905,180286.91863472032,416966175598.5746,7046817514.5972,984607169.9940612,15779448.188642459,181112.09293658356,193743452.6022339,-630057.1470479965,-322819.0454056263,11181.488733446226,-825.1743018632405,30014394.082788706,11181.488733446226,-825.1743018632405,0.00994475582073567
1145,417159919051.1768,7046187457.450152,984284350.9486556,15790629.677375905,180286.91863472032,416974336138.66864,7045724810.25278,984206344.9382272,15789436.30449362,185025.58481460228,185582912.5081787,462647.1973724365,78006.01042842865,1193.3728822860867,-4738.666179881955,27296783.66842594,1193.3728822860867,-4738.666179881955,0.009917203305885323
1146,417159919051.1768,7046187457.450152,984284350.9486556,15790629.677375905,180286.91863472032,416907305762.5955,7045528593.555276,984961521.7837068,15685457.971708672,183477.56570057338,252613288.58129883,658863.8948764801,-677170.8350511789,105171.7056672331,-3190.6470658530598,37910300.227369525,105171.7056672331,-3190.6470658530598,0.009818682958142423
1147,417159919051.1768,7046187457.450152,984284350.9486556,15790629.677375905,180286.91863472032,416972549135.6476,7045905938.073056,984437548.6714424,15772626.169857685,187656.84934540148,187369915.52923584,281519.37709617615,-153197.72278678417,18003.507518220693,-7369.930710681161,27977165.67507598,18003.507518220693,-7369.930710681161,0.00999973087619126
1148,417159919051.1768,7046187457.450152,984284350.9486556,15790629.677375905,180286.91863472032,417042126730.40875,7048198158.656302,986153313.2863786,15486775.351761026,180793.7279211817,117792320.7680664,-2010701.206150055,-1868962.3377230167,303854.3256148789,-506.80928646138636,21548511.65908303,303854.3256148789,-506.80928646138636,0.010204120107416054
1149,417159919051.1768,7046187457.450152,984284350.9486556,15790629.677375905,180286.91863472032,417075166620.79987,7045269433.961444,984303663.4046459,15766660.523478972,182871.1662790284,84752430.37695312,918023.4887084961,-19312.455990314484,23969.15389693342,-2584.2476443080814,11814153.523824787,23969.15389693342,-2584.2476443080814,0.010106521001171364
1150,417159919051.1768,7046187457.450152,984284350.9486556,15790629.677375905,180286.91863472032,417031815214.9901,7048253111.610174,985491195.0947983,15643888.477759674,179951.0427892304,128103836.18670654,-2065654.160021782,-1206844.1461427212,146741.19961623102,335.8758454899071,22488073.734170485,146741.19961623102,335.8758454899071,0.00996720780017388
1151,417159919051.1768,7046187457.450152,984284350.9486556,15790629.677375905,180286.91863472032,417046521378.17615,7044505824.62935,985366160.1509434,15799172.731762482,180510.76149631763,113397673.00067139,1681632.8208026886,-1081809.2022877932,-8543.054386576638,-223.84286159730982,16409827.331585813,-8543.054386576638,-223.84286159730982,0.010227795592399811
1152,417159919051.1768,7046187457.450152,984284350.9486556,15790629.677375905,180286.91863472032,417123064403.17365,7045588703.8418045,985027911.7754875,15780829.194477577,180217.6924554404,36854648.00317383,598753.6083478928,-743560.8268319368,9800.482898328453,69.22617927991087,5673004.418960118,9800.482898328453,69.22617927991087,0.010299999814561525
1153,417159919051.1768,7046187457.450152,984284350.9486556,15790629.677375905,180286.91863472032,416974336138.66864,7044757762.404776,984957334.1942102,15796644.038828421,181874.43752943815,185582912.5081787,1429695.0453767776,-672983.2455545664,-6014.361452516168,-1587.5188947178249,27080725.076404594,-6014.361452516168,-1587.5188947178249,0.009917203305885323
1154,417159919051.1768,7046187457.450152,984284350.9486556,15790629.677375905,180286.91863472032,417145420164.70886,7045922473.9769535,985619480.3658719,15792879.51711009,180242.24330288192,14498886.467956543,264983.4731988907,-1335129.417216301,-2249.839734185487,44.67533183839987,3244978.914210892,-2249.839734185487,44.67533183839987,0.010383694308295449
1155,417159919051.1768,7046187457.450152,984284350.9486556,15790629.677375905,180286.91863472032,416891072258.51526,7046401473.3818865,985515872.1593215,15796721.604794538,180145.25781298996,268846792.66156006,-214015.93173408508,-1231521.2106659412,-6091.927418632433,141.6608217303583,41772556.04163403,-6091.927418632433,141.6608217303583,0.009717511041009447
1156,417159919051.1768,7046187457.450152,984284350.9486556,15790629.677375905,180286.91863472032,417121188811.32745,7053449950.827865,984123694.1763048,15685101.42585567,180884.9989646466,38730239.849365234,-7262493.37771225,160656.77235078812,105528.25152023509,-598.080329926277,12911372.582766246,105528.25152023509,-598.080329926277,0.010310366939819163
1157,417159919051.1768,7046187457.450152,984284350.9486556,15790629.677375905,180286.91863472032,416891072258.51526,7045886647.7421875,983297472.6927221,15796556.292331314,180429.92616785885,268846792.66156006,300809.70796489716,986878.2559335232,-5926.614955408499,-143.00753313853056,39039330.935335584,-5926.614955408499,-143.00753313853056,0.009717511041009447
1158,417159919051.1768,7046187457.450152,984284350.9486556,15790629.677375905,180286.91863472032,417159919051.1768,7050320062.162755,985225997.2803143,15749665.603595264,180451.74978011433,0.0,-4132604.7126026154,-941646.331658721,40964.07378064096,-164.8311453940114,5074251.044261336,40964.07378064096,-164.8311453940114,0.010437739146191486
1159,417159919051.1768,7046187457.450152,984284350.9486556,15790629.677375905,180286.91863472032,417031815214.9901,7046840046.672604,982955354.6627804,15661217.93145701,180272.35811516872,128103836.18670654,-652589.22245121,1328996.2858752012,129411.74591889605,14.560519551596371,18539168.36458199,129411.74591889605,14.560519551596371,0.00996720780017388
1160,417159919051.1768,7046187457.450152,984284350.9486556,15790629.677375905,180286.91863472032,417095004662.99786,7046144485.0048275,985522523.5001385,15647637.390610076,183622.73692140865,64914388.17895508,42972.445324897766,-1238172.5514829159,142992.28676582873,-3335.818286688329,10932358.33300128,142992.28676582873,-3335.818286688329,0.01032385398510023
1161,417159919051.1768,7046187457.450152,984284350.9486556,15790629.677375905,180286.91863472032,417075166620.79987,7046893499.580949,983368151.1126778,15780873.815672843,180771.39714818523,84752430.37695312,-706042.1307964325,916199.8359777927,9755.86170306243,-484.4785134649137,12502706.851361608,9755.86170306243,-484.4785134649137,0.010106521001171364
1162,417159919051.1768,7046187457.450152,984284350.9486556,15790629.677375905,180286.91863472032,417159919051.1768,7003404286.204995,980739348.5336312,15799476.044499664,178973.61587283493,0.0,42783171.24515724,3545002.4150243998,-8846.36712375842,1313.3027618853957,-46328173.66018164,-8846.36712375842,1313.3027618853957,0.010437739146191486
1163,417159919051.1768,7046187457.450152,984284350.9486556,15790629.677375905,180286.91863472032,417159919051.1768,7026069234.576058,981942105.1168398,15798934.610712448,179873.45151011873,0.0,20118222.87409401,2342245.831815839,-8304.93333654292,413.46712460159324,-22460468.70590985,-8304.93333654292,413.46712460159324,0.010437739146191486
1164,417159919051.1768,7046187457.450152,984284350.9486556,15790629.677375905,180286.91863472032,417159919051.1768,7044818249.790402,985443102.8624649,15799376.147663629,180595.73349702125,0.0,1369207.6597499847,-1158751.9138092995,-8746.470287723467,-308.8148623009329,-210455.74594068527,-8746.470287723467,-308.8148623009329,0.010437739146191486
1165,417159919051.1768,7046187457.450152,984284350.9486556,15790629.677375905,180286.91863472032,416970112354.5192,7047352958.455396,985486010.6071147,15796655.557466391,184856.9680160528,189806696.65759277,-1165501.0052433014,-1201659.6584590673,-6025.880090486258,-4570.049381332472,30838165.162341285,-6025.880090486258,-4570.049381332472,0.010075206304516832
1166,417159919051.1768,7046187457.450152,984284350.9486556,15790629.677375905,180286.91863472032,417123064403.17365,7046224338.301492,984166577.7305192,15780524.936590644,181868.4020985995,36854648.00317383,-36880.85133934021,117773.21813642979,10104.740785261616,-1581.48346387918,5447304.833678984,10104.740785261616,-1581.48346387918,0.010299999814561525
1167,417159919051.1768,7046187457.450152,984284350.9486556,15790629.677375905,180286.91863472032,417159919051.1768,7044042876.850111,985508661.9202925,15795915.094076127,180635.73876436244,0.0,2144580.6000413895,-1224310.9716368914,-5285.416700221598,-348.82012964211754,-920269.6284044981,-5285.416700221598,-348.82012964211754,0.010437739146191486
1168,417159919051.1768,7046187457.450152,984284350.9486556,15790629.677375905,180286.91863472032,417031815214.9901,7031497212.262251,974900640.2666776,15607753.14458171,171109.97851858658,128103836.18670654,14690245.187901497,9383710.681977987,182876.5327941943,9176.940116133745,-4858380.441873502,182876.5327941943,9176.940116133745,0.00996720780017388
1169,417159919051.1768,7046187457.450152,984284350.9486556,15790629.677375905,180286.91863472032,417031815214.9901,7035377070.630106,975624836.269558,15608041.61079322,170826.50338952837,128103836.18670654,10810386.820046425,8659514.679097652,182588.06658268534,9460.41524519195,-254326.0711380951,182588.06658268534,9460.41524519195,0.00996720780017388
1170,417159919051.1768,7046187457.450152,984284350.9486556,15790629.677375905,180286.91863472032,417031815214.9901,7036884462.855806,975911583.2205385,15608128.31498887,170737.47614154665,128103836.18670654,9302994.594346046,8372767.728117108,182501.36238703504,9549.442493173672,1539813.1055428274,182501.36238703504,9549.442493173672,0.00996720780017388
1171,417159919051.1768,7046187457.450152,984284350.9486556,15790629.677375905,180286.91863472032,417031815214.9901,7046240702.1286125,984323718.9120553,15608175.229882373,182206.38888760432,128103836.18670654,-53244.678460121155,-39367.96339964867,182454.44749353267,-1919.470252883999,19308188.069865752,182454.44749353267,-1919.470252883999,0.00996720780017388
1172,417159919051.1768,7046187457.450152,984284350.9486556,15790629.677375905,180286.91863472032,416907305762.5955,7046154919.210929,984933082.4762051,15691080.06660014,181691.90577322908,252613288.58129883,32538.239223480225,-648731.5275495052,99549.61077576503,-1404.9871385087608,38508186.57552085,99549.61077576503,-1404.9871385087608,0.009818682958142423
1173,417159919051.1768,7046187457.450152,984284350.9486556,15790629.677375905,180286.91863472032,416907305762.5955,7045301333.9516945,985157612.4807049,15685656.25784868,187401.50998715643,252613288.58129883,886123.4984579086,-873261.5320492983,104973.4195272252,-7114.591352436109,37879131.320786215,104973.4195272252,-7114.591352436109,0.009818682958142423
1174,417159919051.1768,7046187457.450152,984284350.9486556,15790629.677375905,180286.91863472032,416972549135.6476,7045655422.2085,984905001.8958206,15773280.885636665,184544.66477075574,187369915.52923584,532035.2416524887,-620650.9471650124,17348.79173924029,-4257.746136035421,28194103.034897897,17348.79173924029,-4257.746136035421,0.00999973087619126
1175,417159919051.1768,7046187457.450152,984284350.9486556,15790629.677375905,180286.91863472032,417042126730.40875,7047563562.716132,986247198.0381718,15486775.351761026,180793.7279211817,117792320.7680664,-1376105.2659797668,-1962847.0895161629,303854.3256148789,-506.80928646138636,21007800.47070589,303854.3256148789,-506.80928646138636,0.010204120107416054
1176,417159919051.1768,7046187457.450152,984284350.9486556,15790629.677375905,180286.91863472032,416891072258.51526,7048611726.988729,985423380.8890089,15797489.5009736,180018.45155286815,268846792.66156006,-2424269.538576126,-1139029.9403532743,-6859.8235976956785,268.46708185216994,43890318.378163405,-6859.8235976956785,268.46708185216994,0.009717511041009447
1177,417159919051.1768,7046187457.450152,984284350.9486556,15790629.677375905,180286.91863472032,416891072258.51526,7048611726.988729,985423380.8890089,15797489.5009736,180018.45155286815,268846792.66156006,-2424269.538576126,-1139029.9403532743,-6859.8235976956785,268.46708185216994,43890318.378163405,-6859.8235976956785,268.46708185216994,0.009717511041009447
1178,417159919051.1768,7046187457.450152,984284350.9486556,15790629.677375905,180286.91863472032,416891072258.51526,7048167719.630575,984475398.7474318,15797303.42212509,179944.70639300725,268846792.66156006,-1980262.180422783,-191047.79877614975,-6673.744749184698,342.21224171307404,42498328.87843294,-6673.744749184698,342.21224171307404,0.009717511041009447
1179,417159919051.1768,7046187457.450152,984284350.9486556,15790629.677375905,180286.91863472032,416891072258.51526,7043233176.0521555,984240644.7505479,15797207.350994175,180039.11505986372,268846792.66156006,2954281.3979969025,43706.19810771942,-6577.673618270084,247.80357485660352,37329031.30312938,-6577.673618270084,247.80357485660352,0.009717511041009447
1180,417159919051.1768,7046187457.450152,984284350.9486556,15790629.677375905,180286.91863472032,416891072258.51526,7047312105.993584,985133345.7184572,15797394.689699458,179852.69545921942,268846792.66156006,-1124648.543431282,-848994.7698016167,-6765.012323552743,434.2231755008979,42300662.2124669,-6765.012323552743,434.2231755008979,0.009717511041009447
1181,417159919051.1768,7046187457.450152,984284350.9486556,15790629.677375905,180286.91863472032,416891072258.51526,7047693595.587266,985383925.991784,15797394.689699458,179852.69545921942,268846792.66156006,-1506138.1371135712,-1099575.0431283712,-6765.012323552743,434.2231755008979,42932732.07947595,-6765.012323552743,434.2231755008979,0.009717511041009447
1182,417159919051.1768,7046187457.450152,984284350.9486556,15790629.677375905,180286.91863472032,417075166620.79987,7048277763.347237,985104395.1851467,15777499.132027317,181374.02898064713,84752430.37695312,-2090305.8970842361,-820044.2364910841,13130.545348588377,-1087.1103459268052,15623214.690118289,13130.545348588377,-1087.1103459268052,0.010106521001171364
1183,417159919051.1768,7046187457.450152,984284350.9486556,15790629.677375905,180286.91863472032,417159919051.1768,6960710684.372658,962913886.4897636,15799673.243136803,178931.56236526225,0.0,85476773.07749462,21370464.458891988,-9043.565760897473,1355.356269458076,-106847237.53638661,-9043.565760897473,1355.356269458076,0.010437739146191486
1184,417159919051.1768,7046187457.450152,984284350.9486556,15790629.677375905,180286.91863472032,417159919051.1768,6961717491.737626,962960977.6958244,15799673.243136803,178931.56236526225,0.0,84469965.71252632,21323373.25283122,-9043.565760897473,1355.356269458076,-105793338.96535754,-9043.565760897473,1355.356269458076,0.010437739146191486
1185,417159919051.1768,7046187457.450152,984284350.9486556,15790629.677375905,180286.91863472032,417159919051.1768,6974837805.897823,974937868.9916613,15793015.395202423,179778.42377845052,0.0,71349651.55232906,9346481.956994295,-2385.717826517299,508.4948562697973,-80696133.50932336,-2385.717826517299,508.4948562697973,0.010437739146191486
1186,417159919051.1768,7046187457.450152,984284350.9486556,15790629.677375905,180286.91863472032,417110181118.5961,7045631335.008359,983923930.4436296,15437282.531756358,182542.99492369362,49737932.58068848,556122.4417934418,360420.50502598286,353347.145619547,-2256.0762889733014,6544146.940283847,353347.145619547,-2256.0762889733014,0.01029398860064048
1187,417159919051.1768,7046187457.450152,984284350.9486556,15790629.677375905,180286.91863472032,417046521378.17615,7045239946.503191,985553868.1232876,15798209.151043082,181116.40237952737,113397673.00067139,947510.9469614029,-1269517.1746319532,-7579.47366717644,-829.4837448070466,17331657.17777126,-7579.47366717644,-829.4837448070466,0.010227795592399811
1188,417159919051.1768,7046187457.450152,984284350.9486556,15790629.677375905,180286.91863472032,417123064403.17365,7042435505.641746,985136235.9272275,15756271.68404268,180324.9751033838,36854648.00317383,3751951.80840683,-851884.9785718918,34357.99333322607,-38.05646866347524,2628130.3706411356,34357.99333322607,-38.05646866347524,0.010299999814561525
1189,417159919051.1768,7046187457.450152,984284350.9486556,15790629.677375905,180286.91863472032,416891072258.51526,7048512486.8783865,984786260.7160382,15796647.010242758,180296.91322300414,268846792.66156006,-2325029.4282341003,-501909.76738262177,-6017.332866853103,-9.99458828382194,43153958.09485073,-6017.332866853103,-9.99458828382194,0.009717511041009447
1190,417159919051.1768,7046187457.450152,984284350.9486556,15790629.677375905,180286.91863472032,416891072258.51526,7049080914.390512,985467971.5770586,15796733.714438409,180207.88597502242,268846792.66156006,-2893456.9403600693,-1183620.6284029484,-6104.0370625033975,79.03265969789936,44404096.46799702,-6104.0370625033975,79.03265969789936,0.009717511041009447
1191,417159919051.1768,7046187457.450152,984284350.9486556,15790629.677375905,180286.91863472032,416891072258.51526,7049062876.402399,984563036.1683211,15796358.54403125,180580.38835206235,268846792.66156006,-2875418.952246666,-278685.21966552734,-5728.8666553441435,-293.46971734202816,43481123.0711462,-5728.8666553441435,-293.46971734202816,0.009717511041009447
1192,417159919051.1768,7046187457.450152,984284350.9486556,15790629.677375905,180286.91863472032,416907305762.5955,7045760278.670935,984834738.7200211,15633959.414351972,180669.81603331273,252613288.58129883,427178.77921772003,-550387.7713655233,156670.2630239334,-382.89739859240944,38015202.27934263,156670.2630239334,-382.89739859240944,0.009818682958142423
1193,417159919051.1768,7046187457.450152,984284350.9486556,15790629.677375905,180286.91863472032,417159919051.1768,7039893828.026585,986138162.7813399,15875828.892443765,184793.99466960583,0.0,6293629.423567772,-1853811.8326842785,-85199.21506785974,-4507.076034885511,-4439817.590883493,-85199.21506785974,-4507.076034885511,0.010437739146191486
1194,417159919051.1768,7046187457.450152,984284350.9486556,15790629.677375905,180286.91863472032,417159919051.1768,7034418663.196242,978449382.8889109,15881359.308666592,181064.9257289753,0.0,11768794.253910065,5834968.059744716,-90729.63129068725,-778.0070942549792,-17603762.31365478,-90729.63129068725,-778.0070942549792,0.010437739146191486
1195,417159919051.1768,7046187457.450152,984284350.9486556,15790629.677375905,180286.91863472032,416889545440.6935,7039209319.853743,985569621.0518115,15893509.612938615,185333.59623168645,270373610.4833374,6978137.596409798,-1285270.1031558514,-102879.93556270935,-5046.677596966125,34863174.07924666,-102879.93556270935,-5046.677596966125,0.009512783249501134
1196,417159919051.1768,7046187457.450152,984284350.9486556,15790629.677375905,180286.91863472032,417126064750.9877,7042617239.173721,983218216.4549303,15833468.87139558,186220.85982200602,33854300.18914795,3570218.2764310837,1066134.4937252998,-42839.194019675255,-5933.941187285702,441792.2582158083,-42839.194019675255,-5933.941187285702,0.010198501751472758
1197,417159919051.1768,7046187457.450152,984284350.9486556,15790629.677375905,180286.91863472032,417126064750.9877,7042783282.902392,982719702.41811,15837102.4675382,185940.97305599088,33854300.18914795,3404174.5477600098,1564648.5305455923,-46472.7901622951,-5654.054421270557,109321.95006658975,-46472.7901622951,-5654.054421270557,0.010198501751472758
1198,417159919051.1768,7046187457.450152,984284350.9486556,15790629.677375905,180286.91863472032,417009871175.2676,7064264605.25295,983487976.4654609,15708576.381650418,181447.3424105288,150047875.90924072,-18077147.802797318,796374.4831947088,82053.29572548717,-1160.4237758084782,39787954.70598872,82053.29572548717,-1160.4237758084782,0.00964855365753906
1199,417159919051.1768,7046187457.450152,984284350.9486556,15790629.677375905,180286.91863472032,417122338466.10516,7042912235.541795,981467697.2104341,15568831.392083794,181233.5901759539,37580585.07165527,3275221.9083576202,2816653.738221526,221798.28529211134,-946.6715412335761,-454787.8858308559,221798.28529211134,-946.6715412335761,0.009851972759671123
1200,417159919051.1768,7046187457.450152,984284350.9486556,15790629.677375905,180286.91863472032,417122338466.10516,7042456486.202456,981682611.5874434,15611431.482488403,181677.52770553535,37580585.07165527,3730971.247695923,2601739.3612122536,179198.19488750212,-1390.6090708150296,-695622.848159886,179198.19488750212,-1390.6090708150296,0.009851972759671123
1201,417159919051.1768,7046187457.450152,984284350.9486556,15790629.677375905,180286.91863472032,417122338466.10516,7036637699.793041,981207347.6115249,15615072.028385976,182208.86445355992,37580585.07165527,9549757.657111168,3077003.337130666,175557.6489899289,-1921.9458188395947,-6989673.233493543,175557.6489899289,-1921.9458188395947,0.009851972759671123
1202,417159919051.1768,7046187457.450152,984284350.9486556,15790629.677375905,180286.91863472032,417122338466.10516,7035847800.692304,980964818.7717766,15637060.031189436,181063.52150841441,37580585.07165527,10339656.75784874,3319532.1768790483,153569.64618646912,-776.6028736940934,-8022101.1739794975,153569.64618646912,-776.6028736940934,0.009851972759671123
1203,417159919051.1768,7046187457.450152,984284350.9486556,15790629.677375905,180286.91863472032,416913719056.6114,7042198614.965555,984097511.4417796,15691119.053606294,183100.4195000258,246199994.5654297,3988842.484597206,186839.50687599182,99510.62376961112,-2813.500865305483,32754317.193341255,99510.62376961112,-2813.500865305483,0.009291098077929088
1204,417159919051.1768,7046187457.450152,984284350.9486556,15790629.677375905,180286.91863472032,416911614511.3358,7037124714.968515,982953776.7811869,15787368.93005472,193109.1508437499,248304539.84100342,9062742.481637001,1330574.167468667,3260.7473211847246,-12822.232209029578,26852364.327044845,3260.7473211847246,-12822.232209029578,0.009126249559107125
1205,417159919051.1768,7046187457.450152,984284350.9486556,15790629.677375905,180286.91863472032,416809591655.9505,7037307817.903596,984426551.0253936,15276082.988652613,189455.06966456684,350327395.22631836,8879639.546556473,-142200.07673799992,514546.6887232922,-9168.151029846515,43811669.81412928,514546.6887232922,-9168.151029846515,0.008867165287235768
1206,417159919051.1768,7046187457.450152,984284350.9486556,15790629.677375905,180286.91863472032,416927118347.22284,7040562133.435413,983726781.0946057,15708630.988312919,199267.05237718363,232800703.9539795,5625324.014739037,557569.854049921,81998.68906298652,-18980.13374246331,28737211.72430796,81998.68906298652,-18980.13374246331,0.009402237981189512
1207,417159919051.1768,7046187457.450152,984284350.9486556,15790629.677375905,180286.91863472032,417013084241.1996,7049486859.347334,988026844.1093107,14795723.518876927,182394.86787935413,146834809.9772339,-3299401.897181511,-3742493.160655141,994906.1584989782,-2107.9492446338118,29067116.554421734,994906.1584989782,-2107.9492446338118,0.009912943143788815
1208,417159919051.1768,7046187457.450152,984284350.9486556,15790629.677375905,180286.91863472032,416976245189.2781,7036560837.489367,983556788.3470458,15642191.980380034,187275.052179667,183673861.89874268,9626619.960785866,727562.6016098261,148437.69699587114,-6988.1335449466715,17196896.722415708,148437.69699587114,-6988.1335449466715,0.008878291122735334
1209,417159919051.1768,7046187457.450152,984284350.9486556,15790629.677375905,180286.91863472032,417131970479.4368,6989576587.517546,974814591.0989627,15812386.348977651,179203.520421311,27948571.739990234,56610869.9326067,9469759.84969294,-21756.67160174623,1083.398213409324,-61888344.021301106,-21756.67160174623,1083.398213409324,0.010219519786574281
1210,417159919051.1768,7046187457.450152,984284350.9486556,15790629.677375905,180286.91863472032,417151371272.18756,7042885021.891451,980756943.0239983,15778049.513957696,180516.43951659405,8547778.989257812,3302435.558701515,3527407.924657345,12580.16341820918,-229.5208818737301,-5547676.634970188,12580.16341820918,-229.5208818737301,0.010276671527174411
1211,417159919051.1768,7046187457.450152,984284350.9486556,15790629.677375905,180286.91863472032,417131664978.1687,7038763684.220346,981675192.1214858,15654559.873704618,181423.07281381002,28254073.008117676,7423773.229805946,2609158.827169776,136069.80367128737,-1136.1541790897027,-5794821.105758071,136069.80367128737,-1136.1541790897027,0.0101062519902216
1212,417159919051.1768,7046187457.450152,984284350.9486556,15790629.677375905,180286.91863472032,416887460929.1701,7046282796.894847,985705109.4075941,15040908.786136966,180503.66567964692,272458122.00671387,-95339.44469451904,-1420758.4589384794,749720.891238939,-216.74704492659657,42384816.204640076,749720.891238939,-216.74704492659657,0.008349738247468994
1213,417159919051.1768,7046187457.450152,984284350.9486556,15790629.677375905,180286.91863472032,417007076608.65656,7035285159.665167,985433499.4670743,15896847.327873988,181840.18069936134,152842442.52026367,10902297.784985542,-1149148.5184186697,-106217.65049808286,-1553.2620646410214,13173217.111472677,-106217.65049808286,-1553.2620646410214,0.009921666789165099
1214,417159919051.1768,7046187457.450152,984284350.9486556,15790629.677375905,180286.91863472032,417085248484.8673,7037211362.505311,984849850.369423,15596493.269782258,181021.89525976052,74670566.30950928,8976094.944841385,-565499.4207674265,194136.40759364702,-734.9766250402026,2789989.422352433,194136.40759364702,-734.9766250402026,0.009806468282394055
1215,417159919051.1768,7046187457.450152,984284350.9486556,15790629.677375905,180286.91863472032,416911614511.3358,7035301099.822428,984166909.6996269,15771297.844641825,185009.31631206107,248304539.84100342,10886357.627724648,117441.24902868271,19331.83273408003,-4722.3976773407485,26241882.099397182,19331.83273408003,-4722.3976773407485,0.009126249559107125
1216,417159919051.1768,7046187457.450152,984284350.9486556,15790629.677375905,180286.91863472032,417107557505.0976,7039437188.937819,986921096.787051,15857842.970686482,181178.65496861716,52361546.07922363,6750268.51233387,-2636745.838395357,-67213.29331057705,-891.7363338968426,3740709.2379450314,-67213.29331057705,-891.7363338968426,0.010003597374314782
1217,417159919051.1768,7046187457.450152,984284350.9486556,15790629.677375905,180286.91863472032,416572833532.9536,7043627759.575625,987264350.1327108,15884812.186290346,180968.53088453895,587085518.2232056,2559697.8745269775,-2979999.184055209,-94182.50891444087,-681.6122498186305,88483129.04300906,-94182.50891444087,-681.6122498186305,0.007077485767589266
1218,417159919051.1768,7046187457.450152,984284350.9486556,15790629.677375905,180286.91863472032,417095732029.0164,7040112770.084139,983050383.1207353,15273448.625260731,183101.62818541573,64187022.16040039,6074687.366013527,1233967.8279203176,517181.052115174,-2814.7095506954065,2319398.1301262137,517181.052115174,-2814.7095506954065,0.00999673156333449
1219,417159919051.1768,7046187457.450152,984284350.9486556,15790629.677375905,180286.91863472032,416572833532.9536,7047673174.818299,983768118.9178368,15879405.627537385,181578.0886280617,587085518.2232056,-1485717.3681468964,516232.03081882,-88775.95016147941,-1291.1699933413765,89032313.0708089,-88775.95016147941,-1291.1699933413765,0.007077485767589266
1220,417159919051.1768,7046187457.450152,984284350.9486556,15790629.677375905,180286.91863472032,417159919051.1768,7058247473.862432,985844491.676345,15732942.608553108,181679.9052802318,0.0,-12060016.412279129,-1560140.7276893854,57687.06882279739,-1392.986645511468,13620157.139968514,57687.06882279739,-1392.986645511468,0.010437739146191486
1221,417159919051.1768,7046187457.450152,984284350.9486556,15790629.677375905,180286.91863472032,417107557505.0976,7031952478.055681,982032978.0377356,15784625.710884392,180201.7676463099,52361546.07922363,14234979.394471169,2251372.910920024,6003.966491512954,85.15098841043073,-8632120.393507648,6003.966491512954,85.15098841043073,0.010003597374314782
1222,417159919051.1768,7046187457.450152,984284350.9486556,15790629.677375905,180286.91863472032,416887460929.1701,7043881995.32011,981943567.6485463,15089134.912097935,180792.57326088694,272458122.00671387,2305462.130042076,2340783.3001092672,701494.7652779706,-505.6546261666226,36222472.870855734,701494.7652779706,-505.6546261666226,0.008349738247468994
1223,417159919051.1768,7046187457.450152,984284350.9486556,15790629.677375905,180286.91863472032,417080342606.65356,7039271905.508707,985791121.899831,15387791.751966186,188847.55566350077,79576444.5232544,6915551.941445351,-1506770.9511754513,402837.92540971935,-8560.637028780446,6527685.68821826,402837.92540971935,-8560.637028780446,0.010182871980230797
1224,417159919051.1768,7046187457.450152,984284350.9486556,15790629.677375905,180286.91863472032,416976245189.2781,7043346038.618959,984783731.9882258,15731922.137925202,183161.00456814555,183673861.89874268,2841418.8311929703,-499381.03957021236,58707.53945070319,-2874.085933425231,25209041.493188642,58707.53945070319,-2874.085933425231,0.008878291122735334
1225,417159919051.1768,7046187457.450152,984284350.9486556,15790629.677375905,180286.91863472032,417159919051.1768,7038884673.070849,986115845.2582917,15875565.199391767,182540.55431968393,0.0,7302784.3793029785,-1831494.309636116,-84935.52201586217,-2253.6356849636068,-5471290.0696668625,-84935.52201586217,-2253.6356849636068,0.010437739146191486
1226,417159919051.1768,7046187457.450152,984284350.9486556,15790629.677375905,180286.91863472032,417159919051.1768,7036285142.171187,981810602.7125301,15843772.953246247,184312.30251495013,0.0,9902315.278964996,2473748.236125469,-53143.27587034181,-4025.3838802298123,-12376063.515090466,-53143.27587034181,-4025.3838802298123,0.010437739146191486
1227,417159919051.1768,7046187457.450152,984284350.9486556,15790629.677375905,180286.91863472032,417159919051.1768,7036233911.454005,983244330.9709905,15872859.958481396,180637.9469536014,0.0,9953545.996147156,1040019.9776650667,-82230.2811054904,-351.0283188810863,-10993565.973812222,-82230.2811054904,-351.0283188810863,0.010437739146191486
1228,417159919051.1768,7046187457.450152,984284350.9486556,15790629.677375905,180286.91863472032,417159919051.1768,7034656843.430055,983120561.5672628,15883882.858984184,181064.9257289753,0.0,11530614.020097733,1163789.3813928366,-93253.1816082783,-778.0070942549792,-12694403.40149057,-93253.1816082783,-778.0070942549792,0.010437739146191486
1229,417159919051.1768,7046187457.450152,984284350.9486556,15790629.677375905,180286.91863472032,417159919051.1768,7036157929.310115,985879236.7839153,15889962.877343504,181967.19365155863,0.0,10029528.140037537,-1594885.835259676,-99333.19996759854,-1680.2750168383063,-8434642.30477786,-99333.19996759854,-1680.2750168383063,0.010437739146191486
1230,417159919051.1768,7046187457.450152,984284350.9486556,15790629.677375905,180286.91863472032,417159919051.1768,7032482582.6929035,985643722.3698008,15889067.141314238,182347.09883387477,0.0,13704874.757248878,-1359371.4211452007,-98437.4639383331,-2060.180199154449,-12345503.336103678,-98437.4639383331,-2060.180199154449,0.010437739146191486
1231,417159919051.1768,7046187457.450152,984284350.9486556,15790629.677375905,180286.91863472032,416889545440.6935,7051312127.580947,987432070.9919742,15868443.018051837,194577.97360328195,270373610.4833374,-5124670.130794525,-3147720.0433186293,-77813.34067593142,-14291.054968561628,48828431.74661376,-77813.34067593142,-14291.054968561628,0.009512783249501134
1232,417159919051.1768,7046187457.450152,984284350.9486556,15790629.677375905,180286.91863472032,417085248484.8673,7042321751.766616,983136054.4836766,15548720.753135242,187955.1481350208,74670566.30950928,3865705.6835365295,1148296.4649790525,241908.92424066365,-7668.229500300484,6186582.7979108095,241908.92424066365,-7668.229500300484,0.009806468282394055
1233,417159919051.1768,7046187457.450152,984284350.9486556,15790629.677375905,180286.91863472032,417159919051.1768,7032494471.5611725,985548763.4156857,15869777.659139393,182132.72135616167,0.0,13692985.888979912,-1264412.4670300484,-79147.98176348768,-1845.802721441345,-12428573.421949863,-79147.98176348768,-1845.802721441345,0.010437739146191486
1234,417159919051.1768,7046187457.450152,984284350.9486556,15790629.677375905,180286.91863472032,417122338466.10516,7040739896.17021,983113723.5678822,15649561.288875526,180678.34512557118,37580585.07165527,5447561.2799425125,1170627.380773425,141068.3885003794,-391.42649085086305,-981100.8999676472,141068.3885003794,-391.42649085086305,0.009851972759671123
1235,417159919051.1768,7046187457.450152,984284350.9486556,15790629.677375905,180286.91863472032,416887460929.1701,7037450235.693709,981219134.7176918,14783204.467732687,180825.3594957984,272458122.00671387,8737221.756443024,3065216.230963826,1007425.2096432187,-538.4408610780665,29066280.313600227,1007425.2096432187,-538.4408610780665,0.008349738247468994
1236,417159919051.1768,7046187457.450152,984284350.9486556,15790629.677375905,180286.91863472032,416887460929.1701,7045655421.010976,982482636.4593203,14788929.018610915,180825.3594957984,272458122.00671387,532036.4391765594,1801714.4893352985,1001700.65876499,-538.4408610780665,38534967.37249522,1001700.65876499,-538.4408610780665,0.008349738247468994
1237,417159919051.1768,7046187457.450152,984284350.9486556,15790629.677375905,180286.91863472032,416887460929.1701,7047214158.869809,983069719.8575445,14789792.86918671,180825.3594957984,272458122.00671387,-1026701.4196567535,1214631.091111064,1000836.8081891946,-538.4408610780665,40680788.62955277,1000836.8081891946,-538.4408610780665,0.008349738247468994
1238,417159919051.1768,7046187457.450152,984284350.9486556,15790629.677375905,180286.91863472032,416887460929.1701,7044428526.312304,983328939.5062362,14788130.476865813,189523.26421957498,272458122.00671387,1758931.137848854,955411.4424194098,1002499.2005100921,-9236.345584854658,38154375.72073881,1002499.2005100921,-9236.345584854658,0.008349738247468994
1239,417159919051.1768,7046187457.450152,984284350.9486556,15790629.677375905,180286.91863472032,416809591655.9505,7041412407.711171,984378304.8930159,15289296.734769609,184810.87903589962,350327395.22631836,4775049.738981247,-93953.9443602562,501332.9426062964,-4523.960401179298,47868013.48932676,501332.9426062964,-4523.960401179298,0.008867165287235768
1240,417159919051.1768,7046187457.450152,984284350.9486556,15790629.677375905,180286.91863472032,416809591655.9505,7037134676.848758,984980848.5083681,15274301.60668963,197949.11744511517,350327395.22631836,9052780.601394653,-696497.5597125292,516328.07068627514,-17662.198810394853,44192826.24226563,516328.07068627514,-17662.198810394853,0.008867165287235768
1241,417159919051.1768,7046187457.450152,984284350.9486556,15790629.677375905,180286.91863472032,416927118347.22284,7039568826.191558,984266495.2448213,15716814.077478053,191267.80605115427,232800703.9539795,6618631.258594513,17855.703834295273,73815.59989785217,-10980.88741643395,28283618.63066811,73815.59989785217,-10980.88741643395,0.009402237981189512
1242,417159919051.1768,7046187457.450152,984284350.9486556,15790629.677375905,180286.91863472032,417013084241.1996,7048895417.980237,988154652.9499719,14795723.518876927,182394.86787935413,146834809.9772339,-2707960.53008461,-3870302.001316309,994906.1584989782,-2107.9492446338118,28603484.027986,994906.1584989782,-2107.9492446338118,0.009912943143788815
1243,417159919051.1768,7046187457.450152,984284350.9486556,15790629.677375905,180286.91863472032,416572833532.9536,7051957686.595577,986283995.5530221,15865963.827747576,181356.26256405012,587085518.2232056,-5770229.145424843,-1999644.604366541,-75334.15037167072,-1069.3439293297997,95832701.48327221,-75334.15037167072,-1069.3439293297997,0.007077485767589266
1244,417159919051.1768,7046187457.450152,984284350.9486556,15790629.677375905,180286.91863472032,416572833532.9536,7051957686.595577,986283995.5530221,15865963.827747576,181356.26256405012,587085518.2232056,-5770229.145424843,-1999644.604366541,-75334.15037167072,-1069.3439293297997,95832701.48327221,-75334.15037167072,-1069.3439293297997,0.007077485767589266
1245,417159919051.1768,7046187457.450152,984284350.9486556,15790629.677375905,180286.91863472032,416572833532.9536,7049712534.633689,985006818.9082589,15864654.531582803,180393.59257057754,587085518.2232056,-3525077.1835365295,-722467.9596033096,-74024.85420689732,-106.67393585722311,92310372.87662067,-74024.85420689732,-106.67393585722311,0.007077485767589266
1246,417159919051.1768,7046187457.450152,984284350.9486556,15790629.677375905,180286.91863472032,416572833532.9536,7041726872.7943,984701254.9994153,15862748.020335013,180393.59257057754,587085518.2232056,4460584.655852318,-416904.0507596731,-72118.34295910783,-106.67393585722311,84019147.12838818,-72118.34295910783,-106.67393585722311,0.007077485767589266
1247,417159919051.1768,7046187457.450152,984284350.9486556,15790629.677375905,180286.91863472032,416572833532.9536,7048938053.43102,985896543.3722615,15866465.7172682,180393.59257057754,587085518.2232056,-2750595.980867386,-1612192.423605919,-75836.03989229538,-106.67393585722311,92425616.13795413,-75836.03989229538,-106.67393585722311,0.007077485767589266
1248,417159919051.1768,7046187457.450152,984284350.9486556,15790629.677375905,180286.91863472032,416572833532.9536,7049315798.812054,986238406.7548751,15866465.7172682,180393.59257057754,587085518.2232056,-3128341.3619012833,-1954055.8062194586,-75836.03989229538,-106.67393585722311,93145224.90160157,-75836.03989229538,-106.67393585722311,0.007077485767589266
1249,417159919051.1768,7046187457.450152,984284350.9486556,15790629.677375905,180286.91863472032,416976245189.2781,7040598342.952491,985078428.1229573,15703176.048114076,185816.4999281906,183673861.89874268,5589114.497661591,-794077.1743017435,87453.62926182896,-5529.581293470284,22756041.961451553,87453.62926182896,-5529.581293470284,0.008878291122735334
1250,417159919051.1768,7046187457.450152,984284350.9486556,15790629.677375905,180286.91863472032,417151371272.18756,7040911252.817593,980063264.0127434,15775652.141155984,180516.43951659405,8547778.989257812,5276204.632559776,4221086.9359122515,14977.536219920963,-229.5208818737301,-8215124.720083356,14977.536219920963,-229.5208818737301,0.010276671527174411
1251,417159919051.1768,7046187457.450152,984284350.9486556,15790629.677375905,180286.91863472032,417151371272.18756,7037681363.368441,979955065.4909401,15740935.972341267,180516.43951659405,8547778.989257812,8506094.08171177,4329285.457715511,49693.705034637824,-229.5208818737301,-11553212.691038609,49693.705034637824,-229.5208818737301,0.010276671527174411
1252,417159919051.1768,7046187457.450152,984284350.9486556,15790629.677375905,180286.91863472032,417151371272.18756,7040723217.067297,981220003.6145273,15740935.972341267,180516.43951659405,8547778.989257812,5464240.382855415,3064347.3341282606,49693.705034637824,-229.5208818737301,-7246420.868595004,49693.705034637824,-229.5208818737301,0.010276671527174411
1253,417159919051.1768,7046187457.450152,984284350.9486556,15790629.677375905,180286.91863472032,417151371272.18756,7044299733.351112,985596115.3192217,15786394.068719175,180516.43951659405,8547778.989257812,1887724.0990400314,-1311764.3705661297,4235.608656730503,-229.5208818737301,706207.1199147701,4235.608656730503,-229.5208818737301,0.010276671527174411
1254,417159919051.1768,7046187457.450152,984284350.9486556,15790629.677375905,180286.91863472032,417151371272.18756,7045471187.490758,985666634.0271404,15786394.068719175,180516.43951659405,8547778.989257812,716269.959394455,-1382283.0784847736,4235.608656730503,-229.5208818737301,1948179.9674789906,4235.608656730503,-229.5208818737301,0.010276671527174411
1255,417159919051.1768,7046187457.450152,984284350.9486556,15790629.677375905,180286.91863472032,417150849797.9336,7034445925.824572,981842062.7643648,15649517.242035374,180641.13555524274,9069253.243225098,11741531.625580788,2442288.1842907667,141112.43534053117,-354.21692052241997,-12823431.82338779,141112.43534053117,-354.21692052241997,0.010225683421832438
1256,417159919051.1768,7046187457.450152,984284350.9486556,15790629.677375905,180286.91863472032,417150849797.9336,7038340627.52698,982135960.6951822,15655778.788429987,180641.13555524274,9069253.243225098,7846829.923171997,2148390.253473401,134850.88894591853,-354.21692052241997,-8634832.190161634,134850.88894591853,-354.21692052241997,0.010225683421832438
1257,417159919051.1768,7046187457.450152,984284350.9486556,15790629.677375905,180286.91863472032,417150849797.9336,7033419522.052413,983499091.2836356,15635190.823957764,180143.72381831956,9069253.243225098,12767935.39773941,785259.665019989,155438.8534181416,143.19481640076265,-12192807.076275636,155438.8534181416,143.19481640076265,0.010225683421832438
1258,417159919051.1768,7046187457.450152,984284350.9486556,15790629.677375905,180286.91863472032,417091831633.2686,7039315033.302023,982561618.7311354,14428527.087053174,186852.68508172737,68087417.90820312,6872424.148129463,1722732.217520237,1362102.590322731,-6565.766447007045,1617956.3205807675,1362102.590322731,-6565.766447007045,0.010096265288817118
1259,417159919051.1768,7046187457.450152,984284350.9486556,15790629.677375905,180286.91863472032,417007076608.65656,7036317818.46819,986402852.8327414,15891373.536829863,183341.80978028447,152842442.52026367,9869638.981962204,-2118501.8840857744,-100743.85945395753,-3054.89114556415,15175229.28016312,-100743.85945395753,-3054.89114556415,0.009921666789165099
1260,417159919051.1768,7046187457.450152,984284350.9486556,15790629.677375905,180286.91863472032,417085248484.8673,7025584601.943859,984824363.0508989,15562269.778665187,181274.64524497293,74670566.30950928,20602855.506293297,-540012.1022433043,228359.89871071838,-987.7266102526046,-8862258.457623601,228359.89871071838,-987.7266102526046,0.009806468282394055
1261,417159919051.1768,7046187457.450152,984284350.9486556,15790629.677375905,180286.91863472032,416572833532.9536,7053688469.515345,985691525.7944955,15884548.209775193,182255.4698967719,587085518.2232056,-7501012.065192223,-1407174.845839858,-93918.53239928745,-1968.5512620515656,96971014.6445129,-93918.53239928745,-1968.5512620515656,0.007077485767589266
1262,417159919051.1768,7046187457.450152,984284350.9486556,15790629.677375905,180286.91863472032,416572833532.9536,7054331882.949888,986675314.676069,15885412.06035099,182255.4698967719,587085518.2232056,-8144425.499735832,-2390963.727413416,-94782.3829750847,-1968.5512620515656,98598216.96063007,-94782.3829750847,-1968.5512620515656,0.007077485767589266
1263,417159919051.1768,7046187457.450152,984284350.9486556,15790629.677375905,180286.91863472032,416572833532.9536,7053797092.632903,985412335.316403,15878823.658896966,182255.4698967719,587085518.2232056,-7609635.182750702,-1127984.367747426,-88193.98152106069,-1968.5512620515656,96800447.28397895,-88193.98152106069,-1968.5512620515656,0.007077485767589266
1264,417159919051.1768,7046187457.450152,984284350.9486556,15790629.677375905,180286.91863472032,416809591655.9505,7037455508.001495,983542423.2478268,15039246.294981714,182226.3292221314,350327395.22631836,8731949.448657036,741927.7008287907,751383.3823941909,-1939.4105874110828,43075232.134461924,751383.3823941909,-1939.4105874110828,0.008867165287235768
1265,417159919051.1768,7046187457.450152,984284350.9486556,15790629.677375905,180286.91863472032,417159919051.1768,7025292487.312922,976575245.3496685,15796434.814051794,165869.00584649158,0.0,20894970.137230873,7709105.5989871025,-5805.1366758886725,14417.912788228743,-28604075.736217976,-5805.1366758886725,14417.912788228743,0.010437739146191486
1266,417159919051.1768,7046187457.450152,984284350.9486556,15790629.677375905,180286.91863472032,417035114804.9565,7025994593.941131,976320912.6216353,15796482.331335695,165989.19318820958,124804246.22033691,20192863.50902176,7963438.3270202875,-5852.653959790245,14297.72544651074,-9435664.90299151,-5852.653959790245,14297.72544651074,0.010231339233487121
1267,417159919051.1768,7046187457.450152,984284350.9486556,15790629.677375905,180286.91863472032,417002051729.0523,7031002540.073623,974853652.498139,15790651.01373306,165700.31684534805,157867322.12451172,15184917.376529694,9430698.450516582,-21.33635715395212,14586.601789372275,-935517.5083695166,-21.33635715395212,14586.601789372275,0.010122974014486382
1268,417159919051.1768,7046187457.450152,984284350.9486556,15790629.677375905,180286.91863472032,417026948493.8494,7030654139.676467,974280635.9521422,15791308.165801192,167813.39307303517,132970557.32739258,15533317.773685455,10003714.996513367,-678.4884252864867,12473.52556168515,-5591449.171089936,-678.4884252864867,12473.52556168515,0.010135624542277583
1269,417159919051.1768,7046187457.450152,984284350.9486556,15790629.677375905,180286.91863472032,416987535216.5774,7026792437.5127125,975633876.026664,15763242.007935623,166891.3365962431,172383834.59942627,19395019.93743992,8650474.921991587,27387.66944028251,13395.582038477209,-2187919.6695175655,27387.66944028251,13395.582038477209,0.010082037680377864
1270,417159919051.1768,7046187457.450152,984284350.9486556,15790629.677375905,180286.91863472032,417011870245.12354,7028192500.78403,974590099.8783537,15783974.538896957,169776.57391281537,148048806.0532837,17994956.666122437,9694251.07030189,6655.138478947803,10510.344721904956,-5481886.828431774,6655.138478947803,10510.344721904956,0.010160201489140352
1271,417159919051.1768,7046187457.450152,984284350.9486556,15790629.677375905,180286.91863472032,417064647815.25775,7037731183.6714735,977521381.3716264,15646397.851783263,165496.12042599003,95271235.91906738,8456273.778678894,6762969.577029228,144231.82559264265,14790.798208730295,-928557.967848016,144231.82559264265,14790.798208730295,0.010287340123060302
1272,417159919051.1768,7046187457.450152,984284350.9486556,15790629.677375905,180286.91863472032,417159919051.1768,7023954171.707439,974304683.6918609,15790387.685146553,166815.24190161392,0.0,22233285.742712975,9979667.256794691,241.99222935177386,13471.676733106404,-32212952.999507666,241.99222935177386,13471.676733106404,0.010437739146191486
1273,417159919051.1768,7046187457.450152,984284350.9486556,15790629.677375905,180286.91863472032,417159919051.1768,7035515561.406007,976441960.8783053,15783592.81878911,164952.46162449688,0.0,10671896.044145584,7842390.070350289,7036.858586795628,15334.457010223443,-18514286.114495873,7036.858586795628,15334.457010223443,0.010437739146191486
1274,417159919051.1768,7046187457.450152,984284350.9486556,15790629.677375905,180286.91863472032,417083941799.78625,7020275273.54444,976803405.9589107,15796526.54073939,165303.95323527092,75977251.39056396,25912183.905712128,7480944.989744902,-5896.863363483921,14982.9653994494,-21996541.186872438,-5896.863363483921,14982.9653994494,0.010317758638386635
1275,417159919051.1768,7046187457.450152,984284350.9486556,15790629.677375905,180286.91863472032,417159919051.1768,7020169459.77702,975549221.983743,15794987.870769965,165036.547367517,0.0,26017997.673131943,8735128.964912653,-4358.193394059315,15250.371267203329,-34753126.638044596,-4358.193394059315,15250.371267203329,0.010437739146191486
1276,417159919051.1768,7046187457.450152,984284350.9486556,15790629.677375905,180286.91863472032,417026948493.8494,7025638712.253074,975434712.7427843,15794962.55907306,166169.91670361802,132970557.32739258,20548745.197078705,8849638.205871344,-4332.881697155535,14117.001931102306,-9452799.803841162,-4332.881697155535,14117.001931102306,0.010135624542277583
1277,417159919051.1768,7046187457.450152,984284350.9486556,15790629.677375905,180286.91863472032,417159919051.1768,7027718506.115144,976461095.8137031,15794360.443509264,165137.1539116727,0.0,18468951.33500862,7823255.134952545,-3730.766133358702,15149.764723047614,-26292206.469961166,-3730.766133358702,15149.764723047614,0.010437739146191486
1278,417159919051.1768,7046187457.450152,984284350.9486556,15790629.677375905,180286.91863472032,417159919051.1768,7029466773.521384,976380697.6796494,15795858.74702493,165074.11797961962,0.0,16720683.928768158,7903653.269006252,-5229.069649023935,15212.800655100698,-24624337.19777441,-5229.069649023935,15212.800655100698,0.010437739146191486
1279,417159919051.1768,7046187457.450152,984284350.9486556,15790629.677375905,180286.91863472032,417159919051.1768,7045259459.9695835,975785381.1847606,15778131.8038929,165269.40923025453,0.0,927997.4805688858,8498969.763895035,12497.873483005911,15017.509404465789,-9426967.24446392,12497.873483005911,15017.509404465789,0.010437739146191486
1280,417159919051.1768,7046187457.450152,984284350.9486556,15790629.677375905,180286.91863472032,417109312875.899,7030348886.623657,976212038.4188328,15714932.365458576,167306.0802734639,50606175.27783203,15838570.82649517,8072312.529822826,75697.3119173292,12980.838361256436,-16319957.064643193,75697.3119173292,12980.838361256436,0.010364852070106794
1281,417159919051.1768,7046187457.450152,984284350.9486556,15790629.677375905,180286.91863472032,417035114804.9565,7037105798.576617,977323663.4297849,15795777.656352185,167216.23383728784,124804246.22033691,9081658.873535156,6960687.518870711,-5147.978976279497,13070.684797432477,2678290.540644668,-5147.978976279497,13070.684797432477,0.010231339233487121
1282,417159919051.1768,7046187457.450152,984284350.9486556,15790629.677375905,180286.91863472032,417159919051.1768,7019572271.663425,976348069.956314,15794899.374824435,165272.0982609272,0.0,26615185.78672695,7936280.992341638,-4269.697448529303,15014.820373793133,-34551466.77906859,-4269.697448529303,15014.820373793133,0.010437739146191486
1283,417159919051.1768,7046187457.450152,984284350.9486556,15790629.677375905,180286.91863472032,416987535216.5774,7031668455.509054,975557739.5426604,15763406.509325597,165877.09357651233,172383834.59942627,14519001.941098213,8726611.40599525,27223.16805030778,14409.825058207993,2611961.8428204767,27223.16805030778,14409.825058207993,0.010082037680377864
1284,417159919051.1768,7046187457.450152,984284350.9486556,15790629.677375905,180286.91863472032,416987535216.5774,7025700585.511085,975718502.4822612,15761983.542428376,169673.44315164152,172383834.59942627,20486871.93906784,8565848.466394424,28646.134947529063,10613.4754830788,-3195145.2155483253,28646.134947529063,10613.4754830788,0.010082037680377864
1285,417159919051.1768,7046187457.450152,984284350.9486556,15790629.677375905,180286.91863472032,417011870245.12354,7028246512.826239,975604350.8692127,15784306.24629004,167868.79248262578,148048806.0532837,17940944.623913765,8680000.079442859,6323.431085865945,12418.12615209454,-4413623.795364071,6323.431085865945,12418.12615209454,0.010160201489140352
1286,417159919051.1768,7046187457.450152,984284350.9486556,15790629.677375905,180286.91863472032,417064647815.25775,7038212732.758281,977586813.6617883,15646397.851783263,165496.12042599003,95271235.91906738,7974724.691871643,6697537.286867261,144231.82559264265,14790.798208730295,-381576.5908787977,144231.82559264265,14790.798208730295,0.010287340123060302
1287,417159919051.1768,7046187457.450152,984284350.9486556,15790629.677375905,180286.91863472032,417159919051.1768,7037407225.685411,976614541.321355,15796078.244843544,164797.37220993667,0.0,8780231.764740944,7669809.62730062,-5448.567467639223,15489.54642478365,-16450041.392041564,-5448.567467639223,15489.54642478365,0.010437739146191486
1288,417159919051.1768,7046187457.450152,984284350.9486556,15790629.677375905,180286.91863472032,417159919051.1768,7037407225.685411,976614541.321355,15796078.244843544,164797.37220993667,0.0,8780231.764740944,7669809.62730062,-5448.567467639223,15489.54642478365,-16450041.392041564,-5448.567467639223,15489.54642478365,0.010437739146191486
1289,417159919051.1768,7046187457.450152,984284350.9486556,15790629.677375905,180286.91863472032,417159919051.1768,7014807008.233055,972950240.0683706,15794242.693132842,165953.35380542418,0.0,31380449.217097282,11334110.880285025,-3613.015756936744,14333.564829296141,-42714560.09738231,-3613.015756936744,14333.564829296141,0.010437739146191486
1290,417159919051.1768,7046187457.450152,984284350.9486556,15790629.677375905,180286.91863472032,417159919051.1768,7014817170.825176,973354664.8572501,15796164.014334062,164747.35928766348,0.0,31370286.62497616,10929686.09140551,-5534.336958156899,15539.559347056842,-42299972.71638167,-5534.336958156899,15539.559347056842,0.010437739146191486
1291,417159919051.1768,7046187457.450152,984284350.9486556,15790629.677375905,180286.91863472032,417159919051.1768,7014810416.912728,973521484.7078769,15796164.014334062,164747.35928766348,0.0,31377040.537424088,10762866.240778685,-5534.336958156899,15539.559347056842,-42139906.77820277,-5534.336958156899,15539.559347056842,0.010437739146191486
1292,417159919051.1768,7046187457.450152,984284350.9486556,15790629.677375905,180286.91863472032,417159919051.1768,6880220315.129623,935241082.0194095,15794808.292465005,164621.94437745993,0.0,165967142.32052898,49043268.92924607,-4178.615089099854,15664.974257260386,-215010411.24977505,-4178.615089099854,15664.974257260386,0.010437739146191486
1293,417159919051.1768,7046187457.450152,984284350.9486556,15790629.677375905,180286.91863472032,417159919051.1768,6879482482.85776,935264977.1970453,15794808.292465005,164621.94437745993,0.0,166704974.59239197,49019373.75161028,-4178.615089099854,15664.974257260386,-215724348.34400225,-4178.615089099854,15664.974257260386,0.010437739146191486
1294,417159919051.1768,7046187457.450152,984284350.9486556,15790629.677375905,180286.91863472032,417125086872.4565,7027420416.74957,973863413.9853892,15655420.656476434,166378.09870067393,34832178.720336914,18767040.700582504,10420936.963266373,135209.0208994709,13908.81993404639,-23963150.85579834,135209.0208994709,13908.81993404639,0.010355085874157786
1295,417159919051.1768,7046187457.450152,984284350.9486556,15790629.677375905,180286.91863472032,417083941799.78625,7022191076.924993,976534926.7913748,15796253.957946895,165549.90063754364,75977251.39056396,23996380.525159836,7749424.157280803,-5624.280570989475,14737.017997176677,-20349216.973856047,-5624.280570989475,14737.017997176677,0.010317758638386635
1296,417159919051.1768,7046187457.450152,984284350.9486556,15790629.677375905,180286.91863472032,417159919051.1768,7012002629.522654,975556812.7090627,15785365.133835355,165098.88999612175,0.0,34184827.92749882,8727538.23959291,5264.543540550396,15188.028638598567,-42912366.16709173,5264.543540550396,15188.028638598567,0.010437739146191486
1297,417159919051.1768,7046187457.450152,984284350.9486556,15790629.677375905,180286.91863472032,417159919051.1768,7040584415.818678,975981775.1559216,15796729.613666223,164797.37220993667,0.0,5603041.631474495,8302575.792734027,-6099.936290318146,15489.54642478365,-13905617.424208522,-6099.936290318146,15489.54642478365,0.010437739146191486
1298,417159919051.1768,7046187457.450152,984284350.9486556,15790629.677375905,180286.91863472032,417159919051.1768,7040766362.617897,976375229.59896,15796729.613666223,164797.37220993667,0.0,5421094.832255363,7909121.349695563,-6099.936290318146,15489.54642478365,-13330216.181950927,-6099.936290318146,15489.54642478365,0.010437739146191486
1299,417159919051.1768,7046187457.450152,984284350.9486556,15790629.677375905,180286.91863472032,416987535216.5774,7023982890.380263,975239651.0110002,15738861.551842403,165291.15448344286,172383834.59942627,22204567.06988907,9044699.937655449,51768.12553350255,14995.764151277457,-5391691.817630578,51768.12553350255,14995.764151277457,0.010082037680377864
1300,417159919051.1768,7046187457.450152,984284350.9486556,15790629.677375905,180286.91863472032,417159919051.1768,7043084336.6229105,984559118.9779016,15794682.305559313,181358.55227127523,0.0,3103120.8272418976,-274768.02924597263,-4052.628183407709,-1071.6336365549068,-2828352.797995925,-4052.628183407709,-1071.6336365549068,0.010437739146191486
1301,417159919051.1768,7046187457.450152,984284350.9486556,15790629.677375905,180286.91863472032,417035114804.9565,7044846066.105792,984307839.8406384,15794729.822843216,181478.7396129932,124804246.22033691,1341391.3443603516,-23488.891982793808,-4100.145467311144,-1191.820978272881,17402734.480672978,-4100.145467311144,-1191.820978272881,0.010231339233487121
1302,417159919051.1768,7046187457.450152,984284350.9486556,15790629.677375905,180286.91863472032,417002051729.0523,7044643744.89007,984373111.6835659,15789909.366617141,181189.8632701317,157867322.12451172,1543712.5600824356,-88760.73491024971,720.3107587639242,-902.9446354113752,22225146.493504573,720.3107587639242,-902.9446354113752,0.010122974014486382
1303,417159919051.1768,7046187457.450152,984284350.9486556,15790629.677375905,180286.91863472032,417026948493.8494,7044084865.171691,984196286.1761743,15789555.65730871,183302.93949781882,132970557.32739258,2102592.2784614563,88064.77248132229,1074.0200671944767,-3016.0208630985,17754926.548166107,1074.0200671944767,-3016.0208630985,0.010135624542277583
1304,417159919051.1768,7046187457.450152,984284350.9486556,15790629.677375905,180286.91863472032,416987535216.5774,7043989182.792959,984591480.9245235,15761515.126754388,182380.88302102676,172383834.59942627,2198274.657193184,-307129.97586786747,29114.550621517003,-2093.964386306441,23966430.508588623,29114.550621517003,-2093.964386306441,0.010082037680377864
1305,417159919051.1768,7046187457.450152,984284350.9486556,15790629.677375905,180286.91863472032,417011870245.12354,7044051346.757385,984272285.9416044,15783232.89178104,185266.12033759902,148048806.0532837,2136110.6927671432,12065.007051229477,7396.78559486568,-4979.201702878694,20059145.20817418,7396.78559486568,-4979.201702878694,0.010160201489140352
1306,417159919051.1768,7046187457.450152,984284350.9486556,15790629.677375905,180286.91863472032,417064647815.25775,7047506268.271807,985724127.6470269,15644302.82884086,180985.66685077365,95271235.91906738,-1318810.8216543198,-1439776.6983712912,146326.84853504598,-698.7482160533255,17049272.907885715,146326.84853504598,-698.7482160533255,0.010287340123060302
1307,417159919051.1768,7046187457.450152,984284350.9486556,15790629.677375905,180286.91863472032,417159919051.1768,7042683094.842391,984129620.8151441,15789646.038030636,182304.78832639757,0.0,3504362.607761383,154730.13351154327,983.6393452696502,-2017.869691677246,-3659092.7412729263,983.6393452696502,-2017.869691677246,0.010437739146191486
1308,417159919051.1768,7046187457.450152,984284350.9486556,15790629.677375905,180286.91863472032,417159919051.1768,7046701623.457245,984979634.1291674,15784769.75138455,180442.0080492805,0.0,-514166.0070924759,-695283.1805118322,5859.92599135451,-155.08941456017783,1209449.1876043081,5859.92599135451,-155.08941456017783,0.010437739146191486
1309,417159919051.1768,7046187457.450152,984284350.9486556,15790629.677375905,180286.91863472032,417083941799.78625,7041424434.469228,985412811.5606166,15795784.893623471,180793.49966005457,75977251.39056396,4763022.980924606,-1128460.6119610071,-5155.216247566044,-506.5810253342497,7762025.339620994,-5155.216247566044,-506.5810253342497,0.010317758638386635
1310,417159919051.1768,7046187457.450152,984284350.9486556,15790629.677375905,180286.91863472032,417159919051.1768,7042406261.913623,984670946.9613738,15793235.362277484,180526.09379230064,0.0,3781195.536529541,-386596.0127182007,-2605.684901578352,-239.17515758032096,-3394599.5238113403,-2605.684901578352,-239.17515758032096,0.010437739146191486
1311,417159919051.1768,7046187457.450152,984284350.9486556,15790629.677375905,180286.91863472032,417026948493.8494,7042669279.704447,984691226.6757501,15794220.911957143,181659.46312840164,132970557.32739258,3518177.7457056046,-406875.72709453106,-3591.234581237659,-1372.5444936813146,16834281.580497812,-3591.234581237659,-1372.5444936813146,0.010135624542277583
1312,417159919051.1768,7046187457.450152,984284350.9486556,15790629.677375905,180286.91863472032,417159919051.1768,7043907875.348183,985203119.7236384,15793618.796393346,180626.70033645633,0.0,2279582.101969719,-918768.77498281,-2989.1190174408257,-339.78170173600665,-1360813.326986909,-2989.1190174408257,-339.78170173600665,0.010437739146191486
1313,417159919051.1768,7046187457.450152,984284350.9486556,15790629.677375905,180286.91863472032,417159919051.1768,7044718028.491065,984987558.4549721,15795117.099909011,180563.66440440324,0.0,1469428.9590873718,-703207.5063165426,-4487.422533106059,-276.7457696829224,-766221.4527708292,-4487.422533106059,-276.7457696829224,0.010437739146191486
1314,417159919051.1768,7046187457.450152,984284350.9486556,15790629.677375905,180286.91863472032,417159919051.1768,7050517578.791051,984864807.5545284,15777390.156776981,180758.95565503818,0.0,-4330121.340898514,-580456.6058727503,13239.520598923787,-472.0370203178609,4910577.946771264,13239.520598923787,-472.0370203178609,0.010437739146191486
1315,417159919051.1768,7046187457.450152,984284350.9486556,15790629.677375905,180286.91863472032,417109312875.899,7044757775.467299,985074601.3680203,15713782.623873238,182795.6266982475,50606175.27783203,1429681.9828529358,-790250.4193646908,76847.0535026677,-2508.708063527185,6951494.728186559,76847.0535026677,-2508.708063527185,0.010364852070106794
1316,417159919051.1768,7046187457.450152,984284350.9486556,15790629.677375905,180286.91863472032,417035114804.9565,7047119380.542263,984738835.3518015,15794025.147859704,182705.7802620715,124804246.22033691,-931923.0921106339,-454484.4031459093,-3395.4704837985337,-2418.8616273511725,20107044.42830708,-3395.4704837985337,-2418.8616273511725,0.010231339233487121
1317,417159919051.1768,7046187457.450152,984284350.9486556,15790629.677375905,180286.91863472032,417159919051.1768,7040854399.804883,985013601.0893388,15793146.866331954,180761.64468571084,0.0,5333057.645269394,-729250.1406831741,-2517.1889560483396,-474.72605099051725,-4603807.50458622,-2517.1889560483396,-474.72605099051725,0.010437739146191486
1318,417159919051.1768,7046187457.450152,984284350.9486556,15790629.677375905,180286.91863472032,417159919051.1768,7035354619.105241,975387195.8866588,15794977.105173744,168560.85641858296,0.0,10832838.344911575,8897155.061996818,-4347.4277978390455,11726.062216137361,-19729993.406908393,-4347.4277978390455,11726.062216137361,0.010437739146191486
1319,417159919051.1768,7046187457.450152,984284350.9486556,15790629.677375905,180286.91863472032,417159919051.1768,7035704925.904803,975648786.0632083,15795987.966550307,168560.85641858296,0.0,10482531.545349121,8635564.885447264,-5358.289174402133,11726.062216137361,-19118096.430796385,-5358.289174402133,11726.062216137361,0.010437739146191486
1320,417159919051.1768,7046187457.450152,984284350.9486556,15790629.677375905,180286.91863472032,416987535216.5774,7045499191.370452,984561742.1419688,15761731.600141475,181366.64000129595,172383834.59942627,688266.07970047,-277391.193313241,28898.07723443024,-1079.721366575628,25446700.30352671,28898.07723443024,-1079.721366575628,0.010082037680377864
1321,417159919051.1768,7046187457.450152,984284350.9486556,15790629.677375905,180286.91863472032,416987535216.5774,7042976659.470197,984835861.0334911,15761290.900635066,185162.98957642517,172383834.59942627,3210797.979955673,-551510.0848355293,29338.776740839705,-4876.070941704849,23198287.294793796,29338.776740839705,-4876.070941704849,0.010082037680377864
1322,417159919051.1768,7046187457.450152,984284350.9486556,15790629.677375905,180286.91863472032,417011870245.12354,7043712399.933713,984775197.5483322,15783564.599174123,183358.33890740943,148048806.0532837,2475057.516439438,-490846.59967660904,7065.078201781958,-3071.420272689109,20223109.991229724,7065.078201781958,-3071.420272689109,0.010160201489140352
1323,417159919051.1768,7046187457.450152,984284350.9486556,15790629.677375905,180286.91863472032,417064647815.25775,7047168524.629771,985491034.4701612,15644302.82884086,180985.66685077365,95271235.91906738,-981067.1796188354,-1206683.5215055943,146326.84853504598,-698.7482160533255,16478436.088984536,146326.84853504598,-698.7482160533255,0.010287340123060302
1324,417159919051.1768,7046187457.450152,984284350.9486556,15790629.677375905,180286.91863472032,417159919051.1768,7047446024.738628,984962332.6301129,15795336.597727627,180286.91863472032,0.0,-1258567.2884759903,-677981.6814572811,-4706.920351721346,0.0,1936548.9699332714,-4706.920351721346,0.0,0.010437739146191486
1325,417159919051.1768,7046187457.450152,984284350.9486556,15790629.677375905,180286.91863472032,417159919051.1768,7047446024.738628,984962332.6301129,15795336.597727627,180286.91863472032,0.0,-1258567.2884759903,-677981.6814572811,-4706.920351721346,0.0,1936548.9699332714,-4706.920351721346,0.0,0.010437739146191486
1326,417159919051.1768,7046187457.450152,984284350.9486556,15790629.677375905,180286.91863472032,417159919051.1768,7025380148.318464,980997958.7830626,15793044.007878818,180236.9057124471,0.0,20807309.131688118,3286392.165593028,-2414.330502912402,50.01292227322119,-24093701.297281146,-2414.330502912402,50.01292227322119,0.010437739146191486
1327,417159919051.1768,7046187457.450152,984284350.9486556,15790629.677375905,180286.91863472032,417159919051.1768,7025178395.442214,981916348.7737125,15794411.505841583,180236.9057124471,0.0,21009062.007938385,2368002.1749430895,-3781.828465677798,50.01292227322119,-23377064.182881474,-3781.828465677798,50.01292227322119,0.010437739146191486
1328,417159919051.1768,7046187457.450152,984284350.9486556,15790629.677375905,180286.91863472032,417159919051.1768,7025263500.634915,981858863.1417062,15794411.505841583,180236.9057124471,0.0,20923956.815237045,2425487.806949377,-3781.828465677798,50.01292227322119,-23349444.622186422,-3781.828465677798,50.01292227322119,0.010437739146191486
1329,417159919051.1768,7046187457.450152,984284350.9486556,15790629.677375905,180286.91863472032,417159919051.1768,6892494083.096527,943739859.7384281,15793609.607210979,178905.49628448286,0.0,153693374.3536253,40544491.21022749,-2979.92983507365,1381.4223502374662,-194237865.5638528,-2979.92983507365,1381.4223502374662,0.010437739146191486
1330,417159919051.1768,7046187457.450152,984284350.9486556,15790629.677375905,180286.91863472032,417159919051.1768,6892151404.636589,943784401.1191391,15793609.607210979,178905.49628448286,0.0,154036052.81356335,40499949.82951653,-2979.92983507365,1381.4223502374662,-194536002.64307988,-2979.92983507365,1381.4223502374662,0.010437739146191486
1331,417159919051.1768,7046187457.450152,984284350.9486556,15790629.677375905,180286.91863472032,417125086872.4565,7043920464.295124,983891072.0807165,15653993.364444701,181867.64512545755,34832178.720336914,2266993.155028343,393278.86793911457,136636.31293120421,-1580.72649073723,2564554.785083079,136636.31293120421,-1580.72649073723,0.010355085874157786
1332,417159919051.1768,7046187457.450152,984284350.9486556,15790629.677375905,180286.91863472032,417083941799.78625,7042607970.180737,984983542.6273873,15794501.449454414,181039.4470623273,75977251.39056396,3579487.2694158554,-699191.6787316799,-3871.772078508511,-752.5284276069724,8516292.117900418,-3871.772078508511,-752.5284276069724,0.010317758638386635
1333,417159919051.1768,7046187457.450152,984284350.9486556,15790629.677375905,180286.91863472032,417159919051.1768,7038514976.4684515,984662959.5630438,15783631.948874932,180588.4364209054,0.0,7672480.981700897,-378608.61438822746,6997.728500973433,-301.5177861850825,-7293872.36731267,6997.728500973433,-301.5177861850825,0.010437739146191486
1334,417159919051.1768,7046187457.450152,984284350.9486556,15790629.677375905,180286.91863472032,417159919051.1768,7048225411.97561,984390204.9565823,15794977.105173744,180286.91863472032,0.0,-2037954.5254573822,-105854.0079267025,-4347.4277978390455,0.0,2143808.5333840847,-4347.4277978390455,0.0,0.010437739146191486
1335,417159919051.1768,7046187457.450152,984284350.9486556,15790629.677375905,180286.91863472032,417159919051.1768,7048491220.290717,985098326.653366,15795987.966550307,180286.91863472032,0.0,-2303762.840564728,-813975.7047103643,-5358.289174402133,0.0,3117738.545275092,-5358.289174402133,0.0,0.010437739146191486
1336,417159919051.1768,7046187457.450152,984284350.9486556,15790629.677375905,180286.91863472032,416987535216.5774,7042802692.822835,984478666.7577467,15737883.964206176,180780.70090822648,172383834.59942627,3384764.6273174286,-194315.80909109116,52745.71316972934,-493.7822735061636,22667126.371687602,52745.71316972934,-493.7822735061636,0.010082037680377864
1337,417159919051.1768,7046187457.450152,984284350.9486556,15790629.677375905,180286.91863472032,417060782368.611,6957587094.098995,972808464.6524265,15787749.939984871,180579.93912010448,99136682.5657959,88600363.35115719,11475886.296229124,2879.737391034141,-293.0204853841569,-85205747.26251693,2879.737391034141,-293.0204853841569,0.010286740850901652
1338,417159919051.1768,7046187457.450152,984284350.9486556,15790629.677375905,180286.91863472032,417068251505.92395,6957825401.469057,972716040.3245183,15786295.76389626,182487.99581327275,91667545.25286865,88362055.98109531,11568310.624137282,4333.913479644805,-2201.0771785524266,-86180234.8173023,4333.913479644805,-2201.0771785524266,0.010305530089913353
1339,417159919051.1768,7046187457.450152,984284350.9486556,15790629.677375905,180286.91863472032,417104273547.11816,6957627988.00716,973836413.1705873,15731208.09614757,180480.92686374288,55645504.058654785,88559469.44299221,10447937.778068304,59421.58122833446,-194.0082290225546,-90660581.6122623,59421.58122833446,-194.0082290225546,0.010364756131181858
1340,417159919051.1768,7046187457.450152,984284350.9486556,15790629.677375905,180286.91863472032,417159919051.1768,6957939317.371401,972592607.3600309,15788384.559110833,181111.11885947065,0.0,88248140.07875156,11691743.588624716,2245.118265071884,-824.200224750326,-99939883.66737628,2245.118265071884,-824.200224750326,0.010437739146191486
1341,417159919051.1768,7046187457.450152,984284350.9486556,15790629.677375905,180286.91863472032,417159919051.1768,6957753735.964103,973441517.0350549,15785327.09203372,180218.2659753009,0.0,88433721.48604965,10842833.913600683,5302.585342185572,68.65265941942926,-99276555.39965034,5302.585342185572,68.65265941942926,0.010437739146191486
1342,417159919051.1768,7046187457.450152,984284350.9486556,15790629.677375905,180286.91863472032,417131911123.6672,6957983247.917003,973748108.11626,15790558.643410763,180383.70314011181,28007927.509643555,88204209.53314972,10536242.832395554,71.03396514244378,-96.78450539149344,-94539263.23909874,71.03396514244378,-96.78450539149344,0.010399581640007887
1343,417159919051.1768,7046187457.450152,984284350.9486556,15790629.677375905,180286.91863472032,417107708809.14844,6957812036.275119,973019644.3388523,15789981.743882505,180796.25559888367,52210242.02838135,88375421.17503357,11264706.609803319,647.9334933999926,-509.33696416334715,-91808591.48057969,647.9334933999926,-509.33696416334715,0.010341590531400446
1344,417159919051.1768,7046187457.450152,984284350.9486556,15790629.677375905,180286.91863472032,417159919051.1768,6957822700.896587,973427968.0442811,15789529.860336801,180306.07395908886,0.0,88364756.55356503,10856382.90437448,1099.8170391041785,-19.15532436853391,-99221139.4579395,1099.8170391041785,-19.15532436853391,0.010437739146191486
1345,417159919051.1768,7046187457.450152,984284350.9486556,15790629.677375905,180286.91863472032,417159919051.1768,6958212781.773727,973383706.717874,15790267.331281893,180275.21289645124,0.0,87974675.67642498,10900644.230781555,362.34609401226044,11.705738269083668,-98875319.90720654,362.34609401226044,11.705738269083668,0.010437739146191486
1346,417159919051.1768,7046187457.450152,984284350.9486556,15790629.677375905,180286.91863472032,417159919051.1768,6957669118.178035,973134817.7711592,15788036.54771976,180369.06198967216,0.0,88518339.27211761,11149533.177496433,2593.129656145349,-82.14335495184059,-99667872.44961405,2593.129656145349,-82.14335495184059,0.010437739146191486
1347,417159919051.1768,7046187457.450152,984284350.9486556,15790629.677375905,180286.91863472032,417127802479.154,6957719875.068815,973217023.0873326,15757175.235232882,181347.99168097443,32116572.02282715,88467582.38133717,11067327.861322999,33454.442143023014,-1061.0730462541105,-94717424.43923609,33454.442143023014,-1061.0730462541105,0.01040262171414378
1348,417159919051.1768,7046187457.450152,984284350.9486556,15790629.677375905,180286.91863472032,417159919051.1768,6896554292.43908,960349024.840319,15790629.677375905,165859.3736296771,0.0,149633165.01107216,23935326.108336568,0.0,14427.545005043212,-173568491.11940873,0.0,14427.545005043212,0.010437739146191486
1349,417159919051.1768,7046187457.450152,984284350.9486556,15790629.677375905,180286.91863472032,417088043731.2512,6957288635.316231,972941615.2157687,15788638.06590534,182457.98401366343,71875319.92559814,88898822.13392162,11342735.73288691,1991.6114705651999,-2171.065378943109,-89460259.87796882,1991.6114705651999,-2171.065378943109,0.010320486363578879
1350,417159919051.1768,7046187457.450152,984284350.9486556,15790629.677375905,180286.91863472032,417068251505.92395,6957845591.238524,973181773.8587003,15786411.492515817,181608.26707394875,91667545.25286865,88341866.21162796,11102577.08995533,4218.184860087931,-1321.34843922843,-85694311.513653,4218.184860087931,-1321.34843922843,0.010305530089913353
1351,417159919051.1768,7046187457.450152,984284350.9486556,15790629.677375905,180286.91863472032,417104273547.11816,6957382993.139179,973840452.7088274,15731208.09614757,180480.92686374288,55645504.058654785,88804464.31097317,10443898.239828229,59421.58122833446,-194.0082290225546,-90901536.94200318,59421.58122833446,-194.0082290225546,0.010364756131181858
1352,417159919051.1768,7046187457.450152,984284350.9486556,15790629.677375905,180286.91863472032,417159919051.1768,6895292430.236049,968468050.182528,15790565.629129086,179856.84139755703,0.0,150895027.2141037,15816300.766127586,64.04824681952596,430.077237163292,-166711327.98023129,64.04824681952596,430.077237163292,0.010437739146191486
1353,417159919051.1768,7046187457.450152,984284350.9486556,15790629.677375905,180286.91863472032,417159919051.1768,6895292430.236049,968468050.182528,15790565.629129086,179856.84139755703,0.0,150895027.2141037,15816300.766127586,64.04824681952596,430.077237163292,-166711327.98023129,64.04824681952596,430.077237163292,0.010437739146191486
1354,417159919051.1768,7046187457.450152,984284350.9486556,15790629.677375905,180286.91863472032,417159919051.1768,6901514149.195806,966647734.2752228,15790629.677375905,179685.3429231669,0.0,144673308.25434685,17636616.673432827,0.0,601.5757115534216,-162309924.92777967,0.0,601.5757115534216,0.010437739146191486
1355,417159919051.1768,7046187457.450152,984284350.9486556,15790629.677375905,180286.91863472032,417159919051.1768,6994884767.334154,978387058.0612385,15790979.621071476,180885.52091358107,0.0,51302690.11599827,5897292.887417078,-349.94369557127357,-598.6022788607515,-57199983.003415346,-349.94369557127357,-598.6022788607515,0.010437739146191486
1356,417159919051.1768,7046187457.450152,984284350.9486556,15790629.677375905,180286.91863472032,417078747551.96875,6995737490.542312,978275774.5153723,15791006.404097356,180963.9013643098,81171499.20806885,50449966.90784073,6008576.433283329,-376.72672145068645,-676.9827295894793,-44282818.45991373,-376.72672145068645,-676.9827295894793,0.01030364257316573
1357,417159919051.1768,7046187457.450152,984284350.9486556,15790629.677375905,180286.91863472032,417022096586.7266,6997736247.584723,977228162.8720695,15786728.839137591,180855.0946940015,137822464.4501953,48451209.865428925,7056188.076586127,3900.838238313794,-568.1760592811916,-34834028.27448575,3900.838238313794,-568.1760592811916,0.010206549073349776
1358,417159919051.1768,7046187457.450152,984284350.9486556,15790629.677375905,180286.91863472032,417067031594.97754,6997259419.845428,977487830.7042875,15787757.177790442,182162.36528836229,92887456.19927979,48928037.60472393,6796520.244368076,2872.499585462734,-1875.446653641964,-41791439.41920004,2872.499585462734,-1875.446653641964,0.010240917951532513
1359,417159919051.1768,7046187457.450152,984284350.9486556,15790629.677375905,180286.91863472032,417038833668.12506,6996546136.244665,977707137.8372306,15789712.517193256,181548.58974548697,121085383.05175781,49641321.20548725,6577213.111425042,917.1601826492697,-1261.6711107666488,-38055726.85914862,917.1601826492697,-1261.6711107666488,0.01020387699499654
1360,417159919051.1768,7046187457.450152,984284350.9486556,15790629.677375905,180286.91863472032,417036123346.29474,6997404762.6760025,977103413.5901628,15784211.723518508,183813.16136050897,123795704.88208008,48782694.774149895,7180937.358492851,6417.953857397661,-3526.2427257886447,-37394276.40033074,6417.953857397661,-3526.2427257886447,0.010234603339045573
1361,417159919051.1768,7046187457.450152,984284350.9486556,15790629.677375905,180286.91863472032,417082224782.66473,7005755701.338432,978605086.3486013,15692755.964038381,180704.5076023793,77694268.51208496,40431756.111720085,5679264.600054264,97873.71333752386,-417.5889676589868,-34456880.4349616,97873.71333752386,-417.5889676589868,0.010326614902225223
1362,417159919051.1768,7046187457.450152,984284350.9486556,15790629.677375905,180286.91863472032,417159919051.1768,6993727854.255474,976950593.4129902,15786925.99655748,181671.40543419705,0.0,52459603.19467831,7333757.535665393,3703.6808184254915,-1384.4867994767264,-59793360.7303437,3703.6808184254915,-1384.4867994767264,0.010437739146191486
1363,417159919051.1768,7046187457.450152,984284350.9486556,15790629.677375905,180286.91863472032,417159919051.1768,7002711654.9137745,978069073.5638387,15782984.539872563,180303.53462845736,0.0,43475802.53637791,6215277.384816885,7645.137503342703,-16.61599373703939,-49691079.92119479,7645.137503342703,-16.61599373703939,0.010437739146191486
1364,417159919051.1768,7046187457.450152,984284350.9486556,15790629.677375905,180286.91863472032,417107668249.23773,6990633398.790082,978302783.6356468,15791031.63610267,180559.26676340098,52250801.939086914,55554058.66007042,5981567.313008785,-401.9587267655879,-272.34812868066365,-53698005.68221617,-401.9587267655879,-272.34812868066365,0.01035962067834943
1365,417159919051.1768,7046187457.450152,984284350.9486556,15790629.677375905,180286.91863472032,417159919051.1768,6991050180.641518,977830587.9481076,15790035.856087534,180344.96310480236,0.0,55137276.80863476,6453763.000548005,593.8212883714586,-58.04447008203715,-61591039.80918276,593.8212883714586,-58.04447008203715,0.010437739146191486
1366,417159919051.1768,7046187457.450152,984284350.9486556,15790629.677375905,180286.91863472032,417067031594.97754,6994776106.755114,977529149.3646549,15789974.191581748,181193.27824217768,92887456.19927979,51411350.695038795,6755201.584000707,655.4857941567898,-906.3596074573579,-44233433.849147536,655.4857941567898,-906.3596074573579,0.010240917951532513
1367,417159919051.1768,7046187457.450152,984284350.9486556,15790629.677375905,180286.91863472032,417159919051.1768,6996522674.73032,978090724.6975023,15789456.336237133,180438.61902961932,0.0,49664782.71983242,6193626.25115335,1173.3411387726665,-151.70039489900228,-55858408.97098577,1173.3411387726665,-151.70039489900228,0.010437739146191486
1368,417159919051.1768,7046187457.450152,984284350.9486556,15790629.677375905,180286.91863472032,417159919051.1768,6997872434.914986,977980764.6391914,15790507.374637278,180391.85685063334,0.0,48315022.53516674,6303586.309464216,122.30273862741888,-104.93821591301821,-54618608.84463096,122.30273862741888,-104.93821591301821,0.010437739146191486
1369,417159919051.1768,7046187457.450152,984284350.9486556,15790629.677375905,180286.91863472032,417159919051.1768,7011169251.492152,977722301.5129185,15787174.067001022,180535.3636313589,0.0,35018205.95800018,6562049.435737133,3455.6103748828173,-248.44499663857277,-41580255.393737316,3455.6103748828173,-248.44499663857277,0.010437739146191486
1370,417159919051.1768,7046187457.450152,984284350.9486556,15790629.677375905,180286.91863472032,417117324854.0751,6998945248.7141285,977873806.0215482,15737455.092361359,182033.71523651993,42594197.101745605,47242208.7360239,6410544.927107453,53174.58501454629,-1746.7966017996077,-47263624.097869515,53174.58501454629,-1746.7966017996077,0.010384101346749325
1371,417159919051.1768,7046187457.450152,984284350.9486556,15790629.677375905,180286.91863472032,417078747551.96875,7003929691.986798,978580624.1720067,15790548.766794303,181371.88203492897,81171499.20806885,42257765.46335411,5703726.776648879,80.91058160178363,-1084.9634002086532,-35785767.35879266,80.91058160178363,-1084.9634002086532,0.01030364257316573
1372,417159919051.1768,7046187457.450152,984284350.9486556,15790629.677375905,180286.91863472032,417159919051.1768,6990506268.919284,977913470.7797241,15790018.51444298,180496.90003091752,0.0,55681188.53086853,6370880.168931484,611.1629329249263,-209.98139619719586,-62052068.699800014,611.1629329249263,-209.98139619719586,0.010437739146191486
1373,417159919051.1768,7046187457.450152,984284350.9486556,15790629.677375905,180286.91863472032,417159919051.1768,6966470092.47805,967117950.8940341,15791166.996741459,167160.63897842553,0.0,79717364.97210217,17166400.054621458,-537.3193655535579,13126.279656294791,-96883765.02672362,-537.3193655535579,13126.279656294791,0.010437739146191486
1374,417159919051.1768,7046187457.450152,984284350.9486556,15790629.677375905,180286.91863472032,417159919051.1768,6966500718.843533,966566568.8848732,15791166.996741459,167160.63897842553,0.0,79686738.60661983,17717782.063782454,-537.3193655535579,13126.279656294791,-97404520.67040229,-537.3193655535579,13126.279656294791,0.010437739146191486
1375,417159919051.1768,7046187457.450152,984284350.9486556,15790629.677375905,180286.91863472032,417038833668.12506,7000662499.72384,977784047.7709703,15786376.982198155,180891.01727043506,121085383.05175781,45524957.72631264,6500303.177685261,4252.695177750662,-604.098635714734,-33862453.446234226,4252.695177750662,-604.098635714734,0.01020387699499654
1376,417159919051.1768,7046187457.450152,984284350.9486556,15790629.677375905,180286.91863472032,417038833668.12506,6995825247.853052,977460174.4374899,15787124.96860326,183754.33050676298,121085383.05175781,50362209.59710026,6824176.511165738,3504.7087726444006,-3467.411872042663,-39023578.650502324,3504.7087726444006,-3467.411872042663,0.01020387699499654
1377,417159919051.1768,7046187457.450152,984284350.9486556,15790629.677375905,180286.91863472032,417036123346.29474,6996617262.031187,977637395.8221167,15784427.478845797,182439.2003009025,123795704.88208008,49570195.41896534,6646955.126538873,6202.198530107737,-2152.2816661821853,-37647794.8131922,6202.198530107737,-2152.2816661821853,0.010234603339045573
1378,417159919051.1768,7046187457.450152,984284350.9486556,15790629.677375905,180286.91863472032,417082224782.66473,7005510706.470451,978609125.8868414,15692755.964038381,180704.5076023793,77694268.51208496,40676750.97970104,5675225.061814189,97873.71333752386,-417.5889676589868,-34697835.764702484,97873.71333752386,-417.5889676589868,0.010326614902225223
1379,417159919051.1768,7046187457.450152,984284350.9486556,15790629.677375905,180286.91863472032,417159919051.1768,6972402852.677036,975599473.0005955,15790577.83920235,180043.15810758938,0.0,73784604.77311611,8684877.948060155,51.83817355521023,243.76052713094396,-82469482.72117627,51.83817355521023,243.76052713094396,0.010437739146191486
1380,417159919051.1768,7046187457.450152,984284350.9486556,15790629.677375905,180286.91863472032,417159919051.1768,6972402852.677036,975599473.0005955,15790577.83920235,180043.15810758938,0.0,73784604.77311611,8684877.948060155,51.83817355521023,243.76052713094396,-82469482.72117627,51.83817355521023,243.76052713094396,0.010437739146191486
1381,417159919051.1768,7046187457.450152,984284350.9486556,15790629.677375905,180286.91863472032,417136555361.0899,6996717902.819439,977092068.7161472,15711904.746363448,181221.5180180978,23363690.086914062,49469554.63071346,7192282.232508421,78724.93101245724,-934.5993833774701,-53157283.350184776,78724.93101245724,-934.5993833774701,0.010383227978490058
1382,417159919051.1768,7046187457.450152,984284350.9486556,15790629.677375905,180286.91863472032,417107668249.23773,6992099129.463308,978109169.0522468,15790858.091493411,180678.52426005178,52250801.939086914,54088327.98684406,6175181.896408796,-228.4141175057739,-391.60562533146003,-52425889.59238982,-228.4141175057739,-391.60562533146003,0.01035962067834943
1383,417159919051.1768,7046187457.450152,984284350.9486556,15790629.677375905,180286.91863472032,417159919051.1768,6984919669.693447,977640284.6731949,15783799.108207349,180385.33030149958,0.0,61267787.756705284,6644066.27546072,6830.569168556482,-98.41166677925503,-67911854.032166,6830.569168556482,-98.41166677925503,0.010437739146191486
1384,417159919051.1768,7046187457.450152,984284350.9486556,15790629.677375905,180286.91863472032,417159919051.1768,6978223870.052627,974713093.9685783,15791166.996741459,179955.45244480783,0.0,67963587.39752579,9571256.980077267,-537.3193655535579,331.46618991249125,-77534844.37760305,-537.3193655535579,331.46618991249125,0.010437739146191486
1385,417159919051.1768,7046187457.450152,984284350.9486556,15790629.677375905,180286.91863472032,417159919051.1768,6978417801.341144,974552003.6560559,15791166.996741459,179955.45244480783,0.0,67769656.10900879,9732347.292599678,-537.3193655535579,331.46618991249125,-77502003.40160847,-537.3193655535579,331.46618991249125,0.010437739146191486
1386,417159919051.1768,7046187457.450152,984284350.9486556,15790629.677375905,180286.91863472032,417038833668.12506,6993089964.905453,977590785.2944295,15762206.643108731,180509.20345944975,121085383.05175781,53097492.54469967,6693565.654226065,28423.03426717408,-222.28482472943142,-41628250.74116206,28423.03426717408,-222.28482472943142,0.01020387699499654
1387,417159919051.1768,7046187457.450152,984284350.9486556,15790629.677375905,180286.91863472032,417159919051.1768,7045706529.654441,984033194.1363599,15794092.146616723,179562.97755691275,0.0,480927.79571151733,251156.81229567528,-3462.4692408181727,723.941077807569,-732084.6080071926,-3462.4692408181727,723.941077807569,0.010437739146191486
1388,417159919051.1768,7046187457.450152,984284350.9486556,15790629.677375905,180286.91863472032,417035114804.9565,7044970306.636984,983845832.2945125,15794139.663900627,179683.16489863076,124804246.22033691,1217150.8131685257,438518.654143095,-3509.9865247216076,603.7537360895658,17064967.465738915,-3509.9865247216076,603.7537360895658,0.010231339233487121
1389,417159919051.1768,7046187457.450152,984284350.9486556,15790629.677375905,180286.91863472032,417002051729.0523,7048626918.24692,984312051.6889045,15788747.566400034,178832.25730572452,157867322.12451172,-2439460.796767235,-27700.740248918533,1882.1109758708626,1454.661328995804,26147259.855692912,1882.1109758708626,1454.661328995804,0.010122974014486382
1390,417159919051.1768,7046187457.450152,984284350.9486556,15790629.677375905,180286.91863472032,417026948493.8494,7047218869.987502,984787120.4859322,15788965.498366121,181507.36478345637,132970557.32739258,-1031412.5373497009,-502769.53727662563,1664.179009784013,-1220.4461487360531,21479765.673735213,1664.179009784013,-1220.4461487360531,0.010135624542277583
1391,417159919051.1768,7046187457.450152,984284350.9486556,15790629.677375905,180286.91863472032,416987535216.5774,7046115633.277317,984275322.9393337,15760952.278955486,180585.30830666432,172383834.59942627,71824.17283535004,9028.009321928024,29677.398420419544,-298.3896719439945,25776723.00775666,29677.398420419544,-298.3896719439945,0.010082037680377864
1392,417159919051.1768,7046187457.450152,984284350.9486556,15790629.677375905,180286.91863472032,417011870245.12354,7047305961.252595,984313397.9250226,15782071.09156393,182908.51437319184,148048806.0532837,-1118503.8024425507,-29046.976366996765,8558.58581197448,-2621.595738471515,23354871.6868021,8558.58581197448,-2621.595738471515,0.010160201489140352
1393,417159919051.1768,7046187457.450152,984284350.9486556,15790629.677375905,180286.91863472032,417064647815.25775,7053029577.768093,984310817.2203684,15644547.077861352,178628.06088636647,95271235.91906738,-6842120.317940712,-26466.27171278,146082.59951455332,1658.8577483538538,21159271.977513596,146082.59951455332,1658.8577483538538,0.010287340123060302
1394,417159919051.1768,7046187457.450152,984284350.9486556,15790629.677375905,180286.91863472032,417159919051.1768,7044981016.950401,984339318.6894535,15785613.32691389,179947.1823619904,0.0,1206440.499751091,-54967.74079787731,5016.350462015718,339.73627272993326,-1151472.7589532137,5016.350462015718,339.73627272993326,0.010437739146191486
1395,417159919051.1768,7046187457.450152,984284350.9486556,15790629.677375905,180286.91863472032,417159919051.1768,7052047821.243712,984306173.0070052,15783612.265751975,178084.40208487332,0.0,-5860363.793560028,-21822.058349609375,7017.411623930559,2202.5165498470014,5882185.851909637,7017.411623930559,2202.5165498470014,0.010437739146191486
1396,417159919051.1768,7046187457.450152,984284350.9486556,15790629.677375905,180286.91863472032,417083941799.78625,7042915610.647293,984003895.7268806,15794623.093406364,178435.8936956474,75977251.39056396,3271846.8028593063,280455.22177505493,-3993.416030459106,1851.0249390729296,7844285.683950232,-3993.416030459106,1851.0249390729296,0.010317758638386635
1397,417159919051.1768,7046187457.450152,984284350.9486556,15790629.677375905,180286.91863472032,417159919051.1768,7042601149.293022,984502572.2427744,15792587.573959893,178730.51907793817,0.0,3586308.1571302414,-218221.29411876202,-1957.8965839874,1556.3995567821548,-3368086.8630114794,-1957.8965839874,1556.3995567821548,0.010437739146191486
1398,417159919051.1768,7046187457.450152,984284350.9486556,15790629.677375905,180286.91863472032,417026948493.8494,7045127469.483649,984336802.7973293,15793059.111740036,179301.85716399446,132970557.32739258,1059987.9665031433,-52451.848673701286,-2429.4343641307205,985.0614707258646,18938047.481279444,-2429.4343641307205,985.0614707258646,0.010135624542277583
1399,417159919051.1768,7046187457.450152,984284350.9486556,15790629.677375905,180286.91863472032,417159919051.1768,7047052315.423498,984385987.8914953,15792456.996176237,178269.09437204915,0.0,-864857.9733457565,-101636.9428397417,-1827.3188003320247,2017.8242626711726,966494.9161854982,-1827.3188003320247,2017.8242626711726,0.010437739146191486
1400,417159919051.1768,7046187457.450152,984284350.9486556,15790629.677375905,180286.91863472032,417159919051.1768,7047696389.4749365,984382761.8475603,15793955.299691902,178206.05843999606,0.0,-1508932.0247840881,-98410.8989046812,-3325.622315997258,2080.860194724257,1607342.9236887693,-3325.622315997258,2080.860194724257,0.010437739146191486
1401,417159919051.1768,7046187457.450152,984284350.9486556,15790629.677375905,180286.91863472032,417159919051.1768,7057766708.379971,984401748.7536141,15776228.356559874,178401.349690631,0.0,-11579250.929818153,-117397.80495846272,14401.320816030726,1885.5689440893184,11696648.734776616,14401.320816030726,1885.5689440893184,0.010437739146191486
1402,417159919051.1768,7046187457.450152,984284350.9486556,15790629.677375905,180286.91863472032,417109312875.899,7048495709.005747,984416155.7580428,15713028.918125551,180438.02073384033,50606175.27783203,-2308251.5555944443,-131804.80938720703,77600.75925035402,-151.10209912000573,10030982.656656455,77600.75925035402,-151.10209912000573,0.010364852070106794
1403,417159919051.1768,7046187457.450152,984284350.9486556,15790629.677375905,180286.91863472032,417035114804.9565,7050845868.841816,983711932.2107054,15793434.988917114,180910.20554770905,124804246.22033691,-4658411.391663551,572418.7379502058,-2805.3115412089974,-623.2869129887258,22806629.58676388,-2805.3115412089974,-623.2869129887258,0.010231339233487121
1404,417159919051.1768,7046187457.450152,984284350.9486556,15790629.677375905,180286.91863472032,417159919051.1768,7042596862.972236,984326816.5063586,15792556.707389364,178966.06997134836,0.0,3590594.4779167175,-42465.55770301819,-1927.0300134588033,1320.8486633719585,-3548128.9202136993,-1927.0300134588033,1320.8486633719585,0.010437739146191486
1405,417159919051.1768,7046187457.450152,984284350.9486556,15790629.677375905,180286.91863472032,417159919051.1768,7038600998.206668,975426360.7250649,15794386.946231155,166765.28170422048,0.0,7586459.243484497,8857990.223590732,-3757.268855249509,13521.636930499837,-16444449.467075229,-3757.268855249509,13521.636930499837,0.010437739146191486
1406,417159919051.1768,7046187457.450152,984284350.9486556,15790629.677375905,180286.91863472032,417159919051.1768,7040650624.152091,975278680.3341625,15794826.166333199,166203.25045417578,0.0,5536833.298061371,9005670.614493132,-4196.488957293332,14083.66818054454,-14542503.912554502,-4196.488957293332,14083.66818054454,0.010437739146191486
1407,417159919051.1768,7046187457.450152,984284350.9486556,15790629.677375905,180286.91863472032,416987535216.5774,7048380730.966974,984390757.4332415,15761166.556215199,179571.0652869335,172383834.59942627,-2193273.5168218613,-106406.48458588123,29463.121160706505,715.8533477868186,28157255.191321682,29463.121160706505,715.8533477868186,0.010082037680377864
1408,417159919051.1768,7046187457.450152,984284350.9486556,15790629.677375905,180286.91863472032,416987535216.5774,7046477040.405664,984269417.8208421,15760158.314048083,182805.38361201796,172383834.59942627,-289582.9555120468,14933.127813458443,30471.363327821717,-2518.464977297641,26132225.017612528,30471.363327821717,-2518.464977297641,0.010082037680377864
1409,417159919051.1768,7046187457.450152,984284350.9486556,15790629.677375905,180286.91863472032,417011870245.12354,7046743180.262754,984201043.5047354,15782402.798957014,181000.73294300225,148048806.0532837,-555722.8126020432,83307.44392025471,8226.87841889076,-713.8143082819297,22679736.27667434,8226.87841889076,-713.8143082819297,0.010160201489140352
1410,417159919051.1768,7046187457.450152,984284350.9486556,15790629.677375905,180286.91863472032,417064647815.25775,7052245373.313039,984594207.7155217,15644547.077861352,178628.06088636647,95271235.91906738,-6057915.862886429,-309856.7668660879,146082.59951455332,1658.8577483538538,20658458.01761262,146082.59951455332,1658.8577483538538,0.010287340123060302
1411,417159919051.1768,7046187457.450152,984284350.9486556,15790629.677375905,180286.91863472032,417159919051.1768,7052928708.7246685,984170430.2965393,15794174.79751052,177929.31267031314,0.0,-6741251.274516106,113920.65211629868,-3545.120134614408,2357.6059644071793,6627330.622399807,-3545.120134614408,2357.6059644071793,0.010437739146191486
1412,417159919051.1768,7046187457.450152,984284350.9486556,15790629.677375905,180286.91863472032,417159919051.1768,7052928708.7246685,984170430.2965393,15794174.79751052,177929.31267031314,0.0,-6741251.274516106,113920.65211629868,-3545.120134614408,2357.6059644071793,6627330.622399807,-3545.120134614408,2357.6059644071793,0.010437739146191486
1413,417159919051.1768,7046187457.450152,984284350.9486556,15790629.677375905,180286.91863472032,417159919051.1768,7030514569.530779,980688935.471287,15792632.587865911,179022.6512263059,0.0,15672887.919373512,3595415.477368593,-2002.9104900062084,1264.2674084144237,-19268303.396742105,-2002.9104900062084,1264.2674084144237,0.010437739146191486
1414,417159919051.1768,7046187457.450152,984284350.9486556,15790629.677375905,180286.91863472032,417159919051.1768,7029331808.6614685,980963582.0432521,15793821.346898993,178441.33099808465,0.0,16855648.78868389,3320768.905403495,-3191.6695230882615,1845.5876366356679,-20176417.694087386,-3191.6695230882615,1845.5876366356679,0.010437739146191486
1415,417159919051.1768,7046187457.450152,984284350.9486556,15790629.677375905,180286.91863472032,417159919051.1768,7029855338.8885765,981086688.8544731,15793821.346898993,178441.33099808465,0.0,16332118.56157589,3197662.0941824913,-3191.6695230882615,1845.5876366356679,-19529780.65575838,-3191.6695230882615,1845.5876366356679,0.010437739146191486
1416,417159919051.1768,7046187457.450152,984284350.9486556,15790629.677375905,180286.91863472032,417159919051.1768,6893702976.599001,943467124.0318459,15793198.187198075,177691.24179834165,0.0,152484480.85115147,40817226.91680968,-2568.509822169319,2595.6768363786687,-193301707.76796114,-2568.509822169319,2595.6768363786687,0.010437739146191486
1417,417159919051.1768,7046187457.450152,984284350.9486556,15790629.677375905,180286.91863472032,417159919051.1768,6895322139.792178,943349342.244684,15793198.187198075,177691.24179834165,0.0,150865317.65797424,40935008.703971624,-2568.509822169319,2595.6768363786687,-191800326.36194587,-2568.509822169319,2595.6768363786687,0.010437739146191486
1418,417159919051.1768,7046187457.450152,984284350.9486556,15790629.677375905,180286.91863472032,417125086872.4565,7046027603.204872,984616911.6049985,15654387.481730744,180072.0704110951,34832178.720336914,159854.2452802658,-332560.65634286404,136242.19564516097,214.84822362521663,5397533.219113135,136242.19564516097,214.84822362521663,0.010355085874157786
1419,417159919051.1768,7046187457.450152,984284350.9486556,15790629.677375905,180286.91863472032,417083941799.78625,7043804777.522505,984304298.9299266,15793911.290511824,179243.87234796482,75977251.39056396,2382679.9276475906,-19947.98127102852,-3281.613135918975,1043.0462867555034,9033855.762208031,-3281.613135918975,1043.0462867555034,0.010317758638386635
1420,417159919051.1768,7046187457.450152,984284350.9486556,15790629.677375905,180286.91863472032,417159919051.1768,7038230336.954712,984428015.6377223,15780745.813208403,178792.86170654296,0.0,7957120.495440483,-143664.68906664848,9883.86416750215,1494.0569281773642,-7813455.806373835,9883.86416750215,1494.0569281773642,0.010437739146191486
1421,417159919051.1768,7046187457.450152,984284350.9486556,15790629.677375905,180286.91863472032,417159919051.1768,7053758395.369863,984042052.5368133,15794386.946231155,178491.34392035787,0.0,-7570937.919710159,242298.4118423462,-3757.268855249509,1795.5747143624467,7328639.507867813,-3757.268855249509,1795.5747143624467,0.010437739146191486
1422,417159919051.1768,7046187457.450152,984284350.9486556,15790629.677375905,180286.91863472032,417159919051.1768,7054457164.219439,984287023.2095643,15794826.166333199,177929.31267031314,0.0,-8269706.769286156,-2672.2609087228775,-4196.488957293332,2357.6059644071793,8272379.030194879,-4196.488957293332,2357.6059644071793,0.010437739146191486
1423,417159919051.1768,7046187457.450152,984284350.9486556,15790629.677375905,180286.91863472032,416987535216.5774,7045082234.810171,984412822.1486994,15737415.029275259,178985.12619386404,172383834.59942627,1105222.6399812698,-128471.2000437975,53214.64810064621,1301.792440856283,24880823.749976467,53214.64810064621,1301.792440856283,0.010082037680377864
1424,417159919051.1768,7046187457.450152,984284350.9486556,15790629.677375905,180286.91863472032,417159919051.1768,6984302305.8308525,970782261.4446938,15788905.442568194,181860.74168262392,0.0,61885151.61929989,13502089.503961802,1724.2348077110946,-1573.8230479035992,-75387241.12326169,1724.2348077110946,-1573.8230479035992,0.010437739146191486
1425,417159919051.1768,7046187457.450152,984284350.9486556,15790629.677375905,180286.91863472032,416947496763.73584,6985763151.794851,970362312.0050704,15790092.225115687,182119.85101265612,212422287.440979,60424305.655301094,13922038.943585157,537.4522602185607,-1832.9323779357946,-42483001.482739404,537.4522602185607,-1832.9323779357946,0.009991077420381581
1426,417159919051.1768,7046187457.450152,984284350.9486556,15790629.677375905,180286.91863472032,417144356690.44855,6987471266.496268,969250550.9572071,15777029.994261218,181987.5900699739,15562360.728271484,58716190.953884125,15033799.991448522,13599.68311468698,-1700.6714352535782,-71415636.83609192,13599.68311468698,-1700.6714352535782,0.010375003178178183
1427,417159919051.1768,7046187457.450152,984284350.9486556,15790629.677375905,180286.91863472032,417144356690.44855,6989560528.7216625,969453807.3611476,15780394.440678291,181047.88096430205,15562360.728271484,56626928.728489876,14830543.587507963,10235.236697614193,-760.9623295817291,-69123118.20675711,10235.236697614193,-760.9623295817291,0.010375003178178183
1428,417159919051.1768,7046187457.450152,984284350.9486556,15790629.677375905,180286.91863472032,417053302961.8964,6999961241.601505,968867820.5289372,15718750.149333956,179549.10650602382,106616089.28039551,46226215.84864712,15416530.419718385,71879.5280419495,737.8121286965034,-45650332.876306176,71879.5280419495,737.8121286965034,0.010119060660346395
1429,417159919051.1768,7046187457.450152,984284350.9486556,15790629.677375905,180286.91863472032,417149915788.471,6987955899.48006,968860993.5602334,15742553.365384102,179878.01083621758,10003262.705810547,58231557.97009277,15423357.38842225,48076.31199180335,408.90779850273975,-72154425.95264344,48076.31199180335,408.90779850273975,0.010350292095582471
1430,417159919051.1768,7046187457.450152,984284350.9486556,15790629.677375905,180286.91863472032,417149915788.471,6988310242.850158,968013487.356148,15751347.743729152,179992.55604338425,10003262.705810547,57877214.59999466,16270863.5925076,39281.93364675343,294.3625913360738,-72647588.78663068,39281.93364675343,294.3625913360738,0.010350292095582471
1431,417159919051.1768,7046187457.450152,984284350.9486556,15790629.677375905,180286.91863472032,416951076227.98956,6987154755.872204,966031345.0928109,15742763.16698255,181210.77079550392,208842823.18725586,59032701.57794857,18253005.855844736,47866.51039335504,-923.852160783601,-45959283.95570493,47866.51039335504,-923.852160783601,0.0098430785652929
1432,417159919051.1768,7046187457.450152,984284350.9486556,15790629.677375905,180286.91863472032,416954255213.7033,6984841958.41398,964399918.3479798,15777640.963362822,185945.61621531603,205663837.47351074,61345499.03617287,19884432.60067582,12988.714013082907,-5658.6975805957045,-50380356.01582208,12988.714013082907,-5658.6975805957045,0.009800382302692933
1433,417159919051.1768,7046187457.450152,984284350.9486556,15790629.677375905,180286.91863472032,416877610488.78174,6984367229.934307,967920752.4736516,15632542.791852038,184079.28448264726,282308562.39508057,61820227.5158453,16363598.475003958,158086.88552386686,-3792.365847926936,-35837541.63158717,158086.88552386686,-3792.365847926936,0.009675554668060943
1434,417159919051.1768,7046187457.450152,984284350.9486556,15790629.677375905,180286.91863472032,416960473142.0521,6985611882.677611,965366867.1897824,15755593.582243169,189122.6214209096,199445909.12469482,60575574.772541046,18917483.758873224,35036.09513273649,-8835.702786189271,-49576172.16271005,35036.09513273649,-8835.702786189271,0.009913013384615301
1435,417159919051.1768,7046187457.450152,984284350.9486556,15790629.677375905,180286.91863472032,417032656342.2071,6991382984.812529,972115954.3069402,15388282.785225859,180832.38598583307,127262708.96972656,54804472.63762379,12168396.641715407,402346.8921500463,-545.4673511127476,-47883462.93388021,402346.8921500463,-545.4673511127476,0.010160687710056442
1436,417159919051.1768,7046187457.450152,984284350.9486556,15790629.677375905,180286.91863472032,417047828435.596,6983512090.492297,964835589.4670953,15724593.77217369,183318.88590001783,112090615.58081055,62675366.957855225,19448761.48156035,66035.90520221554,-3031.967265297513,-65310536.102294,66035.90520221554,-3031.967265297513,0.009927284997778188
1437,417159919051.1768,7046187457.450152,984284350.9486556,15790629.677375905,180286.91863472032,417145126068.7605,6910451025.094428,958010758.9600805,15785966.452530405,178027.22114154292,14792982.4163208,135736432.35572433,26273591.9885751,4663.224845500663,2259.697493177402,-159791076.9818513,4663.224845500663,2259.697493177402,0.01037997221281584
1438,417159919051.1768,7046187457.450152,984284350.9486556,15790629.677375905,180286.91863472032,417145890697.7233,6989971636.39731,968774141.907349,15745925.85555226,179918.3555739311,14028353.453491211,56215821.05284214,15510209.041306615,44703.82182364538,368.5630607892235,-69621777.07612507,44703.82182364538,368.5630607892235,0.010347095493742782
1439,417159919051.1768,7046187457.450152,984284350.9486556,15790629.677375905,180286.91863472032,416986751158.0829,6990324649.690579,969484566.7254816,15546757.858730106,179832.9120782499,173167893.0939331,55862807.75957298,14799784.223173976,243871.81864579953,454.00655647041276,-44687408.018657,243871.81864579953,454.00655647041276,0.00972198847926739
1440,417159919051.1768,7046187457.450152,984284350.9486556,15790629.677375905,180286.91863472032,417033661259.709,6981858167.872243,970052055.1867152,15789525.789889645,180505.60732716933,126257791.46783447,64329289.57790947,14232295.76194036,1103.8874862603843,-218.68869244900998,-59622916.61967466,1103.8874862603843,-218.68869244900998,0.010179544943262604
1441,417159919051.1768,7046187457.450152,984284350.9486556,15790629.677375905,180286.91863472032,417111907065.35614,6983554069.964249,967977295.4652864,15730289.566298993,180061.4738096541,48011985.82067871,62633387.48590374,16307055.483369231,60340.11107691191,225.44482506622444,-71738645.09617117,60340.11107691191,225.44482506622444,0.010226254771570152
1442,417159919051.1768,7046187457.450152,984284350.9486556,15790629.677375905,180286.91863472032,416954255213.7033,6982908559.540676,967346751.1121413,15786645.107783208,182135.74740183432,205663837.47351074,63278897.90947628,16937599.836514354,3984.569592697546,-1848.8287671139988,-49366922.12496403,3984.569592697546,-1848.8287671139988,0.009800382302692933
1443,417159919051.1768,7046187457.450152,984284350.9486556,15790629.677375905,180286.91863472032,417134545701.6307,6985478263.193285,970023722.8387716,15779064.91616196,180180.90540976293,25373349.546142578,60709194.25686741,14260628.109884024,11564.761213945225,106.01322495739441,-71163819.93483004,11564.761213945225,106.01322495739441,0.010327063560637555
1444,417159919051.1768,7046187457.450152,984284350.9486556,15790629.677375905,180286.91863472032,416795263323.94434,6987095779.977007,969576625.6409489,15786140.36050432,180066.43062527367,364655727.2324829,59091677.473145485,14707725.307706714,4489.316871585324,220.4880094466498,-19101043.695979767,4489.316871585324,220.4880094466498,0.009314207146240793
1445,417159919051.1768,7046187457.450152,984284350.9486556,15790629.677375905,180286.91863472032,417112608057.93286,6993619614.620631,968342999.640828,15631916.432021493,180775.96076169692,47310993.24395752,52567842.82952118,15941351.307827592,158713.24535441212,-489.04212697659386,-61412545.150755145,158713.24535441212,-489.04212697659386,0.010263569342833258
1446,417159919051.1768,7046187457.450152,984284350.9486556,15790629.677375905,180286.91863472032,416795263323.94434,6990149395.74582,969402762.4941618,15786073.482399205,180080.35100067029,364655727.2324829,56038061.70433235,14881588.454493761,4556.19497670047,206.56763405003585,-16221291.07395368,4556.19497670047,206.56763405003585,0.009314207146240793
1447,417159919051.1768,7046187457.450152,984284350.9486556,15790629.677375905,180286.91863472032,417159919051.1768,6996817369.084549,968326446.7738582,15723391.74352973,180432.48610660905,0.0,49370088.36560345,15957904.174797416,67237.93384617567,-145.56747188873123,-65327992.54040086,67237.93384617567,-145.56747188873123,0.010437739146191486
1448,417159919051.1768,7046187457.450152,984284350.9486556,15790629.677375905,180286.91863472032,417134545701.6307,6986582449.703192,969337598.2863135,15765568.408893522,179607.29583779073,25373349.546142578,59605007.74696064,14946752.662342072,25061.26848238334,679.6227969295869,-70745757.97738132,25061.26848238334,679.6227969295869,0.010327063560637555
1449,417159919051.1768,7046187457.450152,984284350.9486556,15790629.677375905,180286.91863472032,416986751158.0829,6989093710.208311,969150910.3122934,15569860.817318583,179834.39100694834,173167893.0939331,57093747.241841316,15133440.636362195,220768.8600573223,452.5276277719822,-46252003.91411355,220768.8600573223,452.5276277719822,0.00972198847926739
1450,417159919051.1768,7046187457.450152,984284350.9486556,15790629.677375905,180286.91863472032,417090822981.5176,6986229120.623236,969137810.8561933,15599632.516344963,184200.36613215334,69096069.65924072,59958336.826916695,15146540.092462301,190997.16103094257,-3913.4474974330224,-64740466.470492885,190997.16103094257,-3913.4474974330224,0.010302093762173226
1451,417159919051.1768,7046187457.450152,984284350.9486556,15790629.677375905,180286.91863472032,417047828435.596,6988084270.1120405,969215879.3015802,15751227.523177898,180604.41738176713,112090615.58081055,58103187.33811188,15068471.647075415,39402.15419800766,-317.49874704680406,-56358066.648065716,39402.15419800766,-317.49874704680406,0.009927284997778188
1452,417159919051.1768,7046187457.450152,984284350.9486556,15790629.677375905,180286.91863472032,417159919051.1768,6967381435.71634,969120791.8584177,15790629.677375905,178982.32343575457,0.0,78806021.73381233,15163559.090237856,0.0,1304.5951989657478,-93969580.82405019,0.0,1304.5951989657478,0.010437739146191486
1453,417159919051.1768,7046187457.450152,984284350.9486556,15790629.677375905,180286.91863472032,417159919051.1768,6985800046.632134,967598817.444227,15789748.559985947,179549.10650602382,0.0,60387410.81801796,16685533.504428625,881.1173899583519,737.8121286965034,-77072944.32244658,881.1173899583519,737.8121286965034,0.010437739146191486
1454,417159919051.1768,7046187457.450152,984284350.9486556,15790629.677375905,180286.91863472032,417159919051.1768,6985105874.67995,970604707.3528768,15790487.274964606,180053.98986543965,0.0,61081582.77020264,13679643.595778823,142.40241129882634,232.92876928066835,-74761226.36598146,142.40241129882634,232.92876928066835,0.010437739146191486
1455,417159919051.1768,7046187457.450152,984284350.9486556,15790629.677375905,180286.91863472032,417159919051.1768,6981685134.921879,969597165.915717,15790471.65849023,180335.2571699312,0.0,64502322.52827358,14687185.0329386,158.01888567581773,-48.3385352108744,-79189507.56121218,158.01888567581773,-48.3385352108744,0.010437739146191486
1456,417159919051.1768,7046187457.450152,984284350.9486556,15790629.677375905,180286.91863472032,416947496763.73584,6991323892.455813,972417907.3070229,15785619.983114706,186012.53589465766,212422287.440979,54863564.99433899,11866443.641632676,5009.694261198863,-5725.6172599373385,-34866665.51982482,5009.694261198863,-5725.6172599373385,0.009991077420381581
1457,417159919051.1768,7046187457.450152,984284350.9486556,15790629.677375905,180286.91863472032,417111907065.35614,6985184309.146665,964552692.7877575,15724518.219779564,182265.05578285566,48011985.82067871,61003148.30348778,19731658.16089809,66111.45759634115,-1978.1371481353417,-73533008.59128407,66111.45759634115,-1978.1371481353417,0.010226254771570152
1458,417159919051.1768,7046187457.450152,984284350.9486556,15790629.677375905,180286.91863472032,417159919051.1768,6980971372.5879545,969259751.853597,15785432.458108889,180578.5406183162,0.0,65216084.862197876,15024599.09505856,5197.219267016277,-291.6219835958909,-80240683.95725644,5197.219267016277,-291.6219835958909,0.010437739146191486
1459,417159919051.1768,7046187457.450152,984284350.9486556,15790629.677375905,180286.91863472032,416986751158.0829,6978071530.578235,959796239.5339198,15485936.517265853,172031.79682448023,173167893.0939331,68115926.87191772,24488111.414735794,304693.1601100527,8255.121810240089,-66628854.32256356,304693.1601100527,8255.121810240089,0.00972198847926739
1460,417159919051.1768,7046187457.450152,984284350.9486556,15790629.677375905,180286.91863472032,416986751158.0829,6980095719.647616,959052269.5571336,15485936.517265853,172031.79682448023,173167893.0939331,66091737.80253601,25232081.39152205,304693.1601100527,8255.121810240089,-65348635.2299681,304693.1601100527,8255.121810240089,0.00972198847926739
1461,417159919051.1768,7046187457.450152,984284350.9486556,15790629.677375905,180286.91863472032,416986751158.0829,6980656415.312919,958755283.5072614,15485936.517265853,172031.79682448023,173167893.0939331,65531042.137233734,25529067.44139421,304693.1601100527,8255.121810240089,-65084925.614537984,304693.1601100527,8255.121810240089,0.00972198847926739
1462,417159919051.1768,7046187457.450152,984284350.9486556,15790629.677375905,180286.91863472032,416986751158.0829,6989068023.340592,965946167.9324026,15486993.379367026,182785.74588254045,173167893.0939331,57119434.10956001,18338183.016252995,303636.29800887965,-2498.827247820125,-49482433.16172305,303636.29800887965,-2498.827247820125,0.00972198847926739
1463,417159919051.1768,7046187457.450152,984284350.9486556,15790629.677375905,180286.91863472032,416877610488.78174,6986930027.212944,967841362.2406067,15641115.891087376,181875.83807480946,282308562.39508057,59257430.23720837,16442988.70804894,149513.78628852963,-1588.9194400891429,-33354134.58599522,149513.78628852963,-1588.9194400891429,0.009675554668060943
1464,417159919051.1768,7046187457.450152,984284350.9486556,15790629.677375905,180286.91863472032,416877610488.78174,6983399287.590141,967501053.4046943,15633375.63492093,188747.61499837096,282308562.39508057,62788169.8600111,16783297.543961287,157254.04245497473,-8460.69636365064,-37225183.0447103,157254.04245497473,-8460.69636365064,0.009675554668060943
1465,417159919051.1768,7046187457.450152,984284350.9486556,15790629.677375905,180286.91863472032,416960473142.0521,6984960773.102669,967555902.8465819,15756422.661523307,185328.62777917393,199445909.12469482,61226684.347483635,16728448.10207367,34207.01585259847,-5041.709144453605,-48038246.08085308,34207.01585259847,-5041.709144453605,0.009913013384615301
1466,417159919051.1768,7046187457.450152,984284350.9486556,15790629.677375905,180286.91863472032,417032656342.2071,6991043558.056445,972152574.7042778,15388282.785225859,180832.38598583307,127262708.96972656,55143899.393707275,12131776.244377851,402346.8921500463,-545.4673511127476,-48186269.29262614,402346.8921500463,-545.4673511127476,0.010160687710056442
1467,417159919051.1768,7046187457.450152,984284350.9486556,15790629.677375905,180286.91863472032,416795263323.94434,6992036101.384295,969752395.5725564,15787157.213112125,180017.70407427076,364655727.2324829,54151356.06585693,14531955.376099229,3472.4642637800425,269.21456044955994,-13984952.35708373,3472.4642637800425,269.21456044955994,0.009314207146240793
1468,417159919051.1768,7046187457.450152,984284350.9486556,15790629.677375905,180286.91863472032,416795263323.94434,6992036101.384295,969752395.5725564,15787157.213112125,180017.70407427076,364655727.2324829,54151356.06585693,14531955.376099229,3472.4642637800425,269.21456044955994,-13984952.35708373,3472.4642637800425,269.21456044955994,0.009314207146240793
1469,417159919051.1768,7046187457.450152,984284350.9486556,15790629.677375905,180286.91863472032,416795263323.94434,6990953984.053128,969541472.1887659,15787089.873879034,179655.85951268775,364655727.2324829,55233473.397024155,14742878.759889722,3539.8034968711436,631.0591220325732,-15277993.072041444,3539.8034968711436,631.0591220325732,0.009314207146240793
1470,417159919051.1768,7046187457.450152,984284350.9486556,15790629.677375905,180286.91863472032,416795263323.94434,6987836184.503567,969555494.4661546,15787089.873879034,179655.85951268775,364655727.2324829,58351272.946585655,14728856.48250103,3539.8034968711436,631.0591220325732,-18381770.344214253,3539.8034968711436,631.0591220325732,0.009314207146240793
1471,417159919051.1768,7046187457.450152,984284350.9486556,15790629.677375905,180286.91863472032,416795263323.94434,6990735618.195802,969684372.2679926,15787089.873879034,179655.85951268775,364655727.2324829,55451839.25435066,14599978.68066299,3539.8034968711436,631.0591220325732,-15353458.85014122,3539.8034968711436,631.0591220325732,0.009314207146240793
1472,417159919051.1768,7046187457.450152,984284350.9486556,15790629.677375905,180286.91863472032,416795263323.94434,6990858928.003291,969765006.5633892,15787089.873879034,179655.85951268775,364655727.2324829,55328529.44686127,14519344.385266423,3539.8034968711436,631.0591220325732,-15149514.747255258,3539.8034968711436,631.0591220325732,0.009314207146240793
1473,417159919051.1768,7046187457.450152,984284350.9486556,15790629.677375905,180286.91863472032,417047828435.596,6989067040.904738,968128037.6923293,15744038.788540175,181516.92632557638,112090615.58081055,57120416.54541397,16156313.256326318,46590.88883573003,-1230.0076908560586,-56463137.46461871,46590.88883573003,-1230.0076908560586,0.009927284997778188
1474,417159919051.1768,7046187457.450152,984284350.9486556,15790629.677375905,180286.91863472032,417159919051.1768,6929298183.899727,961032495.8528318,15780681.498093652,179314.80556072475,0.0,116889273.55042553,23251855.095823765,9948.179282253608,972.1130739955697,-140141128.6462493,9948.179282253608,972.1130739955697,0.010437739146191486
1475,417159919051.1768,7046187457.450152,984284350.9486556,15790629.677375905,180286.91863472032,417104617796.2756,6985635260.653627,963322456.4793777,15302617.099980406,182906.73534064027,55301254.90124512,60552196.796525,20961894.46927786,488012.57739549875,-2619.8167059199477,-73218903.03061609,488012.57739549875,-2619.8167059199477,0.010261336264782995
1476,417159919051.1768,7046187457.450152,984284350.9486556,15790629.677375905,180286.91863472032,417033661259.709,6983136435.29239,970023144.3900815,15788107.973277329,181166.64559675535,126257791.46783447,63051022.15776253,14261206.55857408,2521.70409857668,-879.7269620350271,-58373559.99616144,2521.70409857668,-879.7269620350271,0.010179544943262604
1477,417159919051.1768,7046187457.450152,984284350.9486556,15790629.677375905,180286.91863472032,417111907065.35614,6976486429.450083,967995929.1558962,15704500.29959744,180190.36524135908,48011985.82067871,69701028.00006962,16288421.792759418,86129.37777846493,96.55339336124598,-78787651.91972724,86129.37777846493,96.55339336124598,0.010226254771570152
1478,417159919051.1768,7046187457.450152,984284350.9486556,15790629.677375905,180286.91863472032,416795263323.94434,6993048771.923595,969016618.8429264,15785790.05838616,180309.76843944268,364655727.2324829,53138685.52655697,15267732.105729222,4839.618989745155,-22.849804722354747,-13708058.547413759,4839.618989745155,-22.849804722354747,0.009314207146240793
1479,417159919051.1768,7046187457.450152,984284350.9486556,15790629.677375905,180286.91863472032,416795263323.94434,6993426752.160169,969111549.437061,15785790.05838616,180309.76843944268,364655727.2324829,52760705.28998375,15172801.511594653,4839.618989745155,-22.849804722354747,-13235147.71670597,4839.618989745155,-22.849804722354747,0.009314207146240793
1480,417159919051.1768,7046187457.450152,984284350.9486556,15790629.677375905,180286.91863472032,416795263323.94434,6993148023.711183,969133359.3722664,15785790.05838616,180309.76843944268,364655727.2324829,53039433.7389698,15150991.576389194,4839.618989745155,-22.849804722354747,-13492066.230486564,4839.618989745155,-22.849804722354747,0.009314207146240793
1481,417159919051.1768,7046187457.450152,984284350.9486556,15790629.677375905,180286.91863472032,416877610488.78174,6984384302.313738,966957864.9117404,15560762.516201688,180621.19923774665,282308562.39508057,61803155.13641453,17326486.036915183,229867.16117421724,-334.28060302633094,-36783356.814067625,229867.16117421724,-334.28060302633094,0.009675554668060943
1482,417159919051.1768,7046187457.450152,984284350.9486556,15790629.677375905,180286.91863472032,417159919051.1768,7039337245.050289,985948081.2741307,15778078.961705612,184035.31760890927,0.0,6850212.399863243,-1663730.3254750967,12550.715670293197,-3748.3989741889527,-5186482.074388146,12550.715670293197,-3748.3989741889527,0.010437739146191486
1483,417159919051.1768,7046187457.450152,984284350.9486556,15790629.677375905,180286.91863472032,417159919051.1768,7040067322.63765,984101500.7181271,15789134.113588946,180810.99582867435,0.0,6120134.812502861,182850.23052847385,1495.5637869592756,-524.0771939540282,-6302985.043031335,1495.5637869592756,-524.0771939540282,0.010437739146191486
1484,417159919051.1768,7046187457.450152,984284350.9486556,15790629.677375905,180286.91863472032,416905964206.2768,7040089400.356029,985429355.2377357,15787406.981152605,184455.7060460906,253954844.9000244,6098057.09412384,-1145004.289080143,3222.6962232999504,-4168.787411370286,33140173.92995996,3222.6962232999504,-4168.787411370286,0.009713098244943702
1485,417159919051.1768,7046187457.450152,984284350.9486556,15790629.677375905,180286.91863472032,417131328482.45593,7044125152.96837,983691386.9219542,15750512.87079656,184900.00087443844,28590568.72088623,2062304.4817819595,592964.0267014503,40116.80657934584,-4613.082239718118,1633316.7996495245,40116.80657934584,-4613.082239718118,0.010274169524315988
1486,417159919051.1768,7046187457.450152,984284350.9486556,15790629.677375905,180286.91863472032,417131328482.45593,7047697806.88836,983974169.7526689,15756440.967480758,184336.68225457083,28590568.72088623,-1510349.4382076263,310181.19598674774,34188.70989514701,-4049.763619850506,5488753.550353813,34188.70989514701,-4049.763619850506,0.010274169524315988
1487,417159919051.1768,7046187457.450152,984284350.9486556,15790629.677375905,180286.91863472032,417020192881.90344,7063076969.745529,983526073.8029184,15653826.849931912,181135.7129812331,139726169.27337646,-16889512.295376778,758277.1457371712,136802.82744399272,-848.7943465127901,37090160.540646076,136802.82744399272,-848.7943465127901,0.009846588645466395
1488,417159919051.1768,7046187457.450152,984284350.9486556,15790629.677375905,180286.91863472032,417129193167.1536,7044673108.086025,983264063.2368902,15603981.613292009,181161.13374598598,30725884.02319336,1514349.3641271591,1020287.7117654085,186648.06408389658,-874.2151112656575,2074245.527586436,186648.06408389658,-874.2151112656575,0.010063999933309515
1489,417159919051.1768,7046187457.450152,984284350.9486556,15790629.677375905,180286.91863472032,417129193167.1536,7044758284.246437,982015555.2392833,15626241.404340966,181467.89170232468,30725884.02319336,1429173.2037153244,2268795.709372282,164388.27303493954,-1180.9730676043546,910913.6903913971,164388.27303493954,-1180.9730676043546,0.010063999933309515
1490,417159919051.1768,7046187457.450152,984284350.9486556,15790629.677375905,180286.91863472032,417129193167.1536,7043501643.236814,982110136.5040596,15620950.029312069,181712.58376308196,30725884.02319336,2685814.213338852,2174214.444596052,169679.64806383662,-1425.6651283616375,-251146.05445590056,169679.64806383662,-1425.6651283616375,0.010063999933309515
1491,417159919051.1768,7046187457.450152,984284350.9486556,15790629.677375905,180286.91863472032,417129193167.1536,7038858841.734291,983042854.6478539,15633260.100729212,180982.7555245517,30725884.02319336,7328615.7158613205,1241496.300801754,157369.57664669305,-695.8368898313784,-3961229.413184071,157369.57664669305,-695.8368898313784,0.010063999933309515
1492,417159919051.1768,7046187457.450152,984284350.9486556,15790629.677375905,180286.91863472032,416922526349.33514,7042446891.196192,980797067.969111,15651111.790435353,182806.6704769353,237392701.8416748,3740566.2539606094,3487282.9795446396,139517.88694055192,-2519.751842214988,28381056.04274597,139517.88694055192,-2519.751842214988,0.009518279762953547
1493,417159919051.1768,7046187457.450152,984284350.9486556,15790629.677375905,180286.91863472032,416922885515.66437,7038213166.535502,979170004.929356,15762475.784085073,190554.38188519637,237033535.51245117,7974290.914649963,5114346.019299626,28153.89329083264,-10267.463250476052,22466393.392918088,28153.89329083264,-10267.463250476052,0.009414164903454996
1494,417159919051.1768,7046187457.450152,984284350.9486556,15790629.677375905,180286.91863472032,416828518880.93024,7037917305.939301,982234118.0993758,15444971.528215215,187647.60499430678,331400170.24658203,8270151.51085186,2050232.8492797613,345658.1491606906,-7360.686359586456,39389641.17685568,345658.1491606906,-7360.686359586456,0.009201445160644072
1495,417159919051.1768,7046187457.450152,984284350.9486556,15790629.677375905,180286.91863472032,416936328528.1542,7040570200.019241,980066785.0991032,15714770.008559521,195316.4432696777,223590523.02264404,5617257.430911064,4217565.849552393,75859.66881638393,-15029.524634957372,23703755.172933146,75859.66881638393,-15029.524634957372,0.009622652950752618
1496,417159919051.1768,7046187457.450152,984284350.9486556,15790629.677375905,180286.91863472032,417019856482.4204,7048769169.670987,987477260.1226578,15067560.595367955,182230.15488086198,140062568.7564087,-2581712.220834732,-3192909.1740021706,723069.0820079502,-1943.2362461416633,26784006.708298206,723069.0820079502,-1943.2362461416633,0.010023074816854093
1497,417159919051.1768,7046187457.450152,984284350.9486556,15790629.677375905,180286.91863472032,416996660296.1198,7036695670.014396,979677578.0667771,15615317.233562956,186077.4113563087,163258755.05700684,9491787.435756683,4606772.881878495,175312.44381294958,-5790.49272158838,10390252.940915845,175312.44381294958,-5790.49272158838,0.009330140049514515
1498,417159919051.1768,7046187457.450152,984284350.9486556,15790629.677375905,180286.91863472032,417135228347.6733,6979324740.919049,974409803.5313741,15777902.156197412,179201.53515625294,24690703.50354004,66862716.531103134,9874547.417281508,12727.521178493276,1085.3834784673818,-73033658.42285363,12727.521178493276,1085.3834784673818,0.010286902301740102
1499,417159919051.1768,7046187457.450152,984284350.9486556,15790629.677375905,180286.91863472032,417134960162.59406,7044181360.641183,982967846.4931852,15636577.756494477,181280.14286902722,24958888.582763672,2006096.8089694977,1316504.4554704428,154051.92088142782,-993.2242343068938,421232.0229746103,154051.92088142782,-993.2242343068938,0.01019824177027762
1500,417159919051.1768,7046187457.450152,984284350.9486556,15790629.677375905,180286.91863472032,416915146161.40295,7046220227.97674,984087200.5652838,15237002.063649472,180714.8489741027,244772889.77386475,-32770.52658748627,197150.38337183,553627.6137264334,-427.9303393823793,36551553.60929537,553627.6137264334,-427.9303393823793,0.008944965928889168
1501,417159919051.1768,7046187457.450152,984284350.9486556,15790629.677375905,180286.91863472032,417013456026.5588,7035344565.2206745,984350348.3637918,15788103.859602695,181764.66730486313,146463024.618042,10842892.229477882,-65997.41513621807,2525.8177732098848,-1477.7486701428134,11192558.878364634,2525.8177732098848,-1477.7486701428134,0.010021275839995325
1502,417159919051.1768,7046187457.450152,984284350.9486556,15790629.677375905,180286.91863472032,417092220554.7751,7038016948.857342,982748151.1003565,15592531.448415706,181113.1072095978,67698496.4017334,8170508.592810631,1536199.8482991457,198098.22896019928,-826.1885748774803,448066.0191502329,198098.22896019928,-826.1885748774803,0.009984480125421339
1503,417159919051.1768,7046187457.450152,984284350.9486556,15790629.677375905,180286.91863472032,416922885515.66437,7036119754.913649,981556968.3376155,15778448.51048559,184277.61737937867,237033535.51245117,10067702.536503792,2727382.6110401154,12181.166890315711,-3990.6987446583516,22759945.17932377,12181.166890315711,-3990.6987446583516,0.009414164903454996
1504,417159919051.1768,7046187457.450152,984284350.9486556,15790629.677375905,180286.91863472032,417114777230.1612,7039437519.549193,985478571.42218,15762358.124595433,181251.14818276707,45141821.015625,6749937.900959015,-1194220.4735244513,28271.552780471742,-964.2295480467437,1215555.7249091864,28271.552780471742,-964.2295480467437,0.01014153580349932
1505,417159919051.1768,7046187457.450152,984284350.9486556,15790629.677375905,180286.91863472032,416632446889.0262,7043065368.577672,985364524.5581654,15781616.594904784,181079.83225952496,527472162.15063477,3122088.8724803925,-1080173.6095098257,9013.082471121103,-792.9136248046416,77078909.05962464,9013.082471121103,-792.9136248046416,0.007993801639286924
1506,417159919051.1768,7046187457.450152,984284350.9486556,15790629.677375905,180286.91863472032,417100200262.81866,7047016779.471695,982656365.2665522,15443742.34346929,182603.23834870264,59718788.3581543,-829322.0215425491,1627985.6821033955,346887.33390661515,-2316.319713982317,8159154.593162298,346887.33390661515,-2316.319713982317,0.01011014212206306
1507,417159919051.1768,7046187457.450152,984284350.9486556,15790629.677375905,180286.91863472032,416632446889.0262,7049400611.9254465,984575116.2793844,15780629.011647405,181431.61072827078,527472162.15063477,-3213154.475294113,-290765.3307287693,10000.665728500113,-1144.6920935504604,82624744.12861809,10000.665728500113,-1144.6920935504604,0.007993801639286924
1508,417159919051.1768,7046187457.450152,984284350.9486556,15790629.677375905,180286.91863472032,417159919051.1768,7056954110.912561,983754014.8060001,15666556.162327947,181643.1880351682,0.0,-10766653.46240902,530336.1426554918,124073.51504795812,-1356.269400447869,10236317.319753528,124073.51504795812,-1356.269400447869,0.010437739146191486
1509,417159919051.1768,7046187457.450152,984284350.9486556,15790629.677375905,180286.91863472032,417114777230.1612,7036754314.685059,984062623.9623227,15719039.459154898,180443.90233389722,45141821.015625,9433142.765093803,221726.98633289337,71590.21822100691,-156.98369917689706,-2883596.599082947,71590.21822100691,-156.98369917689706,0.01014153580349932
1510,417159919051.1768,7046187457.450152,984284350.9486556,15790629.677375905,180286.91863472032,416915146161.40295,7045603835.680083,983687504.2293472,15280447.796810193,180887.64843010466,244772889.77386475,583621.7700691223,596846.7193083763,510181.8805657122,-600.7297953843372,35535464.97670221,510181.8805657122,-600.7297953843372,0.008944965928889168
1511,417159919051.1768,7046187457.450152,984284350.9486556,15790629.677375905,180286.91863472032,417083071597.29987,7040411797.94441,983869736.4967648,15464024.953884339,187373.4432442864,76847453.87695312,5775659.505742073,414614.4518908262,326604.72349156626,-7086.524609566084,5336844.123910069,326604.72349156626,-7086.524609566084,0.01023272876248368
1512,417159919051.1768,7046187457.450152,984284350.9486556,15790629.677375905,180286.91863472032,416996660296.1198,7044641121.1331835,983979397.3311126,15682022.857145643,182561.18271266654,163258755.05700684,1546336.3169689178,304953.6175429821,108606.82023026235,-2274.2640779462236,22637523.324039124,108606.82023026235,-2274.2640779462236,0.009330140049514515
1513,417159919051.1768,7046187457.450152,984284350.9486556,15790629.677375905,180286.91863472032,417159919051.1768,7039846679.687634,985880718.5403867,15781949.112105947,181518.7105389307,0.0,6340777.762517929,-1596367.5917310715,8680.565269958228,-1231.791904210375,-4744410.170786858,8680.565269958228,-1231.791904210375,0.010437739146191486
1514,417159919051.1768,7046187457.450152,984284350.9486556,15790629.677375905,180286.91863472032,417159919051.1768,7045232649.237927,983592844.2225806,15781130.399705252,182343.34916064536,0.0,954808.2122249603,691506.7260750532,9499.277670653537,-2056.4305259250395,-1646314.9383000135,9499.277670653537,-2056.4305259250395,0.010437739146191486
1515,417159919051.1768,7046187457.450152,984284350.9486556,15790629.677375905,180286.91863472032,417159919051.1768,7039510141.990105,981796450.5853946,15783974.151422009,180664.37376839455,0.0,6677315.460047722,2487900.3632609844,6655.525953896344,-377.4551336742297,-9165215.823308706,6655.525953896344,-377.4551336742297,0.010437739146191486
1516,417159919051.1768,7046187457.450152,984284350.9486556,15790629.677375905,180286.91863472032,417159919051.1768,7040544480.82111,984119901.8582053,15789134.113588946,180810.99582867435,0.0,5642976.629042625,164449.09045028687,1495.5637869592756,-524.0771939540282,-5807425.719492912,1495.5637869592756,-524.0771939540282,0.010437739146191486
1517,417159919051.1768,7046187457.450152,984284350.9486556,15790629.677375905,180286.91863472032,417159919051.1768,7038524514.398974,986050433.4119205,15789685.42360267,181647.2076597931,0.0,7662943.0511779785,-1766082.4632649422,944.2537732347846,-1360.289025072765,-5896860.587913036,944.2537732347846,-1360.289025072765,0.010437739146191486
1518,417159919051.1768,7046187457.450152,984284350.9486556,15790629.677375905,180286.91863472032,417159919051.1768,7034077538.653153,984216848.0663675,15788238.890079387,181983.10271437923,0.0,12109918.796998978,67502.88228809834,2390.7872965186834,-1696.1840796589095,-12177421.679287076,2390.7872965186834,-1696.1840796589095,0.010437739146191486
1519,417159919051.1768,7046187457.450152,984284350.9486556,15790629.677375905,180286.91863472032,416905964206.2768,7050266638.139403,987888009.9443624,15772170.058174085,191412.54446908087,253954844.9000244,-4079180.689250946,-3603658.9957067966,18459.619201820344,-11125.625834360544,45776066.4199614,18459.619201820344,-11125.625834360544,0.009713098244943702
1520,417159919051.1768,7046187457.450152,984284350.9486556,15790629.677375905,180286.91863472032,417092220554.7751,7041513081.09109,979287539.1113286,15567601.920399474,186053.9226043753,67698496.4017334,4674376.359062195,4996811.8373270035,223027.75697643124,-5767.003969654965,483586.2638708111,223027.75697643124,-5767.003969654965,0.009984480125421339
1521,417159919051.1768,7046187457.450152,984284350.9486556,15790629.677375905,180286.91863472032,417159919051.1768,7033191722.988314,983770968.3907127,15773019.345936356,181961.7412657815,0.0,12995734.461838722,513382.5579428673,17610.331439549103,-1674.8226310611644,-13509117.01978159,17610.331439549103,-1674.8226310611644,0.010437739146191486
1522,417159919051.1768,7046187457.450152,984284350.9486556,15790629.677375905,180286.91863472032,417129193167.1536,7042801879.937044,980700983.1255786,15652882.57524685,180742.07274713018,30725884.02319336,3385577.5131082535,3583367.8230769634,137747.1021290552,-455.1541124098585,-2360062.7327062134,137747.1021290552,-455.1541124098585,0.010063999933309515
1523,417159919051.1768,7046187457.450152,984284350.9486556,15790629.677375905,180286.91863472032,416915146161.40295,7040601957.675299,978093609.5962542,15083448.899644367,177571.1245534963,244772889.77386475,5585499.774853706,6190741.352401376,707180.7777315378,2715.794081224012,24939692.33882463,707180.7777315378,2715.794081224012,0.008944965928889168
1524,417159919051.1768,7046187457.450152,984284350.9486556,15790629.677375905,180286.91863472032,416915146161.40295,7042626146.744681,977349639.619468,15083448.899644367,177571.1245534963,244772889.77386475,3561310.705471039,6934711.329187632,707180.7777315378,2715.794081224012,26219911.43142104,707180.7777315378,2715.794081224012,0.008944965928889168
1525,417159919051.1768,7046187457.450152,984284350.9486556,15790629.677375905,180286.91863472032,416915146161.40295,7043186842.409983,977052653.5695957,15083448.899644367,177571.1245534963,244772889.77386475,3000615.040169716,7231697.379059911,707180.7777315378,2715.794081224012,26483621.046850085,707180.7777315378,2715.794081224012,0.008944965928889168
1526,417159919051.1768,7046187457.450152,984284350.9486556,15790629.677375905,180286.91863472032,416915146161.40295,7046334716.979464,980619462.9982268,15087366.239961397,187182.5564527256,244772889.77386475,-147259.52931118011,3664887.9504288435,703263.4374145083,-6895.637818005285,33198305.04496205,703263.4374145083,-6895.637818005285,0.008944965928889168
1527,417159919051.1768,7046187457.450152,984284350.9486556,15790629.677375905,180286.91863472032,416828518880.93024,7041964436.599808,982277101.6060541,15460384.654928965,184056.1222976242,331400170.24658203,4223020.850344658,2007249.3426015377,330245.0224469397,-3769.203662903892,43479755.34404111,330245.0224469397,-3769.203662903892,0.009201445160644072
1528,417159919051.1768,7046187457.450152,984284350.9486556,15790629.677375905,180286.91863472032,416828518880.93024,7037006268.340039,981981417.8798639,15446502.144878939,194487.98118882146,331400170.24658203,9181189.110113144,2302933.068791747,344127.5324969664,-14201.06255410114,38225903.35808241,344127.5324969664,-14201.06255410114,0.009201445160644072
1529,417159919051.1768,7046187457.450152,984284350.9486556,15790629.677375905,180286.91863472032,416936328528.1542,7039557814.471849,981732879.1432368,15717188.901042143,189211.18308352923,223590523.02264404,6629642.978302956,2551471.805418849,73440.77633376233,-8924.264448808914,24357463.6696748,73440.77633376233,-8924.264448808914,0.009622652950752618
1530,417159919051.1768,7046187457.450152,984284350.9486556,15790629.677375905,180286.91863472032,417019856482.4204,7048429742.914904,987513880.5199955,15067560.595367955,182230.15488086198,140062568.7564087,-2242285.4647512436,-3229529.5713398457,723069.0820079502,-1943.2362461416633,26481200.349552393,723069.0820079502,-1943.2362461416633,0.010023074816854093
1531,417159919051.1768,7046187457.450152,984284350.9486556,15790629.677375905,180286.91863472032,416632446889.0262,7051003322.378677,984539488.8185043,15783461.729434714,181284.87756506208,527472162.15063477,-4815864.928524971,-255137.86984872818,7167.9479411914945,-997.9589303417597,84191827.12096891,7167.9479411914945,-997.9589303417597,0.007993801639286924
1532,417159919051.1768,7046187457.450152,984284350.9486556,15790629.677375905,180286.91863472032,416632446889.0262,7051003322.378677,984539488.8185043,15783461.729434714,181284.87756506208,527472162.15063477,-4815864.928524971,-255137.86984872818,7167.9479411914945,-997.9589303417597,84191827.12096891,7167.9479411914945,-997.9589303417597,0.007993801639286924
1533,417159919051.1768,7046187457.450152,984284350.9486556,15790629.677375905,180286.91863472032,416632446889.0262,7048974820.621415,984328565.434714,15783197.323899256,180573.62392758715,527472162.15063477,-2787363.171262741,-44214.48605835438,7432.35347664915,-286.7052928668272,81952401.9799163,7432.35347664915,-286.7052928668272,0.007993801639286924
1534,417159919051.1768,7046187457.450152,984284350.9486556,15790629.677375905,180286.91863472032,416632446889.0262,7045857021.071854,984342587.7121027,15783197.323899256,180573.62392758715,527472162.15063477,330436.37829875946,-58236.76344704628,7432.35347664915,-286.7052928668272,78848624.7077435,7432.35347664915,-286.7052928668272,0.007993801639286924
1535,417159919051.1768,7046187457.450152,984284350.9486556,15790629.677375905,180286.91863472032,416632446889.0262,7048756454.764089,984471465.5139407,15783197.323899256,180573.62392758715,527472162.15063477,-2568997.3139362335,-187114.56528508663,7432.35347664915,-286.7052928668272,81876936.20181653,7432.35347664915,-286.7052928668272,0.007993801639286924
1536,417159919051.1768,7046187457.450152,984284350.9486556,15790629.677375905,180286.91863472032,416632446889.0262,7048879764.571578,984552099.8093373,15783197.323899256,180573.62392758715,527472162.15063477,-2692307.1214256287,-267748.860681653,7432.35347664915,-286.7052928668272,82080880.30470249,7432.35347664915,-286.7052928668272,0.007993801639286924
1537,417159919051.1768,7046187457.450152,984284350.9486556,15790629.677375905,180286.91863472032,416996660296.1198,7044221267.641008,982744621.0294563,15662147.705202598,184485.4310449361,163258755.05700684,1966189.80914402,1539729.9191993475,128481.97217330709,-4198.5124102157715,20982893.530207656,128481.97217330709,-4198.5124102157715,0.009330140049514515
1538,417159919051.1768,7046187457.450152,984284350.9486556,15790629.677375905,180286.91863472032,417155950103.5071,7051334132.514228,983076498.0491107,15744188.168917013,180504.85969992733,3968947.6697387695,-5146675.06407547,1207852.8995449543,46441.50845889188,-217.94106520700734,4534164.314991331,46441.50845889188,-217.94106520700734,0.010364497679850185
1539,417159919051.1768,7046187457.450152,984284350.9486556,15790629.677375905,180286.91863472032,417155950103.5071,7037001000.671176,982622907.2558169,15723447.685118806,180286.91863472032,3968947.6697387695,9186456.77897644,1661443.6928386688,67181.9922570996,0.0,-10252558.321354294,67181.9922570996,0.0,0.010364497679850185
1540,417159919051.1768,7046187457.450152,984284350.9486556,15790629.677375905,180286.91863472032,417094327237.055,7040307806.44673,978146801.9689193,14833252.449199032,185673.66186084918,65591814.12182617,5879651.003422737,6137548.979736328,957377.2281768732,-5386.743226128863,-2178427.86488514,957377.2281768732,-5386.743226128863,0.010166833659028207
1541,417159919051.1768,7046187457.450152,984284350.9486556,15790629.677375905,180286.91863472032,417013456026.5588,7036559685.21474,985081709.8485668,15784872.480625283,182904.41033819033,146463024.618042,9627772.235412598,-797358.8999111652,5757.196750622243,-2617.4917034700047,13139040.357204866,5757.196750622243,-2617.4917034700047,0.010021275839995325
1542,417159919051.1768,7046187457.450152,984284350.9486556,15790629.677375905,180286.91863472032,417092220554.7751,7026338139.232753,982587539.7139912,15562632.536074461,181311.620528424,67698496.4017334,19849318.217399597,1696811.2346644402,227997.1413014438,-1024.701893703692,-11391354.991804028,227997.1413014438,-1024.701893703692,0.009984480125421339
1543,417159919051.1768,7046187457.450152,984284350.9486556,15790629.677375905,180286.91863472032,416632446889.0262,7052963899.809571,984142717.7372439,15780060.543200742,181918.88999671812,527472162.15063477,-6776442.359418869,141633.21141171455,10569.134175162762,-1631.9713619977992,85755633.47060236,10569.134175162762,-1631.9713619977992,0.007993801639286924
1544,417159919051.1768,7046187457.450152,984284350.9486556,15790629.677375905,180286.91863472032,416632446889.0262,7053341880.0461445,984237648.3313786,15780060.543200742,181918.88999671812,527472162.15063477,-7154422.595992088,46702.61727702618,10569.134175162762,-1631.9713619977992,86228544.30131027,10569.134175162762,-1631.9713619977992,0.007993801639286924
1545,417159919051.1768,7046187457.450152,984284350.9486556,15790629.677375905,180286.91863472032,416632446889.0262,7053063151.597158,984259458.2665839,15780060.543200742,181918.88999671812,527472162.15063477,-6875694.147006035,24892.68207168579,10569.134175162762,-1631.9713619977992,85971625.78752956,10569.134175162762,-1631.9713619977992,0.007993801639286924
1546,417159919051.1768,7046187457.450152,984284350.9486556,15790629.677375905,180286.91863472032,416828518880.93024,7038564970.44837,981006202.1501113,15287252.805278089,182033.3474635513,331400170.24658203,7622487.001782417,3278148.7985442877,503376.8720978163,-1746.4288288309763,38809389.7366606,503376.8720978163,-1746.4288288309763,0.009201445160644072
1547,417159919051.1768,7046187457.450152,984284350.9486556,15790629.677375905,180286.91863472032,417159919051.1768,7041879941.538294,985584658.6260372,15778078.961705612,184035.31760890927,0.0,4307515.911858559,-1300307.6773816347,12550.715670293197,-3748.3989741889527,-3007208.234476924,12550.715670293197,-3748.3989741889527,0.010437739146191486
1548,417159919051.1768,7046187457.450152,984284350.9486556,15790629.677375905,180286.91863472032,417159919051.1768,7044395533.246634,984157253.2102354,15789134.113588946,180810.99582867435,0.0,1791924.2035188675,127097.73842024803,1495.5637869592756,-524.0771939540282,-1919021.9419391155,1495.5637869592756,-524.0771939540282,0.010437739146191486
1549,417159919051.1768,7046187457.450152,984284350.9486556,15790629.677375905,180286.91863472032,416905964206.2768,7043249900.69363,985132958.5547949,15787406.981152605,184455.7060460906,253954844.9000244,2937556.7565221786,-848607.6061393023,3222.6962232999504,-4168.787411370286,36004277.58462078,3222.6962232999504,-4168.787411370286,0.009713098244943702
1550,417159919051.1768,7046187457.450152,984284350.9486556,15790629.677375905,180286.91863472032,417131328482.45593,7045855760.299609,983756780.5286711,15750512.87079656,184900.00087443844,28590568.72088623,331697.1505432129,527570.4199844599,40116.80657934584,-4613.082239718118,3429317.7376052616,40116.80657934584,-4613.082239718118,0.010274169524315988
1551,417159919051.1768,7046187457.450152,984284350.9486556,15790629.677375905,180286.91863472032,417131328482.45593,7047548500.5729475,983968677.5794287,15756440.967480758,184336.68225457083,28590568.72088623,-1361043.122795105,315673.3692269325,34188.70989514701,-4049.763619850506,5333955.061701107,34188.70989514701,-4049.763619850506,0.010274169524315988
1552,417159919051.1768,7046187457.450152,984284350.9486556,15790629.677375905,180286.91863472032,417020192881.90344,7056005992.359587,983700944.7320502,15653826.849931912,181135.7129812331,139726169.27337646,-9818534.909434319,583406.2166054249,136802.82744399272,-848.7943465127901,30194054.083835363,136802.82744399272,-848.7943465127901,0.009846588645466395
1553,417159919051.1768,7046187457.450152,984284350.9486556,15790629.677375905,180286.91863472032,417129193167.1536,7045897003.616217,983659586.3725225,15603981.613292009,181161.13374598598,30725884.02319336,290453.8339357376,624764.576133132,186648.06408389658,-874.2151112656575,3693664.193410134,186648.06408389658,-874.2151112656575,0.010063999933309515
1554,417159919051.1768,7046187457.450152,984284350.9486556,15790629.677375905,180286.91863472032,417129193167.1536,7045629992.501562,982793530.6938231,15626241.404340966,181467.89170232468,30725884.02319336,557464.9485902786,1490820.2548325062,164388.27303493954,-1180.9730676043546,2560597.4000562187,164388.27303493954,-1180.9730676043546,0.010063999933309515
1555,417159919051.1768,7046187457.450152,984284350.9486556,15790629.677375905,180286.91863472032,417129193167.1536,7046205791.458416,983016516.8513254,15620950.029312069,181712.58376308196,30725884.02319336,-18334.00826358795,1267834.0973302126,169679.64806383662,-1425.6651283616375,3359382.514412379,169679.64806383662,-1425.6651283616375,0.010063999933309515
1556,417159919051.1768,7046187457.450152,984284350.9486556,15790629.677375905,180286.91863472032,417129193167.1536,7042224715.713468,983779322.2597942,15633260.100729212,180982.7555245517,30725884.02319336,3962741.736684799,505028.6888613701,157369.57664669305,-695.8368898313784,141112.17793283425,157369.57664669305,-695.8368898313784,0.010063999933309515
1557,417159919051.1768,7046187457.450152,984284350.9486556,15790629.677375905,180286.91863472032,416922526349.33514,7043802072.686002,981452582.5842175,15651111.790435353,182806.6704769353,237392701.8416748,2385384.7641506195,2831768.364438057,139517.88694055192,-2519.751842214988,30391752.147662543,139517.88694055192,-2519.751842214988,0.009518279762953547
1558,417159919051.1768,7046187457.450152,984284350.9486556,15790629.677375905,180286.91863472032,416922885515.66437,7041062990.397688,980339002.9821367,15762475.784085073,190554.38188519637,237033535.51245117,5124467.052464485,3945347.966518879,28153.89329083264,-10267.463250476052,26485215.307884313,28153.89329083264,-10267.463250476052,0.009414164903454996
1559,417159919051.1768,7046187457.450152,984284350.9486556,15790629.677375905,180286.91863472032,416828518880.93024,7041125573.13898,982645787.1563537,15444971.528215215,187647.60499430678,331400170.24658203,5061884.311172485,1638563.7923018932,345658.1491606906,-7360.686359586456,43009577.433512926,345658.1491606906,-7360.686359586456,0.009201445160644072
1560,417159919051.1768,7046187457.450152,984284350.9486556,15790629.677375905,180286.91863472032,416936328528.1542,7042612522.377386,980930380.5247738,15714770.008559521,195316.4432696777,223590523.02264404,3574935.072766304,3353970.423881769,75859.66881638393,-15029.524634957372,26609672.95674853,75859.66881638393,-15029.524634957372,0.009622652950752618
1561,417159919051.1768,7046187457.450152,984284350.9486556,15790629.677375905,180286.91863472032,417019856482.4204,7047663162.792392,986832131.702153,15067560.595367955,182230.15488086198,140062568.7564087,-1475705.3422393799,-2547780.753497362,723069.0820079502,-1943.2362461416633,25032871.409198046,723069.0820079502,-1943.2362461416633,0.010023074816854093
1562,417159919051.1768,7046187457.450152,984284350.9486556,15790629.677375905,180286.91863472032,416996660296.1198,7040237173.167902,980631789.9498993,15615317.233562956,186077.4113563087,163258755.05700684,5950284.282250404,3652560.9987562895,175312.44381294958,-5790.49272158838,14885967.97754433,175312.44381294958,-5790.49272158838,0.009330140049514515
1563,417159919051.1768,7046187457.450152,984284350.9486556,15790629.677375905,180286.91863472032,417135228347.6733,6979844279.751548,973986530.1211462,15777902.156197412,179201.53515625294,24690703.50354004,66343177.698604584,10297820.827509403,12727.521178493276,1085.3834784673818,-72937393.00058298,12727.521178493276,1085.3834784673818,0.010286902301740102
1564,417159919051.1768,7046187457.450152,984284350.9486556,15790629.677375905,180286.91863472032,417134960162.59406,7046971152.105449,983222767.5193998,15636577.756494477,181280.14286902722,24958888.582763672,-783694.6552963257,1061583.4292558432,154051.92088142782,-993.2242343068938,3465944.5134550333,154051.92088142782,-993.2242343068938,0.01019824177027762
1565,417159919051.1768,7046187457.450152,984284350.9486556,15790629.677375905,180286.91863472032,416915146161.40295,7046190201.455113,984120131.9908346,15237002.063649472,180714.8489741027,244772889.77386475,-2744.004961013794,164218.95782101154,553627.6137264334,-427.9303393823793,36554458.513219714,553627.6137264334,-427.9303393823793,0.008944965928889168
1566,417159919051.1768,7046187457.450152,984284350.9486556,15790629.677375905,180286.91863472032,417013456026.5588,7039464733.98473,984252077.1039163,15788103.859602695,181764.66730486313,146463024.618042,6722723.46542263,32273.844739317894,2525.8177732098848,-1477.7486701428134,15214456.38254435,2525.8177732098848,-1477.7486701428134,0.010021275839995325
1567,417159919051.1768,7046187457.450152,984284350.9486556,15790629.677375905,180286.91863472032,417092220554.7751,7041798417.435718,983124767.6189135,15592531.448415706,181113.1072095978,67698496.4017334,4389040.014434814,1159583.329742074,198098.22896019928,-826.1885748774803,4606151.116083121,198098.22896019928,-826.1885748774803,0.009984480125421339
1568,417159919051.1768,7046187457.450152,984284350.9486556,15790629.677375905,180286.91863472032,416922885515.66437,7039743198.489059,982112053.7143009,15778448.51048559,184277.61737937867,237033535.51245117,6444258.961092949,2172297.2343547344,12181.166890315711,-3990.6987446583516,26938474.131419994,12181.166890315711,-3990.6987446583516,0.009414164903454996
1569,417159919051.1768,7046187457.450152,984284350.9486556,15790629.677375905,180286.91863472032,417114777230.1612,7041890132.472752,985269219.0184706,15762358.124595433,181251.14818276707,45141821.015625,4297324.97740078,-984868.0698150396,28271.552780471742,-964.2295480467437,3458816.24475801,28271.552780471742,-964.2295480467437,0.01014153580349932
1570,417159919051.1768,7046187457.450152,984284350.9486556,15790629.677375905,180286.91863472032,416632446889.0262,7044371413.359842,985156527.6825547,15781616.594904784,181079.83225952496,527472162.15063477,1816044.0903100967,-872176.7338991165,9013.082471121103,-792.9136248046416,78176956.96618423,9013.082471121103,-792.9136248046416,0.007993801639286924
1571,417159919051.1768,7046187457.450152,984284350.9486556,15790629.677375905,180286.91863472032,417100200262.81866,7050860839.555231,983068034.3235301,15443742.34346929,182603.23834870264,59718788.3581543,-4673382.105078697,1216316.6251255274,346887.33390661515,-2316.319713982317,12414883.733676314,346887.33390661515,-2316.319713982317,0.01011014212206306
1572,417159919051.1768,7046187457.450152,984284350.9486556,15790629.677375905,180286.91863472032,416632446889.0262,7047542822.397511,984454470.3832929,15780629.011647405,181431.61072827078,527472162.15063477,-1355364.9473581314,-170119.43463730812,10000.665728500113,-1144.6920935504604,80646308.70459065,10000.665728500113,-1144.6920935504604,0.007993801639286924
1573,417159919051.1768,7046187457.450152,984284350.9486556,15790629.677375905,180286.91863472032,417159919051.1768,7052922351.347248,983898142.1922728,15666556.162327947,181643.1880351682,0.0,-6734893.89709568,386208.756382823,124073.51504795812,-1356.269400447869,6348685.140712857,124073.51504795812,-1356.269400447869,0.010437739146191486
1574,417159919051.1768,7046187457.450152,984284350.9486556,15790629.677375905,180286.91863472032,417114777230.1612,7043448739.902701,984104185.4527102,15719039.459154898,180443.90233389722,45141821.015625,2738717.5474510193,180165.49594545364,71590.21822100691,-156.98369917689706,3852390.108947277,71590.21822100691,-156.98369917689706,0.01014153580349932
1575,417159919051.1768,7046187457.450152,984284350.9486556,15790629.677375905,180286.91863472032,416915146161.40295,7045794207.739498,983815335.8011011,15280447.796810193,180887.64843010466,244772889.77386475,393249.7106542587,469015.1475545168,510181.8805657122,-600.7297953843372,35853668.60787094,510181.8805657122,-600.7297953843372,0.008944965928889168
1576,417159919051.1768,7046187457.450152,984284350.9486556,15790629.677375905,180286.91863472032,417083071597.29987,7042419586.548224,983976053.2240647,15464024.953884339,187373.4432442864,76847453.87695312,3767870.901927948,308297.72459089756,326604.72349156626,-7086.524609566084,7450949.455024123,326604.72349156626,-7086.524609566084,0.01023272876248368
1577,417159919051.1768,7046187457.450152,984284350.9486556,15790629.677375905,180286.91863472032,416996660296.1198,7045549550.128907,983999296.5670319,15682022.857145643,182561.18271266654,163258755.05700684,637907.3212451935,285054.38162374496,108606.82023026235,-2274.2640779462236,23565851.555682085,108606.82023026235,-2274.2640779462236,0.009330140049514515
1578,417159919051.1768,7046187457.450152,984284350.9486556,15790629.677375905,180286.91863472032,417159919051.1768,7042715010.957967,985517295.8922932,15781949.112105947,181518.7105389307,0.0,3472446.4921855927,-1232944.9436376095,8680.565269958228,-1231.791904210375,-2239501.548547983,8680.565269958228,-1231.791904210375,0.010437739146191486
1579,417159919051.1768,7046187457.450152,984284350.9486556,15790629.677375905,180286.91863472032,417159919051.1768,7048816625.914761,983942011.7851118,15781130.399705252,182343.34916064536,0.0,-2629168.4646081924,342339.1635438204,9499.277670653537,-2056.4305259250395,2286829.301064372,9499.277670653537,-2056.4305259250395,0.010437739146191486
1580,417159919051.1768,7046187457.450152,984284350.9486556,15790629.677375905,180286.91863472032,417159919051.1768,7042693227.382371,982394402.3678447,15783974.151422009,180664.37376839455,0.0,3494230.0677814484,1889948.5808109045,6655.525953896344,-377.4551336742297,-5384178.648592353,6655.525953896344,-377.4551336742297,0.010437739146191486
1581,417159919051.1768,7046187457.450152,984284350.9486556,15790629.677375905,180286.91863472032,417159919051.1768,7044872691.430094,984123797.660111,15789134.113588946,180810.99582867435,0.0,1314766.020058632,160553.28854465485,1495.5637869592756,-524.0771939540282,-1475319.3086032867,1495.5637869592756,-524.0771939540282,0.010437739146191486
1582,417159919051.1768,7046187457.450152,984284350.9486556,15790629.677375905,180286.91863472032,417159919051.1768,7042276704.380307,985647135.4632148,15789685.42360267,181647.2076597931,0.0,3910753.0698451996,-1362784.5145591497,944.2537732347846,-1360.289025072765,-2547968.55528605,944.2537732347846,-1360.289025072765,0.010437739146191486
1583,417159919051.1768,7046187457.450152,984284350.9486556,15790629.677375905,180286.91863472032,417159919051.1768,7038691006.9181385,984220743.8682733,15788238.890079387,181983.10271437923,0.0,7496450.532013893,63607.08038234711,2390.7872965186834,-1696.1840796589095,-7560057.61239624,2390.7872965186834,-1696.1840796589095,0.010437739146191486
1584,417159919051.1768,7046187457.450152,984284350.9486556,15790629.677375905,180286.91863472032,416905964206.2768,7048736556.18145,987051980.6551709,15772170.058174085,191412.54446908087,253954844.9000244,-2549098.731297493,-2767629.706515312,18459.619201820344,-11125.625834360544,43409955.17281646,18459.619201820344,-11125.625834360544,0.009713098244943702
1585,417159919051.1768,7046187457.450152,984284350.9486556,15790629.677375905,180286.91863472032,417092220554.7751,7043706066.935206,980369743.6929532,15567601.920399474,186053.9226043753,67698496.4017334,2481390.514945984,3914607.2557023764,223027.75697643124,-5767.003969654965,3758776.689611649,223027.75697643124,-5767.003969654965,0.009984480125421339
1586,417159919051.1768,7046187457.450152,984284350.9486556,15790629.677375905,180286.91863472032,417159919051.1768,7037847172.431888,983870508.7281874,15773019.345936356,181961.7412657815,0.0,8340285.0182647705,413842.2204681635,17610.331439549103,-1674.8226310611644,-8754127.238732934,17610.331439549103,-1674.8226310611644,0.010437739146191486
1587,417159919051.1768,7046187457.450152,984284350.9486556,15790629.677375905,180286.91863472032,417129193167.1536,7044523535.122711,981656952.1451523,15652882.57524685,180742.07274713018,30725884.02319336,1663922.3274412155,2627398.803503275,137747.1021290552,-455.1541124098585,317561.4725345131,137747.1021290552,-455.1541124098585,0.010063999933309515
1588,417159919051.1768,7046187457.450152,984284350.9486556,15790629.677375905,180286.91863472032,416915146161.40295,7039918876.663062,978657090.883447,15083448.899644367,177571.1245534963,244772889.77386475,6268580.7870903015,5627260.065208554,707180.7777315378,2715.794081224012,24820092.613780856,707180.7777315378,2715.794081224012,0.008944965928889168
1589,417159919051.1768,7046187457.450152,984284350.9486556,15790629.677375905,180286.91863472032,416915146161.40295,7041943065.732444,977913120.9066608,15083448.899644367,177571.1245534963,244772889.77386475,4244391.717708588,6371230.04199481,707180.7777315378,2715.794081224012,26100311.706376314,707180.7777315378,2715.794081224012,0.008944965928889168
1590,417159919051.1768,7046187457.450152,984284350.9486556,15790629.677375905,180286.91863472032,416915146161.40295,7042503761.397745,977616134.8567886,15083448.899644367,177571.1245534963,244772889.77386475,3683696.0524072647,6668216.09186697,707180.7777315378,2715.794081224012,26364021.321805477,707180.7777315378,2715.794081224012,0.008944965928889168
1591,417159919051.1768,7046187457.450152,984284350.9486556,15790629.677375905,180286.91863472032,416915146161.40295,7046097513.63316,981497047.3908489,15087366.239961397,187182.5564527256,244772889.77386475,89943.8169927597,2787303.5578067303,703263.4374145083,-6895.637818005285,33838686.09128022,703263.4374145083,-6895.637818005285,0.008944965928889168
1592,417159919051.1768,7046187457.450152,984284350.9486556,15790629.677375905,180286.91863472032,416828518880.93024,7043557023.581839,982714387.6456419,15460384.654928965,184056.1222976242,331400170.24658203,2630433.8683137894,1569963.3030136824,330245.0224469397,-3769.203662903892,45509628.36565983,330245.0224469397,-3769.203662903892,0.009201445160644072
1593,417159919051.1768,7046187457.450152,984284350.9486556,15790629.677375905,180286.91863472032,416828518880.93024,7040181412.8738,982422131.142857,15446502.144878939,194487.98118882146,331400170.24658203,6006044.576352119,1862219.8057986498,344127.5324969664,-14201.06255410114,41841761.154836535,344127.5324969664,-14201.06255410114,0.009201445160644072
1594,417159919051.1768,7046187457.450152,984284350.9486556,15790629.677375905,180286.91863472032,416936328528.1542,7041980424.245484,982217055.1508976,15717188.901042143,189211.18308352923,223590523.02264404,4207033.204668045,2067295.7977579832,73440.77633376233,-8924.264448808914,27264249.450970575,73440.77633376233,-8924.264448808914,0.009622652950752618
1595,417159919051.1768,7046187457.450152,984284350.9486556,15790629.677375905,180286.91863472032,417019856482.4204,7047323736.036309,986868752.0994906,15067560.595367955,182230.15488086198,140062568.7564087,-1136278.586156845,-2584401.150835037,723069.0820079502,-1943.2362461416633,24730065.050453186,723069.0820079502,-1943.2362461416633,0.010023074816854093
1596,417159919051.1768,7046187457.450152,984284350.9486556,15790629.677375905,180286.91863472032,416632446889.0262,7049298329.15878,984449644.8299782,15783461.729434714,181284.87756506208,527472162.15063477,-3110871.708627701,-165293.8813226223,7167.9479411914945,-997.9589303417597,82396989.91254553,7167.9479411914945,-997.9589303417597,0.007993801639286924
1597,417159919051.1768,7046187457.450152,984284350.9486556,15790629.677375905,180286.91863472032,416632446889.0262,7049298329.15878,984449644.8299782,15783461.729434714,181284.87756506208,527472162.15063477,-3110871.708627701,-165293.8813226223,7167.9479411914945,-997.9589303417597,82396989.91254553,7167.9479411914945,-997.9589303417597,0.007993801639286924
1598,417159919051.1768,7046187457.450152,984284350.9486556,15790629.677375905,180286.91863472032,416632446889.0262,7047934739.125686,984238721.4461879,15783197.323899256,180573.62392758715,527472162.15063477,-1747281.6755332947,45629.5024677515,7432.35347664915,-286.7052928668272,80822476.49566075,7432.35347664915,-286.7052928668272,0.007993801639286924
1599,417159919051.1768,7046187457.450152,984284350.9486556,15790629.677375905,180286.91863472032,416632446889.0262,7044816939.576124,984252743.7235765,15783197.323899256,180573.62392758715,527472162.15063477,1370517.8740282059,31607.2250790596,7432.35347664915,-286.7052928668272,77718699.22348794,7432.35347664915,-286.7052928668272,0.007993801639286924
1600,417159919051.1768,7046187457.450152,984284350.9486556,15790629.677375905,180286.91863472032,416632446889.0262,7047716373.268359,984381621.5254146,15783197.323899256,180573.62392758715,527472162.15063477,-1528915.818206787,-97270.57675898075,7432.35347664915,-286.7052928668272,80747010.71756098,7432.35347664915,-286.7052928668272,0.007993801639286924
1601,417159919051.1768,7046187457.450152,984284350.9486556,15790629.677375905,180286.91863472032,416632446889.0262,7047839683.075849,984462255.8208112,15783197.323899256,180573.62392758715,527472162.15063477,-1652225.6256961823,-177904.87215554714,7432.35347664915,-286.7052928668272,80950954.82044694,7432.35347664915,-286.7052928668272,0.007993801639286924
1602,417159919051.1768,7046187457.450152,984284350.9486556,15790629.677375905,180286.91863472032,416996660296.1198,7046445526.102998,983052322.1279825,15662147.705202598,184485.4310449361,163258755.05700684,-258068.6528453827,1232028.820673108,128481.97217330709,-4198.5124102157715,23514853.0907233,128481.97217330709,-4198.5124102157715,0.009330140049514515
1603,417159919051.1768,7046187457.450152,984284350.9486556,15790629.677375905,180286.91863472032,417155950103.5071,7055537839.893525,983887272.0462031,15744188.168917013,180504.85969992733,3968947.6697387695,-9350382.443372726,397078.9024524689,46441.50845889188,-217.94106520700734,9548645.691381073,46441.50845889188,-217.94106520700734,0.010364497679850185
1604,417159919051.1768,7046187457.450152,984284350.9486556,15790629.677375905,180286.91863472032,417155950103.5071,7042181805.518062,983009358.096995,15723447.685118806,180286.91863472032,3968947.6697387695,4005651.9320907593,1274992.8516606092,67181.9922570996,0.0,-4685302.633290553,67181.9922570996,0.0,0.010364497679850185
1605,417159919051.1768,7046187457.450152,984284350.9486556,15790629.677375905,180286.91863472032,417094327237.055,7042528529.70933,979480366.4491416,14833252.449199032,185673.66186084918,65591814.12182617,3658927.740822792,4803984.499513984,957377.2281768732,-5386.743226128863,1375859.8779371493,957377.2281768732,-5386.743226128863,0.010166833659028207
1606,417159919051.1768,7046187457.450152,984284350.9486556,15790629.677375905,180286.91863472032,417013456026.5588,7040485753.327867,984928139.1208743,15784872.480625283,182904.41033819033,146463024.618042,5701704.122285843,-643788.1722186804,5757.196750622243,-2617.4917034700047,16911537.742639136,5757.196750622243,-2617.4917034700047,0.010021275839995325
1607,417159919051.1768,7046187457.450152,984284350.9486556,15790629.677375905,180286.91863472032,417092220554.7751,7033712301.042469,982970656.4188114,15562632.536074461,181311.620528424,67698496.4017334,12475156.407683372,1313694.5298441648,227997.1413014438,-1024.701893703692,-3634076.477267528,227997.1413014438,-1024.701893703692,0.009984480125421339
1608,417159919051.1768,7046187457.450152,984284350.9486556,15790629.677375905,180286.91863472032,416632446889.0262,7050340610.569629,984140617.8888811,15780060.543200742,181918.88999671812,527472162.15063477,-4153153.1194763184,143733.059774518,10569.134175162762,-1631.9713619977992,83130244.38229701,10569.134175162762,-1631.9713619977992,0.007993801639286924
1609,417159919051.1768,7046187457.450152,984284350.9486556,15790629.677375905,180286.91863472032,416632446889.0262,7050718590.806202,984235548.4830157,15780060.543200742,181918.88999671812,527472162.15063477,-4531133.356049538,48802.465639948845,10569.134175162762,-1631.9713619977992,83603155.2130048,10569.134175162762,-1631.9713619977992,0.007993801639286924
1610,417159919051.1768,7046187457.450152,984284350.9486556,15790629.677375905,180286.91863472032,416632446889.0262,7050439862.357216,984257358.4182211,15780060.543200742,181918.88999671812,527472162.15063477,-4252404.907063484,26992.53043448925,10569.134175162762,-1631.9713619977992,83346236.6992242,10569.134175162762,-1631.9713619977992,0.007993801639286924
1611,417159919051.1768,7046187457.450152,984284350.9486556,15790629.677375905,180286.91863472032,416828518880.93024,7041506551.661256,981698073.7146106,15287252.805278089,182033.3474635513,331400170.24658203,4680905.788896561,2586277.2340450287,503376.8720978163,-1746.4288288309763,42442842.514045715,503376.8720978163,-1746.4288288309763,0.009201445160644072
1612,417159919051.1768,7046187457.450152,984284350.9486556,15790629.677375905,180286.91863472032,417060782368.611,6828072455.228259,925764570.1286432,15787749.939984871,178951.50717292656,99136682.5657959,218115002.2218933,58519780.82001245,2879.737391034141,1335.4114617937594,-261764280.65703636,2879.737391034141,1335.4114617937594,0.010286740850901652
1613,417159919051.1768,7046187457.450152,984284350.9486556,15790629.677375905,180286.91863472032,417068251505.92395,6828290121.332046,925723054.3938253,15786295.76389626,180859.56386609486,91667545.25286865,217897336.11810684,58561296.55483031,4333.913479644805,-572.6452313745394,-262708500.88500684,4333.913479644805,-572.6452313745394,0.010305530089913353
1614,417159919051.1768,7046187457.450152,984284350.9486556,15790629.677375905,180286.91863472032,417104273547.11816,6831632927.973494,926239460.9412298,15731208.09614757,178852.494916565,55645504.058654785,214554529.47665882,58044890.007425785,59421.58122833446,1434.4237181553326,-264252593.8752864,59421.58122833446,1434.4237181553326,0.010364756131181858
1615,417159919051.1768,7046187457.450152,984284350.9486556,15790629.677375905,180286.91863472032,417159919051.1768,6826679169.406145,925673302.2823248,15788384.559110833,179482.68691229273,0.0,219508288.0440073,58611048.666330814,2245.118265071884,804.2317224275903,-278119336.7103381,2245.118265071884,804.2317224275903,0.010437739146191486
1616,417159919051.1768,7046187457.450152,984284350.9486556,15790629.677375905,180286.91863472032,417159919051.1768,6830335841.9141035,926058992.9415872,15785327.09203372,178589.834028123,0.0,215851615.5360489,58225358.007068396,5302.585342185572,1697.0846065973165,-274076973.5431173,5302.585342185572,1697.0846065973165,0.010437739146191486
1617,417159919051.1768,7046187457.450152,984284350.9486556,15790629.677375905,180286.91863472032,417131911123.6672,6825479496.187247,926088753.2697759,15790558.643410763,178755.2711929339,28007927.509643555,220707961.26290512,58195597.67887974,71.03396514244378,1531.6474417864229,-274702369.8153383,71.03396514244378,1531.6474417864229,0.010399581640007887
1618,417159919051.1768,7046187457.450152,984284350.9486556,15790629.677375905,180286.91863472032,417107708809.14844,6827380165.84605,925870091.789389,15789981.743882505,179167.82365170575,52210242.02838135,218807291.60410213,58414259.15926659,647.9334933999926,1119.0949830145692,-269390014.4591115,647.9334933999926,1119.0949830145692,0.010341590531400446
1619,417159919051.1768,7046187457.450152,984284350.9486556,15790629.677375905,180286.91863472032,417159919051.1768,6827969108.747345,926074422.9835104,15789529.860336801,178677.64201191094,0.0,218218348.70280743,58209927.96514523,1099.8170391041785,1609.2766228093824,-276428276.66795266,1099.8170391041785,1609.2766228093824,0.010437739146191486
1620,417159919051.1768,7046187457.450152,984284350.9486556,15790629.677375905,180286.91863472032,417159919051.1768,6828456527.349795,926049045.6030532,15790267.331281893,178646.78094927332,0.0,217730930.10035706,58235305.34560239,362.34609401226044,1640.137685447,-275966235.44595945,362.34609401226044,1640.137685447,0.010437739146191486
1621,417159919051.1768,7046187457.450152,984284350.9486556,15790629.677375905,180286.91863472032,417159919051.1768,6833599897.491961,925946587.7079662,15788036.54771976,178740.63004249427,0.0,212587559.95819187,58337763.2406894,2593.129656145349,1546.2885922260466,-270925323.19888127,2593.129656145349,1546.2885922260466,0.010437739146191486
1622,417159919051.1768,7046187457.450152,984284350.9486556,15790629.677375905,180286.91863472032,417127802479.154,6828803326.837078,925992543.0893598,15757175.235232882,179719.55973379654,32116572.02282715,217384130.6130743,58291807.859295845,33454.442143023014,567.3589009237767,-270858452.6689461,33454.442143023014,567.3589009237767,0.01040262171414378
1623,417159919051.1768,7046187457.450152,984284350.9486556,15790629.677375905,180286.91863472032,417159919051.1768,6769412693.931945,913277544.1489224,15790629.677375905,164230.9416824992,0.0,276774763.51820755,71006806.79973316,0.0,16055.976952221128,-347781570.3179407,0.0,16055.976952221128,0.010437739146191486
1624,417159919051.1768,7046187457.450152,984284350.9486556,15790629.677375905,180286.91863472032,417088043731.2512,6827211781.958999,925843608.8683122,15788638.06590534,180829.5520664855,71875319.92559814,218975675.49115372,58440742.080343366,1991.6114705651999,-542.6334317651927,-266635119.58265737,1991.6114705651999,-542.6334317651927,0.010320486363578879
1625,417159919051.1768,7046187457.450152,984284350.9486556,15790629.677375905,180286.91863472032,417068251505.92395,6827956184.144732,925907255.8497603,15786411.492515817,179979.83512677086,91667545.25286865,218231273.30541992,58377095.09889531,4218.184860087931,307.08350794945727,-262858236.61638492,4218.184860087931,307.08350794945727,0.010305530089913353
1626,417159919051.1768,7046187457.450152,984284350.9486556,15790629.677375905,180286.91863472032,417104273547.11816,6831293501.217411,926345508.5608305,15731208.09614757,178852.494916565,55645504.058654785,214893956.23274136,57938842.38782513,59421.58122833446,1434.4237181553326,-264485973.01176828,59421.58122833446,1434.4237181553326,0.010364756131181858
1627,417159919051.1768,7046187457.450152,984284350.9486556,15790629.677375905,180286.91863472032,417159919051.1768,6768445957.406331,920961900.9939054,15790565.629129086,178228.40945037914,0.0,277741500.04382133,63322449.95475018,64.04824681952596,2058.509184341179,-341063949.9985715,64.04824681952596,2058.509184341179,0.010437739146191486
1628,417159919051.1768,7046187457.450152,984284350.9486556,15790629.677375905,180286.91863472032,417159919051.1768,6768445957.406331,920961900.9939054,15790565.629129086,178228.40945037914,0.0,277741500.04382133,63322449.95475018,64.04824681952596,2058.509184341179,-341063949.9985715,64.04824681952596,2058.509184341179,0.010437739146191486
1629,417159919051.1768,7046187457.450152,984284350.9486556,15790629.677375905,180286.91863472032,417159919051.1768,6775672352.587045,919330198.3131084,15790629.677375905,178056.91097598898,0.0,270515104.8631077,64954152.63554716,0.0,2230.007658731338,-335469257.49865484,0.0,2230.007658731338,0.010437739146191486
1630,417159919051.1768,7046187457.450152,984284350.9486556,15790629.677375905,180286.91863472032,417060782368.611,6828841718.962032,925802604.2043,15787749.939984871,178951.50717292656,99136682.5657959,217345738.48812008,58481746.74435556,2879.737391034141,1335.4114617937594,-260956982.84760624,2879.737391034141,1335.4114617937594,0.010286740850901652
1631,417159919051.1768,7046187457.450152,984284350.9486556,15790629.677375905,180286.91863472032,417068251505.92395,6829025161.420263,925767518.6658294,15786295.76389626,180859.56386609486,91667545.25286865,217162296.0298891,58516832.282826185,4333.913479644805,-572.6452313745394,-261928996.52478498,4333.913479644805,-572.6452313745394,0.010305530089913353
1632,417159919051.1768,7046187457.450152,984284350.9486556,15790629.677375905,180286.91863472032,417104273547.11816,6830161230.863959,926210307.9338197,15731208.09614757,178852.494916565,55645504.058654785,216026226.58619308,58074043.01483595,59421.58122833446,1434.4237181553326,-265753443.99223083,59421.58122833446,1434.4237181553326,0.010364756131181858
1633,417159919051.1768,7046187457.450152,984284350.9486556,15790629.677375905,180286.91863472032,417159919051.1768,6828489377.107302,925726908.5986822,15788384.559110833,179482.68691229273,0.0,217698080.3428507,58557442.34997344,2245.118265071884,804.2317224275903,-276255522.6928241,2245.118265071884,804.2317224275903,0.010437739146191486
1634,417159919051.1768,7046187457.450152,984284350.9486556,15790629.677375905,180286.91863472032,417159919051.1768,6829821679.72705,926055889.2972593,15785327.09203372,178589.834028123,0.0,216365777.72310257,58228461.651396275,5302.585342185572,1697.0846065973165,-274594239.37449884,5302.585342185572,1697.0846065973165,0.010437739146191486
1635,417159919051.1768,7046187457.450152,984284350.9486556,15790629.677375905,180286.91863472032,417131911123.6672,6828064883.568275,926056083.8842084,15790558.643410763,178755.2711929339,28007927.509643555,218122573.88187695,58228267.064447165,71.03396514244378,1531.6474417864229,-272149651.81987756,71.03396514244378,1531.6474417864229,0.010399581640007887
1636,417159919051.1768,7046187457.450152,984284350.9486556,15790629.677375905,180286.91863472032,417107708809.14844,6828674080.54965,925895290.2161136,15789981.743882505,179167.82365170575,52210242.02838135,217513376.9005022,58389060.73254204,647.9334933999926,1119.0949830145692,-268070901.32878703,647.9334933999926,1119.0949830145692,0.010341590531400446
1637,417159919051.1768,7046187457.450152,984284350.9486556,15790629.677375905,180286.91863472032,417159919051.1768,6828902563.323186,926076504.8952729,15789529.860336801,178677.64201191094,0.0,217284894.12696648,58207846.053382754,1099.8170391041785,1609.2766228093824,-275492740.18034923,1099.8170391041785,1609.2766228093824,0.010437739146191486
1638,417159919051.1768,7046187457.450152,984284350.9486556,15790629.677375905,180286.91863472032,417159919051.1768,6829270445.533276,926036734.5275366,15790267.331281893,178646.78094927332,0.0,216917011.9168768,58247616.421118975,362.34609401226044,1640.137685447,-275164628.33799577,362.34609401226044,1640.137685447,0.010437739146191486
1639,417159919051.1768,7046187457.450152,984284350.9486556,15790629.677375905,180286.91863472032,417159919051.1768,6830927760.522428,925967087.4761212,15788036.54771976,178740.63004249427,0.0,215259696.92772484,58317263.47253442,2593.129656145349,1546.2885922260466,-273576960.40025926,2593.129656145349,1546.2885922260466,0.010437739146191486
1640,417159919051.1768,7046187457.450152,984284350.9486556,15790629.677375905,180286.91863472032,417127802479.154,6829152690.704341,926004681.0894402,15757175.235232882,179719.55973379654,32116572.02282715,217034766.74581146,58279669.85921538,33454.442143023014,567.3589009237767,-270496950.8016028,33454.442143023014,567.3589009237767,0.01040262171414378
1641,417159919051.1768,7046187457.450152,984284350.9486556,15790629.677375905,180286.91863472032,417159919051.1768,6768674861.660081,913301439.3265581,15790629.677375905,164230.9416824992,0.0,277512595.7900715,70982911.62209749,0.0,16055.976952221128,-348495507.412169,0.0,16055.976952221128,0.010437739146191486
1642,417159919051.1768,7046187457.450152,984284350.9486556,15790629.677375905,180286.91863472032,417088043731.2512,6828372696.503196,925858691.270351,15788638.06590534,180829.5520664855,71875319.92559814,217814760.94695663,58425659.67830455,1991.6114705651999,-542.6334317651927,-265459122.63642147,1991.6114705651999,-542.6334317651927,0.010320486363578879
1643,417159919051.1768,7046187457.450152,984284350.9486556,15790629.677375905,180286.91863472032,417068251505.92395,6828911963.369343,925917273.1034865,15786411.492515817,179979.83512677086,91667545.25286865,217275494.0808096,58367077.84516907,4218.184860087931,307.08350794945727,-261892440.13804835,4218.184860087931,307.08350794945727,0.010305530089913353
1644,417159919051.1768,7046187457.450152,984284350.9486556,15790629.677375905,180286.91863472032,417104273547.11816,6829821804.107877,926246928.3311573,15731208.09614757,178852.494916565,55645504.058654785,216365653.34227562,58037422.61749828,59421.58122833446,1434.4237181553326,-266056250.3509757,59421.58122833446,1434.4237181553326,0.010364756131181858
1645,417159919051.1768,7046187457.450152,984284350.9486556,15790629.677375905,180286.91863472032,417159919051.1768,6767534405.544794,920943779.0079947,15790565.629129086,178228.40945037914,0.0,278653051.9053583,63340571.94066095,64.04824681952596,2058.509184341179,-341993623.84601927,64.04824681952596,2058.509184341179,0.010437739146191486
1646,417159919051.1768,7046187457.450152,984284350.9486556,15790629.677375905,180286.91863472032,417159919051.1768,6767534405.544794,920943779.0079947,15790565.629129086,178228.40945037914,0.0,278653051.9053583,63340571.94066095,64.04824681952596,2058.509184341179,-341993623.84601927,64.04824681952596,2058.509184341179,0.010437739146191486
1647,417159919051.1768,7046187457.450152,984284350.9486556,15790629.677375905,180286.91863472032,417159919051.1768,6774105121.275986,919324070.9458627,15790629.677375905,178056.91097598898,0.0,272082336.1741667,64960280.002792954,0.0,2230.007658731338,-337042616.17695963,0.0,2230.007658731338,0.010437739146191486
1648,417159919051.1768,7046187457.450152,984284350.9486556,15790629.677375905,180286.91863472032,417171964882.0927,7047565176.026372,988680831.8155695,15868981.116698109,183124.66819289935,-12045830.915893555,-1377718.5762195587,-4396480.866913915,-78351.4393222034,-2837.749558179028,3967324.8057494406,-78351.4393222034,-2837.749558179028,0.010578704280532104
1649,417159919051.1768,7046187457.450152,984284350.9486556,15790629.677375905,180286.91863472032,416929219039.8193,7047706632.083487,988211423.2077233,15874443.334762694,183488.25477177984,230700011.35754395,-1519174.6333341599,-3927072.2590676546,-83813.6573867891,-3201.336137059523,40051248.5960334,-83813.6573867891,-3201.336137059523,0.00995122134095585
1650,417159919051.1768,7046187457.450152,984284350.9486556,15790629.677375905,180286.91863472032,417146330564.0674,7046143963.160573,986189924.124837,15846541.33372155,183731.21245561988,13588487.109436035,43494.28957939148,-1905573.1761814356,-55911.656345644966,-3444.293820899562,3900351.953017449,-55911.656345644966,-3444.293820899562,0.010450187440646762
1651,417159919051.1768,7046187457.450152,984284350.9486556,15790629.677375905,180286.91863472032,417146330564.0674,7040562629.410311,985987331.6913881,15851605.789366538,183036.04502898845,13588487.109436035,5624828.039841652,-1702980.7427325249,-60976.11199063249,-2749.1263942681253,-1883574.2306937221,-60976.11199063249,-2749.1263942681253,0.010450187440646762
1652,417159919051.1768,7046187457.450152,984284350.9486556,15790629.677375905,180286.91863472032,417041247965.27515,7051857811.634718,986030317.6637406,15761840.32622973,180431.67904853745,118671085.90167236,-5670354.184565544,-1745966.7150850296,28789.351146174595,-144.76041381713003,25216983.78490143,28789.351146174595,-144.76041381713003,0.010080871464027667
1653,417159919051.1768,7046187457.450152,984284350.9486556,15790629.677375905,180286.91863472032,417146998760.6734,7047270261.979457,984720246.2020841,15731720.174464889,180563.74116466276,12920290.503417969,-1082804.5293045044,-435895.25342845917,58909.502911016345,-276.82252994243754,3456743.3582456587,58909.502911016345,-276.82252994243754,0.010304700447149264
1654,417159919051.1768,7046187457.450152,984284350.9486556,15790629.677375905,180286.91863472032,417146998760.6734,7046465161.241658,984284124.7057987,15752260.912925916,180803.34516404613,12920290.503417969,-277703.7915058136,226.24285686016083,38368.76444998942,-516.4265293258068,2215521.1241616486,38368.76444998942,-516.4265293258068,0.010304700447149264
1655,417159919051.1768,7046187457.450152,984284350.9486556,15790629.677375905,180286.91863472032,417146998760.6734,7043941601.539114,984005399.2139543,15752386.89727472,180923.11340947886,12920290.503417969,2245855.9110383987,278951.7347012758,38242.780101185665,-636.1947747585364,-586764.0702269794,38242.780101185665,-636.1947747585364,0.010304700447149264
1656,417159919051.1768,7046187457.450152,984284350.9486556,15790629.677375905,180286.91863472032,417146998760.6734,7046109950.750143,984166765.2124509,15761393.57662293,180388.21198568514,12920290.503417969,77506.70000934601,117585.73620474339,29236.10075297579,-101.29335096481373,1742951.1392986057,29236.10075297579,-101.29335096481373,0.010304700447149264
1657,417159919051.1768,7046187457.450152,984284350.9486556,15790629.677375905,180286.91863472032,416941187621.2004,7048835106.857306,984693456.5092605,15769001.774742348,182099.6150655445,218731429.97644043,-2647649.4071531296,-409105.5606049299,21627.902633557096,-1812.6964308241731,35866469.46422412,21627.902633557096,-1812.6964308241731,0.009765119099403856
1658,417159919051.1768,7046187457.450152,984284350.9486556,15790629.677375905,180286.91863472032,416943208973.7134,7047205646.793273,982815514.1692089,15852315.025880674,188795.38758314945,216710077.46343994,-1018189.343120575,1468836.779446721,-61685.348504768685,-8508.46894842913,32055864.183189843,-61685.348504768685,-8508.46894842913,0.009689374273410581
1659,417159919051.1768,7046187457.450152,984284350.9486556,15790629.677375905,180286.91863472032,416854635872.1878,7046963478.285193,986091690.1543773,15546858.321515279,186249.42595832958,305283178.9890137,-776020.8350410461,-1807339.205721736,243771.35586062633,-5962.507323609258,48375836.889114834,243771.35586062633,-5962.507323609258,0.009506505816801637
1660,417159919051.1768,7046187457.450152,984284350.9486556,15790629.677375905,180286.91863472032,416955212324.34045,7047945211.8067,984008178.5117623,15800367.535817806,192988.48059876193,204706726.83636475,-1757754.3565473557,276172.4368933439,-9737.858441900462,-12701.561964041612,32187590.945108723,-9737.858441900462,-12701.561964041612,0.009865283474538399
1661,417159919051.1768,7046187457.450152,984284350.9486556,15790629.677375905,180286.91863472032,417035622271.7341,7050094016.550533,990447850.566676,15243649.37447852,181593.2633085325,124296779.44274902,-3906559.1003808975,-6163499.618020415,546980.3028973844,-1306.3446738121856,28714575.634813666,546980.3028973844,-1306.3446738121856,0.010213733262591956
1662,417159919051.1768,7046187457.450152,984284350.9486556,15790629.677375905,180286.91863472032,417022671927.62506,7047074450.314288,983645928.1427315,15739340.645300442,184962.51556451566,137247123.5517578,-886992.8641357422,638422.805924058,51289.03207546286,-4675.596929795342,20835638.590975355,51289.03207546286,-4675.596929795342,0.00967993461601897
1663,417159919051.1768,7046187457.450152,984284350.9486556,15790629.677375905,180286.91863472032,417150003824.32904,6972236184.285553,975191288.7072741,15866313.597183729,178641.2642651625,9915226.84777832,73951273.16459942,9093062.241381526,-75683.91980782337,1645.6543695578293,-81557051.37881419,-75683.91980782337,1645.6543695578293,0.010459440736452719
1664,417159919051.1768,7046187457.450152,984284350.9486556,15790629.677375905,180286.91863472032,417171964882.0927,7025919142.054696,979207257.2366077,15876344.04840849,179621.04359371102,-12045830.915893555,20268315.395456314,5077093.7120479345,-85714.37103258446,665.8750410093053,-27152283.744888283,-85714.37103258446,665.8750410093053,0.010578704280532104
1665,417159919051.1768,7046187457.450152,984284350.9486556,15790629.677375905,180286.91863472032,417149612581.97406,7045257976.140694,984833112.9466009,15760657.694116654,180654.4347573486,10306469.202758789,929481.3094587326,-548761.9979453087,29971.98325925134,-367.5161226282653,1165251.0689003945,29971.98325925134,-367.5161226282653,0.01039038647372114
1666,417159919051.1768,7046187457.450152,984284350.9486556,15790629.677375905,180286.91863472032,416944551463.6807,7050098074.583677,987720748.7394533,15428186.972142028,180257.49732632824,215367587.49609375,-3910617.1335248947,-3436397.7907977104,362442.7052338775,29.421308392076753,39652153.04873666,362442.7052338775,29.421308392076753,0.009360646788630536
1667,417159919051.1768,7046187457.450152,984284350.9486556,15790629.677375905,180286.91863472032,417030612242.41656,7046688033.257473,987929247.8682834,15874317.787682882,181174.69301119214,129306808.7602539,-500575.8073205948,-3644896.9196277857,-83688.11030697636,-887.774376471818,23541494.040986467,-83688.11030697636,-887.774376471818,0.010217367998453186
1668,417159919051.1768,7046187457.450152,984284350.9486556,15790629.677375905,180286.91863472032,417108408444.867,7047776682.54008,986259479.29763,15726540.241659252,180595.31059092705,51510606.30981445,-1589225.0899276733,-1975128.348974347,64089.43571665324,-308.39195620673127,11290944.385374188,64089.43571665324,-308.39195620673127,0.01021038320424703
1669,417159919051.1768,7046187457.450152,984284350.9486556,15790629.677375905,180286.91863472032,416943208973.7134,7046595406.1134,985632685.824576,15861869.973935321,183378.65423699867,216710077.46343994,-407948.66324806213,-1348334.875920415,-71240.29655941576,-3091.7356022783497,34262795.15868446,-71240.29655941576,-3091.7356022783497,0.009689374273410581
1670,417159919051.1768,7046187457.450152,984284350.9486556,15790629.677375905,180286.91863472032,417132138901.9037,7047775667.816861,988805838.4524893,15854160.694586715,180727.6778068102,27780149.273132324,-1588210.3667087555,-4521487.503833652,-63531.017210809514,-440.7591720898927,10276720.261512255,-63531.017210809514,-440.7591720898927,0.010347095080393432
1671,417159919051.1768,7046187457.450152,984284350.9486556,15790629.677375905,180286.91863472032,416685997433.29517,7048662759.894962,988435011.3789146,15868916.860976646,180576.06852211137,473921617.88165283,-2475302.4448099136,-4150660.4302589893,-78287.1836007405,-289.1498873910459,77714205.55731682,-78287.1836007405,-289.1498873910459,0.008560595302579412
1672,417159919051.1768,7046187457.450152,984284350.9486556,15790629.677375905,180286.91863472032,417115650596.0499,7046594602.149916,985411638.0385523,15546938.623681225,181814.20627053906,44268455.12689209,-407144.69976329803,-1127287.089896679,243691.05369468033,-1527.287635818735,8174700.05869379,243691.05369468033,-1527.287635818735,0.010304452396801687
1673,417159919051.1768,7046187457.450152,984284350.9486556,15790629.677375905,180286.91863472032,416685997433.29517,7045104376.493876,986330781.2668806,15868252.04902593,180809.45186614303,473921617.88165283,1083080.95627594,-2046430.3182250261,-77622.37165002525,-522.5332314227126,72051592.04419701,-77622.37165002525,-522.5332314227126,0.008560595302579412
1674,417159919051.1768,7046187457.450152,984284350.9486556,15790629.677375905,180286.91863472032,417171964882.0927,7052670687.871651,987140591.2265376,15772072.36505747,181070.54377254134,-12045830.915893555,-6483230.421498299,-2856240.27788198,18557.31231843494,-783.6251378210145,7532596.061996246,18557.31231843494,-783.6251378210145,0.010578704280532104
1675,417159919051.1768,7046187457.450152,984284350.9486556,15790629.677375905,180286.91863472032,417132138901.9037,7047983167.771845,985431224.3824545,15821109.698206348,180001.71083777666,27780149.273132324,-1795710.3216924667,-1146873.4337989092,-30480.02083044313,285.207796943665,7109606.146461224,-30480.02083044313,285.207796943665,0.010347095080393432
1676,417159919051.1768,7046187457.450152,984284350.9486556,15790629.677375905,180286.91863472032,416944551463.6807,7046544774.376214,985281135.3077545,15465018.185226012,180370.77021087374,215367587.49609375,-357316.92606163025,-996784.3590989113,325611.4921498932,-83.85157615342177,33659239.4095746,325611.4921498932,-83.85157615342177,0.009360646788630536
1677,417159919051.1768,7046187457.450152,984284350.9486556,15790629.677375905,180286.91863472032,417097038060.06177,7047901551.2683525,987560471.8177963,15589372.680048252,186117.20961061676,62880991.11505127,-1714093.8182001114,-3276120.869140744,201256.9973276537,-5830.290975896438,14422363.354598546,201256.9973276537,-5830.290975896438,0.010397537261137804
1678,417159919051.1768,7046187457.450152,984284350.9486556,15790629.677375905,180286.91863472032,417022671927.62506,7046718545.968903,985910941.971597,15791998.285507677,181725.99450805658,137247123.5517578,-531088.5187501907,-1626591.022941351,-1368.6081317719072,-1439.07587333626,22744748.074455213,-1368.6081317719072,-1439.07587333626,0.00967993461601897
1679,417159919051.1768,7046187457.450152,984284350.9486556,15790629.677375905,180286.91863472032,417171964882.0927,7046770937.103534,988671719.9902395,15872115.055071842,180481.69977171757,-12045830.915893555,-583479.6533813477,-4387369.041583896,-81485.37769593671,-194.7811369972478,3163974.0575812105,-81485.37769593671,-194.7811369972478,0.010578704280532104
1680,417159919051.1768,7046187457.450152,984284350.9486556,15790629.677375905,180286.91863472032,417171964882.0927,7046490347.366473,985192843.6286993,15872491.914172355,180124.39564779843,-12045830.915893555,-302889.9163208008,-908492.6800436974,-81862.23679644987,162.52298692188924,-595492.0410195349,-81862.23679644987,162.52298692188924,0.010578704280532104
1681,417159919051.1768,7046187457.450152,984284350.9486556,15790629.677375905,180286.91863472032,417171964882.0927,7046372590.329708,986250829.6399195,15875615.440409714,180136.13437645647,-12045830.915893555,-185132.8795557022,-1966478.691263914,-84985.76303380914,150.784258263855,344736.93343558325,-84985.76303380914,150.784258263855,0.010578704280532104
1682,417159919051.1768,7046187457.450152,984284350.9486556,15790629.677375905,180286.91863472032,417171964882.0927,7046480982.261637,988564498.5943427,15875771.57974524,180940.35846600911,-12045830.915893555,-293524.81148433685,-4280147.645687103,-85141.9023693353,-653.4398312887934,2766797.8197874073,-85141.9023693353,-653.4398312887934,0.010578704280532104
1683,417159919051.1768,7046187457.450152,984284350.9486556,15790629.677375905,180286.91863472032,417171964882.0927,7045935748.322168,987831112.9381473,15875066.895627847,181256.9919011602,-12045830.915893555,251709.12798404694,-3546761.989491701,-84437.21825194173,-970.0732664398674,1488178.2241236211,-84437.21825194173,-970.0732664398674,0.010578704280532104
1684,417159919051.1768,7046187457.450152,984284350.9486556,15790629.677375905,180286.91863472032,416929219039.8193,7049333458.475144,990409520.3366356,15863755.785577612,189374.46501416792,230700011.35754395,-3146001.024991989,-6125169.387979984,-73126.10820170678,-9087.546379447595,43876172.11660356,-73126.10820170678,-9087.546379447595,0.00995122134095585
1685,417159919051.1768,7046187457.450152,984284350.9486556,15790629.677375905,180286.91863472032,417108408444.867,7047702020.68335,983103115.4361837,15708326.387621397,184582.82875368823,51510606.30981445,-1514563.2331972122,1181235.5124719143,82303.28975450806,-4295.910118967906,8059918.667197466,82303.28975450806,-4295.910118967906,0.01021038320424703
1686,417159919051.1768,7046187457.450152,984284350.9486556,15790629.677375905,180286.91863472032,417171964882.0927,7045919929.578836,987153002.6072277,15864371.856743263,181328.23690587963,-12045830.915893555,267527.8713159561,-2868651.6585720778,-73742.17936735786,-1041.3182711593108,794249.1498720886,-73742.17936735786,-1041.3182711593108,0.010578704280532104
1687,417159919051.1768,7046187457.450152,984284350.9486556,15790629.677375905,180286.91863472032,417146998760.6734,7046650734.956341,983794661.885003,15771689.70847393,180212.5581532842,12920290.503417969,-463277.50618839264,489689.0636526346,18939.96890197508,74.36048143613152,1911632.0180484531,18939.96890197508,74.36048143613152,0.010304700447149264
1688,417159919051.1768,7046187457.450152,984284350.9486556,15790629.677375905,180286.91863472032,416944551463.6807,7029689998.997479,978980146.0502617,15298623.288850985,175489.7148214154,215367587.49609375,16497458.452672958,5304204.898393869,492006.38852491975,4797.203813304921,10503474.773347232,492006.38852491975,4797.203813304921,0.009360646788630536
1689,417159919051.1768,7046187457.450152,984284350.9486556,15790629.677375905,180286.91863472032,416944551463.6807,7041566999.362252,979438304.0135914,15298623.288850985,175489.7148214154,215367587.49609375,4620458.087900162,4846046.935064197,492006.38852491975,4797.203813304921,22838633.101449702,492006.38852491975,4797.203813304921,0.009360646788630536
1690,417159919051.1768,7046187457.450152,984284350.9486556,15790629.677375905,180286.91863472032,416944551463.6807,7043702189.21285,979700228.5651543,15298623.288850985,175489.7148214154,215367587.49609375,2485268.23730278,4584122.383501291,492006.38852491975,4797.203813304921,25235747.50360999,492006.38852491975,4797.203813304921,0.009360646788630536
1691,417159919051.1768,7046187457.450152,984284350.9486556,15790629.677375905,180286.91863472032,416944551463.6807,7045167197.651433,983979343.6722763,15301859.99379817,185501.10173555708,215367587.49609375,1020259.7987194061,305007.27637934685,488769.683577735,-5214.183100836759,30979871.049315307,488769.683577735,-5214.183100836759,0.009360646788630536
1692,417159919051.1768,7046187457.450152,984284350.9486556,15790629.677375905,180286.91863472032,416854635872.1878,7047559505.228409,985990244.2898134,15557272.436130323,183142.97797630096,305283178.9890137,-1372047.7782564163,-1705893.341157794,233357.2412455827,-2856.059341580636,48870417.96776626,233357.2412455827,-2856.059341580636,0.009506505816801637
1693,417159919051.1768,7046187457.450152,984284350.9486556,15790629.677375905,180286.91863472032,416854635872.1878,7047199481.057873,986028970.7518066,15546449.910576317,192329.6016173285,305283178.9890137,-1012023.6077203751,-1744619.8031510115,244179.76679958776,-12042.682982608181,48549120.25922344,244179.76679958776,-12042.682982608181,0.009506505816801637
1694,417159919051.1768,7046187457.450152,984284350.9486556,15790629.677375905,180286.91863472032,416955212324.34045,7047678687.804136,985761445.0845773,15803410.326192262,187701.72910251925,204706726.83636475,-1491230.353983879,-1477094.1359217167,-12780.648816356435,-7414.810467798932,33674333.51536031,-12780.648816356435,-7414.810467798932,0.009865283474538399
1695,417159919051.1768,7046187457.450152,984284350.9486556,15790629.677375905,180286.91863472032,417035622271.7341,7049363373.850725,990542829.6439166,15243649.37447852,181593.2633085325,124296779.44274902,-3175916.400572777,-6258478.695261002,546980.3028973844,-1306.3446738121856,28078912.012246132,546980.3028973844,-1306.3446738121856,0.010213733262591956
1696,417159919051.1768,7046187457.450152,984284350.9486556,15790629.677375905,180286.91863472032,416685997433.29517,7051368494.467947,988025827.1868932,15870471.624981727,180692.82968780817,473921617.88165283,-5181037.017794609,-3741476.2382376194,-79841.94760582224,-405.91105308785336,80010755.93828015,-79841.94760582224,-405.91105308785336,0.008560595302579412
1697,417159919051.1768,7046187457.450152,984284350.9486556,15790629.677375905,180286.91863472032,416685997433.29517,7051368494.467947,988025827.1868932,15870471.624981727,180692.82968780817,473921617.88165283,-5181037.017794609,-3741476.2382376194,-79841.94760582224,-405.91105308785336,80010755.93828015,-79841.94760582224,-405.91105308785336,0.008560595302579412
1698,417159919051.1768,7046187457.450152,984284350.9486556,15790629.677375905,180286.91863472032,416685997433.29517,7050469781.352313,987152691.6752295,15870276.304915987,180103.11950404124,473921617.88165283,-4282323.9021606445,-2868340.726573944,-79646.62754008174,183.7991306790791,78238907.31098251,-79646.62754008174,183.7991306790791,0.008560595302579412
1699,417159919051.1768,7046187457.450152,984284350.9486556,15790629.677375905,180286.91863472032,416685997433.29517,7039246192.236059,986983198.0514504,15870276.304915987,180103.11950404124,473921617.88165283,6941265.214093208,-2698847.1027947664,-79646.62754008174,183.7991306790791,66845824.57094948,-79646.62754008174,183.7991306790791,0.008560595302579412
1700,417159919051.1768,7046187457.450152,984284350.9486556,15790629.677375905,180286.91863472032,416685997433.29517,7049386409.348551,987758532.5360733,15870276.304915987,180103.11950404124,473921617.88165283,-3198951.8983983994,-3474181.5874177217,-79646.62754008174,183.7991306790791,77761376.16806404,-79646.62754008174,183.7991306790791,0.008560595302579412
1701,417159919051.1768,7046187457.450152,984284350.9486556,15790629.677375905,180286.91863472032,416685997433.29517,7049909205.167183,988004927.5210122,15870276.304915987,180103.11950404124,473921617.88165283,-3721747.717030525,-3720576.5723565817,-79646.62754008174,183.7991306790791,78530566.97163503,-79646.62754008174,183.7991306790791,0.008560595302579412
1702,417159919051.1768,7046187457.450152,984284350.9486556,15790629.677375905,180286.91863472032,417022671927.62506,7045467857.628479,986548657.5369008,15776570.606765445,183299.67946325478,137247123.5517578,719599.8216733932,-2264306.5882451534,14059.070610459894,-3012.7608285344613,22131775.29933543,14059.070610459894,-3012.7608285344613,0.00967993461601897
1703,417159919051.1768,7046187457.450152,984284350.9486556,15790629.677375905,180286.91863472032,417171964882.0927,7023190782.114319,978765312.5645561,15876344.04840849,179621.04359371102,-12045830.915893555,22996675.33583355,5519038.3840994835,-85714.37103258446,665.8750410093053,-30322588.357317068,-85714.37103258446,665.8750410093053,0.010578704280532104
1704,417159919051.1768,7046187457.450152,984284350.9486556,15790629.677375905,180286.91863472032,417171964882.0927,7027534234.240842,982131129.5549527,15876344.04840849,179621.04359371102,-12045830.915893555,18653223.20931053,2153221.3937028646,-85714.37103258446,665.8750410093053,-22613319.24039743,-85714.37103258446,665.8750410093053,0.010578704280532104
1705,417159919051.1768,7046187457.450152,984284350.9486556,15790629.677375905,180286.91863472032,417171964882.0927,7029393823.436367,982175421.0627891,15876344.04840849,179621.04359371102,-12045830.915893555,16793634.013785362,2108929.885866523,-85714.37103258446,665.8750410093053,-20709438.53703592,-85714.37103258446,665.8750410093053,0.010578704280532104
1706,417159919051.1768,7046187457.450152,984284350.9486556,15790629.677375905,180286.91863472032,417159919051.1768,7027323112.941321,983138542.0331496,15774953.812569523,179797.93739721182,0.0,18864344.508831024,1145808.9155060053,15675.864806381986,488.9812375085021,-20010153.42433703,15675.864806381986,488.9812375085021,0.010437739146191486
1707,417159919051.1768,7046187457.450152,984284350.9486556,15790629.677375905,180286.91863472032,417110065762.1881,7047217743.763494,981989116.9491115,15042357.876135767,184557.57804891883,49853288.988708496,-1030286.3133411407,2295233.9995441437,748271.8012401387,-4270.6594141985115,6213045.662103271,748271.8012401387,-4270.6594141985115,0.01034010763963974
1708,417159919051.1768,7046187457.450152,984284350.9486556,15790629.677375905,180286.91863472032,417030612242.41656,7047082085.720339,988406347.13292,15871724.435241649,182146.80104602198,129306808.7602539,-894628.2701864243,-4121996.1842644215,-81094.75786574371,-1859.8824113016599,24412645.768488932,-81094.75786574371,-1859.8824113016599,0.010217367998453186
1709,417159919051.1768,7046187457.450152,984284350.9486556,15790629.677375905,180286.91863472032,417108408444.867,7044097516.720157,986367668.3505595,15698081.442960849,180770.78274763303,51510606.30981445,2089940.7299957275,-2083317.4019038677,92548.23441505618,-483.86411291270633,7719967.618380308,92548.23441505618,-483.86411291270633,0.01021038320424703
1710,417159919051.1768,7046187457.450152,984284350.9486556,15790629.677375905,180286.91863472032,416685997433.29517,7050820982.245895,987124220.755879,15867783.50851393,181207.08143335397,473921617.88165283,-4633524.795742989,-2839869.807223439,-77153.8311380241,-920.1627986336534,78561637.28521435,-77153.8311380241,-920.1627986336534,0.008560595302579412
1711,417159919051.1768,7046187457.450152,984284350.9486556,15790629.677375905,180286.91863472032,416685997433.29517,7051624653.61259,987781117.0823252,15867783.50851393,181207.08143335397,473921617.88165283,-5437196.162437439,-3496766.133669615,-77153.8311380241,-920.1627986336534,80022204.97835498,-77153.8311380241,-920.1627986336534,0.008560595302579412
1712,417159919051.1768,7046187457.450152,984284350.9486556,15790629.677375905,180286.91863472032,416685997433.29517,7050920136.954005,987026148.2694727,15867783.50851393,181207.08143335397,473921617.88165283,-4732679.503852844,-2741797.320817113,-77153.8311380241,-920.1627986336534,78562719.50691788,-77153.8311380241,-920.1627986336534,0.008560595302579412
1713,417159919051.1768,7046187457.450152,984284350.9486556,15790629.677375905,180286.91863472032,416854635872.1878,7047639966.112745,985034761.4053415,15421564.244555566,181389.56020638015,305283178.9890137,-1452508.6625928879,-750410.4566859007,369065.43282033876,-1102.6415716598276,47995395.96763084,369065.43282033876,-1102.6415716598276,0.009506505816801637
1714,417159919051.1768,7046187457.450152,984284350.9486556,15790629.677375905,180286.91863472032,417159919051.1768,7043856852.99382,983303468.0217226,15788905.442568194,182191.01277228713,0.0,2330604.4563322067,980882.9269330502,1724.2348077110946,-1904.0941375668044,-3311487.383265257,1724.2348077110946,-1904.0941375668044,0.010437739146191486
1715,417159919051.1768,7046187457.450152,984284350.9486556,15790629.677375905,180286.91863472032,416947496763.73584,7042186219.839514,982883658.6941226,15790092.225115687,182450.12210231932,212422287.440979,4001237.6106386185,1400692.2545330524,537.4522602185607,-2163.203467599,26461413.250975177,537.4522602185607,-2163.203467599,0.009991077420381581
1716,417159919051.1768,7046187457.450152,984284350.9486556,15790629.677375905,180286.91863472032,417144356690.44855,7043429273.295624,981389423.3475449,15777029.994261218,182317.8611596371,15562360.728271484,2758184.154528618,2894927.601110697,13599.68311468698,-2030.9425249167834,-3318757.6463985923,13599.68311468698,-2030.9425249167834,0.010375003178178183
1717,417159919051.1768,7046187457.450152,984284350.9486556,15790629.677375905,180286.91863472032,417144356690.44855,7044697291.515205,981099939.4762564,15780394.440678291,181378.15205396526,15562360.728271484,1490165.9349470139,3184411.472399235,10235.236697614193,-1091.2334192449343,-2340223.2981055262,10235.236697614193,-1091.2334192449343,0.010375003178178183
1718,417159919051.1768,7046187457.450152,984284350.9486556,15790629.677375905,180286.91863472032,417053302961.8964,7082311096.092612,981220939.8368096,15718750.149333956,179879.37759568702,106616089.28039551,-36123638.64245987,3063411.11184597,71879.5280419495,407.54103903329815,49052640.922673225,71879.5280419495,407.54103903329815,0.010119060660346395
1719,417159919051.1768,7046187457.450152,984284350.9486556,15790629.677375905,180286.91863472032,417149915788.471,7046969246.042508,980147096.4310733,15742553.365384102,180208.2819258808,10003262.705810547,-781788.5923557281,4137254.5175822973,48076.31199180335,78.63670883953455,-1854976.519354987,48076.31199180335,78.63670883953455,0.010350292095582471
1720,417159919051.1768,7046187457.450152,984284350.9486556,15790629.677375905,180286.91863472032,417149915788.471,7048554286.312893,980161654.6834375,15751347.743729152,180322.82713304745,10003262.705810547,-2366828.8627405167,4122696.2652181387,39281.93364675343,-35.90849832713138,-255377.99660603981,39281.93364675343,-35.90849832713138,0.010350292095582471
1721,417159919051.1768,7046187457.450152,984284350.9486556,15790629.677375905,180286.91863472032,416951076227.98956,7050849155.1179,980282362.8780067,15742763.16698255,181541.04188516713,208842823.18725586,-4661697.667747498,4001988.0706489086,47866.51039335504,-1254.1232504468062,31986133.075186968,47866.51039335504,-1254.1232504468062,0.0098430785652929
1722,417159919051.1768,7046187457.450152,984284350.9486556,15790629.677375905,180286.91863472032,416954255213.7033,7045200407.331095,978814082.2735997,15777640.963362822,186275.88730497926,205663837.47351074,987050.1190576553,5470268.6750558615,12988.714013082907,-5988.968670258939,24392256.826913092,12988.714013082907,-5988.968670258939,0.009800382302692933
1723,417159919051.1768,7046187457.450152,984284350.9486556,15790629.677375905,180286.91863472032,416877610488.78174,7042770894.983509,981589639.1924096,15632542.791852038,184409.5555723105,282308562.39508057,3416562.4666433334,2694711.7562459707,158086.88552386686,-4122.63693759017,36235010.13637278,158086.88552386686,-4122.63693759017,0.009675554668060943
1724,417159919051.1768,7046187457.450152,984284350.9486556,15790629.677375905,180286.91863472032,416960473142.0521,7047009178.269903,979782430.802306,15755593.582243169,189452.89251057283,199445909.12469482,-821720.8197507858,4501920.146349549,35036.09513273649,-9165.973875852505,26236687.04210546,35036.09513273649,-9165.973875852505,0.009913013384615301
1725,417159919051.1768,7046187457.450152,984284350.9486556,15790629.677375905,180286.91863472032,417032656342.2071,7060817581.047005,984818576.6965293,15388282.785225859,181162.65707549627,127262708.96972656,-14630123.596852303,-534225.7478736639,402346.8921500463,-875.7384407759528,34253755.69018495,402346.8921500463,-875.7384407759528,0.010160687710056442
1726,417159919051.1768,7046187457.450152,984284350.9486556,15790629.677375905,180286.91863472032,417047828435.596,7041807636.802224,979393626.9958457,15724593.77217369,183649.15698968104,112090615.58081055,4379820.647928238,4890723.95280993,66035.90520221554,-3362.2383549607184,7543047.736383412,66035.90520221554,-3362.2383549607184,0.009927284997778188
1727,417159919051.1768,7046187457.450152,984284350.9486556,15790629.677375905,180286.91863472032,417145126068.7605,6970417666.799083,969255642.926673,15785966.452530405,178357.49223120612,14792982.4163208,75769790.65106964,15028708.02198255,4663.224845500663,1929.4264035141969,-88579551.31060407,4663.224845500663,1929.4264035141969,0.01037997221281584
1728,417159919051.1768,7046187457.450152,984284350.9486556,15790629.677375905,180286.91863472032,417145890697.7233,7041937286.341394,980279732.8004524,15745925.85555226,180248.62666359433,14028353.453491211,4250171.108757973,4004618.1482032537,44703.82182364538,38.29197112598922,-6150536.238937546,44703.82182364538,38.29197112598922,0.010347095493742782
1729,417159919051.1768,7046187457.450152,984284350.9486556,15790629.677375905,180286.91863472032,416986751158.0829,7058256852.014042,982851567.8718947,15546757.858730106,180163.18316791314,173167893.0939331,-12069394.563889503,1432783.076760888,243871.81864579953,123.73546680717845,36611795.451218575,243871.81864579953,123.73546680717845,0.00972198847926739
1730,417159919051.1768,7046187457.450152,984284350.9486556,15790629.677375905,180286.91863472032,417033661259.709,7037798013.546495,983125870.0089728,15789525.789889645,180835.87841683257,126257791.46783447,8389443.90365696,1158480.9396828413,1103.8874862603843,-548.9597821122443,9390743.876835369,1103.8874862603843,-548.9597821122443,0.010179544943262604
1731,417159919051.1768,7046187457.450152,984284350.9486556,15790629.677375905,180286.91863472032,417111907065.35614,7038691344.992702,981552055.6883934,15730289.566298993,180391.7448993173,48011985.82067871,7496112.457450867,2732295.260262251,60340.11107691191,-104.82626459698076,-3026609.8446113113,60340.11107691191,-104.82626459698076,0.010226254771570152
1732,417159919051.1768,7046187457.450152,984284350.9486556,15790629.677375905,180286.91863472032,416954255213.7033,7040888433.262708,981269887.7760301,15786645.107783208,182466.01849149753,205663837.47351074,5299024.187444687,3014463.1726255417,3984.569592697546,-2179.099856777204,22536088.26095638,3984.569592697546,-2179.099856777204,0.009800382302692933
1733,417159919051.1768,7046187457.450152,984284350.9486556,15790629.677375905,180286.91863472032,417134545701.6307,7046628705.417813,983263647.7499523,15779064.91616196,180511.17649942616,25373349.546142578,-441247.96766090393,1020703.198703289,11564.761213945225,-224.2578647058399,3226547.200879002,11564.761213945225,-224.2578647058399,0.010327063560637555
1734,417159919051.1768,7046187457.450152,984284350.9486556,15790629.677375905,180286.91863472032,416795263323.94434,7049461406.336036,982978435.8235757,15786140.36050432,180396.7017149369,364655727.2324829,-3273948.8858833313,1305915.1250798702,4489.316871585324,-109.7830802165845,56666392.84567589,4489.316871585324,-109.7830802165845,0.009314207146240793
1735,417159919051.1768,7046187457.450152,984284350.9486556,15790629.677375905,180286.91863472032,417112608057.93286,7039362913.0935545,980909587.0765846,15631916.432021493,181106.23185136012,47310993.24395752,6824544.3565979,3374763.8720710278,158713.24535441212,-819.3132166397991,-3102659.242075301,158713.24535441212,-819.3132166397991,0.010263569342833258
1736,417159919051.1768,7046187457.450152,984284350.9486556,15790629.677375905,180286.91863472032,416795263323.94434,7055945475.646324,981109646.5058523,15786073.482399205,180410.6220903335,364655727.2324829,-9758018.19617176,3174704.4428032637,4556.19497670047,-123.70345561316935,61281672.83824093,4556.19497670047,-123.70345561316935,0.009314207146240793
1737,417159919051.1768,7046187457.450152,984284350.9486556,15790629.677375905,180286.91863472032,417159919051.1768,7073141343.820626,982022728.8398088,15723391.74352973,180762.75719627226,0.0,-26953886.37047386,2261622.1088467836,67237.93384617567,-475.83856155193644,24692264.261627078,67237.93384617567,-475.83856155193644,0.010437739146191486
1738,417159919051.1768,7046187457.450152,984284350.9486556,15790629.677375905,180286.91863472032,417134545701.6307,7032240875.185129,980500227.6615078,15765568.408893522,179937.56692745394,25373349.546142578,13946582.265023232,3784123.2871477604,25061.26848238334,349.3517072663817,-13924703.120249605,25061.26848238334,349.3517072663817,0.010327063560637555
1739,417159919051.1768,7046187457.450152,984284350.9486556,15790629.677375905,180286.91863472032,416986751158.0829,7052231565.993609,980497074.102176,15569860.817318583,180164.66209661154,173167893.0939331,-6044108.543457031,3787276.8464796543,220768.8600573223,122.25653810877702,28232015.66106734,220768.8600573223,122.25653810877702,0.00972198847926739
1740,417159919051.1768,7046187457.450152,984284350.9486556,15790629.677375905,180286.91863472032,417090822981.5176,7048655413.845285,982684138.1537365,15599632.516344963,184530.63722181655,69096069.65924072,-2467956.3951330185,1600212.7949191332,190997.16103094257,-4243.718587096228,11232154.049099993,190997.16103094257,-4243.718587096228,0.010302093762173226
1741,417159919051.1768,7046187457.450152,984284350.9486556,15790629.677375905,180286.91863472032,417047828435.596,7048443197.005081,981002084.7001479,15751227.523177898,180934.68847143033,112090615.58081055,-2255739.5549287796,3282266.248507738,39402.15419800766,-647.7698367100093,15787065.643542621,39402.15419800766,-647.7698367100093,0.009927284997778188
1742,417159919051.1768,7046187457.450152,984284350.9486556,15790629.677375905,180286.91863472032,417159919051.1768,7024417741.196534,981700249.3438606,15790629.677375905,179312.59452541778,0.0,21769716.25361824,2584101.604794979,0.0,974.3241093025426,-24353817.85841322,0.0,974.3241093025426,0.010437739146191486
1743,417159919051.1768,7046187457.450152,984284350.9486556,15790629.677375905,180286.91863472032,417159919051.1768,7042068818.1376705,980851001.6970351,15789748.559985947,179879.37759568702,0.0,4118639.31248188,3433349.251620531,881.1173899583519,407.54103903329815,-7551988.564102411,881.1173899583519,407.54103903329815,0.010437739146191486
1744,417159919051.1768,7046187457.450152,984284350.9486556,15790629.677375905,180286.91863472032,417159919051.1768,7039652031.981858,983015987.0742044,15790487.274964606,180384.2609551029,0.0,6535425.468294144,1268363.8744511604,142.40241129882634,-97.34232038256596,-7803789.342745304,142.40241129882634,-97.34232038256596,0.010437739146191486
1745,417159919051.1768,7046187457.450152,984284350.9486556,15790629.677375905,180286.91863472032,417159919051.1768,7036646199.28337,982933716.8198295,15790471.65849023,180665.5282595944,0.0,9541258.16678238,1350634.1288261414,158.01888567581773,-378.6096248740796,-10891892.29560852,158.01888567581773,-378.6096248740796,0.010437739146191486
1746,417159919051.1768,7046187457.450152,984284350.9486556,15790629.677375905,180286.91863472032,416947496763.73584,7059108501.411648,984565468.1898425,15785619.983114706,186342.80698432087,212422287.440979,-12921043.9614954,-281117.2411868572,5009.694261198863,-6055.888349600544,45065504.318829104,5009.694261198863,-6055.888349600544,0.009991077420381581
1747,417159919051.1768,7046187457.450152,984284350.9486556,15790629.677375905,180286.91863472032,417111907065.35614,7043220691.18154,979049682.5991653,15724518.219779564,182595.32687251887,48011985.82067871,2966766.2686128616,5234668.349490285,66111.45759634115,-2308.408237798547,-999636.7450013403,66111.45759634115,-2308.408237798547,0.010226254771570152
1748,417159919051.1768,7046187457.450152,984284350.9486556,15790629.677375905,180286.91863472032,417159919051.1768,7036763985.337864,982770042.3322722,15785432.458108889,180908.81170797942,0.0,9423472.112288475,1514308.6163834333,5197.219267016277,-621.8930732590961,-10937780.728671908,5197.219267016277,-621.8930732590961,0.010437739146191486
1749,417159919051.1768,7046187457.450152,984284350.9486556,15790629.677375905,180286.91863472032,416986751158.0829,7034129719.5901985,972226442.5943507,15485936.517265853,172362.06791414344,173167893.0939331,12057737.85995388,12057908.35430491,304693.1601100527,7924.850720576884,1859537.7498311736,304693.1601100527,7924.850720576884,0.00972198847926739
1750,417159919051.1768,7046187457.450152,984284350.9486556,15790629.677375905,180286.91863472032,416986751158.0829,7046006719.95497,972684600.5576802,15485936.517265853,172362.06791414344,173167893.0939331,180737.49518203735,11599750.390975356,304693.1601100527,7924.850720576884,14194696.07793257,304693.1601100527,7924.850720576884,0.00972198847926739
1751,417159919051.1768,7046187457.450152,984284350.9486556,15790629.677375905,180286.91863472032,416986751158.0829,7048141909.805569,972946525.1092432,15485936.517265853,172362.06791414344,173167893.0939331,-1954452.355416298,11337825.83941245,304693.1601100527,7924.850720576884,16591810.48009381,304693.1601100527,7924.850720576884,0.00972198847926739
1752,417159919051.1768,7046187457.450152,984284350.9486556,15790629.677375905,180286.91863472032,416986751158.0829,7051588645.606568,979786783.0078562,15486993.379367026,183116.01697220365,173167893.0939331,-5401188.156415939,4497567.9407993555,303636.29800887965,-2829.0983374833304,26878804.179706547,303636.29800887965,-2829.0983374833304,0.00972198847926739
1753,417159919051.1768,7046187457.450152,984284350.9486556,15790629.677375905,180286.91863472032,416877610488.78174,7048866268.155632,981457915.908526,15641115.891087376,182206.10916447267,282308562.39508057,-2678810.705479622,2826435.0401296616,149513.78628852963,-1919.190529752348,42198660.02461205,149513.78628852963,-1919.190529752348,0.009675554668060943
1754,417159919051.1768,7046187457.450152,984284350.9486556,15790629.677375905,180286.91863472032,416877610488.78174,7043051714.420504,981586606.9593687,15633375.63492093,189077.88608803417,282308562.39508057,3135743.029648781,2697743.9892868996,157254.04245497473,-8790.967453313846,36512797.340326406,157254.04245497473,-8790.967453313846,0.009675554668060943
1755,417159919051.1768,7046187457.450152,984284350.9486556,15790629.677375905,180286.91863472032,416960473142.0521,7045467001.659621,981383432.7869586,15756422.661523307,185658.89886883716,199445909.12469482,720455.7905311584,2900918.16169703,34207.01585259847,-5371.98023411684,26295512.416476034,34207.01585259847,-5371.98023411684,0.009913013384615301
1756,417159919051.1768,7046187457.450152,984284350.9486556,15790629.677375905,180286.91863472032,417032656342.2071,7060086938.347197,984913555.7737697,15388282.785225859,181162.65707549627,127262708.96972656,-13899480.897044182,-629204.825114131,402346.8921500463,-875.7384407759528,33618092.0676173,402346.8921500463,-875.7384407759528,0.010160687710056442
1757,417159919051.1768,7046187457.450152,984284350.9486556,15790629.677375905,180286.91863472032,416795263323.94434,7061883031.616553,983010026.7957052,15787157.213112125,180347.97516393397,364655727.2324829,-15695574.16640091,1274324.152950406,3472.4642637800425,-61.05652921364526,69119609.09832293,3472.4642637800425,-61.05652921364526,0.009314207146240793
1758,417159919051.1768,7046187457.450152,984284350.9486556,15790629.677375905,180286.91863472032,416795263323.94434,7061883031.616553,983010026.7957052,15787157.213112125,180347.97516393397,364655727.2324829,-15695574.16640091,1274324.152950406,3472.4642637800425,-61.05652921364526,69119609.09832293,3472.4642637800425,-61.05652921364526,0.009314207146240793
1759,417159919051.1768,7046187457.450152,984284350.9486556,15790629.677375905,180286.91863472032,416795263323.94434,7059453001.30358,982136891.2840415,15787089.873879034,179986.13060235098,364655727.2324829,-13265543.853427887,2147459.6646140814,3539.8034968711436,300.7880323693389,65816443.27368623,3539.8034968711436,300.7880323693389,0.009314207146240793
1760,417159919051.1768,7046187457.450152,984284350.9486556,15790629.677375905,180286.91863472032,416795263323.94434,7048229412.187326,981967397.6602623,15787089.873879034,179986.13060235098,364655727.2324829,-2041954.7371740341,2316953.288393259,3539.8034968711436,300.7880323693389,54423360.53365321,3539.8034968711436,300.7880323693389,0.009314207146240793
1761,417159919051.1768,7046187457.450152,984284350.9486556,15790629.677375905,180286.91863472032,416795263323.94434,7058369629.299818,982742732.1448854,15787089.873879034,179986.13060235098,364655727.2324829,-12182171.849665642,1541618.8037701845,3539.8034968711436,300.7880323693389,65338912.13076789,3539.8034968711436,300.7880323693389,0.009314207146240793
1762,417159919051.1768,7046187457.450152,984284350.9486556,15790629.677375905,180286.91863472032,416795263323.94434,7058892425.11845,982989127.1298242,15787089.873879034,179986.13060235098,364655727.2324829,-12704967.668297768,1295223.8188314438,3539.8034968711436,300.7880323693389,66108102.93433875,3539.8034968711436,300.7880323693389,0.009314207146240793
1763,417159919051.1768,7046187457.450152,984284350.9486556,15790629.677375905,180286.91863472032,417047828435.596,7043138706.253588,981880524.6808729,15744038.788540175,181847.1974152396,112090615.58081055,3048751.1965646744,2403826.267782688,46590.88883573003,-1560.278780519293,11361014.872774217,46590.88883573003,-1560.278780519293,0.009927284997778188
1764,417159919051.1768,7046187457.450152,984284350.9486556,15790629.677375905,180286.91863472032,417159919051.1768,6995475597.348645,967492733.8763572,15790629.677375905,179141.56546699052,0.0,50711860.10150719,16791617.072298408,0.0,1145.3531677298015,-67503477.1738056,0.0,1145.3531677298015,0.010437739146191486
1765,417159919051.1768,7046187457.450152,984284350.9486556,15790629.677375905,180286.91863472032,417159919051.1768,6997335186.54417,967537025.3841935,15790629.677375905,179141.56546699052,0.0,48852270.90598202,16747325.564462066,0.0,1145.3531677298015,-65599596.47044408,0.0,1145.3531677298015,0.010437739146191486
1766,417159919051.1768,7046187457.450152,984284350.9486556,15790629.677375905,180286.91863472032,417159919051.1768,6979595501.248167,973918146.2096807,15780681.498093652,179645.07665038796,0.0,66591956.20198536,10366204.738974929,9948.179282253608,641.8419843323645,-76958160.94096029,9948.179282253608,641.8419843323645,0.010437739146191486
1767,417159919051.1768,7046187457.450152,984284350.9486556,15790629.677375905,180286.91863472032,417104617796.2756,7045922513.4586525,978095926.7443491,15302617.099980406,183237.0064303035,55301254.90124512,264943.9914999008,6188424.204306483,488012.57739549875,-2950.087795583182,1841820.0393803827,488012.57739549875,-2950.087795583182,0.010261336264782995
1768,417159919051.1768,7046187457.450152,984284350.9486556,15790629.677375905,180286.91863472032,417033661259.709,7039329650.727874,983208493.9395949,15788107.973277329,181496.91668641858,126257791.46783447,6857806.722278595,1075857.0090607405,2521.70409857668,-1209.9980516982614,11005004.988835834,2521.70409857668,-1209.9980516982614,0.010179544943262604
1769,417159919051.1768,7046187457.450152,984284350.9486556,15790629.677375905,180286.91863472032,417111907065.35614,7025415945.497801,981705073.4764506,15704500.29959744,180520.63633102228,48011985.82067871,20771511.95235157,2579277.472205043,86129.37777846493,-233.71769630195922,-16148991.551454807,86129.37777846493,-233.71769630195922,0.010226254771570152
1770,417159919051.1768,7046187457.450152,984284350.9486556,15790629.677375905,180286.91863472032,416795263323.94434,7064337538.139475,982060710.1706723,15785790.05838616,180640.0395291059,364655727.2324829,-18150080.68932247,2223640.777983308,4839.618989745155,-353.12089438558905,70624798.99621159,4839.618989745155,-353.12089438558905,0.009314207146240793
1771,417159919051.1768,7046187457.450152,984284350.9486556,15790629.677375905,180286.91863472032,416795263323.94434,7065141209.506169,982717606.4971185,15785790.05838616,180640.0395291059,364655727.2324829,-18953752.056016922,1566744.4515371323,4839.618989745155,-353.12089438558905,72085366.68935221,4839.618989745155,-353.12089438558905,0.009314207146240793
1772,417159919051.1768,7046187457.450152,984284350.9486556,15790629.677375905,180286.91863472032,416795263323.94434,7064436692.847585,981962637.684266,15785790.05838616,180640.0395291059,364655727.2324829,-18249235.397432327,2321713.264389634,4839.618989745155,-353.12089438558905,70625881.21791512,4839.618989745155,-353.12089438558905,0.009314207146240793
1773,417159919051.1768,7046187457.450152,984284350.9486556,15790629.677375905,180286.91863472032,416877610488.78174,7043561631.121825,980840183.5772426,15560762.516201688,180951.47032740986,282308562.39508057,2625826.328327179,3444167.3714129925,229867.16117421724,-664.5516926895361,36276290.659521915,229867.16117421724,-664.5516926895361,0.009675554668060943
1774,417159919051.1768,7046187457.450152,984284350.9486556,15790629.677375905,180286.91863472032,417159919051.1768,6942621315.886598,971114990.8777813,15793833.806437941,180917.17783437693,0.0,103566141.56355476,13169360.070874333,-3204.1290620360523,-630.2591996566043,-116735501.6344291,-3204.1290620360523,-630.2591996566043,0.010437739146191486
1775,417159919051.1768,7046187457.450152,984284350.9486556,15790629.677375905,180286.91863472032,417035114804.9565,6941793831.300283,970893510.8403441,15793881.323721843,181037.36517609493,124804246.22033691,104393626.14986897,13390840.108311534,-3251.6463459376246,-750.4465413746075,-99063829.32512996,-3251.6463459376246,-750.4465413746075,0.010231339233487121
1776,417159919051.1768,7046187457.450152,984284350.9486556,15790629.677375905,180286.91863472032,417002051729.0523,6944693170.047434,970279755.1456414,15788222.669396028,180748.4888332334,157867322.12451172,101494287.40271854,14004595.80301416,2407.007979877293,-461.5701985130727,-91818784.88705595,2407.007979877293,-461.5701985130727,0.010122974014486382
1777,417159919051.1768,7046187457.450152,984284350.9486556,15790629.677375905,180286.91863472032,417026948493.8494,6943500831.784878,970215196.7713072,15788347.774206964,182861.56506092055,132970557.32739258,102686625.66527462,14069154.177348375,2281.9031689409167,-2574.6464262002264,-96810196.2435141,2281.9031689409167,-2574.6464262002264,0.010135624542277583
1778,417159919051.1768,7046187457.450152,984284350.9486556,15790629.677375905,180286.91863472032,416987535216.5774,6942688206.533371,970702551.349269,15758067.543722028,181939.5085841285,172383834.59942627,103499250.91678143,13581799.599386573,32562.133653877303,-1652.5899494081677,-91223475.32625405,32562.133653877303,-1652.5899494081677,0.010082037680377864
1779,417159919051.1768,7046187457.450152,984284350.9486556,15790629.677375905,180286.91863472032,417011870245.12354,6943681316.658331,970044624.6422123,15780492.919173585,184824.7459007007,148048806.0532837,102506140.79182148,14239726.306443334,10136.758202319965,-4537.8272659803915,-94538546.19027226,10136.758202319965,-4537.8272659803915,0.010160201489140352
1780,417159919051.1768,7046187457.450152,984284350.9486556,15790629.677375905,180286.91863472032,417064647815.25775,6947136238.172752,971874825.0951086,15643363.187720932,180544.29241387537,95271235.91906738,99051219.27740002,12409525.853546977,147266.48965497315,-257.37377915505203,-97170059.74308689,147266.48965497315,-257.37377915505203,0.010287340123060302
1781,417159919051.1768,7046187457.450152,984284350.9486556,15790629.677375905,180286.91863472032,417159919051.1768,6942313064.743337,969864780.1191592,15787959.340809522,181863.4138894993,0.0,103874392.70681572,14419570.829496384,2670.336566383019,-1576.4952547789726,-118293963.5363121,2670.336566383019,-1576.4952547789726,0.010437739146191486
1782,417159919051.1768,7046187457.450152,984284350.9486556,15790629.677375905,180286.91863472032,417159919051.1768,6946960776.242819,971137070.4339337,15783087.368747968,180000.63361238223,0.0,99226681.20733356,13147280.51472187,7542.308627936989,286.2850223380956,-112373961.72205544,7542.308627936989,286.2850223380956,0.010437739146191486
1783,417159919051.1768,7046187457.450152,984284350.9486556,15790629.677375905,180286.91863472032,417083941799.78625,6941054404.370173,971482378.1498156,15794098.196402358,180352.12522315627,75977251.39056396,105133053.07997894,12801972.798840046,-3468.5190264526755,-65.2065884359472,-106538438.1702344,-3468.5190264526755,-65.2065884359472,0.010317758638386635
1784,417159919051.1768,7046187457.450152,984284350.9486556,15790629.677375905,180286.91863472032,417159919051.1768,6940801612.399006,970709721.9082544,15792386.863156112,180084.71935540234,0.0,105385845.0511465,13574629.04040122,-1757.1857802066952,202.19927931798156,-118960474.09154773,-1757.1857802066952,202.19927931798156,0.010437739146191486
1785,417159919051.1768,7046187457.450152,984284350.9486556,15790629.677375905,180286.91863472032,417026948493.8494,6942299249.605392,970572743.8707111,15792312.896226265,181218.08869150336,132970557.32739258,103888207.84475994,13711607.077944517,-1683.2188503593206,-931.1700567830412,-97654231.32359557,-1683.2188503593206,-931.1700567830412,0.010135624542277583
1786,417159919051.1768,7046187457.450152,984284350.9486556,15790629.677375905,180286.91863472032,417159919051.1768,6943537845.249128,971218039.3492613,15791932.09917223,180185.32589955805,0.0,102649612.20102406,13066311.599394321,-1302.4217963255942,101.59273516226676,-115715923.80041838,-1302.4217963255942,101.59273516226676,0.010437739146191486
1787,417159919051.1768,7046187457.450152,984284350.9486556,15790629.677375905,180286.91863472032,417159919051.1768,6943823679.321487,971098996.8908516,15793430.402687898,180122.28996750497,0.0,102363778.12866497,13185354.057803988,-2800.72531199269,164.62866721535102,-115549132.18646896,-2800.72531199269,164.62866721535102,0.010437739146191486
1788,417159919051.1768,7046187457.450152,984284350.9486556,15790629.677375905,180286.91863472032,417159919051.1768,6950147548.691996,970791560.9785043,15775696.503238047,180317.5812181399,0.0,96039908.75815678,13492789.970151305,14933.174137858674,-30.662583419587463,-109532698.72830808,14933.174137858674,-30.662583419587463,0.010437739146191486
1789,417159919051.1768,7046187457.450152,984284350.9486556,15790629.677375905,180286.91863472032,417109312875.899,6944387745.368245,971056028.33127,15712259.475393808,182354.25226134923,50606175.27783203,101799712.08190727,13228322.617385626,78370.2019820977,-2067.3336266289116,-107437108.40761809,78370.2019820977,-2067.3336266289116,0.010364852070106794
1790,417159919051.1768,7046187457.450152,984284350.9486556,15790629.677375905,180286.91863472032,417035114804.9565,6944859436.108898,971367865.1593108,15793176.64873833,182264.40582517322,124804246.22033691,101328021.34125423,12916485.789344788,-2546.9713624250144,-1977.487190452899,-95523870.19754848,-2546.9713624250144,-1977.487190452899,0.010231339233487121
1791,417159919051.1768,7046187457.450152,984284350.9486556,15790629.677375905,180286.91863472032,417159919051.1768,6940733867.702062,971106357.5236938,15792298.367210582,180320.27024881254,0.0,105453589.74809074,13177993.424961805,-1668.689834676683,-33.35161409221473,-118631583.17305255,-1668.689834676683,-33.35161409221473,0.010437739146191486
1792,417159919051.1768,7046187457.450152,984284350.9486556,15790629.677375905,180286.91863472032,417159919051.1768,6932873198.688885,961632028.2652977,15794128.60605237,168119.48198168466,0.0,113314258.76126766,22652322.683357954,-3498.928676465526,12167.436653035664,-135966581.44462562,-3498.928676465526,12167.436653035664,0.010437739146191486
1793,417159919051.1768,7046187457.450152,984284350.9486556,15790629.677375905,180286.91863472032,417159919051.1768,6935505823.82274,961536125.8671594,15794301.269329192,168119.48198168466,0.0,110681633.6274128,22748225.08149624,-3671.591953286901,12167.436653035664,-133429858.70890903,-3671.591953286901,12167.436653035664,0.010437739146191486
1794,417159919051.1768,7046187457.450152,984284350.9486556,15790629.677375905,180286.91863472032,416987535216.5774,6943755263.14488,970718275.9012276,15758166.85235454,180925.26556439768,172383834.59942627,102432194.3052721,13566075.047428012,32462.825021365657,-638.3469296773546,-90140694.16278617,32462.825021365657,-638.3469296773546,0.010082037680377864
1795,417159919051.1768,7046187457.450152,984284350.9486556,15790629.677375905,180286.91863472032,416987535216.5774,6943393107.976928,970728015.6254158,15756916.637248557,184721.61513952687,172383834.59942627,102794349.47322464,13556335.323239803,33713.040127348155,-4434.696504806547,-90493109.6065505,33713.040127348155,-4434.696504806547,0.010082037680377864
1796,417159919051.1768,7046187457.450152,984284350.9486556,15790629.677375905,180286.91863472032,417011870245.12354,6943342369.834658,970678598.0616026,15780898.052438965,182916.96447051113,148048806.0532837,102845087.61549473,13605752.887053013,9731.624936940148,-2630.0458357908064,-94243519.59455518,9731.624936940148,-2630.0458357908064,0.010160201489140352
1797,417159919051.1768,7046187457.450152,984284350.9486556,15790629.677375905,180286.91863472032,417064647815.25775,6946274175.460193,971781959.1550239,15643363.187720932,180544.29241387537,95271235.91906738,99913281.98995972,12502391.793631673,147266.48965497315,-257.37377915505203,-98124988.39573129,147266.48965497315,-257.37377915505203,0.010287340123060302
1798,417159919051.1768,7046187457.450152,984284350.9486556,15790629.677375905,180286.91863472032,417159919051.1768,6947338154.174835,971168273.4309812,15793649.900506513,179845.54419782205,0.0,98849303.27531719,13116077.517674446,-3020.2231306079775,441.3744368982734,-111965380.79299164,-3020.2231306079775,441.3744368982734,0.010437739146191486
1799,417159919051.1768,7046187457.450152,984284350.9486556,15790629.677375905,180286.91863472032,417159919051.1768,6947338154.174835,971168273.4309812,15793649.900506513,179845.54419782205,0.0,98849303.27531719,13116077.517674446,-3020.2231306079775,441.3744368982734,-111965380.79299164,-3020.2231306079775,441.3744368982734,0.010437739146191486
1800,417159919051.1768,7046187457.450152,984284350.9486556,15790629.677375905,180286.91863472032,417159919051.1768,6924945558.701555,967651579.8816702,15793276.064870797,179795.53127554883,0.0,121241898.74859715,16632771.066985369,-2646.387494891882,491.3873591714946,-137874669.8155825,-2646.387494891882,491.3873591714946,0.010437739146191486
1801,417159919051.1768,7046187457.450152,984284350.9486556,15790629.677375905,180286.91863472032,417159919051.1768,6923573745.927597,968039322.0452845,15793563.00672021,179795.53127554883,0.0,122613711.52255535,16245028.903371096,-2933.3293443042785,491.3873591714946,-138858740.42592645,-2933.3293443042785,491.3873591714946,0.010437739146191486
1802,417159919051.1768,7046187457.450152,984284350.9486556,15790629.677375905,180286.91863472032,417159919051.1768,6924225098.994337,968094272.7454556,15793563.00672021,179795.53127554883,0.0,121962358.45581532,16190078.203199983,-2933.3293443042785,491.3873591714946,-138152436.6590153,-2933.3293443042785,491.3873591714946,0.010437739146191486
1803,417159919051.1768,7046187457.450152,984284350.9486556,15790629.677375905,180286.91863472032,417159919051.1768,6787606702.844014,930084313.2792046,15793841.664202958,178464.12184758458,0.0,258580754.60613823,54200037.669451,-3211.9868270531297,1822.7967871357396,-312780792.2755892,-3211.9868270531297,1822.7967871357396,0.010437739146191486
1804,417159919051.1768,7046187457.450152,984284350.9486556,15790629.677375905,180286.91863472032,417159919051.1768,6790039597.213603,930100019.4804013,15793841.664202958,178464.12184758458,0.0,256147860.23654938,54184331.46825433,-3211.9868270531297,1822.7967871357396,-310332191.7048037,-3211.9868270531297,1822.7967871357396,0.010437739146191486
1805,417159919051.1768,7046187457.450152,984284350.9486556,15790629.677375905,180286.91863472032,417125086872.4565,6942315814.780506,969726606.9071834,15652781.902046062,181426.27068855928,34832178.720336914,103871642.66964626,14557744.041472197,137847.77532984316,-1139.3520538389566,-113204559.90306792,137847.77532984316,-1139.3520538389566,0.010355085874157786
1806,417159919051.1768,7046187457.450152,984284350.9486556,15790629.677375905,180286.91863472032,417083941799.78625,6941480521.495451,971202147.3887504,15793652.950333042,180598.072625429,75977251.39056396,104706935.95470142,13082203.559905171,-3023.2729571368545,-311.1539907086699,-106392551.806022,-3023.2729571368545,-311.1539907086699,0.010317758638386635
1807,417159919051.1768,7046187457.450152,984284350.9486556,15790629.677375905,180286.91863472032,417159919051.1768,6938051955.732139,970730444.0034618,15782783.44975356,180147.06198400713,0.0,108135501.71801376,13553906.945193768,7846.22762234509,139.8566507131909,-121689408.66320753,7846.22762234509,139.8566507131909,0.010437739146191486
1808,417159919051.1768,7046187457.450152,984284350.9486556,15790629.677375905,180286.91863472032,417159919051.1768,6947191576.850144,970794700.6301094,15794128.60605237,179845.54419782205,0.0,98995880.60000801,13489650.318546176,-3498.928676465526,441.3744368982734,-112485530.91855419,-3498.928676465526,441.3744368982734,0.010437739146191486
1809,417159919051.1768,7046187457.450152,984284350.9486556,15790629.677375905,180286.91863472032,417159919051.1768,6948121190.191663,971085936.5697663,15794301.269329192,179845.54419782205,0.0,98066267.25848961,13198414.378889322,-3671.591953286901,441.3744368982734,-111264681.63737893,-3671.591953286901,441.3744368982734,0.010437739146191486
1810,417159919051.1768,7046187457.450152,984284350.9486556,15790629.677375905,180286.91863472032,416987535216.5774,6942339672.086522,970554726.863346,15735663.826097595,180339.3264713282,172383834.59942627,103847785.3636303,13729624.085309625,54965.85127831064,-52.407836607890204,-91719834.25902598,54965.85127831064,-52.407836607890204,0.010082037680377864
1811,417159919051.1768,7046187457.450152,984284350.9486556,15790629.677375905,180286.91863472032,417159919051.1768,7045794971.240077,984562922.8097787,15791068.433808068,181358.55227127523,0.0,392486.2100753784,-278571.861123085,-438.7564321625978,-1071.6336365549068,-113914.3489522934,-438.7564321625978,-1071.6336365549068,0.010437739146191486
1812,417159919051.1768,7046187457.450152,984284350.9486556,15790629.677375905,180286.91863472032,417035114804.9565,7049569046.750487,984381897.4899088,15791115.95109197,181478.7396129932,124804246.22033691,-3381589.3003349304,-97546.54125320911,-486.27371606417,-1191.820978272881,22199772.774638675,-486.27371606417,-1191.820978272881,0.010231339233487121
1813,417159919051.1768,7046187457.450152,984284350.9486556,15790629.677375905,180286.91863472032,417002051729.0523,7045619569.230922,983783471.6928129,15785284.633489333,181189.8632701317,157867322.12451172,567888.2192306519,500879.2558426857,5345.043886572123,-902.9446354113752,22611330.84360342,5345.043886572123,-902.9446354113752,0.010122974014486382
1814,417159919051.1768,7046187457.450152,984284350.9486556,15790629.677375905,180286.91863472032,417026948493.8494,7045946712.549546,984050316.0522966,15785941.785557466,183302.93949781882,132970557.32739258,240744.9006061554,234034.89635896683,4687.891818439588,-3016.0208630985,19470803.802143764,4687.891818439588,-3016.0208630985,0.010135624542277583
1815,417159919051.1768,7046187457.450152,984284350.9486556,15790629.677375905,180286.91863472032,416987535216.5774,7046882062.748227,984119263.4486403,15757928.566146828,182380.88302102676,172383834.59942627,-694605.2980747223,165087.5000152588,32701.11122907698,-2093.964386306441,26387092.987973403,32701.11122907698,-2093.964386306441,0.010082037680377864
1816,417159919051.1768,7046187457.450152,984284350.9486556,15790629.677375905,180286.91863472032,417011870245.12354,7045814578.067088,983680944.9127494,15778608.158653231,185266.12033759902,148048806.0532837,372879.38306427,603406.0359061956,12021.518722673878,-4979.201702878694,21231035.489022087,12021.518722673878,-4979.201702878694,0.010160201489140352
1817,417159919051.1768,7046187457.450152,984284350.9486556,15790629.677375905,180286.91863472032,417064647815.25775,7045866457.079893,984849822.561086,15641084.14495065,180985.66685077365,95271235.91906738,321000.370259285,-565471.6124304533,149545.53242525458,-698.7482160533255,14535156.630031275,149545.53242525458,-698.7482160533255,0.010287340123060302
1818,417159919051.1768,7046187457.450152,984284350.9486556,15790629.677375905,180286.91863472032,417159919051.1768,7045881364.732892,983583953.7505063,15785021.304902827,182304.78832639757,0.0,306092.7172603607,700397.1981493235,5608.372473077849,-2017.869691677246,-1006489.9154096842,5608.372473077849,-2017.869691677246,0.010437739146191486
1819,417159919051.1768,7046187457.450152,984284350.9486556,15790629.677375905,180286.91863472032,417159919051.1768,7045785626.815476,984415267.8357399,15780149.332841273,180442.0080492805,0.0,401830.6346759796,-130916.88708424568,10480.344534631819,-155.08941456017783,-270913.74759173393,10480.344534631819,-155.08941456017783,0.010437739146191486
1820,417159919051.1768,7046187457.450152,984284350.9486556,15790629.677375905,180286.91863472032,417083941799.78625,7045832823.254646,984412999.9163713,15791160.160495663,180793.49966005457,75977251.39056396,354634.1955060959,-128648.9677157402,-530.483119757846,-506.5810253342497,11170602.480794238,-530.483119757846,-506.5810253342497,0.010317758638386635
1821,417159919051.1768,7046187457.450152,984284350.9486556,15790629.677375905,180286.91863472032,417159919051.1768,7047993047.811906,984308327.7951719,15789621.490526238,180526.09379230064,0.0,-1805590.3617534637,-23976.846516251564,1008.1868496667594,-239.17515758032096,1829567.2082697153,1008.1868496667594,-239.17515758032096,0.010437739146191486
1822,417159919051.1768,7046187457.450152,984284350.9486556,15790629.677375905,180286.91863472032,417026948493.8494,7045627148.08816,984030746.4557258,15789596.178829335,181659.46312840164,132970557.32739258,560309.361992836,253604.49292981625,1033.4985465705395,-1372.5444936813146,19131669.744186234,1033.4985465705395,-1372.5444936813146,0.010135624542277583
1823,417159919051.1768,7046187457.450152,984284350.9486556,15790629.677375905,180286.91863472032,417159919051.1768,7045836368.287727,984484952.7513674,15788994.063265538,180626.70033645633,0.0,351089.1624250412,-200601.80271184444,1635.6141103673726,-339.78170173600665,-150487.35971319675,1635.6141103673726,-339.78170173600665,0.010437739146191486
1824,417159919051.1768,7046187457.450152,984284350.9486556,15790629.677375905,180286.91863472032,417159919051.1768,7046513850.913261,984350882.4856563,15790492.366781203,180563.66440440324,0.0,-326393.4631090164,-66531.53700065613,137.3105947021395,-276.7457696829224,392925.00010967255,137.3105947021395,-276.7457696829224,0.010437739146191486
1825,417159919051.1768,7046187457.450152,984284350.9486556,15790629.677375905,180286.91863472032,417159919051.1768,7046289037.460186,984209981.4062872,15772745.872548232,180758.95565503818,0.0,-101580.01003360748,74369.54236841202,17883.80482767336,-472.0370203178609,27210.467665195465,17883.80482767336,-472.0370203178609,0.010437739146191486
1826,417159919051.1768,7046187457.450152,984284350.9486556,15790629.677375905,180286.91863472032,417109312875.899,7045796028.212146,984355672.2474538,15709565.98521485,182795.6266982475,50606175.27783203,391429.2380065918,-71321.29879820347,81063.69216105528,-2508.708063527185,7270818.352466416,81063.69216105528,-2508.708063527185,0.010364852070106794
1827,417159919051.1768,7046187457.450152,984284350.9486556,15790629.677375905,180286.91863472032,417035114804.9565,7046969765.729192,984591414.8622867,15790411.276108457,182705.7802620715,124804246.22033691,-782308.2790393829,-307063.9136310816,218.4012674484402,-2418.8616273511725,19810009.125721,218.4012674484402,-2418.8616273511725,0.010231339233487121
1828,417159919051.1768,7046187457.450152,984284350.9486556,15790629.677375905,180286.91863472032,417159919051.1768,7045114071.37744,984335178.2781283,15789532.994580708,180761.64468571084,0.0,1073386.0727119446,-50827.32947266102,1096.6827951967716,-474.72605099051725,-1022558.7432392836,1096.6827951967716,-474.72605099051725,0.010437739146191486
1829,417159919051.1768,7046187457.450152,984284350.9486556,15790629.677375905,180286.91863472032,417159919051.1768,7035776795.493122,975263993.0742972,15791363.233422497,168560.85641858296,0.0,10410661.957030296,9020357.874358416,-733.5560465920717,11726.062216137361,-19431019.831388712,-733.5560465920717,11726.062216137361,0.010437739146191486
1830,417159919051.1768,7046187457.450152,984284350.9486556,15790629.677375905,180286.91863472032,417159919051.1768,7035055994.8507595,974872753.4571708,15791363.233422497,168560.85641858296,0.0,11131462.59939289,9411597.491484761,-733.5560465920717,11726.062216137361,-20543060.090877652,-733.5560465920717,11726.062216137361,0.010437739146191486
1831,417159919051.1768,7046187457.450152,984284350.9486556,15790629.677375905,180286.91863472032,416987535216.5774,7046962692.465005,984220156.5524337,15758142.843406543,181366.64000129595,172383834.59942627,-775235.0148525238,64194.396221876144,32486.83396936208,-1079.721366575628,26568615.808544587,32486.83396936208,-1079.721366575628,0.010082037680377864
1832,417159919051.1768,7046187457.450152,984284350.9486556,15790629.677375905,180286.91863472032,416987535216.5774,7044943924.85128,983988871.3423003,15756695.381137384,185162.98957642517,172383834.59942627,1243532.5988721848,295479.6063553095,33934.296238521114,-4876.070941704849,24318562.984686445,33934.296238521114,-4876.070941704849,0.010082037680377864
1833,417159919051.1768,7046187457.450152,984284350.9486556,15790629.677375905,180286.91863472032,417011870245.12354,7045811382.492666,984017146.1307409,15778939.866046313,183358.33890740943,148048806.0532837,376074.95748615265,267204.81791472435,11689.81132959202,-3071.420272689109,21564041.132591676,11689.81132959202,-3071.420272689109,0.010160201489140352
1834,417159919051.1768,7046187457.450152,984284350.9486556,15790629.677375905,180286.91863472032,417064647815.25775,7045816615.5028715,984872446.2623708,15641084.14495065,180985.66685077365,95271235.91906738,370841.9472808838,-588095.3137152195,149545.53242525458,-698.7482160533255,14507938.754294442,149545.53242525458,-698.7482160533255,0.010287340123060302
1835,417159919051.1768,7046187457.450152,984284350.9486556,15790629.677375905,180286.91863472032,417159919051.1768,7046058046.389341,984402854.3866801,15790711.864599818,180286.91863472032,0.0,129411.06081104279,-118503.43802452087,-82.18722391314805,0.0,-10907.622786521912,-82.18722391314805,0.0,0.010437739146191486
1836,417159919051.1768,7046187457.450152,984284350.9486556,15790629.677375905,180286.91863472032,417159919051.1768,7046058046.389341,984402854.3866801,15790711.864599818,180286.91863472032,0.0,129411.06081104279,-118503.43802452087,-82.18722391314805,0.0,-10907.622786521912,-82.18722391314805,0.0,0.010437739146191486
1837,417159919051.1768,7046187457.450152,984284350.9486556,15790629.677375905,180286.91863472032,417159919051.1768,7024398126.3527565,981165007.837614,15790565.544929232,180236.9057124471,0.0,21789331.097395897,3119343.111041546,64.1324466727674,50.01292227322119,-24908674.208437443,64.1324466727674,50.01292227322119,0.010437739146191486
1838,417159919051.1768,7046187457.450152,984284350.9486556,15790629.677375905,180286.91863472032,417159919051.1768,7024827392.580715,981275093.0632643,15790797.634090336,180236.9057124471,0.0,21360064.869437218,3009257.8853913546,-167.95671443082392,50.01292227322119,-24369322.754828572,-167.95671443082392,50.01292227322119,0.010437739146191486
1839,417159919051.1768,7046187457.450152,984284350.9486556,15790629.677375905,180286.91863472032,417159919051.1768,7024634204.5915575,981324193.1186572,15790797.634090336,180236.9057124471,0.0,21553252.858594894,2960157.829998374,-167.95671443082392,50.01292227322119,-24513410.68859327,-167.95671443082392,50.01292227322119,0.010437739146191486
1840,417159919051.1768,7046187457.450152,984284350.9486556,15790629.677375905,180286.91863472032,417159919051.1768,6894643866.660472,943482587.1084467,15791131.144261394,178905.49628448286,0.0,151543590.78968048,40801763.84020889,-501.46688548848033,1381.4223502374662,-192345354.62988937,-501.46688548848033,1381.4223502374662,0.010437739146191486
1841,417159919051.1768,7046187457.450152,984284350.9486556,15790629.677375905,180286.91863472032,417159919051.1768,6893076635.349413,943476459.7412009,15791131.144261394,178905.49628448286,0.0,153110822.10073948,40807891.20745468,-501.46688548848033,1381.4223502374662,-193918713.30819416,-501.46688548848033,1381.4223502374662,0.010437739146191486
1842,417159919051.1768,7046187457.450152,984284350.9486556,15790629.677375905,180286.91863472032,417125086872.4565,7046638872.897882,983702519.6439764,15651363.768922089,181867.64512545755,34832178.720336914,-451415.4477300644,581831.3046791553,139265.90845381655,-1580.72649073723,5094410.951101446,139265.90845381655,-1580.72649073723,0.010355085874157786
1843,417159919051.1768,7046187457.450152,984284350.9486556,15790629.677375905,180286.91863472032,417083941799.78625,7047011565.543846,984472712.8220776,15790887.577703169,181039.4470623273,75977251.39056396,-824108.0936937332,-188361.87342202663,-257.90032726339996,-752.5284276069724,12409057.675700353,-257.90032726339996,-752.5284276069724,0.010317758638386635
1844,417159919051.1768,7046187457.450152,984284350.9486556,15790629.677375905,180286.91863472032,417159919051.1768,7045585859.9035225,984173942.4666352,15780018.077123687,180588.4364209054,0.0,601597.5466299057,110408.48202037811,10611.600252218544,-301.5177861850825,-712006.0286502838,10611.600252218544,-301.5177861850825,0.010437739146191486
1845,417159919051.1768,7046187457.450152,984284350.9486556,15790629.677375905,180286.91863472032,416987535216.5774,7046027304.006292,984084017.6719509,15734391.316466602,180780.70090822648,172383834.59942627,160153.44386005402,200333.276704669,56238.36090930365,-493.7822735061636,25497088.469349217,56238.36090930365,-493.7822735061636,0.010082037680377864
1846,417159919051.1768,7046187457.450152,984284350.9486556,15790629.677375905,180286.91863472032,417144339819.6653,7054624062.935428,986107352.9319067,15771858.800932044,177081.57939797014,15579231.511535645,-8436605.485275269,-1823001.9832510948,18770.876443861052,3205.33923675018,12596492.19525671,18770.876443861052,3205.33923675018,0.009658098997656302
1847,417159919051.1768,7046187457.450152,984284350.9486556,15790629.677375905,180286.91863472032,417144339819.6653,7033795530.537179,985211002.0925788,15799124.514020294,173330.41832495405,15579231.511535645,12391926.912973404,-926651.1439231634,-8494.836644388735,6956.50030976627,-9128391.042319894,-8494.836644388735,6956.50030976627,0.009658098997656302
1848,417159919051.1768,7046187457.450152,984284350.9486556,15790629.677375905,180286.91863472032,416859558612.1785,7050934440.063129,985445375.5839391,15796353.995625483,178088.9677778174,300360438.998291,-4746982.612977028,-1161024.6352834702,-5724.318249577656,2197.9508569029276,50962073.09800415,-5724.318249577656,2197.9508569029276,0.008716678136089126
1849,417159919051.1768,7046187457.450152,984284350.9486556,15790629.677375905,180286.91863472032,417103062965.6098,7058160477.338462,984778552.4367518,15808343.872046065,181154.0953884715,56856085.5670166,-11973019.888309479,-494201.4880962372,-17714.19467015937,-867.1767537511769,20995634.211458206,-17714.19467015937,-867.1767537511769,0.009860889218027361
1850,417159919051.1768,7046187457.450152,984284350.9486556,15790629.677375905,180286.91863472032,417103062965.6098,7066215403.737389,984906895.3047805,15805603.822441062,182090.02485176726,56856085.5670166,-20027946.287236214,-622544.3561248779,-14974.145065156743,-1803.1062170469377,29178903.47841358,-14974.145065156743,-1803.1062170469377,0.009860889218027361
1851,417159919051.1768,7046187457.450152,984284350.9486556,15790629.677375905,180286.91863472032,416990196547.5457,7105040993.458556,985372658.5400337,15959959.025480669,171880.5148054481,169722503.63110352,-58853536.00840378,-1088307.5913780928,-169329.34810476378,8406.403829272225,85400219.1444474,-169329.34810476378,8406.403829272225,0.008807806125726562
1852,417159919051.1768,7046187457.450152,984284350.9486556,15790629.677375905,180286.91863472032,417116361212.172,7056254222.733525,986253601.3990265,15445721.431170428,170477.08887043342,43557839.00482178,-10066765.283372879,-1969250.4503709078,344908.24620547704,9809.8297642869,18569691.584467053,344908.24620547704,9809.8297642869,0.008932575028208309
1853,417159919051.1768,7046187457.450152,984284350.9486556,15790629.677375905,180286.91863472032,417116361212.172,7054602682.229467,985955674.8361219,15574937.196819324,171418.26194292863,43557839.00482178,-8415224.779314995,-1671323.8874663115,215692.48055658117,8868.656691791693,16620224.517504573,215692.48055658117,8868.656691791693,0.008932575028208309
1854,417159919051.1768,7046187457.450152,984284350.9486556,15790629.677375905,180286.91863472032,417116361212.172,7039803906.304394,986558966.6171125,15626113.693087049,174147.1322082401,43557839.00482178,6383551.145758629,-2274615.668456912,164515.9842888564,6139.786426480219,2424740.37342155,164515.9842888564,6139.786426480219,0.008932575028208309
1855,417159919051.1768,7046187457.450152,984284350.9486556,15790629.677375905,180286.91863472032,417116361212.172,7037805048.850571,987520728.1803579,15686729.507621571,171181.8936144463,43557839.00482178,8382408.599581718,-3236377.2317023277,103900.1697543338,9105.025020274014,1387644.482843876,103900.1697543338,9105.025020274014,0.008932575028208309
1856,417159919051.1768,7046187457.450152,984284350.9486556,15790629.677375905,180286.91863472032,416905173294.28186,7050010956.536243,984431311.4158517,15656596.570832359,173247.12823468682,254745756.8949585,-3823499.0860910416,-146960.4671961069,134033.10654354654,7039.790400033497,42182323.08753092,134033.10654354654,7039.790400033497,0.008311320844006778
1857,417159919051.1768,7046187457.450152,984284350.9486556,15790629.677375905,180286.91863472032,416892500367.3044,7042356561.0611725,985045744.3786763,15834095.67550629,193248.70336128655,267418683.87243652,3830896.388979912,-761393.43002069,-43465.99813038483,-12961.784726566228,37043299.62190626,-43465.99813038483,-12961.784726566228,0.007816995523229234
1858,417159919051.1768,7046187457.450152,984284350.9486556,15790629.677375905,180286.91863472032,416781805133.57196,7041562448.03908,984389876.6081702,14663901.175237268,186298.08466047305,378113917.6048584,4625009.411072731,-105525.6595145464,1126728.502138637,-6011.166025752726,52197603.88917057,1126728.502138637,-6011.166025752726,0.007391852199803225
1859,417159919051.1768,7046187457.450152,984284350.9486556,15790629.677375905,180286.91863472032,416909327214.9806,7050323896.86757,984336854.0010309,15627253.608369496,207021.4405358563,250591836.19622803,-4136439.4174175262,-52503.05237531662,163376.0690064095,-26734.521901135973,41777717.899227045,163376.0690064095,-26734.521901135973,0.008420248987879108
1860,417159919051.1768,7046187457.450152,984284350.9486556,15790629.677375905,180286.91863472032,417005860554.0274,7072566078.102638,986155417.7395749,13615153.284267537,172117.44032636523,154058497.14941406,-26378620.652485847,-1871066.790919304,2175476.393108368,8169.4783083550865,51358462.015817255,2175476.393108368,8169.4783083550865,0.009450436072189601
1861,417159919051.1768,7046187457.450152,984284350.9486556,15790629.677375905,180286.91863472032,416956069577.45605,7042492043.284475,984337552.2763152,15739601.753765458,181423.2736836677,203849473.72076416,3695414.1656770706,-53201.32765960693,51027.923610446975,-1136.3550489473855,26935208.220097158,51027.923610446975,-1136.3550489473855,0.006984274673833307
1862,417159919051.1768,7046187457.450152,984284350.9486556,15790629.677375905,180286.91863472032,417128164127.1411,7056925276.669282,984757253.9167931,15994639.643909141,168187.27416420652,31754924.035705566,-10737819.219129562,-472902.96813750267,-204009.9665332362,12099.644470513798,15973960.7926229,-204009.9665332362,12099.644470513798,0.009959838197611714
1863,417159919051.1768,7046187457.450152,984284350.9486556,15790629.677375905,180286.91863472032,417142590430.2829,7057237985.823437,986291040.1785821,15762909.898702683,171120.70454458223,17328620.8939209,-11050528.37328434,-2006689.229926467,27719.77867322229,9166.214090138092,15656510.737298941,27719.77867322229,9166.214090138092,0.00962881251845674
1864,417159919051.1768,7046187457.450152,984284350.9486556,15790629.677375905,180286.91863472032,417127844400.4728,7041126792.108817,985813153.8157784,15660410.729804272,171170.86938800022,32074650.704040527,5060665.341335297,-1528802.8671227694,130218.94757163338,9116.049246720097,1279335.1313935518,130218.94757163338,9116.049246720097,0.00973327156743802
1865,417159919051.1768,7046187457.450152,984284350.9486556,15790629.677375905,180286.91863472032,416851290460.7155,7058744544.151626,985003336.567396,14154893.02631381,168731.930173063,308628590.4613037,-12557086.701473236,-718985.6187404394,1635736.6510620955,11554.98846165731,59570360.88940923,1635736.6510620955,11554.98846165731,0.005815060824881782
1866,417159919051.1768,7046187457.450152,984284350.9486556,15790629.677375905,180286.91863472032,416999051525.39923,7041048182.192935,984284350.9486556,15789767.116096733,171234.00311075873,160867525.7775879,5139275.257217407,0.0,862.5612791720778,9052.915523961594,18990853.609420776,862.5612791720778,9052.915523961594,0.009486999988016548
1867,417159919051.1768,7046187457.450152,984284350.9486556,15790629.677375905,180286.91863472032,417077274573.31976,7043991773.428466,985239887.7748996,15578217.34612594,169640.35025897884,82644477.85705566,2195684.021686554,-955536.8262439966,212412.33124996535,10646.56837574148,11156524.483115792,212412.33124996535,10646.56837574148,0.009069409112475278
1868,417159919051.1768,7046187457.450152,984284350.9486556,15790629.677375905,180286.91863472032,416892500367.3044,7040632955.437972,984247115.5495026,15890721.119602177,177218.6245196696,267418683.87243652,5554502.012180328,37235.399152994156,-100091.44222627208,3068.294115050725,34521065.16953216,-100091.44222627208,3068.294115050725,0.007816995523229234
1869,417159919051.1768,7046187457.450152,984284350.9486556,15790629.677375905,180286.91863472032,417097643323.6573,7046700462.593058,986201510.5972254,15761362.553730255,169923.5564853161,62275727.51953125,-513005.1429052353,-1917159.6485698223,29267.123645650223,10363.362149404216,11771523.919404745,29267.123645650223,10363.362149404216,0.00940904050251938
1870,417159919051.1768,7046187457.450152,984284350.9486556,15790629.677375905,180286.91863472032,416464435297.5829,7058714686.719925,986016349.1150917,16324708.645773731,169627.79883583874,695483753.5939331,-12527229.26977253,-1731998.1664360762,-534078.968397826,10659.119798881584,118581790.47529857,-534078.968397826,10659.119798881584,0.00309547133472034
1871,417159919051.1768,7046187457.450152,984284350.9486556,15790629.677375905,180286.91863472032,417088385783.7792,7039936533.166876,985329763.0543462,14671447.437708199,174335.06657989672,71533267.39764404,6250924.283276558,-1045412.1056905985,1119182.2396677062,5951.852054823597,5524477.932060646,1119182.2396677062,5951.852054823597,0.00950700643061459
1872,417159919051.1768,7046187457.450152,984284350.9486556,15790629.677375905,180286.91863472032,416464435297.5829,7074419666.329333,986307303.983432,16334558.943529025,171303.8745881805,695483753.5939331,-28232208.87918091,-2022953.0347764492,-543929.2661531195,8983.044046539813,134577724.95304734,-543929.2661531195,8983.044046539813,0.00309547133472034
1873,417159919051.1768,7046187457.450152,984284350.9486556,15790629.677375905,180286.91863472032,417159919051.1768,7091014094.928932,985430906.9530616,16010337.873393342,170985.96055585815,0.0,-44826637.47877979,-1146556.0044059753,-219708.19601743668,9300.958078862168,45973193.48318577,-219708.19601743668,9300.958078862168,0.010437739146191486
1874,417159919051.1768,7046187457.450152,984284350.9486556,15790629.677375905,180286.91863472032,417097643323.6573,7024164022.856812,985812433.6675142,15708766.913875734,168322.1029992612,62275727.51953125,22023434.593340874,-1528082.7188585997,81862.76350017078,11964.81563545912,-11153992.746552587,81862.76350017078,11964.81563545912,0.00940904050251938
1875,417159919051.1768,7046187457.450152,984284350.9486556,15790629.677375905,180286.91863472032,416851290460.7155,7058167142.459457,985708577.1138347,14259114.685937285,169422.26778288535,308628590.4613037,-11979685.009305,-1424226.1651791334,1531514.9914386198,10864.650851834973,59698199.74367969,1531514.9914386198,10864.650851834973,0.005815060824881782
1876,417159919051.1768,7046187457.450152,984284350.9486556,15790629.677375905,180286.91863472032,417077247796.34924,7044711929.403464,984961935.4778562,15050264.142902376,184128.93843770828,82671254.82757568,1475528.0466880798,-677584.5292005539,740365.5344735291,-3842.019802987954,11602744.706648827,740365.5344735291,-3842.019802987954,0.009979499158769743
1877,417159919051.1768,7046187457.450152,984284350.9486556,15790629.677375905,180286.91863472032,416956069577.45605,7059651238.110528,985797141.4317989,15970524.906449357,174689.2414833209,203849473.72076416,-13463780.660375595,-1512790.4831433296,-179895.22907345183,5597.677151399432,45553992.20163354,-179895.22907345183,5597.677151399432,0.006984274673833307
1878,417159919051.1768,7046187457.450152,984284350.9486556,15790629.677375905,180286.91863472032,417144339819.6653,7042354535.576565,984283855.9753114,15770118.178388331,177341.49336508734,15579231.511535645,3832921.8735876083,494.97334420681,20511.49898757413,2945.4252696329786,-1496532.1202014685,20511.49898757413,2945.4252696329786,0.009658098997656302
1879,417159919051.1768,7046187457.450152,984284350.9486556,15790629.677375905,180286.91863472032,417144339819.6653,7049974588.010241,985678739.7520226,15774134.8402113,175931.17685837814,15579231.511535645,-3787130.5600881577,-1394388.8033670187,16494.837164605036,4355.741776342184,7518404.090185523,16494.837164605036,4355.741776342184,0.009658098997656302
1880,417159919051.1768,7046187457.450152,984284350.9486556,15790629.677375905,180286.91863472032,417144339819.6653,7036131742.3385725,985862893.4452636,15806083.803890165,184619.82329090344,15579231.511535645,10055715.111579895,-1578542.4966080189,-15454.126514259726,-4332.90465618312,-6140287.888241529,-15454.126514259726,-4332.90465618312,0.009658098997656302
1881,417159919051.1768,7046187457.450152,984284350.9486556,15790629.677375905,180286.91863472032,417144339819.6653,7037496999.65144,984750986.8111447,15812453.011483803,169771.79017804048,15579231.511535645,8690457.79871273,-466635.8624891043,-21823.334107898176,10515.128456679842,-5886937.209493279,-21823.334107898176,10515.128456679842,0.009658098997656302
1882,417159919051.1768,7046187457.450152,984284350.9486556,15790629.677375905,180286.91863472032,417144339819.6653,7033817526.67025,984808738.9707539,15800077.707360642,172618.54908306748,15579231.511535645,12369930.779902458,-524388.0220983028,-9448.029984736815,7668.369551652839,-9508658.031073809,-9448.029984736815,7668.369551652839,0.009658098997656302
1883,417159919051.1768,7046187457.450152,984284350.9486556,15790629.677375905,180286.91863472032,417144339819.6653,7041645671.686802,986105032.4181558,15796598.293983689,172398.36795821643,15579231.511535645,4541785.763350487,-1820681.469500184,-5968.616607783362,7888.550676503888,-384219.567119956,-5968.616607783362,7888.550676503888,0.009658098997656302
1884,417159919051.1768,7046187457.450152,984284350.9486556,15790629.677375905,180286.91863472032,417144339819.6653,7032825839.211886,984562089.4567224,15792821.426149972,173085.98362006698,15579231.511535645,13361618.238265991,-277738.5080667734,-2191.7487740665674,7200.93501465334,-10746995.003468871,-2191.7487740665674,7200.93501465334,0.009658098997656302
1885,417159919051.1768,7046187457.450152,984284350.9486556,15790629.677375905,180286.91863472032,416859558612.1785,7083608589.038575,986035971.6553808,15783087.301124226,197387.72620653504,300360438.998291,-37421131.588422775,-1751620.7067252398,7542.376251678914,-17100.807571814716,84226818.14489166,7542.376251678914,-17100.807571814716,0.008716678136089126
1886,417159919051.1768,7046187457.450152,984284350.9486556,15790629.677375905,180286.91863472032,417077274573.31976,7060836924.182217,984392511.5985668,15475510.152254494,185118.28374462857,82644477.85705566,-14649466.732064247,-108160.64991116524,315119.5251214113,-4831.365109908249,27154299.060533762,315119.5251214113,-4831.365109908249,0.009069409112475278
1887,417159919051.1768,7046187457.450152,984284350.9486556,15790629.677375905,180286.91863472032,417144339819.6653,7033963042.43615,984758517.1458733,15769143.024316223,172099.1948100204,15579231.511535645,12224415.0140028,-474166.19721770287,21486.653059681877,8187.723824699933,-9413364.09005475,21486.653059681877,8187.723824699933,0.009658098997656302
1888,417159919051.1768,7046187457.450152,984284350.9486556,15790629.677375905,180286.91863472032,417116361212.172,7051344767.668678,985434866.3991039,15676542.73095568,170131.64640709254,43557839.00482178,-5157310.218525887,-1150515.4504482746,114086.94642022438,10155.272227627778,12841501.519697428,114086.94642022438,10155.272227627778,0.008932575028208309
1889,417159919051.1768,7046187457.450152,984284350.9486556,15790629.677375905,180286.91863472032,417159919051.1768,7042539625.675628,986911541.9626983,15954084.293899262,175047.28621853594,0.0,3647831.7745246887,-2627191.014042735,-163454.6165233571,5239.63241618438,-1020640.7604819536,-163454.6165233571,5239.63241618438,0.010437739146191486
1890,417159919051.1768,7046187457.450152,984284350.9486556,15790629.677375905,180286.91863472032,416851290460.7155,7058061040.719187,986030346.2421949,13480767.532692816,184151.3709481369,308628590.4613037,-11873583.269034386,-1745995.2935392857,2309862.144683089,-3864.4523134165793,59913867.131769225,2309862.144683089,-3864.4523134165793,0.005815060824881782
1891,417159919051.1768,7046187457.450152,984284350.9486556,15790629.677375905,180286.91863472032,416851290460.7155,7068330859.247534,984981102.3869238,13481688.647511445,184151.3709481369,308628590.4613037,-22143401.7973814,-696751.4382681847,2308941.02986446,-3864.4523134165793,69134441.80484514,2308941.02986446,-3864.4523134165793,0.005815060824881782
1892,417159919051.1768,7046187457.450152,984284350.9486556,15790629.677375905,180286.91863472032,416851290460.7155,7070749926.356641,984221684.8179868,13481710.697787883,184151.3709481369,308628590.4613037,-24562468.90648842,62666.130668759346,2308918.9795880225,-3864.4523134165793,70794091.34501521,2308918.9795880225,-3864.4523134165793,0.005815060824881782
1893,417159919051.1768,7046187457.450152,984284350.9486556,15790629.677375905,180286.91863472032,416851290460.7155,7068513777.174906,985045899.0457017,13489932.575816315,187955.7738469369,308628590.4613037,-22326319.72475338,-761548.0970461369,2300697.1015595905,-7668.855212216586,69382156.39099507,2300697.1015595905,-7668.855212216586,0.005815060824881782
1894,417159919051.1768,7046187457.450152,984284350.9486556,15790629.677375905,180286.91863472032,416781805133.57196,7049227186.341754,984727212.9408284,14675108.630912695,176627.2195828581,378113917.6048584,-3039728.8916015625,-442861.99217283726,1115521.0464632101,3659.6990518622333,60199678.52450316,1115521.0464632101,3659.6990518622333,0.007391852199803225
1895,417159919051.1768,7046187457.450152,984284350.9486556,15790629.677375905,180286.91863472032,416781805133.57196,7041338888.888753,984201731.6640942,14647883.731567975,202547.07582996733,378113917.6048584,4848568.56139946,82619.28456139565,1142745.94580793,-22260.15719524701,51785899.7947679,1142745.94580793,-22260.15719524701,0.007391852199803225
1896,417159919051.1768,7046187457.450152,984284350.9486556,15790629.677375905,180286.91863472032,416909327214.9806,7050155236.641906,984441548.1014366,15645181.08106916,189246.81908864158,250591836.19622803,-3967779.1917533875,-157197.15278100967,145448.59630674496,-8959.900453921262,41713751.7739686,145448.59630674496,-8959.900453921262,0.008420248987879108
1897,417159919051.1768,7046187457.450152,984284350.9486556,15790629.677375905,180286.91863472032,417005860554.0274,7071694031.704308,986134128.5134571,13615153.284267537,172117.44032636523,154058497.14941406,-25506574.25415516,-1849777.5648014545,2175476.393108368,8169.4783083550865,50465126.39136872,2175476.393108368,8169.4783083550865,0.009450436072189601
1898,417159919051.1768,7046187457.450152,984284350.9486556,15790629.677375905,180286.91863472032,416464435297.5829,7076993649.112976,985319488.0644878,16214177.971822733,170597.08920246575,695483753.5939331,-30806191.662823677,-1035137.1158322096,-423548.29444682784,9689.82943225457,136163891.81774586,-423548.29444682784,9689.82943225457,0.00309547133472034
1899,417159919051.1768,7046187457.450152,984284350.9486556,15790629.677375905,180286.91863472032,416464435297.5829,7076993649.112976,985319488.0644878,16214177.971822733,170597.08920246575,695483753.5939331,-30806191.662823677,-1035137.1158322096,-423548.29444682784,9689.82943225457,136163891.81774586,-423548.29444682784,9689.82943225457,0.00309547133472034
1900,417159919051.1768,7046187457.450152,984284350.9486556,15790629.677375905,180286.91863472032,416464435297.5829,7072039347.2865305,985494499.4644203,16222452.574946234,168755.43428737504,695483753.5939331,-25851889.836378098,-1210148.5157647133,-431822.8975703288,11531.484347345278,131384601.39123277,-431822.8975703288,11531.484347345278,0.00309547133472034
1901,417159919051.1768,7046187457.450152,984284350.9486556,15790629.677375905,180286.91863472032,416464435297.5829,7061081147.187939,985468843.5209708,16222145.805769127,168755.43428737504,695483753.5939331,-14893689.737786293,-1184492.572315216,-431516.12839322165,11531.484347345278,120400745.34919147,-431516.12839322165,11531.484347345278,0.00309547133472034
1902,417159919051.1768,7046187457.450152,984284350.9486556,15790629.677375905,180286.91863472032,416464435297.5829,7070661524.744483,985380068.9629737,16222744.005664485,168755.43428737504,695483753.5939331,-24474067.294330597,-1095718.0143181086,-432114.32828857936,11531.484347345278,129892348.34773867,-432114.32828857936,11531.484347345278,0.00309547133472034
1903,417159919051.1768,7046187457.450152,984284350.9486556,15790629.677375905,180286.91863472032,416464435297.5829,7071277604.947768,985315262.1152284,16222744.005664485,168755.43428737504,695483753.5939331,-25090147.497615814,-1030911.1665728092,-432114.32828857936,11531.484347345278,130443621.70327859,-432114.32828857936,11531.484347345278,0.00309547133472034
1904,417159919051.1768,7046187457.450152,984284350.9486556,15790629.677375905,180286.91863472032,416956069577.45605,7051978713.301184,984418626.5099295,15902139.052970676,180028.44831097935,203849473.72076416,-5791255.851031303,-134275.56127393246,-111509.37559477054,258.47032374097034,36502952.470419854,-111509.37559477054,258.47032374097034,0.006984274673833307
1905,417159919051.1768,7046187457.450152,984284350.9486556,15790629.677375905,180286.91863472032,417142590430.2829,7054953276.20608,986135553.3804965,15762004.365029352,171800.73744806397,17328620.8939209,-8765818.75592804,-1851202.4318408966,28625.31234655343,8486.181186656351,13216314.32185707,28625.31234655343,8486.181186656351,0.00962881251845674
1906,417159919051.1768,7046187457.450152,984284350.9486556,15790629.677375905,180286.91863472032,417142590430.2829,7051810071.28202,985483396.339397,15747182.058528781,174056.12760974106,17328620.8939209,-5622613.831867218,-1199045.3907413483,43447.61884712428,6230.791024979262,9420952.3566967,43447.61884712428,6230.791024979262,0.00962881251845674
1907,417159919051.1768,7046187457.450152,984284350.9486556,15790629.677375905,180286.91863472032,417142590430.2829,7055256108.705207,985385125.0795215,15747182.058528781,174056.12760974106,17328620.8939209,-9068651.255054474,-1100774.1308659315,43447.61884712428,6230.791024979262,12768718.52000854,43447.61884712428,6230.791024979262,0.00962881251845674
1908,417159919051.1768,7046187457.450152,984284350.9486556,15790629.677375905,180286.91863472032,417142590430.2829,7057831565.0320835,985474944.9518601,15764739.750238271,170470.83554085993,17328620.8939209,-11644107.581931114,-1190594.003204465,25889.927137633786,9816.08309386039,15433994.719223714,25889.927137633786,9816.08309386039,0.00962881251845674
1909,417159919051.1768,7046187457.450152,984284350.9486556,15790629.677375905,180286.91863472032,417142590430.2829,7059894850.02151,985442275.5662926,15764739.750238271,170470.83554085993,17328620.8939209,-13707392.571357727,-1157924.6176370382,25889.927137633786,9816.08309386039,17464610.3230829,25889.927137633786,9816.08309386039,0.00962881251845674
1910,417159919051.1768,7046187457.450152,984284350.9486556,15790629.677375905,180286.91863472032,417144595572.9828,7035169165.988801,988161806.9292225,15470217.462186093,172954.47293486475,15323478.194030762,11018291.461351395,-3877455.9805668592,320412.2151898127,7332.445699855569,-4842313.7516799215,320412.2151898127,7332.445699855569,0.009616046385126562
1911,417159919051.1768,7046187457.450152,984284350.9486556,15790629.677375905,180286.91863472032,417144595572.9828,7036781496.890555,987621781.2737427,15477927.402963474,171488.51427632643,15323478.194030762,9405960.559597015,-3337430.3250870705,312702.2744124308,8798.404358393891,-3770008.505405331,312702.2744124308,8798.404358393891,0.009616046385126562
1912,417159919051.1768,7046187457.450152,984284350.9486556,15790629.677375905,180286.91863472032,417144595572.9828,7030798867.583644,985060656.5419161,15420310.528345488,168649.95381577784,15323478.194030762,15388589.866508484,-776305.5932605267,370319.1490304172,11636.964818942477,-12313762.544143343,370319.1490304172,11636.964818942477,0.009616046385126562
1913,417159919051.1768,7046187457.450152,984284350.9486556,15790629.677375905,180286.91863472032,417088702838.3832,7046736190.551113,984600325.1570933,12709681.216434574,180717.6533760971,71216212.79364014,-548733.1009607315,-315974.2084376812,3080948.4609413315,-430.7347413767711,11547139.228444433,3080948.4609413315,-430.7347413767711,0.009789281124712435
1914,417159919051.1768,7046187457.450152,984284350.9486556,15790629.677375905,180286.91863472032,416999051525.39923,7047253052.4862585,985622524.6414953,15788278.813501446,174295.41903030055,160867525.7775879,-1065595.0361061096,-1338173.6928397417,2350.863874459639,5991.499604419776,26533897.595584035,2350.863874459639,5991.499604419776,0.009486999988016548
1915,417159919051.1768,7046187457.450152,984284350.9486556,15790629.677375905,180286.91863472032,417077274573.31976,7021428582.988208,985090527.2257413,15545906.590206055,170237.50854066375,82644477.85705566,24758874.46194458,-806176.2770856619,244723.08716985025,10049.41009405657,-11556026.506300569,244723.08716985025,10049.41009405657,0.009069409112475278
1916,417159919051.1768,7046187457.450152,984284350.9486556,15790629.677375905,180286.91863472032,416464435297.5829,7083250265.372803,985975670.2812315,16334838.277232952,172700.94576097105,695483753.5939331,-37062807.92265034,-1691319.3325759172,-544208.5998570472,7585.97287374927,143076690.29431623,-544208.5998570472,7585.97287374927,0.00309547133472034
1917,417159919051.1768,7046187457.450152,984284350.9486556,15790629.677375905,180286.91863472032,416464435297.5829,7084053239.376684,985605266.7836992,16334860.32750939,172700.94576097105,695483753.5939331,-37865781.92653179,-1320915.8350435495,-544230.650133485,7585.97287374927,143509260.80066532,-544230.650133485,7585.97287374927,0.00309547133472034
1918,417159919051.1768,7046187457.450152,984284350.9486556,15790629.677375905,180286.91863472032,416464435297.5829,7083740189.593804,985900148.8952167,16333917.162414325,172700.94576097105,695483753.5939331,-37552732.14365196,-1615797.946561098,-543287.4850384202,7585.97287374927,143491093.12930304,-543287.4850384202,7585.97287374927,0.00309547133472034
1919,417159919051.1768,7046187457.450152,984284350.9486556,15790629.677375905,180286.91863472032,416781805133.57196,7038473182.434801,984024584.2934281,14044550.464369329,172249.07862226036,378113917.6048584,7714275.0153512955,259766.65522754192,1746079.2130065765,8037.8400124599575,48743045.97014992,1746079.2130065765,8037.8400124599575,0.007391852199803225
