destination,age,wage,tax_rate,rentgrs,hccost
1,40,30052.26296040082,0.03999999999999998,543.5772481369345,5310.015216543114
1,41,33240.42368708643,0.04000000000000003,527.896205132947,5310.015216543114
1,42,32533.931247190412,0.03999999999999996,480.4633768225174,5310.015216543114
1,43,32483.245501813308,0.03999999999999992,505.0473523214894,5310.015216543114
1,44,31715.553896768095,0.03999999999999994,447.89577434747935,5310.015216543114
1,45,32986.01434609612,0.04000000000000004,473.25232066186146,5310.015216543114
1,46,31863.46612663353,0.03999999999999996,448.6485785381795,5310.015216543114
1,47,30876.951351027503,0.03999999999999997,439.4471680705335,5310.015216543114
1,48,31010.016426720787,0.04000000000000005,448.6299499575896,5310.015216543114
1,49,29197.047070212044,0.04000000000000002,449.07877041224305,5310.015216543114
1,50,27455.775889708253,0.03999999999999999,446.82204685943975,5310.015216543114
1,51,38944.32928337095,0.03999999999999994,440.7535590664936,5310.015216543114
1,52,29232.1725057121,0.03999999999999999,426.4519811811252,5310.015216543114
1,53,25564.727032337465,0.03999999999999999,405.4661129449343,5310.015216543114
1,54,31742.253293155423,0.03999999999999997,432.2326359387335,5310.015216543114
1,55,28688.00996324046,0.03999999999999996,422.04682097807154,5310.015216543114
1,56,24743.281602861724,0.03999999999999999,385.6487898018224,5310.015216543114
1,57,23492.72119001268,0.04000000000000009,440.39832551832376,5310.015216543114
1,58,23157.787154880996,0.03999999999999994,354.2130305496241,5310.015216543114
1,59,27350.531096656396,0.03999999999999999,350.64041465411174,5310.015216543114
1,60,28281.488714120696,0.04000000000000005,350.49539928540383,5310.015216543114
1,61,25689.002897440205,0.04000000000000002,315.8053667543221,5310.015216543114
1,62,19059.87633310643,0.04000000000000001,287.147744168849,5310.015216543114
1,63,16488.82352941176,0.03999999999999998,301.84690629836376,5310.015216543114
1,64,17825.74392727485,0.03999999999999995,298.8686651460005,5310.015216543114
1,65,13707.70284263621,0.04000000000000005,264.7680393574671,5310.015216543114
1,66,15219.01316711022,0.03999999999999993,268.6966306972203,5310.015216543114
1,67,9261.617619281473,0.03999999999999999,306.21835875658905,5310.015216543114
1,68,9646.797901297889,0.04000000000000001,246.3483796452308,5310.015216543114
1,69,5912.368225992424,0.04000000000000005,333.85599034323843,5310.015216543114
1,70,7688.092750480512,0.04000000000000006,280.5342573244045,5310.015216543114
1,71,3229.364279588333,0.04,265.33103480847427,5310.015216543114
1,72,2646.1357569594497,0.04000000000000001,311.5529484727348,5310.015216543114
1,73,5328.821226358272,0.04000000000000001,330.2817462567211,5310.015216543114
1,74,1846.16833748234,0.04000000000000002,238.65071435048804,5310.015216543114
1,75,3532.7884132788427,0.04,326.57987263727654,5310.015216543114
1,76,3575.570542952516,0.03999999999999999,185.84400645088,5310.015216543114
1,77,1913.7454000272587,0.04000000000000001,312.99051888849556,5310.015216543114
1,78,2274.39256788947,0.03999999999999998,350.6036022472553,5310.015216543114
1,79,2127.8365831012075,0.04000000000000001,286.39253631127923,5310.015216543114
1,80,2227.4176231025535,0.03999999999999997,252.3881961498043,5310.015216543114
2,40,36787.45454545455,0,830.6915571815522,5174.126182965299
2,41,56027.688275156615,0,772.2656776588888,5174.126182965299
2,42,40959.702135516054,0,775.5131921935247,5174.126182965299
2,43,46429.89646554803,0,646.9222494791596,5174.126182965299
2,44,39513.447774221706,0,915.1922586253352,5174.126182965299
2,45,37301.14314414867,0,793.0481832639656,5174.126182965299
2,46,75572.99131649868,0,489.15093348575346,5174.126182965299
2,47,39403.48844672658,0,630.8545062754721,5174.126182965299
2,48,38598.840294095346,0,630.1567703218038,5174.126182965299
2,49,46702.98985167839,0,647.099225623592,5174.126182965299
2,50,40554.34219816425,0,694.8668390192431,5174.126182965299
2,51,32781.557192919405,0,702.6727109191221,5174.126182965299
2,52,36111.61257083975,0,665.8662813703118,5174.126182965299
2,53,40818.72046109508,0,490.6174018939713,5174.126182965299
2,54,39824.58583623142,0,672.3348685166164,5174.126182965299
2,55,35966.38114115814,0,702.7668473981342,5174.126182965299
2,56,52773.38108231012,0,623.0812911488631,5174.126182965299
2,57,37316.05963085661,0,701.0455314161987,5174.126182965299
2,58,35424.54576619815,0,578.9804751858793,5174.126182965299
2,59,48218.32442682296,0,684.8206018319407,5174.126182965299
2,60,39463.35635616949,0,457.55769640420914,5174.126182965299
2,61,37760.211451325,0,618.6652656193946,5174.126182965299
2,62,31147.392197125264,0,520.8643349551357,5174.126182965299
2,63,32193.939923157533,0,637.1159573699896,5174.126182965299
2,64,12379.026485325696,0,560.4350533284234,5174.126182965299
2,65,14765.607210626193,0,845.2223231221136,5174.126182965299
2,66,21292.37162362719,0,573.2820907450258,5174.126182965299
2,67,9428.733114275285,0,551.5877424130673,5174.126182965299
2,68,19876.35627530364,0,342.4313697776284,5174.126182965299
2,69,22578.419811320753,0,785.6364922463162,5174.126182965299
2,70,1429.0372670807456,0,452.1507948097642,5174.126182965299
2,71,7235.851226993865,0,660.2559529721631,5174.126182965299
2,72,2929.462915601023,0,431.5656781140472,5174.126182965299
2,73,1267.6392572944296,0,475.2450244902989,5174.126182965299
2,74,2226.424870466321,0,569.3025807303068,5174.126182965299
2,75,5302.096177558569,0,659.3810710989825,5174.126182965299
2,76,13251.251251251251,0,713.4385596939355,5174.126182965299
2,77,0,0,618.3172858416506,5174.126182965299
2,78,0,0,469.3721793213959,5174.126182965299
2,79,227.2,0,567.4173190076825,5174.126182965299
2,80,0,0,584.0873489248669,5174.126182965299
4,40,36636.90286639802,0.0336,692.1081496903413,5377.059392265193
4,41,42489.75901816418,0.0336,642.0744803570386,5377.059392265193
4,42,40456.772364985576,0.0336,682.0308751706327,5377.059392265193
4,43,41190.62821864177,0.03360000000000004,674.7582106120493,5377.059392265193
4,44,38553.9241286165,0.0336000000000001,649.4349528225177,5377.059392265193
4,45,39720.027814872454,0.03360000000000002,639.6322150851322,5377.059392265193
4,46,38212.12884141331,0.03359999999999999,612.0039855208038,5377.059392265193
4,47,40041.592255007934,0.03359999999999998,690.9288517597465,5377.059392265193
4,48,37805.19848899107,0.03359999999999999,609.325330319184,5377.059392265193
4,49,42289.01050022575,0.03360000000000002,573.2246867360067,5377.059392265193
4,50,38473.37800510618,0.0336,591.6979733382643,5377.059392265193
4,51,37829.696834738286,0.03359999999999995,610.0446026164032,5377.059392265193
4,52,35641.05688482049,0.03360000000000002,532.1502138988968,5377.059392265193
4,53,38960.07502469847,0.03359999999999998,543.4401402941537,5377.059392265193
4,54,35242.423365053655,0.03360000000000004,538.7765917901932,5377.059392265193
4,55,37810.39563186367,0.03360000000000007,486.0679667820877,5377.059392265193
4,56,33675.571056279434,0.0336,482.7571311759348,5377.059392265193
4,57,29830.471595190706,0.03360000000000004,468.3994800839703,5377.059392265193
4,58,28984.73724125066,0.03359999999999998,475.8806303260721,5377.059392265193
4,59,32217.735315214828,0.03360000000000004,454.93412595324656,5377.059392265193
4,60,28352.429769339877,0.03359999999999995,444.56615486611656,5377.059392265193
4,61,27635.27369756585,0.03360000000000006,459.566934552425,5377.059392265193
4,62,25758.47472140331,0.03359999999999999,378.7524446556549,5377.059392265193
4,63,18139.399630668224,0.03360000000000003,404.2701506385227,5377.059392265193
4,64,19068.72386384493,0.03360000000000006,390.8294286621236,5377.059392265193
4,65,17549.428089819994,0.03359999999999995,331.51206196657546,5377.059392265193
4,66,13519.35522283792,0.03360000000000006,307.64842495047117,5377.059392265193
4,67,14120.351349628703,0.03359999999999991,372.1762576541582,5377.059392265193
4,68,9778.676843867575,0.03360000000000002,360.37106883890175,5377.059392265193
4,69,9065.91910185886,0.0336,345.8387862288008,5377.059392265193
4,70,7314.285997882474,0.03360000000000001,323.2959400568482,5377.059392265193
4,71,4794.468066681095,0.03359999999999995,370.1752784187608,5377.059392265193
4,72,7729.329409833759,0.03360000000000001,359.0613507707308,5377.059392265193
4,73,2095.0914656190503,0.03360000000000002,386.5058653713541,5377.059392265193
4,74,5139.507449653448,0.03360000000000007,384.9800598308952,5377.059392265193
4,75,2610.379409292485,0.03360000000000004,410.2155279565343,5377.059392265193
4,76,3133.834709660507,0.03360000000000003,493.5407571021384,5377.059392265193
4,77,3083.255152569596,0.03360000000000002,323.1931593123954,5377.059392265193
4,78,2300.7330901737014,0.03359999999999998,501.03244777202366,5377.059392265193
4,79,3398.45519249434,0.03360000000000002,521.9180243813795,5377.059392265193
4,80,2694.334033523386,0.0336,441.9861182204459,5377.059392265193
5,40,27467.46848183971,0.03499999999999995,426.99322712946486,5254.895004625347
5,41,24821.625567813106,0.03499999999999998,489.37315603324856,5254.895004625347
5,42,23632.413864139668,0.03499999999999997,503.14340919693586,5254.895004625347
5,43,30697.239723750747,0.03499999999999997,459.69716908529824,5254.895004625347
5,44,26514.63503783035,0.03500000000000006,456.6928617348747,5254.895004625347
5,45,27007.6845840907,0.03500000000000001,504.0682919616051,5254.895004625347
5,46,31448.40090614614,0.03500000000000004,463.2389355437916,5254.895004625347
5,47,25214.35447265874,0.03499999999999995,442.45512750067235,5254.895004625347
5,48,30216.68367944187,0.03499999999999999,418.6935593881753,5254.895004625347
5,49,24659.883630028347,0.03500000000000001,427.2613731120296,5254.895004625347
5,50,22875.2793222134,0.035,393.0201226048158,5254.895004625347
5,51,23890.70632840292,0.03499999999999999,469.68625175933,5254.895004625347
5,52,26346.616600980506,0.03500000000000004,354.8115805287649,5254.895004625347
5,53,23618.485725066043,0.03500000000000001,364.927033347368,5254.895004625347
5,54,27639.603738317757,0.03500000000000002,403.20875023582136,5254.895004625347
5,55,19778.633720930226,0.035,334.7642351897713,5254.895004625347
5,56,24384.15172281287,0.03499999999999999,354.0499592444248,5254.895004625347
5,57,25475.890180595143,0.03499999999999996,384.25482612160056,5254.895004625347
5,58,21055.145438519165,0.03500000000000002,351.2268671096559,5254.895004625347
5,59,22293.864600380733,0.035,319.0690026578355,5254.895004625347
5,60,17628.79117089152,0.03499999999999999,346.5378196360112,5254.895004625347
5,61,26225.865811010568,0.03500000000000002,324.75669586342883,5254.895004625347
5,62,15586.381622953702,0.03500000000000002,292.30582213972673,5254.895004625347
5,63,13225.406012439527,0.03500000000000002,295.0018152237251,5254.895004625347
5,64,14245.313494375496,0.03500000000000006,371.5106617509083,5254.895004625347
5,65,9976.35304272767,0.03500000000000002,336.24717238943896,5254.895004625347
5,66,9818.165354735813,0.03499999999999999,236.6298859913415,5254.895004625347
5,67,8351.523293191956,0.03499999999999999,274.89588979580896,5254.895004625347
5,68,8524.353909465017,0.03500000000000001,313.3137228000444,5254.895004625347
5,69,13531.19111980216,0.035,297.1911110189006,5254.895004625347
5,70,4714.132851985563,0.03500000000000003,289.31266725519714,5254.895004625347
5,71,2075.169701199011,0.03500000000000004,289.7688080343652,5254.895004625347
5,72,2062.8337966472914,0.03499999999999999,188.8363366957994,5254.895004625347
5,73,2058.736217133163,0.03499999999999999,345.0205894577005,5254.895004625347
5,74,3563.4917664670647,0.03500000000000001,268.48775784824323,5254.895004625347
5,75,3415.7100929398334,0.03499999999999999,341.9055696835023,5254.895004625347
5,76,944.8169518503784,0.03500000000000002,297.90971269164856,5254.895004625347
5,77,1450.5881817354093,0.03499999999999999,372.7875404462763,5254.895004625347
5,78,1290.3707404816623,0.03499999999999999,437.9336640076745,5254.895004625347
5,79,5329.452157038367,0.03500000000000002,421.277181480617,5254.895004625347
5,80,138.52203389830507,0.03499999999999999,323.9640368626893,5254.895004625347
6,40,49325.09116082357,0.0849999999999996,1004.7175117514034,5512.311436221603
6,41,49893.01276565352,0.08499999999999996,1009.659767083198,5512.311436221603
6,42,48129.10211279099,0.08499999999999985,1032.462745890526,5512.311436221603
6,43,49344.63832309071,0.08499999999999981,982.4923451693384,5512.311436221603
6,44,48372.40979397651,0.0849999999999998,998.3335214292116,5512.311436221603
6,45,49004.88436972337,0.08500000000000027,1013.3532319306208,5512.311436221603
6,46,49616.640975237875,0.0849999999999998,987.4624525592322,5512.311436221603
6,47,49376.81973057833,0.08499999999999985,962.0110448791912,5512.311436221603
6,48,44733.4801336708,0.08499999999999977,1021.4324911899068,5512.311436221603
6,49,45880.85166662141,0.08499999999999978,965.1596292059522,5512.311436221603
6,50,45840.9083471808,0.08499999999999977,922.7684255081492,5512.311436221603
6,51,45095.356913820135,0.08499999999999944,914.4271874619092,5512.311436221603
6,52,45983.94904612534,0.08499999999999999,909.0865287606408,5512.311436221603
6,53,46361.973036186806,0.08499999999999974,862.4475888808471,5512.311436221603
6,54,44686.531207091786,0.08499999999999953,892.2096530361863,5512.311436221603
6,55,46350.27156334045,0.08499999999999978,893.466973706035,5512.311436221603
6,56,42894.64653151362,0.08499999999999974,829.1467836298805,5512.311436221603
6,57,40141.127115427014,0.08499999999999978,890.5199395821679,5512.311436221603
6,58,40079.923730479975,0.08499999999999999,809.5188683526096,5512.311436221603
6,59,40650.46977937116,0.08499999999999978,796.1472352328657,5512.311436221603
6,60,35461.10312452562,0.08499999999999952,768.4089157016624,5512.311436221603
6,61,35823.319111804536,0.08499999999999966,769.0543954620654,5512.311436221603
6,62,29883.367395398247,0.08499999999999958,737.7511444302971,5512.311436221603
6,63,25676.306956705943,0.08499999999999999,677.6295653703841,5512.311436221603
6,64,27581.959599864695,0.08499999999999992,673.49556761798,5512.311436221603
6,65,21455.910921905393,0.08500000000000012,671.5377920140977,5512.311436221603
6,66,20009.25997624702,0.08500000000000016,662.3512880776534,5512.311436221603
6,67,18859.256544377706,0.08500000000000019,679.2471415738853,5512.311436221603
6,68,14080.92476906376,0.08500000000000031,607.2634677141298,5512.311436221603
6,69,14402.042526503998,0.08500000000000049,640.1355851895612,5512.311436221603
6,70,9302.354190414248,0.08500000000000026,609.0200023591364,5512.311436221603
6,71,6384.820012304012,0.08500000000000037,587.4835885083637,5512.311436221603
6,72,8436.530136087014,0.0850000000000004,661.226898620547,5512.311436221603
6,73,5816.711668908937,0.08500000000000023,613.0929764621609,5512.311436221603
6,74,7150.382391344911,0.08500000000000041,641.4655201191671,5512.311436221603
6,75,4241.509477392364,0.0850000000000001,668.3842314089623,5512.311436221603
6,76,4205.086815725193,0.08500000000000006,580.6815910519548,5512.311436221603
6,77,5606.4767637178065,0.08500000000000012,634.9567536801082,5512.311436221603
6,78,2561.64618192493,0.08500000000000021,652.4789167798828,5512.311436221603
6,79,4321.994189458019,0.08500000000000003,741.7374633622286,5512.311436221603
6,80,2253.4428414012236,0.0850000000000001,651.7398409850204,5512.311436221603
8,40,44925.05045361975,0.04630000000000003,689.48106024614,5109.245974955277
8,41,46089.99080719867,0.04630000000000006,698.6540699117651,5109.245974955277
8,42,41019.15757025339,0.04629999999999997,659.2003413782323,5109.245974955277
8,43,43066.6002459815,0.04630000000000009,644.6579049021589,5109.245974955277
8,44,44172.34854412724,0.0463,670.5821513421319,5109.245974955277
8,45,47804.83956806784,0.04629999999999998,697.0569298511991,5109.245974955277
8,46,47286.38644851316,0.04629999999999998,674.6713965312102,5109.245974955277
8,47,41751.19735054346,0.04629999999999993,675.6632306366655,5109.245974955277
8,48,42126.772232400195,0.04629999999999999,675.7905083703172,5109.245974955277
8,49,45293.3894751315,0.04630000000000005,639.6574949260818,5109.245974955277
8,50,44056.271041401626,0.0463,645.1239894959085,5109.245974955277
8,51,45835.467207978705,0.04630000000000001,626.6420144062647,5109.245974955277
8,52,44374.00593402488,0.04630000000000001,608.7430528103031,5109.245974955277
8,53,44467.86981925411,0.04630000000000001,564.9530122777284,5109.245974955277
8,54,47137.936395323755,0.04630000000000008,560.5158098144256,5109.245974955277
8,55,38098.99925283238,0.04629999999999997,566.0550693581722,5109.245974955277
8,56,43027.74262295084,0.04629999999999995,572.7183016930409,5109.245974955277
8,57,41333.545570367576,0.04629999999999995,580.7109588644563,5109.245974955277
8,58,39889.12849669465,0.04629999999999996,516.0269554616939,5109.245974955277
8,59,29532.8162920945,0.0463,563.9735733590871,5109.245974955277
8,60,33598.13222993418,0.04630000000000003,525.5174055188855,5109.245974955277
8,61,28537.81981254383,0.0463,456.6045088038622,5109.245974955277
8,62,25444.612309825858,0.04629999999999997,456.92191421843455,5109.245974955277
8,63,24883.849699171307,0.04630000000000002,478.3301066361669,5109.245974955277
8,64,21415.69106592457,0.04630000000000003,415.0046669959741,5109.245974955277
8,65,16886.614387906597,0.04630000000000002,503.7342468890259,5109.245974955277
8,66,17460.133563485102,0.04630000000000005,435.48849913015346,5109.245974955277
8,67,13648.919132014673,0.04630000000000003,429.6487249262772,5109.245974955277
8,68,18204.44056757385,0.04629999999999996,439.9210656228264,5109.245974955277
8,69,12748.12060550914,0.04630000000000003,426.8725214226456,5109.245974955277
8,70,9050.464888358618,0.04629999999999999,406.94138701994433,5109.245974955277
8,71,7103.890681343712,0.04630000000000001,584.8596205969136,5109.245974955277
8,72,6868.349061145889,0.04630000000000004,406.6734477799554,5109.245974955277
8,73,3966.358839050132,0.04629999999999997,389.0767028149028,5109.245974955277
8,74,7012.768528464015,0.04629999999999997,508.31894200934886,5109.245974955277
8,75,2750.004233444208,0.04629999999999998,448.2712612712791,5109.245974955277
8,76,1705.6612037298676,0.04629999999999999,474.5297139535843,5109.245974955277
8,77,4064.3703378674863,0.04630000000000001,468.51285105682274,5109.245974955277
8,78,10200.947465177122,0.04630000000000003,539.8654028472185,5109.245974955277
8,79,2896.8401749188884,0.04629999999999998,536.2910860815065,5109.245974955277
8,80,2469.733691314129,0.04630000000000001,582.384238990464,5109.245974955277
9,40,50157.40885093722,0.05750000000000006,766.1274490154364,5340.4929322218195
9,41,54877.634638346026,0.05749999999999999,714.4168090429612,5340.4929322218195
9,42,53882.64743285567,0.05750000000000004,828.7003519785914,5340.4929322218195
9,43,54537.2445995477,0.05750000000000004,744.6011697736395,5340.4929322218195
9,44,53518.42776052268,0.05750000000000001,711.7223367763221,5340.4929322218195
9,45,51314.11957210938,0.05749999999999995,785.0366090870483,5340.4929322218195
9,46,51509.987104833664,0.05750000000000001,803.0653818603738,5340.4929322218195
9,47,46063.80313482272,0.0575,740.0641153756445,5340.4929322218195
9,48,59996.30504676541,0.05750000000000003,812.5777502587166,5340.4929322218195
9,49,51235.66492673753,0.05750000000000003,782.8379538645572,5340.4929322218195
9,50,46184.125751676154,0.05750000000000009,614.3998049115461,5340.4929322218195
9,51,54430.71198512659,0.05750000000000002,744.2381434704142,5340.4929322218195
9,52,47768.974553840504,0.05750000000000002,699.8364451054447,5340.4929322218195
9,53,46356.09130989059,0.05750000000000006,610.4056381334519,5340.4929322218195
9,54,41513.91860880206,0.05750000000000003,618.8792363336527,5340.4929322218195
9,55,45364.85032740875,0.05749999999999999,642.540912229545,5340.4929322218195
9,56,42246.885126745205,0.05749999999999997,592.1755985941376,5340.4929322218195
9,57,45148.64132600209,0.05750000000000001,626.5736282739051,5340.4929322218195
9,58,32911.63725156862,0.05749999999999997,590.6080260176367,5340.4929322218195
9,59,43218.682571037825,0.05750000000000001,659.6428953049698,5340.4929322218195
9,60,38394.31333988857,0.05750000000000006,608.0511730073748,5340.4929322218195
9,61,41122.040659393446,0.05749999999999995,580.5117136482065,5340.4929322218195
9,62,28724.496564795085,0.05750000000000003,607.8689704884313,5340.4929322218195
9,63,31203.258243552093,0.05750000000000006,503.737087705591,5340.4929322218195
9,64,26199.07676074913,0.05749999999999996,458.36375730590623,5340.4929322218195
9,65,24829.99336796725,0.05749999999999994,597.168183015009,5340.4929322218195
9,66,38255.61876832845,0.0575,665.8924957641038,5340.4929322218195
9,67,14313.897339827652,0.05749999999999999,514.0441674922081,5340.4929322218195
9,68,7602.969630688985,0.05749999999999997,445.196086654418,5340.4929322218195
9,69,16551.108457117265,0.05749999999999999,577.0710109685517,5340.4929322218195
9,70,10846.6550684296,0.0575,468.2371383401168,5340.4929322218195
9,71,8944.910049064149,0.05750000000000001,478.5264477704875,5340.4929322218195
9,72,5209.319034852547,0.0575,553.3623773480108,5340.4929322218195
9,73,8118.105560791704,0.05749999999999997,324.16755714549635,5340.4929322218195
9,74,5417.536482809793,0.05749999999999996,469.3425760907016,5340.4929322218195
9,75,13281.088449111472,0.05750000000000001,552.5357427006658,5340.4929322218195
9,76,2476.6161561103227,0.05749999999999997,465.3350264650133,5340.4929322218195
9,77,4483.037974683543,0.05749999999999997,515.8286900046953,5340.4929322218195
9,78,3850.935828877005,0.0575,429.4778893813833,5340.4929322218195
9,79,2816.835423908115,0.05749999999999999,622.6821568526753,5340.4929322218195
9,80,1908.0210299272037,0.05749999999999995,678.2039433693743,5340.4929322218195
10,40,44379.31722054379,0.04999999999999996,623.0217322570956,5351.281818181818
10,41,44251.79451090781,0.05000000000000002,768.7849721032347,5351.281818181818
10,42,44213.985568760625,0.05,444.4262560534677,5351.281818181818
10,43,41964.06419900204,0.05000000000000005,616.9502076526157,5351.281818181818
10,44,34567.6581114576,0.05000000000000002,688.0933408140218,5351.281818181818
10,45,48480.841703869046,0.05,492.1979355646215,5351.281818181818
10,46,53492.61571390351,0.05,609.1186893415888,5351.281818181818
10,47,54341.975903614446,0.04999999999999999,630.3533722016354,5351.281818181818
10,48,33190.43439238917,0.05000000000000004,654.886073927322,5351.281818181818
10,49,45267.19157367819,0.05000000000000003,538.1830991777668,5351.281818181818
10,50,47911.90319754709,0.05,646.534501200937,5351.281818181818
10,51,33942.69538566321,0.05000000000000001,562.5923835255381,5351.281818181818
10,52,37971.09606824927,0.05000000000000002,602.8920112867784,5351.281818181818
10,53,35693.81136238279,0.05,510.7726073654787,5351.281818181818
10,54,57133.07241692758,0.05,425.6853395428227,5351.281818181818
10,55,40525.3136531365,0.04999999999999997,375.6704995892569,5351.281818181818
10,56,48754.6202768425,0.05,432.9231539716038,5351.281818181818
10,57,39848.23915751331,0.05,380.26257378792087,5351.281818181818
10,58,38777.05476121,0.04999999999999999,362.5974475819295,5351.281818181818
10,59,29261.52125279642,0.04999999999999999,598.7611741724626,5351.281818181818
10,60,40761.27464218201,0.05000000000000001,487.15963180378026,5351.281818181818
10,61,34737.215080479626,0.04999999999999999,430.94676560959897,5351.281818181818
10,62,26433.53029922052,0.04999999999999999,376.5315757278608,5351.281818181818
10,63,33432.836941559246,0.04999999999999997,296.3200500097351,5351.281818181818
10,64,30669.973349126452,0.05000000000000002,284.24298741639626,5351.281818181818
10,65,18723.761131482457,0.05000000000000002,336.07650125249074,5351.281818181818
10,66,20116.878317680683,0.05,227.85348911591012,5351.281818181818
10,67,20994.511784511786,0.04999999999999999,404.98819918410067,5351.281818181818
10,68,7572.254598057453,0.05000000000000003,336.26971781661535,5351.281818181818
10,69,14239.508242525846,0.05,292.74510998723724,5351.281818181818
10,70,15961.512467956183,0.04999999999999999,262.5807574927195,5351.281818181818
10,71,7467.831590533846,0.05000000000000001,327.2057157191342,5351.281818181818
10,72,4220.024752475248,0.04999999999999998,265.75893242008095,5351.281818181818
10,73,5275.736410567872,0.04999999999999999,544.6552371295588,5351.281818181818
10,74,3666.427030913011,0.04999999999999999,247.3337656118029,5351.281818181818
10,75,858.0720092915216,0.04999999999999999,229.88723765541235,5351.281818181818
10,76,1544.5539112050742,0.05,314.6621749599109,5351.281818181818
10,77,1237.2469635627529,0.04999999999999999,457.70745694252366,5351.281818181818
10,78,575.4818467055132,0.05,484.92582486461777,5351.281818181818
10,79,1573.8658777120318,0.04999999999999999,409.3280044301164,5351.281818181818
10,80,1377.072808320951,0.05000000000000001,337.61495919447253,5351.281818181818
11,40,63217.34700808259,0.0725,868.8318978891906,5122.930881164107
11,41,68876.67938931298,0.07250000000000004,916.5279703547272,5122.930881164107
11,42,83193.07328408996,0.07249999999999997,757.2367583122171,5122.930881164107
11,43,62303.1096911608,0.0725,954.5588975184612,5122.930881164107
11,44,50862.07129354577,0.0725,1170.7219537170618,5122.930881164107
11,45,74252.0474639367,0.07249999999999994,760.9683978919214,5122.930881164107
11,46,67446.038826931,0.0725,1039.8626582382058,5122.930881164107
11,47,61852.12063086105,0.07250000000000001,811.5807534488371,5122.930881164107
11,48,52498.91254578755,0.07250000000000001,974.4707113293198,5122.930881164107
11,49,52794.63751138877,0.07249999999999997,1192.654088244671,5122.930881164107
11,50,74866.86546463244,0.07249999999999998,818.1107739545006,5122.930881164107
11,51,49570.73310423824,0.07249999999999998,864.2790407270189,5122.930881164107
11,52,45742.55985267035,0.07249999999999995,1105.7653065919394,5122.930881164107
11,53,58734.050613729334,0.07249999999999998,886.3098313564515,5122.930881164107
11,54,51842.87909230586,0.07249999999999998,882.6835299098997,5122.930881164107
11,55,63643.482955421874,0.07250000000000001,962.8777355509988,5122.930881164107
11,56,53888.67346938775,0.07249999999999998,904.5466832117788,5122.930881164107
11,57,51026.64027709058,0.07250000000000004,968.060504824164,5122.930881164107
11,58,43522.74330042311,0.07249999999999998,860.324884145954,5122.930881164107
11,59,35074.71813491306,0.07249999999999998,953.5802877019275,5122.930881164107
11,60,47096.419566313656,0.07249999999999995,718.243231280773,5122.930881164107
11,61,78873.80186555165,0.07249999999999998,898.3620259358124,5122.930881164107
11,62,56944.16510318949,0.07250000000000001,882.4651740186838,5122.930881164107
11,63,71344.15954415956,0.07250000000000001,886.6756799891234,5122.930881164107
11,64,59767.77813401732,0.07250000000000001,774.0320238564583,5122.930881164107
11,65,40111.0544217687,0.07249999999999997,608.8052535956336,5122.930881164107
11,66,50488.799478033936,0.0725,655.7370454206765,5122.930881164107
11,67,10264.789669861557,0.07250000000000001,506.527731880888,5122.930881164107
11,68,26159.23076923077,0.0725,307.0568300136878,5122.930881164107
11,69,8793.338437978562,0.07250000000000004,586.9512448925078,5122.930881164107
11,70,39163.693053311785,0.07249999999999998,642.2082601970158,5122.930881164107
11,71,28152.377828796325,0.0725,1222.3015733219795,5122.930881164107
11,72,1155.6323427781615,0.0725,575.7098922751064,5122.930881164107
11,73,21878.51002865329,0.07249999999999998,611.031247735094,5122.930881164107
11,74,27579.18983320096,0.0725,710.638411581264,5122.930881164107
11,75,284.4799999999999,0.07249999999999997,687.8665554162162,5122.930881164107
11,76,146.40883977900552,0.07249999999999998,736.7522373059479,5122.930881164107
11,77,2214.2649199417756,0.07249999999999998,525.3205916163711,5122.930881164107
11,78,340.2027027027027,0.0725,476.2632374152033,5122.930881164107
11,79,1124.4738424533975,0.0725,542.3735144279805,5122.930881164107
11,80,5775.327360441076,0.0725,280.72789028222115,5122.930881164107
12,40,35763.645399443994,0,765.4213369942173,5431.667909591029
12,41,35695.39903017966,0,755.6757321732754,5431.667909591029
12,42,34578.850229226264,0,780.3452094173607,5431.667909591029
12,43,39610.82670628345,0,743.6296607614628,5431.667909591029
12,44,38032.746049945505,0,724.3169729662512,5431.667909591029
12,45,36960.882303898215,0,726.2189610316332,5431.667909591029
12,46,37654.07048468632,0,727.8597435180561,5431.667909591029
12,47,37929.50957566648,0,696.3650430302602,5431.667909591029
12,48,39242.31645442127,0,720.2807776661971,5431.667909591029
12,49,36986.85299925784,0,672.2973445130806,5431.667909591029
12,50,36791.161137592375,0,656.2808385497448,5431.667909591029
12,51,36134.53904190326,0,663.9839973428809,5431.667909591029
12,52,35307.712762482675,0,642.0510032695051,5431.667909591029
12,53,37736.692792731235,0,600.8034911483868,5431.667909591029
12,54,36267.652661191816,0,614.8330820600648,5431.667909591029
12,55,35562.38635738078,0,566.96222938518315,5431.667909591029
12,56,34775.21845108828,0,537.6549489349956,5431.667909591029
12,57,33258.336332445615,0,498.3152049897768,5431.667909591029
12,58,36003.92831560976,0,523.8029866827866,5431.667909591029
12,59,30207.446775512,0,484.9474178572699,5431.667909591029
12,60,30392.057487757065,0,512.5439467361837,5431.667909591029
12,61,27840.41738583902,0,457.3303989248794,5431.667909591029
12,62,22656.993433809363,0,440.6995142031014,5431.667909591029
12,63,20357.403750999205,0,416.2588251618419,5431.667909591029
12,64,20501.25093580626,0,433.7245660751279,5431.667909591029
12,65,20847.255597336018,0,392.6240588915518,5431.667909591029
12,66,16593.37391851978,0,348.70173857063367,5431.667909591029
12,67,11982.7902639576,0,357.52643841172403,5431.667909591029
12,68,11144.00783902567,0,371.5481006369432,5431.667909591029
12,69,10046.900574052834,0,355.91677965053617,5431.667909591029
12,70,9842.619563931716,0,361.6121577774485,5431.667909591029
12,71,7002.090034301165,0,322.13841850527626,5431.667909591029
12,72,6956.510236680036,0,362.01347432522743,5431.667909591029
12,73,4054.318023127092,0,362.6984390872769,5431.667909591029
12,74,4653.785739450929,0,340.37011207229546,5431.667909591029
12,75,4421.109348452563,0,369.2944542064588,5431.667909591029
12,76,3996.214590147687,0,414.7012433531183,5431.667909591029
12,77,3545.893802287867,0,397.3647272335004,5431.667909591029
12,78,3045.599671879661,0,384.1807121009609,5431.667909591029
12,79,2692.730470796635,0,404.2894792098532,5431.667909591029
12,80,2888.034344219802,0,508.99322480380306,5431.667909591029
13,40,36933.17391882767,0.035,666.4902104269787,5294.5763157894735
13,41,40567.00377248198,0.03500000000000003,645.4703302672318,5294.5763157894735
13,42,38721.4692108584,0.03499999999999999,670.3396887117633,5294.5763157894735
13,43,39077.025648931594,0.0349999999999999,609.1442034111003,5294.5763157894735
13,44,36181.65473276275,0.03500000000000009,615.8375845350623,5294.5763157894735
13,45,40236.085448507256,0.0349999999999999,634.8412176998879,5294.5763157894735
13,46,38775.53945499161,0.03500000000000006,610.5352535709819,5294.5763157894735
13,47,41631.34888626123,0.03500000000000004,587.630547181135,5294.5763157894735
13,48,39530.44745993196,0.03500000000000006,613.458161609376,5294.5763157894735
13,49,37681.56198211384,0.03500000000000005,563.2315725154674,5294.5763157894735
13,50,39785.67910651834,0.03500000000000004,540.4653667427348,5294.5763157894735
13,51,39254.42968134414,0.03500000000000004,579.2375722824339,5294.5763157894735
13,52,39384.01216234079,0.03499999999999995,534.0158691940384,5294.5763157894735
13,53,38858.44115685941,0.03499999999999997,539.6635734310237,5294.5763157894735
13,54,37750.5076888866,0.03500000000000005,561.76556109563,5294.5763157894735
13,55,34609.61324676081,0.03499999999999998,497.56715175884096,5294.5763157894735
13,56,40309.68028766896,0.03499999999999999,500.07383434488526,5294.5763157894735
13,57,39099.001227255794,0.03500000000000008,472.7861550727496,5294.5763157894735
13,58,32239.257432113613,0.03500000000000005,495.3000396882921,5294.5763157894735
13,59,30642.255381722574,0.03499999999999991,478.0852100925354,5294.5763157894735
13,60,26612.671807217735,0.03500000000000011,468.8191621454461,5294.5763157894735
13,61,26171.92652764306,0.03499999999999998,464.35671501564696,5294.5763157894735
13,62,19700.574157396422,0.03500000000000004,408.4069959394527,5294.5763157894735
13,63,20340.55865921788,0.035,405.9665698193374,5294.5763157894735
13,64,23410.922781854555,0.035,466.8013243455438,5294.5763157894735
13,65,15620.89348645566,0.03499999999999998,371.7523173942356,5294.5763157894735
13,66,14177.088346144834,0.03500000000000002,353.0973515812094,5294.5763157894735
13,67,15812.909309209828,0.03499999999999997,375.36913601112497,5294.5763157894735
13,68,11498.763508033577,0.035,382.905438597149,5294.5763157894735
13,69,10190.613527252191,0.03499999999999999,308.32100393729735,5294.5763157894735
13,70,9480.95243305342,0.03499999999999998,411.5775017231965,5294.5763157894735
13,71,5977.1410113349375,0.03499999999999999,386.30491188853335,5294.5763157894735
13,72,6465.357095534647,0.035,347.2423607663511,5294.5763157894735
13,73,3789.36936936937,0.03500000000000004,364.75547709535493,5294.5763157894735
13,74,5127.761444771106,0.03500000000000004,363.6045119998513,5294.5763157894735
13,75,1595.8921641482962,0.03500000000000004,361.8493965508789,5294.5763157894735
13,76,3118.3774976417108,0.03499999999999999,499.1158929090953,5294.5763157894735
13,77,2668.992671491646,0.03499999999999997,426.04987449275706,5294.5763157894735
13,78,1734.4436363636364,0.03500000000000002,330.5449681025829,5294.5763157894735
13,79,7778.640527900571,0.03499999999999999,370.3692289251546,5294.5763157894735
13,80,635.5108568616594,0.03499999999999999,534.6125679717599,5294.5763157894735
15,40,34632.80042742065,0.0739999999999999,1187.4401440406946,5301.690255851932
15,41,44243.481637426914,0.07400000000000008,986.7465010677544,5301.690255851932
15,42,44678.00885520884,0.07399999999999998,1320.1684267950477,5301.690255851932
15,43,50724.644466809616,0.074,1179.270219330054,5301.690255851932
15,44,41725.926351527814,0.07400000000000002,1176.4071959710311,5301.690255851932
15,45,41447.02007388612,0.07399999999999993,1069.6326898376517,5301.690255851932
15,46,38443.74598690122,0.07399999999999997,1023.3475697008486,5301.690255851932
15,47,49172.40995548363,0.07400000000000002,1199.734385673186,5301.690255851932
15,48,41851.505795809215,0.07400000000000007,1086.7193138348912,5301.690255851932
15,49,38355.75404530742,0.07399999999999997,1070.770029323086,5301.690255851932
15,50,37923.822052140626,0.07399999999999997,1079.169333128894,5301.690255851932
15,51,44458.67586206896,0.07399999999999998,893.5113586628241,5301.690255851932
15,52,36318.44708561665,0.0739999999999999,785.2932862901224,5301.690255851932
15,53,33450.427263479134,0.07399999999999993,954.9306058926944,5301.690255851932
15,54,33143.37757731959,0.074,793.7700937492615,5301.690255851932
15,55,50248.39991776877,0.07400000000000001,885.1055791177251,5301.690255851932
15,56,40200.02976190474,0.07399999999999997,867.1191880636552,5301.690255851932
15,57,39638.47211611917,0.074,797.3590808018926,5301.690255851932
15,58,38686.91761363638,0.074,986.8826119248752,5301.690255851932
15,59,36975.400000000016,0.07400000000000004,730.1855294397018,5301.690255851932
15,60,31367.19379844961,0.07399999999999998,932.501035452348,5301.690255851932
15,61,35974.98287084619,0.07400000000000001,830.2188598781871,5301.690255851932
15,62,31740.57402436506,0.07399999999999997,841.5466480918582,5301.690255851932
15,63,13491.642266995212,0.07399999999999994,738.8107138208111,5301.690255851932
15,64,28115.7221664995,0.07400000000000002,682.0279405795537,5301.690255851932
15,65,27662.407132243687,0.07400000000000001,404.6025143327917,5301.690255851932
15,66,23257.094561489477,0.07400000000000005,612.8293536111655,5301.690255851932
15,67,33203.750212116065,0.074,890.0814263312012,5301.690255851932
15,68,7739.777889954565,0.07399999999999995,473.3319348541936,5301.690255851932
15,69,15287.210584343997,0.07400000000000005,768.0945704364502,5301.690255851932
15,70,3963.66373902133,0.074,688.1898614275135,5301.690255851932
15,71,9101.358641358642,0.07399999999999998,615.776445984754,5301.690255851932
15,72,5365.992614735362,0.07400000000000001,514.4072755400498,5301.690255851932
15,73,3724.258760107816,0.07399999999999995,540.5632269549462,5301.690255851932
15,74,4766.590909090908,0.07399999999999995,545.8478292227699,5301.690255851932
15,75,1555.6906614785994,0.074,704.5549274758498,5301.690255851932
15,76,6483.636363636364,0.07400000000000002,614.1432638931044,5301.690255851932
15,77,2375.8606723369785,0.07399999999999998,546.1177185550412,5301.690255851932
15,78,2140.110905730129,0.074,483.6367721389506,5301.690255851932
15,79,3368.2339874120703,0.074,829.7930885570497,5301.690255851932
15,80,966.3277108433732,0.074,631.6981811459409,5301.690255851932
16,40,30406.127763378543,0.04599999999999998,624.1342460834541,5221.555555555556
16,41,30847.16592903176,0.046,445.26544773302305,5221.555555555556
16,42,36928.22263881449,0.04599999999999998,511.4514078896865,5221.555555555556
16,43,26979.93185078909,0.04599999999999996,564.4954158850138,5221.555555555556
16,44,28099.55552824547,0.04599999999999998,451.2940343974636,5221.555555555556
16,45,32603.10877553437,0.04599999999999997,546.5527897480426,5221.555555555556
16,46,32981.003729528114,0.04599999999999998,485.9911922179545,5221.555555555556
16,47,32854.47932452912,0.04599999999999998,446.15866461309906,5221.555555555556
16,48,32084.490802099368,0.04599999999999999,481.64696436779786,5221.555555555556
16,49,26677.556171434233,0.04599999999999999,433.2734562379361,5221.555555555556
16,50,32116.811175337218,0.04600000000000004,405.50956823078275,5221.555555555556
16,51,33880.204022711965,0.04600000000000002,403.10103282468606,5221.555555555556
16,52,36237.84160853511,0.04600000000000003,432.1469686565523,5221.555555555556
16,53,29293.49100257068,0.046,348.1281500446766,5221.555555555556
16,54,41038.582420015526,0.04600000000000003,566.8721826721244,5221.555555555556
16,55,28910.260510704153,0.04599999999999996,439.5929942895727,5221.555555555556
16,56,25803.22567881695,0.04600000000000002,391.4286659026264,5221.555555555556
16,57,27125.56164703138,0.04599999999999999,316.2260897772845,5221.555555555556
16,58,25467.01252936569,0.04599999999999998,310.64202015599733,5221.555555555556
16,59,30815.85494274055,0.046,336.2417990743739,5221.555555555556
16,60,25305.797894993004,0.04600000000000001,343.537231165879,5221.555555555556
16,61,24581.628026036706,0.04599999999999998,225.08206781312472,5221.555555555556
16,62,22742.562255907866,0.04600000000000003,287.304698225352,5221.555555555556
16,63,20062.729168164493,0.04600000000000002,275.5464934818032,5221.555555555556
16,64,8598.698209718668,0.04599999999999998,320.88769653619,5221.555555555556
16,65,14930.831849402184,0.04599999999999996,277.06917322263416,5221.555555555556
16,66,10153.018014172285,0.04599999999999997,275.8453468470032,5221.555555555556
16,67,13786.05706874189,0.04599999999999998,183.70607450298417,5221.555555555556
16,68,7817.665871639201,0.04599999999999999,197.27205071940097,5221.555555555556
16,69,3178.5827598273645,0.04599999999999998,276.553847399421,5221.555555555556
16,70,8974.756847400786,0.046,242.72179213159265,5221.555555555556
16,71,11481.390024529845,0.046,267.2132499145185,5221.555555555556
16,72,2037.278818072496,0.046,227.63734885003768,5221.555555555556
16,73,3726.6241692662416,0.04599999999999999,249.7802313918579,5221.555555555556
16,74,2745.035809577308,0.04600000000000003,349.1382620873226,5221.555555555556
16,75,2622.2528989508564,0.04600000000000001,214.64313165544996,5221.555555555556
16,76,3761.5967277685218,0.04600000000000001,421.0962948320215,5221.555555555556
16,77,1098.6492250817578,0.04600000000000001,276.9294290347526,5221.555555555556
16,78,2815.986882557901,0.046,262.3879320704912,5221.555555555556
16,79,3628.7129428778017,0.046,337.9438383503073,5221.555555555556
16,80,174.57324241711737,0.04600000000000001,400.7452183498542,5221.555555555556
17,40,46178.99988253358,0.04999999999999998,605.0144135796382,5278.681419379996
17,41,43925.60174126682,0.04999999999999991,580.723999343587,5278.681419379996
17,42,41932.29301755,0.05000000000000001,605.4593574691353,5278.681419379996
17,43,42762.05310117852,0.04999999999999999,618.1293160678197,5278.681419379996
17,44,40124.807253791034,0.04999999999999992,623.0051249294737,5278.681419379996
17,45,43470.66967657759,0.04999999999999989,636.9499397843911,5278.681419379996
17,46,43707.293069711064,0.05000000000000002,621.8772054567753,5278.681419379996
17,47,43636.352959505195,0.04999999999999983,622.4763888117265,5278.681419379996
17,48,41060.47753766214,0.04999999999999977,609.139832539699,5278.681419379996
17,49,41388.02574179864,0.04999999999999985,571.1425837008422,5278.681419379996
17,50,43664.54442091494,0.04999999999999984,594.9085612592395,5278.681419379996
17,51,45425.41081553194,0.04999999999999985,556.3943423290445,5278.681419379996
17,52,39915.792590835394,0.04999999999999995,560.3122340236939,5278.681419379996
17,53,42482.18813448366,0.05000000000000006,560.2148181109403,5278.681419379996
17,54,38571.11065023786,0.04999999999999993,517.3188201355904,5278.681419379996
17,55,33040.65038332127,0.04999999999999999,546.5622686174561,5278.681419379996
17,56,39408.049376771065,0.04999999999999997,505.8658606245497,5278.681419379996
17,57,34861.285759508035,0.05000000000000002,478.09541744453435,5278.681419379996
17,58,37585.57812185809,0.05000000000000013,527.9384891526032,5278.681419379996
17,59,33783.10662485296,0.04999999999999994,460.8015449471935,5278.681419379996
17,60,31071.074696515177,0.04999999999999995,504.1277274940188,5278.681419379996
17,61,34421.94326980162,0.04999999999999997,469.97165118917457,5278.681419379996
17,62,25097.58941864481,0.04999999999999993,473.6663730757831,5278.681419379996
17,63,24483.308565703777,0.04999999999999996,446.9723842081667,5278.681419379996
17,64,18725.538109206147,0.05000000000000011,457.1043473173048,5278.681419379996
17,65,27385.24910823441,0.05000000000000004,496.13853197704304,5278.681419379996
17,66,15465.252911038666,0.05,455.0753114902849,5278.681419379996
17,67,13348.772730415538,0.04999999999999997,435.2464946005461,5278.681419379996
17,68,8798.970615001921,0.05000000000000006,402.49971899714706,5278.681419379996
17,69,9923.123209825617,0.04999999999999999,383.1462162144045,5278.681419379996
17,70,12305.103387998255,0.05,445.64294507979247,5278.681419379996
17,71,7376.600937266526,0.05000000000000003,378.6636888611343,5278.681419379996
17,72,3040.4333872781644,0.05000000000000004,429.2548208626364,5278.681419379996
17,73,3771.890695036991,0.04999999999999997,380.66810582069417,5278.681419379996
17,74,4108.54492461185,0.05000000000000005,452.95197353621825,5278.681419379996
17,75,3452.0065263091833,0.05000000000000001,405.5300266496997,5278.681419379996
17,76,3173.7987583092945,0.05000000000000002,387.60289223350213,5278.681419379996
17,77,1355.567715910594,0.05000000000000001,448.45655534609045,5278.681419379996
17,78,2064.43164306157,0.05,470.4673277963827,5278.681419379996
17,79,1887.8395082576264,0.05000000000000009,350.080182909794,5278.681419379996
17,80,1240.7876081100244,0.05000000000000002,535.2648190193049,5278.681419379996
18,40,29312.12079092175,0.03399999999999992,510.27770910920094,5256.526610644258
18,41,35213.03906471783,0.03399999999999996,509.6990851717,5256.526610644258
18,42,32430.58792992701,0.03399999999999992,476.43328180466546,5256.526610644258
18,43,36122.03850806453,0.03399999999999996,446.274414819896,5256.526610644258
18,44,33515.80885293305,0.03399999999999999,480.3175203540948,5256.526610644258
18,45,36153.12583828801,0.03400000000000001,439.7293895807599,5256.526610644258
18,46,33420.57600223317,0.03399999999999998,451.4258431411606,5256.526610644258
18,47,34343.704495848586,0.03400000000000003,437.754484431938,5256.526610644258
18,48,34646.75727443149,0.03399999999999996,482.6707675816504,5256.526610644258
18,49,35734.46978429116,0.03400000000000001,393.6310343857013,5256.526610644258
18,50,33356.5579589334,0.03399999999999995,462.2906372579393,5256.526610644258
18,51,33208.14586673065,0.03400000000000003,442.5974458163359,5256.526610644258
18,52,31704.302207258737,0.03400000000000001,418.0533898385502,5256.526610644258
18,53,32552.025571266448,0.03399999999999998,446.3085178246636,5256.526610644258
18,54,31072.76539700339,0.03400000000000001,405.73907066503546,5256.526610644258
18,55,28533.4480716958,0.03400000000000004,379.7661830938967,5256.526610644258
18,56,28229.565103331646,0.03399999999999995,431.16059816630104,5256.526610644258
18,57,32730.12907784305,0.03399999999999994,402.4676561098295,5256.526610644258
18,58,27020.18491847584,0.03399999999999999,408.7335432693365,5256.526610644258
18,59,28545.50350731183,0.03399999999999997,348.9504687806509,5256.526610644258
18,60,22393.455648403888,0.03399999999999999,378.8987481453864,5256.526610644258
18,61,20598.582646173225,0.03399999999999996,346.5375330399508,5256.526610644258
18,62,19912.409957255975,0.03400000000000001,320.4698958756336,5256.526610644258
18,63,19032.29501027682,0.03399999999999998,374.06406099666975,5256.526610644258
18,64,15763.600427881967,0.03399999999999997,351.06409332939205,5256.526610644258
18,65,14457.255950647344,0.03399999999999995,336.674362083959,5256.526610644258
18,66,10363.648424120036,0.034,307.54472538690294,5256.526610644258
18,67,8788.320072661225,0.03400000000000004,297.0110315588741,5256.526610644258
18,68,7226.93662332344,0.03400000000000003,348.4529564907754,5256.526610644258
18,69,5955.0203081883865,0.03400000000000002,333.37436808089785,5256.526610644258
18,70,3779.859901552444,0.03399999999999999,255.5380625492161,5256.526610644258
18,71,5107.582517014835,0.03400000000000003,324.66376943359006,5256.526610644258
18,72,4778.740625571613,0.034,409.7325574617173,5256.526610644258
18,73,4051.7935548007617,0.03400000000000002,345.22668381615716,5256.526610644258
18,74,4336.690080980718,0.03400000000000001,272.8144759561968,5256.526610644258
18,75,3064.692119343433,0.03400000000000004,376.1254532057322,5256.526610644258
18,76,4645.814287080426,0.03400000000000003,254.6506090897694,5256.526610644258
18,77,1937.600890620651,0.03399999999999996,379.2452639258718,5256.526610644258
18,78,2585.7548782644576,0.03399999999999999,392.532124010921,5256.526610644258
18,79,1045.184256839635,0.03399999999999999,345.868871426171,5256.526610644258
18,80,938.4239499283614,0.034,379.6167360219264,5256.526610644258
19,40,34197.293790218224,0.06120000000000005,439.2135323913667,5274.598840952995
19,41,36868.014752006246,0.06120000000000005,454.1777714797591,5274.598840952995
19,42,33962.02235611227,0.06120000000000002,391.9488598658036,5274.598840952995
19,43,31217.286074310436,0.06119999999999993,376.78347446218794,5274.598840952995
19,44,33731.75119864114,0.06119999999999995,493.03330855780985,5274.598840952995
19,45,33631.53027076361,0.06120000000000002,421.11283306259986,5274.598840952995
19,46,36765.50464411071,0.06120000000000001,404.2720794850953,5274.598840952995
19,47,36992.833166781966,0.06120000000000001,395.0347300476563,5274.598840952995
19,48,33926.295116244306,0.06119999999999998,380.0730082406682,5274.598840952995
19,49,36131.43083189261,0.06119999999999994,349.16590368723735,5274.598840952995
19,50,33772.53331059849,0.06120000000000004,386.90703820400773,5274.598840952995
19,51,37304.19496201015,0.06119999999999998,305.46742655976794,5274.598840952995
19,52,31173.39182920695,0.06119999999999997,347.1643502262658,5274.598840952995
19,53,30146.563214013688,0.06119999999999998,321.4575053362416,5274.598840952995
19,54,34382.01367521369,0.06120000000000003,342.06467983340184,5274.598840952995
19,55,33747.26247346073,0.06119999999999995,330.5684616687644,5274.598840952995
19,56,30878.80890708556,0.06120000000000001,280.9551315775284,5274.598840952995
19,57,23432.300393113725,0.06119999999999998,312.3580268951793,5274.598840952995
19,58,28443.29370807508,0.06120000000000001,323.08009892394796,5274.598840952995
19,59,31035.422319851856,0.06120000000000004,318.3743530944809,5274.598840952995
19,60,31899.408887764585,0.06120000000000002,319.6679645692518,5274.598840952995
19,61,27954.690346083793,0.06119999999999998,377.4579128762087,5274.598840952995
19,62,21529.50699149488,0.06119999999999994,309.0447760665719,5274.598840952995
19,63,18165.001624054577,0.0612,351.5428864075905,5274.598840952995
19,64,13393.80602981986,0.06119999999999997,361.08368518496826,5274.598840952995
19,65,17139.45123503946,0.0612,321.32524329859416,5274.598840952995
19,66,14308.483616967233,0.0612,300.090640786223,5274.598840952995
19,67,10211.534574634812,0.06119999999999998,226.6494825930241,5274.598840952995
19,68,4849.648629090618,0.06120000000000001,215.29615621729656,5274.598840952995
19,69,6481.673546611624,0.06119999999999998,322.03814968516605,5274.598840952995
19,70,7104.429865089627,0.06119999999999998,371.5975726581136,5274.598840952995
19,71,3229.4088134459407,0.06120000000000002,341.3272646736965,5274.598840952995
19,72,2841.9708251025672,0.06119999999999998,308.3193202531419,5274.598840952995
19,73,3124.71986417657,0.06119999999999999,381.305785142485,5274.598840952995
19,74,2449.0603545445224,0.06119999999999996,251.94548717740872,5274.598840952995
19,75,1754.0468482193864,0.06119999999999999,360.17558774603435,5274.598840952995
19,76,6080.423280423275,0.06119999999999994,316.1489019424072,5274.598840952995
19,77,1938.1494203520824,0.06120000000000001,302.74177252117653,5274.598840952995
19,78,570.4378167317437,0.06119999999999998,476.9257126932244,5274.598840952995
19,79,1842.2673521850895,0.06119999999999999,392.845474430217,5274.598840952995
19,80,1108.1438975943504,0.06120000000000002,400.9736850153648,5274.598840952995
20,40,34945.75197078179,0.03749999999999997,491.8214321046172,5384.056149732621
20,41,36760.88382564142,0.0375,502.9777092347576,5384.056149732621
20,42,35651.21854111113,0.0375,505.5910118183237,5384.056149732621
20,43,30086.652208515712,0.03749999999999999,534.2195544454372,5384.056149732621
20,44,36976.253854669085,0.03749999999999997,441.904601999259,5384.056149732621
20,45,36993.37589713523,0.03750000000000002,472.93844737124795,5384.056149732621
20,46,30553.42086459449,0.0375,463.0269584719511,5384.056149732621
20,47,36636.734141833054,0.03749999999999995,461.9692474164335,5384.056149732621
20,48,35990.91274674266,0.0375,478.58750070774215,5384.056149732621
20,49,34157.35242000809,0.03749999999999999,445.6037621684741,5384.056149732621
20,50,34529.89608864377,0.03750000000000001,411.3603544135889,5384.056149732621
20,51,34857.96394205351,0.0375,383.30241443076073,5384.056149732621
20,52,46559.8765250625,0.03750000000000005,420.2143442625579,5384.056149732621
20,53,37300.384402727715,0.03750000000000005,486.3283674612047,5384.056149732621
20,54,34939.51256433544,0.0375,426.1004865354117,5384.056149732621
20,55,41928.95527899847,0.03750000000000002,433.8749094755321,5384.056149732621
20,56,28308.79635429716,0.03750000000000002,368.99551531933633,5384.056149732621
20,57,35933.864200595846,0.0375,362.6937907890002,5384.056149732621
20,58,34780.744859163584,0.03750000000000003,397.1006065977672,5384.056149732621
20,59,40178.19055087235,0.03749999999999998,356.41682189802674,5384.056149732621
20,60,25655.143633702686,0.0375,341.07756898856724,5384.056149732621
20,61,25009.284921056442,0.0375,347.4800647820265,5384.056149732621
20,62,20664.826769189494,0.0375,396.9169240939531,5384.056149732621
20,63,23529.68263445552,0.0375,286.2921329493844,5384.056149732621
20,64,23881.7229516934,0.03750000000000001,364.0641441668265,5384.056149732621
20,65,11683.445842282905,0.03749999999999998,383.3278334390947,5384.056149732621
20,66,17159.8865861068,0.03750000000000003,447.6496153241672,5384.056149732621
20,67,12445,0.0375,397.9262297352398,5384.056149732621
20,68,11029.36143609896,0.0375,378.681722052984,5384.056149732621
20,69,5505.1262571449215,0.03749999999999997,277.62800592095255,5384.056149732621
20,70,5757.1821970824685,0.0375,397.384109317387,5384.056149732621
20,71,9287.88265796044,0.03749999999999999,397.5367441666623,5384.056149732621
20,72,6235.538994800692,0.03750000000000001,294.74982856275267,5384.056149732621
20,73,2838.912792528072,0.0375,355.15333729376766,5384.056149732621
20,74,3391.1603398214875,0.03750000000000002,250.87078593507408,5384.056149732621
20,75,2580.3721595992147,0.03750000000000001,366.7903666519664,5384.056149732621
20,76,4484.501513962094,0.03749999999999998,377.20108024693855,5384.056149732621
20,77,1640.6052894665088,0.0375,489.278121410873,5384.056149732621
20,78,1323.54474370113,0.03749999999999999,361.4523340357952,5384.056149732621
20,79,431.97910621009856,0.03749999999999997,906.0507312203964,5384.056149732621
20,80,740.3104212860313,0.03750000000000001,485.5936579697994,5384.056149732621
21,40,30426.002572409685,0.04499999999999998,454.4297323710759,5318.528301886792
21,41,30160.26480989732,0.04500000000000002,437.1716983484372,5318.528301886792
21,42,28330.9229624116,0.04499999999999996,457.5244465357411,5318.528301886792
21,43,29258.844347896505,0.045,448.5101136043758,5318.528301886792
21,44,27610.650752622772,0.04499999999999993,474.6556931846754,5318.528301886792
21,45,31026.88903447023,0.04499999999999999,462.4131452239402,5318.528301886792
21,46,31323.221196602204,0.04500000000000008,381.8762396092203,5318.528301886792
21,47,28001.32919254658,0.04499999999999996,434.69796101319946,5318.528301886792
21,48,26996.306471754942,0.04499999999999999,440.91671892209433,5318.528301886792
21,49,30568.193772525086,0.04500000000000002,464.9065083359993,5318.528301886792
21,50,28516.064270780767,0.045,449.2766303260556,5318.528301886792
21,51,29760.43368918089,0.045,460.80942589412854,5318.528301886792
21,52,24808.63890461364,0.045,426.24669149934834,5318.528301886792
21,53,26814.261023057425,0.04500000000000004,398.143495938448,5318.528301886792
21,54,28159.343359457755,0.04499999999999999,385.30074313482567,5318.528301886792
21,55,28414.73162061054,0.045,367.7552366804832,5318.528301886792
21,56,24048.75603717684,0.04500000000000001,373.9997419320251,5318.528301886792
21,57,30248.90324485117,0.04500000000000001,387.4908836888629,5318.528301886792
21,58,21115.596411586685,0.04500000000000002,366.5315236682626,5318.528301886792
21,59,21812.990665962217,0.04499999999999999,361.64157492200576,5318.528301886792
21,60,23177.608283469977,0.04499999999999993,342.22619098308775,5318.528301886792
21,61,19895.96165244955,0.04499999999999998,288.8908463117004,5318.528301886792
21,62,19179.617349970304,0.04500000000000004,292.12127087191857,5318.528301886792
21,63,14672.524116292272,0.04500000000000002,314.9770764123035,5318.528301886792
21,64,9306.631942183738,0.045,364.7372008322449,5318.528301886792
21,65,9610.299231995365,0.045,348.3345451670828,5318.528301886792
21,66,17313.70602443379,0.04500000000000001,269.3033072062875,5318.528301886792
21,67,4418.836832186528,0.04499999999999998,245.7286051226186,5318.528301886792
21,68,4359.328896803827,0.04500000000000003,312.90110326048307,5318.528301886792
21,69,7594.952208305864,0.04499999999999998,195.96473116733503,5318.528301886792
21,70,2802.14512582458,0.045,289.1942993403342,5318.528301886792
21,71,8357.536934441363,0.04499999999999998,254.76386928575357,5318.528301886792
21,72,3392.3451874227676,0.045,327.50673973751384,5318.528301886792
21,73,2018.1021616057635,0.04499999999999997,259.3842642855968,5318.528301886792
21,74,2709.0706017735065,0.04500000000000002,258.21972378103305,5318.528301886792
21,75,2865.7990090956155,0.04500000000000003,246.94325780645835,5318.528301886792
21,76,2069.9967928159085,0.04500000000000002,260.96593538418216,5318.528301886792
21,77,3506.518339493889,0.04500000000000002,334.84274034404933,5318.528301886792
21,78,1325.2221324717284,0.04499999999999998,277.84053936138815,5318.528301886792
21,79,799.0047917434571,0.04499999999999998,241.53219430785416,5318.528301886792
21,80,1892.4144435462133,0.045,304.80771645495446,5318.528301886792
22,40,32498.123947950055,0.04000000000000001,512.0722975588092,5212.505757484731
22,41,34411.61569744354,0.03999999999999998,499.9229623884827,5212.505757484731
22,42,30778.698116051248,0.04000000000000004,574.013940572925,5212.505757484731
22,43,32997.93550391975,0.03999999999999992,569.1865312225548,5212.505757484731
22,44,31325.46524422333,0.04,561.593614642348,5212.505757484731
22,45,30455.650688705216,0.03999999999999994,525.4630406287579,5212.505757484731
22,46,31714.01791492121,0.04000000000000004,460.42839730913073,5212.505757484731
22,47,34340.53642266154,0.03999999999999999,469.7651531115025,5212.505757484731
22,48,31481.92015968063,0.03999999999999999,487.7342805354672,5212.505757484731
22,49,32980.347267105666,0.03999999999999999,475.8053045872924,5212.505757484731
22,50,34022.92377994505,0.04000000000000005,526.7294392236935,5212.505757484731
22,51,28131.5129466282,0.04,474.2190215204212,5212.505757484731
22,52,30032.60484468981,0.04000000000000004,478.7198870149478,5212.505757484731
22,53,32866.25072435776,0.03999999999999999,430.8671774925632,5212.505757484731
22,54,29083.35139017135,0.04,459.7991117103947,5212.505757484731
22,55,29401.66327979896,0.03999999999999996,460.763458807796,5212.505757484731
22,56,23972.948230408532,0.03999999999999999,420.4917170523768,5212.505757484731
22,57,28307.80607119458,0.03999999999999995,395.1425994126625,5212.505757484731
22,58,24319.390240846085,0.04000000000000001,388.57809201465574,5212.505757484731
22,59,26970.68457878536,0.04000000000000003,424.57217765332155,5212.505757484731
22,60,27908.91988700895,0.04000000000000001,410.9920959212094,5212.505757484731
22,61,20729.11876164172,0.03999999999999998,332.4486796704085,5212.505757484731
22,62,24279.731077299188,0.03999999999999996,363.2006047319218,5212.505757484731
22,63,18363.80031672376,0.04000000000000001,377.43431545106506,5212.505757484731
22,64,16851.469705190826,0.04000000000000001,415.4686802995415,5212.505757484731
22,65,13470.235973864676,0.04000000000000002,343.5484195734776,5212.505757484731
22,66,16221.857978616106,0.03999999999999999,381.5512887974805,5212.505757484731
22,67,13408.173343691042,0.04000000000000002,282.08580090057393,5212.505757484731
22,68,11190.441344118124,0.04,312.85518792009395,5212.505757484731
22,69,11013.069271546845,0.03999999999999999,331.14786140350674,5212.505757484731
22,70,7739.981745579001,0.03999999999999999,284.8550392548115,5212.505757484731
22,71,5279.063991110532,0.04000000000000001,293.4719208380691,5212.505757484731
22,72,9410.27719665272,0.04,350.0149751325661,5212.505757484731
22,73,4612.535379115151,0.04000000000000001,377.4240045835978,5212.505757484731
22,74,2860.569837890945,0.04000000000000001,356.3141828924604,5212.505757484731
22,75,4043.975550531693,0.03999999999999999,227.1939640537468,5212.505757484731
22,76,2584.685212298682,0.04000000000000001,313.8745073676863,5212.505757484731
22,77,1542.9346505789931,0.03999999999999998,334.00191901561357,5212.505757484731
22,78,3102.9821334734634,0.04000000000000001,166.62056259183026,5212.505757484731
22,79,1192.201199815413,0.03999999999999999,495.0167855702365,5212.505757484731
22,80,4886.867134048483,0.03999999999999998,371.55474048685545,5212.505757484731
23,40,29102.8483636541,0.07249999999999998,594.7405741219804,5040.477477477478
23,41,27623.81083816359,0.07250000000000001,580.8514952203385,5040.477477477478
23,42,32909.60721052901,0.07249999999999995,432.3390918256619,5040.477477477478
23,43,30606.268311922468,0.07249999999999994,468.1697807492632,5040.477477477478
23,44,28879.224019742265,0.07250000000000002,526.9738171492584,5040.477477477478
23,45,26011.91687097326,0.0725,442.0512186209476,5040.477477477478
23,46,24898.63103609939,0.07249999999999997,499.1266785746929,5040.477477477478
23,47,30046.071700991597,0.0725,451.99945568468735,5040.477477477478
23,48,32111.677187580182,0.07249999999999997,469.2568918313482,5040.477477477478
23,49,36949.97601662848,0.07250000000000004,522.8346213851437,5040.477477477478
23,50,30733.77137537361,0.07250000000000002,421.0016893903797,5040.477477477478
23,51,30509.82012493415,0.07249999999999998,396.9631362270396,5040.477477477478
23,52,25362.19763000686,0.0725,551.9593964563569,5040.477477477478
23,53,30625.80919825979,0.07250000000000001,423.8639123108697,5040.477477477478
23,54,30093.961322520256,0.07249999999999993,461.47155426754097,5040.477477477478
23,55,39699.05301599295,0.07249999999999997,476.42335025985153,5040.477477477478
23,56,34591.78487811595,0.07249999999999995,343.97212060432895,5040.477477477478
23,57,27938.63423760525,0.07250000000000006,341.6351469823322,5040.477477477478
23,58,32412.99985426989,0.07249999999999998,317.36659615654133,5040.477477477478
23,59,23422.22859954083,0.07249999999999998,321.79599263572237,5040.477477477478
23,60,18471.77019137204,0.07250000000000001,358.64104156708794,5040.477477477478
23,61,25761.71844533992,0.07250000000000002,465.59770068676346,5040.477477477478
23,62,20048.7125382263,0.07250000000000005,356.14248945222096,5040.477477477478
23,63,27592.642629722053,0.0725,378.66381016218094,5040.477477477478
23,64,22621.87941045107,0.07249999999999994,358.6705333978429,5040.477477477478
23,65,9908.131420817988,0.07250000000000001,223.785442974159,5040.477477477478
23,66,15536.709657124884,0.07250000000000001,390.88927798240235,5040.477477477478
23,67,29533.04222993181,0.07249999999999997,172.2276206868174,5040.477477477478
23,68,6114.1798379598895,0.07250000000000001,260.48979850621146,5040.477477477478
23,69,5149.608738180632,0.0725,247.80919748897932,5040.477477477478
23,70,2204.665748622934,0.07250000000000002,257.80660396498246,5040.477477477478
23,71,2581.0083122515352,0.0725,381.32472040903184,5040.477477477478
23,72,4628.901023890784,0.07250000000000001,593.6871057260711,5040.477477477478
23,73,6744.630732991549,0.07249999999999998,360.3136419131222,5040.477477477478
23,74,1887.3016627078389,0.07250000000000002,375.8937667877819,5040.477477477478
23,75,2350.5870342011226,0.07249999999999997,667.4799543692351,5040.477477477478
23,76,1954.449472096531,0.07250000000000001,256.41463635707845,5040.477477477478
23,77,3637.5571820677033,0.07249999999999997,469.5530665969091,5040.477477477478
23,78,3988.1973434535103,0.07249999999999998,288.32939646190516,5040.477477477478
23,79,12773.031439284689,0.0725,222.96000751393453,5040.477477477478
23,80,1552.1624298448332,0.07249999999999998,353.40972116505725,5040.477477477478
24,40,51142.856889723655,0.04919999999999991,835.2219774368438,5432.986239886612
24,41,51211.263454895976,0.04919999999999998,820.2667876413755,5432.986239886612
24,42,48757.15158228172,0.04919999999999996,776.5343672718002,5432.986239886612
24,43,49874.665872225065,0.04920000000000001,813.7363235177721,5432.986239886612
24,44,49267.83963734236,0.04919999999999993,821.996964644935,5432.986239886612
24,45,54188.64004896982,0.04919999999999999,778.4956860997052,5432.986239886612
24,46,54379.66784744904,0.04919999999999989,777.2087727159122,5432.986239886612
24,47,58107.007478958185,0.04920000000000004,789.6445163403658,5432.986239886612
24,48,54316.0035464638,0.04919999999999987,856.6452558490561,5432.986239886612
24,49,55501.92604119252,0.04919999999999989,720.2360992268052,5432.986239886612
24,50,52329.97025030771,0.04919999999999996,752.9568548054492,5432.986239886612
24,51,55919.40325602338,0.0492,695.3858377644208,5432.986239886612
24,52,44051.5373138782,0.04919999999999997,767.8705161772631,5432.986239886612
24,53,50044.11843703114,0.04919999999999985,732.6398791465598,5432.986239886612
24,54,49630.0954393952,0.04919999999999994,714.3773361427247,5432.986239886612
24,55,48509.5412183664,0.04919999999999995,669.6865929461882,5432.986239886612
24,56,49728.14058603494,0.04920000000000002,739.6221275026085,5432.986239886612
24,57,43764.37192300378,0.04920000000000003,721.9149769342977,5432.986239886612
24,58,46781.36550521203,0.04920000000000006,625.8326956795363,5432.986239886612
24,59,41911.8279089508,0.04920000000000003,608.3771393727078,5432.986239886612
24,60,36887.3917606927,0.04919999999999996,659.2086225405698,5432.986239886612
24,61,47963.66046867038,0.0492,592.2941945724574,5432.986239886612
24,62,32569.293212472356,0.04920000000000005,641.6046526461846,5432.986239886612
24,63,32933.30042443252,0.04919999999999999,523.6602536477815,5432.986239886612
24,64,28136.950407105865,0.04920000000000008,663.2166209932766,5432.986239886612
24,65,24578.1748154488,0.0492,579.1978383276864,5432.986239886612
24,66,18643.45032090339,0.04919999999999999,622.0091167964604,5432.986239886612
24,67,24703.571862471148,0.04920000000000006,596.31038148126,5432.986239886612
24,68,17658.647910863507,0.04919999999999996,517.6050954775964,5432.986239886612
24,69,11193.589178664752,0.04920000000000004,585.1115432426726,5432.986239886612
24,70,7517.348257440852,0.04920000000000001,547.3202049517889,5432.986239886612
24,71,13377.463364418065,0.04920000000000001,420.9740969653162,5432.986239886612
24,72,7833.884202010866,0.04920000000000001,453.18735133257934,5432.986239886612
24,73,13740.77415307403,0.04920000000000003,473.7917077388913,5432.986239886612
24,74,5915.949615115466,0.04920000000000003,551.0760329892731,5432.986239886612
24,75,5174.219214963864,0.04920000000000001,552.6414791733973,5432.986239886612
24,76,3547.353474796877,0.04920000000000001,515.021944071677,5432.986239886612
24,77,1540.0569748208045,0.04919999999999998,631.8031795063331,5432.986239886612
24,78,5173.624848729327,0.04919999999999999,644.4718732457259,5432.986239886612
24,79,3491.1013435063865,0.0492,583.1711375324479,5432.986239886612
24,80,3287.66797696316,0.04920000000000003,705.4104949272429,5432.986239886612
25,40,49934.688235869035,0.05200000000000003,801.2715386384582,5439.635816118708
25,41,51546.246013344535,0.05199999999999997,776.2408760291498,5439.635816118708
25,42,49216.318257714745,0.05199999999999996,751.8490428397597,5439.635816118708
25,43,48619.30370825701,0.05200000000000003,783.8126984658256,5439.635816118708
25,44,49025.19304789965,0.05199999999999998,820.9320536943467,5439.635816118708
25,45,48373.839483332,0.05200000000000004,825.6559851606198,5439.635816118708
25,46,48853.372446652065,0.05199999999999989,812.0010784202952,5439.635816118708
25,47,46026.92639877623,0.05199999999999995,697.7684386012617,5439.635816118708
25,48,48413.87985978334,0.05200000000000002,721.4548641442875,5439.635816118708
25,49,38408.927597814,0.05200000000000007,745.0463806602451,5439.635816118708
25,50,51941.94147037833,0.05200000000000007,763.4386940964447,5439.635816118708
25,51,47830.49028598843,0.05200000000000002,738.3630500041766,5439.635816118708
25,52,48942.4199598843,0.05200000000000007,794.4052890778895,5439.635816118708
25,53,46834.04485320119,0.05199999999999982,673.5483665350782,5439.635816118708
25,54,49404.2101448266,0.05200000000000008,738.7113245023124,5439.635816118708
25,55,48886.28558231838,0.05200000000000004,645.1922317944112,5439.635816118708
25,56,43464.110978002325,0.052,645.2576664990653,5439.635816118708
25,57,40306.70323084466,0.05199999999999996,645.8040449359913,5439.635816118708
25,58,47469.67025277704,0.05200000000000005,627.3296235511124,5439.635816118708
25,59,41613.35525725062,0.052,650.9944676122951,5439.635816118708
25,60,35479.01388511813,0.05200000000000005,621.0299513922062,5439.635816118708
25,61,33448.77346934228,0.05199999999999998,569.4721320149798,5439.635816118708
25,62,28434.47644944232,0.05200000000000002,576.9966366811346,5439.635816118708
25,63,26472.171338118507,0.05199999999999996,524.6808143882624,5439.635816118708
25,64,23426.77017259182,0.05200000000000002,644.0108071427509,5439.635816118708
25,65,21937.379005983057,0.05199999999999999,572.3905971475151,5439.635816118708
25,66,16638.62094809819,0.05200000000000003,562.4477854777804,5439.635816118708
25,67,17165.761401189688,0.052,525.3915390376479,5439.635816118708
25,68,12480.281012758856,0.05199999999999998,598.7023961280344,5439.635816118708
25,69,14061.105081592312,0.05200000000000004,503.0100817486566,5439.635816118708
25,70,9110.940718699929,0.05200000000000001,531.2950029793219,5439.635816118708
25,71,8555.948319002777,0.052,475.4523314804408,5439.635816118708
25,72,9118.578092327492,0.05199999999999998,559.2418998150376,5439.635816118708
25,73,4803.580277380189,0.05200000000000001,444.47194973359046,5439.635816118708
25,74,5628.797160637884,0.052,472.1275213477305,5439.635816118708
25,75,5971.166277364335,0.05199999999999998,585.9717220449188,5439.635816118708
25,76,4385.724034393339,0.05199999999999995,619.626280706254,5439.635816118708
25,77,6180.340123341433,0.05200000000000002,540.5390308706262,5439.635816118708
25,78,5929.0476485531935,0.05200000000000002,545.4747774332178,5439.635816118708
25,79,696.6854724964741,0.05200000000000004,595.351780304134,5439.635816118708
25,80,2997.5105537621052,0.052,493.4839020234429,5439.635816118708
26,40,35992.834875425804,0.04249999999999999,554.2524056617005,5349.34871593385
26,41,34643.550904287746,0.04249999999999995,474.264616599562,5349.34871593385
26,42,36655.02130774814,0.04249999999999997,466.77875512173387,5349.34871593385
26,43,36940.591522571194,0.0424999999999999,472.3508652950449,5349.34871593385
26,44,33333.174325961714,0.04249999999999989,468.34159505981177,5349.34871593385
26,45,35299.41876531263,0.04250000000000017,471.8713828526798,5349.34871593385
26,46,34033.96334495698,0.0425,485.5455026882667,5349.34871593385
26,47,36802.476947586925,0.04249999999999995,467.59821540247657,5349.34871593385
26,48,36814.92557677994,0.04249999999999995,480.8152893572909,5349.34871593385
26,49,35046.10281643648,0.04249999999999992,468.9082613686261,5349.34871593385
26,50,34922.47869516348,0.04250000000000001,475.7690406995805,5349.34871593385
26,51,34707.23142769303,0.04249999999999992,494.14791339941536,5349.34871593385
26,52,33730.2689989363,0.04249999999999989,397.84723354658496,5349.34871593385
26,53,33381.30961072196,0.04249999999999986,417.5034106734901,5349.34871593385
26,54,34551.408329976104,0.04250000000000003,423.0125163241339,5349.34871593385
26,55,34361.505175223,0.04249999999999998,382.3725398411599,5349.34871593385
26,56,33570.3816454088,0.04249999999999998,378.69132765539825,5349.34871593385
26,57,32348.060910838605,0.0424999999999999,398.988942492101,5349.34871593385
26,58,27131.211133173852,0.04249999999999991,413.7369486225969,5349.34871593385
26,59,24279.97449875894,0.04249999999999994,427.21051944286944,5349.34871593385
26,60,23820.94295442175,0.04250000000000005,370.84788386028174,5349.34871593385
26,61,24349.95083486693,0.04249999999999995,372.24710302799815,5349.34871593385
26,62,21449.4720611492,0.04250000000000009,371.1784166533601,5349.34871593385
26,63,17058.21562942485,0.04249999999999998,374.34010940033966,5349.34871593385
26,64,15087.641782217268,0.04250000000000004,354.85330119700257,5349.34871593385
26,65,11982.587544922657,0.04250000000000002,381.5539043947277,5349.34871593385
26,66,11278.784879373454,0.04250000000000004,336.73554870917565,5349.34871593385
26,67,8473.62163961099,0.04250000000000002,334.42975327075544,5349.34871593385
26,68,9339.291833238149,0.04250000000000001,315.4817142792028,5349.34871593385
26,69,9144.338179035956,0.04249999999999999,327.7521818789707,5349.34871593385
26,70,7875.790897330353,0.04249999999999999,368.59342646806755,5349.34871593385
26,71,4902.35124340398,0.04249999999999996,308.1430574003791,5349.34871593385
26,72,7570.311423021486,0.04249999999999996,339.14608935817625,5349.34871593385
26,73,3120.600007083909,0.04250000000000002,408.12452925760795,5349.34871593385
26,74,2794.873075884417,0.04249999999999996,409.9000114320457,5349.34871593385
26,75,1601.9703197937722,0.04250000000000004,422.5114619857758,5349.34871593385
26,76,1481.882268955056,0.04250000000000006,373.8355303197764,5349.34871593385
26,77,4610.7828222533,0.04250000000000002,491.2832493541377,5349.34871593385
26,78,1278.7413375636634,0.04249999999999999,396.3917208006666,5349.34871593385
26,79,4909.761284881374,0.04250000000000002,495.64500259644024,5349.34871593385
26,80,1891.0687908841512,0.04249999999999996,498.49956193741434,5349.34871593385
27,40,42941.765862040585,0.07450000000000015,442.3216755226347,5455.089756193473
27,41,42766.12361684351,0.0745,531.3152578151199,5455.089756193473
27,42,43490.33751489433,0.07450000000000015,521.2046090617318,5455.089756193473
27,43,51180.36377183765,0.07450000000000002,558.4864304388701,5455.089756193473
27,44,40963.36224531544,0.07449999999999993,546.2979436229277,5455.089756193473
27,45,42511.93752214477,0.0744999999999999,483.57875963110587,5455.089756193473
27,46,45869.86530314096,0.07449999999999996,453.28783072583747,5455.089756193473
27,47,43253.73056508055,0.07449999999999994,555.3542791748256,5455.089756193473
27,48,37679.094512831194,0.07449999999999996,525.1177403965902,5455.089756193473
27,49,39293.570680280056,0.0745000000000001,538.2289112521163,5455.089756193473
27,50,41817.730135544785,0.0745000000000001,508.97492328240185,5455.089756193473
27,51,42525.55014486677,0.07449999999999991,464.4969523424157,5455.089756193473
27,52,47526.08149096197,0.07449999999999997,520.6291232176233,5455.089756193473
27,53,43119.323599639865,0.07449999999999997,412.878293774964,5455.089756193473
27,54,44206.57058833947,0.07449999999999987,495.01716360175624,5455.089756193473
27,55,37442.84557731741,0.0745,463.6569064701637,5455.089756193473
27,56,40413.948426505835,0.07449999999999998,506.5272287180629,5455.089756193473
27,57,37439.55499239736,0.07449999999999997,440.59252976032866,5455.089756193473
27,58,32757.208976469028,0.07449999999999997,417.62890588948704,5455.089756193473
27,59,41436.90481473265,0.0745000000000001,488.2952868989139,5455.089756193473
27,60,27304.504665475462,0.07449999999999997,494.3208297529096,5455.089756193473
27,61,28075.86986338949,0.07450000000000004,388.34979338430463,5455.089756193473
27,62,31855.6492266308,0.07449999999999998,432.6420159666007,5455.089756193473
27,63,21461.230077646105,0.07450000000000004,357.58859318944695,5455.089756193473
27,64,21088.12464758367,0.07450000000000005,342.74611032280546,5455.089756193473
27,65,22284.493417763708,0.0745,394.1694923790619,5455.089756193473
27,66,10431.820716952278,0.07449999999999994,314.65043930581044,5455.089756193473
27,67,13027.953885639756,0.07450000000000004,327.64164620015043,5455.089756193473
27,68,8564.384701818637,0.07450000000000001,409.132284430091,5455.089756193473
27,69,8238.890428420997,0.0745,344.38823646579925,5455.089756193473
27,70,4359.413402548371,0.07449999999999997,435.7681980792,5455.089756193473
27,71,4681.261265747149,0.07449999999999997,332.8940969772151,5455.089756193473
27,72,4690.029438702081,0.07449999999999998,435.36033040444073,5455.089756193473
27,73,5976.644050438455,0.07450000000000001,489.3779529336833,5455.089756193473
27,74,416.7225791778017,0.07450000000000002,518.8991604997398,5455.089756193473
27,75,5306.489202480224,0.07450000000000002,497.0410087716186,5455.089756193473
27,76,1247.2996586240813,0.07450000000000002,436.4844848112935,5455.089756193473
27,77,526.3723231227976,0.07449999999999997,542.4033791423496,5455.089756193473
27,78,7543.698645857245,0.07450000000000001,613.0802711978657,5455.089756193473
27,79,201.2622478386167,0.07449999999999997,660.9891403610715,5455.089756193473
27,80,685.5061103567461,0.07450000000000001,589.5885073644631,5455.089756193473
28,40,26153.467074784912,0.03999999999999999,497.9745010342592,5239.836193712829
28,41,28626.60293514424,0.03999999999999997,510.2576626564511,5239.836193712829
28,42,26205.46962329251,0.04000000000000002,532.4951237608597,5239.836193712829
28,43,27411.239509806168,0.04,492.2097175792606,5239.836193712829
28,44,30448.619899514382,0.04000000000000003,457.332944787865,5239.836193712829
28,45,24674.497206003947,0.03999999999999998,519.7973153138335,5239.836193712829
28,46,33519.446034731875,0.04000000000000001,483.1299837765361,5239.836193712829
28,47,30023.90800078633,0.03999999999999999,456.3646755656451,5239.836193712829
28,48,24630.99960693014,0.04000000000000001,441.8933241104418,5239.836193712829
28,49,28312.694517743952,0.04000000000000001,480.6464857179536,5239.836193712829
28,50,31181.66964556705,0.03999999999999998,407.031026878843,5239.836193712829
28,51,32534.356571156542,0.04000000000000001,433.9401708614213,5239.836193712829
28,52,24593.88985295461,0.04000000000000003,436.538150484093,5239.836193712829
28,53,23205.895387056546,0.03999999999999999,405.5714647258368,5239.836193712829
28,54,24379.61352351435,0.03999999999999996,415.96686704398303,5239.836193712829
28,55,28870.022360548744,0.04,415.9491628122893,5239.836193712829
28,56,26569.862476922488,0.04000000000000001,351.75491107921016,5239.836193712829
28,57,18691.985595303096,0.03999999999999995,401.2705888083831,5239.836193712829
28,58,23599.0460874968,0.04000000000000003,306.4221930324693,5239.836193712829
28,59,21345.438063986876,0.04000000000000001,371.99954664549233,5239.836193712829
28,60,22800.66429640719,0.04000000000000002,367.66610347453445,5239.836193712829
28,61,13723.666819642038,0.04000000000000002,295.5164756341735,5239.836193712829
28,62,17737.640511964375,0.04,385.86029614830227,5239.836193712829
28,63,15772.995453197596,0.04000000000000001,301.2102912652873,5239.836193712829
28,64,18633.24965632658,0.04000000000000001,229.01767544079448,5239.836193712829
28,65,8813.603462334568,0.03999999999999999,365.6568567748711,5239.836193712829
28,66,15410.258408777498,0.03999999999999996,336.68257677175666,5239.836193712829
28,67,9528.80791330279,0.04,302.0685843278015,5239.836193712829
28,68,8500.161795407095,0.04000000000000001,301.9450358654322,5239.836193712829
28,69,6113.181818181814,0.03999999999999997,170.52118476738414,5239.836193712829
28,70,4872.487229862475,0.03999999999999999,259.32054467537125,5239.836193712829
28,71,6790.768890200715,0.04000000000000002,279.3454019176496,5239.836193712829
28,72,2213.3786954481466,0.03999999999999999,287.8995925903707,5239.836193712829
28,73,11631.913678922125,0.03999999999999997,196.8029342361015,5239.836193712829
28,74,1731.3554105625994,0.03999999999999997,260.23826548010527,5239.836193712829
28,75,947.2721538946704,0.03999999999999998,170.7719624677003,5239.836193712829
28,76,1912.9845526085687,0.03999999999999997,270.35323301535215,5239.836193712829
28,77,998.0207855723676,0.04,211.78399170411893,5239.836193712829
28,78,3740.924149956408,0.04000000000000001,247.8768730475139,5239.836193712829
28,79,136.7171640660506,0.04000000000000001,253.3894341048696,5239.836193712829
28,80,99.57003847024212,0.03999999999999999,324.1238891638807,5239.836193712829
29,40,31601.645553477316,0.03750000000000002,490.5692141091753,5360.091930541369
29,41,31931.485132741687,0.03749999999999992,512.1273054615218,5360.091930541369
29,42,29971.516878478735,0.03749999999999995,507.76047554120856,5360.091930541369
29,43,32943.50782888642,0.03749999999999996,462.80644060519785,5360.091930541369
29,44,33757.17543656982,0.03749999999999993,512.4992406594201,5360.091930541369
29,45,34154.04988533275,0.03749999999999998,479.11112381832663,5360.091930541369
29,46,33970.39260993589,0.03749999999999997,510.5977927921697,5360.091930541369
29,47,32801.55649987762,0.03749999999999991,505.36341734593213,5360.091930541369
29,48,34639.19156745572,0.03750000000000007,443.7732804570986,5360.091930541369
29,49,34092.075697856475,0.03749999999999994,481.065023141444,5360.091930541369
29,50,33177.373001467065,0.03749999999999998,476.0881915451274,5360.091930541369
29,51,27732.273810374812,0.03749999999999996,454.69777996770966,5360.091930541369
29,52,35651.90189401738,0.03749999999999993,452.86384932060895,5360.091930541369
29,53,30363.994747885976,0.03749999999999996,445.9311147905505,5360.091930541369
29,54,35534.81313227199,0.0375,391.6912723281196,5360.091930541369
29,55,28744.506841320333,0.03750000000000003,425.2380188232771,5360.091930541369
29,56,27826.073673287872,0.03749999999999994,365.36900930274646,5360.091930541369
29,57,27139.79054779807,0.0375,415.9133918519692,5360.091930541369
29,58,27326.575888515075,0.03749999999999996,415.2669440185906,5360.091930541369
29,59,27193.431381330265,0.03749999999999997,398.02680036903575,5360.091930541369
29,60,26454.16904460899,0.03749999999999999,345.6315959925762,5360.091930541369
29,61,22837.491275519107,0.03750000000000001,381.6560823359477,5360.091930541369
29,62,20519.83526911103,0.03749999999999993,334.10426875561257,5360.091930541369
29,63,13806.44873669254,0.03749999999999996,417.7470320085765,5360.091930541369
29,64,19342.049048708104,0.03750000000000003,376.43763054774433,5360.091930541369
29,65,16565.603446065477,0.03749999999999999,280.54705385028785,5360.091930541369
29,66,10292.26767497335,0.03749999999999997,348.23551655828965,5360.091930541369
29,67,11344.249502552128,0.03750000000000005,373.41517901384026,5360.091930541369
29,68,11343.099608038348,0.03750000000000011,320.6842634128593,5360.091930541369
29,69,8525.309792778438,0.03750000000000005,285.59904205878377,5360.091930541369
29,70,7618.55741550271,0.03749999999999996,316.44822742952505,5360.091930541369
29,71,5257.724135490034,0.03750000000000001,286.8400638605214,5360.091930541369
29,72,3939.467636920721,0.03750000000000003,324.5343239287127,5360.091930541369
29,73,3947.1883175365647,0.03750000000000004,304.8808758004995,5360.091930541369
29,74,2928.8400959142396,0.0375,286.1467959084411,5360.091930541369
29,75,1803.3833386530491,0.03750000000000005,365.0038403261816,5360.091930541369
29,76,2012.6380113452933,0.03750000000000001,367.61968201472655,5360.091930541369
29,77,2797.2770364263997,0.03750000000000001,349.3484886431714,5360.091930541369
29,78,1905.7077498186688,0.0375,364.6278695983279,5360.091930541369
29,79,2538.370455375307,0.03750000000000002,371.15106991657655,5360.091930541369
29,80,1672.5186870328246,0.0375,518.2170599570525,5360.091930541369
30,40,39090.63318910352,0.03999999999999999,399.4530144306948,5199.302045728038
30,41,31145.920201294037,0.03999999999999999,407.23218436613166,5199.302045728038
30,42,29159.830109059025,0.04000000000000001,637.7932128755275,5199.302045728038
30,43,26346.489832007064,0.04,506.67790748434186,5199.302045728038
30,44,32848.140442132644,0.03999999999999998,398.26827232996845,5199.302045728038
30,45,27518.662347012258,0.04000000000000001,488.9414738928008,5199.302045728038
30,46,33538.49881610103,0.04000000000000003,541.2144662379526,5199.302045728038
30,47,35819.96993385447,0.03999999999999998,438.2812407444047,5199.302045728038
30,48,37194.54808497677,0.03999999999999999,343.75213123538464,5199.302045728038
30,49,26729.869324290772,0.03999999999999996,350.5043419146554,5199.302045728038
30,50,28719.323191555424,0.04,544.6141933407645,5199.302045728038
30,51,33315.89746909184,0.03999999999999999,382.42294013772784,5199.302045728038
30,52,25545.15372824813,0.03999999999999999,385.295378143014,5199.302045728038
30,53,20549.41073766914,0.04,391.9690657684324,5199.302045728038
30,54,27001.261829653,0.04000000000000001,350.76062281848573,5199.302045728038
30,55,30957.311018577835,0.04,369.1419116223341,5199.302045728038
30,56,26969.64789373122,0.03999999999999997,407.02897195947634,5199.302045728038
30,57,39769.289547894106,0.03999999999999998,294.8594526047624,5199.302045728038
30,58,24241.28469301936,0.04000000000000003,389.4953164823218,5199.302045728038
30,59,28742.53834839253,0.04,301.0633512125086,5199.302045728038
30,60,21299.11426817503,0.03999999999999999,328.41660108515765,5199.302045728038
30,61,17817.852614896987,0.03999999999999998,337.6365882569086,5199.302045728038
30,62,21158.674426891557,0.04000000000000001,416.1498379608294,5199.302045728038
30,63,11853.93085787452,0.03999999999999999,321.02947086120537,5199.302045728038
30,64,17722.084464227548,0.03999999999999999,355.88255375347285,5199.302045728038
30,65,12172.71101573677,0.04,315.2090496403268,5199.302045728038
30,66,7537.211478477853,0.03999999999999999,311.78194213576325,5199.302045728038
30,67,18121.682654505425,0.04,217.12100052350792,5199.302045728038
30,68,3107.7678996666136,0.04,250.58825707948267,5199.302045728038
30,69,4088.1819450258126,0.04,270.6532943137816,5199.302045728038
30,70,6372.2971526439715,0.03999999999999999,265.3248466568468,5199.302045728038
30,71,8182.124352331604,0.03999999999999999,440.99169546885867,5199.302045728038
30,72,2405.932556203164,0.03999999999999999,182.69760515187207,5199.302045728038
30,73,2241.186345831001,0.03999999999999998,353.17244936592283,5199.302045728038
30,74,806.539775500244,0.03999999999999999,549.858528306209,5199.302045728038
30,75,9012.38962472406,0.03999999999999999,269.5347467457746,5199.302045728038
30,76,620.9343583678295,0.03999999999999999,326.0282875177218,5199.302045728038
30,77,145.14547237659363,0.03999999999999999,219.97652835350243,5199.302045728038
30,78,2237.611940298508,0.04,486.6774712453812,5199.302045728038
30,79,397.38356881214025,0.04,544.4166084868392,5199.302045728038
30,80,266.69039145907476,0.04000000000000001,320.86709158457575,5199.302045728038
31,40,35925.633488749234,0.04259999999999996,469.7396851810666,5194.833333333333
31,41,36168.06604229022,0.04259999999999997,523.5669547415781,5194.833333333333
31,42,39302.51064454556,0.04259999999999995,508.0466836099356,5194.833333333333
31,43,35354.671145686,0.04260000000000001,545.1586239989902,5194.833333333333
31,44,33092.34231575218,0.04260000000000002,464.0303173733377,5194.833333333333
31,45,36324.18987057198,0.0426,412.8058955944931,5194.833333333333
31,46,31664.80405059588,0.04259999999999999,450.07808249644296,5194.833333333333
31,47,35842.261748274716,0.04259999999999998,464.6759517461692,5194.833333333333
31,48,37667.80371134021,0.04260000000000003,449.2278334524149,5194.833333333333
31,49,35962.97832957111,0.04259999999999999,485.9360482891328,5194.833333333333
31,50,39025.88031542487,0.04260000000000001,419.8908921925571,5194.833333333333
31,51,32149.997671060617,0.04260000000000002,439.6411182528276,5194.833333333333
31,52,37151.92299687827,0.04260000000000002,455.0488417082597,5194.833333333333
31,53,31315.892572387747,0.04259999999999998,438.8715047509112,5194.833333333333
31,54,32722.72818848286,0.04259999999999999,427.8336144208813,5194.833333333333
31,55,32615.728544072423,0.0426,486.49871587463343,5194.833333333333
31,56,33082.51836714835,0.04259999999999999,429.57925112032734,5194.833333333333
31,57,35322.49919360042,0.0426,360.78026332371513,5194.833333333333
31,58,26590.3789870312,0.0426,402.8526706780255,5194.833333333333
31,59,28690.315262457952,0.04260000000000001,431.2784648186005,5194.833333333333
31,60,26306.109628641316,0.04259999999999996,359.634873379884,5194.833333333333
31,61,25044.122383252816,0.04259999999999998,381.14010838039337,5194.833333333333
31,62,26508.69124357211,0.04260000000000001,375.7007110394618,5194.833333333333
31,63,17498.149070703203,0.04260000000000003,417.5772782134977,5194.833333333333
31,64,18730.203639179246,0.04259999999999999,373.0394660097156,5194.833333333333
31,65,18178.99955849889,0.04259999999999998,395.20626952053505,5194.833333333333
31,66,16966.94006915098,0.04260000000000002,318.1828065955001,5194.833333333333
31,67,6339.887106357696,0.0426,314.31661256372706,5194.833333333333
31,68,8087.66998542982,0.0426,603.5369999025755,5194.833333333333
31,69,10755.362248014657,0.0426,467.1488705908211,5194.833333333333
31,70,5911.802984404804,0.0426,472.482623207376,5194.833333333333
31,71,7701.587998536409,0.0426,453.80550380646497,5194.833333333333
31,72,3118.4784117728723,0.0426,314.1192483282792,5194.833333333333
31,73,3458.406397258318,0.0426,426.3538356831097,5194.833333333333
31,74,871.2867898699523,0.0426,345.7548375079657,5194.833333333333
31,75,2768.8851634534785,0.0426,366.7948413385383,5194.833333333333
31,76,2904.364071140337,0.04259999999999997,539.9844421089496,5194.833333333333
31,77,1535.6894079082156,0.0426,388.34086535997545,5194.833333333333
31,78,1733.4792545710266,0.04259999999999998,424.1122813749748,5194.833333333333
31,79,1673.4282544378698,0.04259999999999999,361.83416198580215,5194.833333333333
31,80,832.1655620181253,0.04259999999999998,560.1968703278744,5194.833333333333
32,40,38255.02866502866,0,808.6558938846711,5368.403883207351
32,41,38360.66777731505,0,790.1601672459434,5368.403883207351
32,42,36620.635855304216,0,780.3686208578832,5368.403883207351
32,43,41358.979387786494,0,798.5836196903697,5368.403883207351
32,44,40441.59339154776,0,753.6556433593147,5368.403883207351
32,45,40321.099563804535,0,738.5052996041541,5368.403883207351
32,46,39089.56214615902,0,753.9945365722904,5368.403883207351
32,47,38381.12519391363,0,725.8657971594586,5368.403883207351
32,48,36351.41646412676,0,675.5460992636885,5368.403883207351
32,49,35411.92180479878,0,748.528883495435,5368.403883207351
32,50,38510.874560559365,0,716.4624166054971,5368.403883207351
32,51,37391.60316655616,0,742.4636670058976,5368.403883207351
32,52,35512.695440773554,0,698.7475477867206,5368.403883207351
32,53,34872.510900177294,0,702.4968235277084,5368.403883207351
32,54,35410.455005491094,0,671.5885570555827,5368.403883207351
32,55,31073.931527312365,0,671.0517219472226,5368.403883207351
32,56,26233.70871826381,0,657.1076562214217,5368.403883207351
32,57,32970.44428155963,0,643.9207503066685,5368.403883207351
32,58,33097.15803577725,0,661.1286442440606,5368.403883207351
32,59,27966.364464692473,0,648.3099061047192,5368.403883207351
32,60,33680.70859726129,0,624.7587801167226,5368.403883207351
32,61,27340.092767067683,0,573.6897743886877,5368.403883207351
32,62,24234.25516616959,0,574.6339618527695,5368.403883207351
32,63,20600.42754781784,0,525.5497236026027,5368.403883207351
32,64,22636.723317061384,0,520.3598539185944,5368.403883207351
32,65,12742.2947411472,0,486.6928529171394,5368.403883207351
32,66,13534.35661148717,0,548.9851913992879,5368.403883207351
32,67,11823.966250659165,0,525.3878832438114,5368.403883207351
32,68,12935.599433067782,0,507.44599493449783,5368.403883207351
32,69,11061.526732016857,0,498.3622815236846,5368.403883207351
32,70,10852.515261937437,0,549.0712196317548,5368.403883207351
32,71,3635.902644691453,0,488.6182351066582,5368.403883207351
32,72,8988.911810211443,0,468.2377760084522,5368.403883207351
32,73,9553.547259729943,0,529.8199899954699,5368.403883207351
32,74,6031.61936805149,0,463.61023818266534,5368.403883207351
32,75,4274.050356571099,0,487.5776213873331,5368.403883207351
32,76,2360.6504275719103,0,553.8760976329032,5368.403883207351
32,77,1472.5612088752869,0,581.0884735518435,5368.403883207351
32,78,5029.152845113549,0,497.5278460403314,5368.403883207351
32,79,6286.146559663201,0,580.0341124852976,5368.403883207351
32,80,2338.880304794159,0,579.3763012867214,5368.403883207351
33,40,46930.942734887125,0.05000000000000002,716.2585915430416,5183.700757575758
33,41,41760.63411387425,0.04999999999999998,715.2822514964702,5183.700757575758
33,42,37688.68805543005,0.05000000000000001,636.2287302217846,5183.700757575758
33,43,53904.630864120634,0.04999999999999999,692.1194217361597,5183.700757575758
33,44,55392.99885227087,0.05,645.6176729041673,5183.700757575758
33,45,38486.29874831899,0.04999999999999996,641.3383038920197,5183.700757575758
33,46,47374.887498628006,0.04999999999999997,639.6802143842258,5183.700757575758
33,47,44013.99737518454,0.04999999999999996,693.0936229196867,5183.700757575758
33,48,43499.063211845074,0.04999999999999997,536.5895384033252,5183.700757575758
33,49,38303.39065100096,0.04999999999999998,624.8282580110151,5183.700757575758
33,50,31189.41998282279,0.04999999999999999,630.8042406304612,5183.700757575758
33,51,45218.42468330617,0.05000000000000002,630.7185317970208,5183.700757575758
33,52,41846.52222294955,0.05,646.0395490535795,5183.700757575758
33,53,42174.13201068297,0.05000000000000004,579.3212663821037,5183.700757575758
33,54,41668.79559930514,0.04999999999999999,617.8909678366759,5183.700757575758
33,55,50629.07625542471,0.05000000000000005,370.56212886021297,5183.700757575758
33,56,39077.651129656006,0.04999999999999999,532.4176440921585,5183.700757575758
33,57,36504.19954186815,0.04999999999999995,500.6039089172461,5183.700757575758
33,58,33007.625760498595,0.05000000000000001,557.0536178765185,5183.700757575758
33,59,42861.60682545325,0.04999999999999998,364.0749862558875,5183.700757575758
33,60,39446.76997759523,0.05000000000000001,520.3537884467843,5183.700757575758
33,61,34067.30324074076,0.05000000000000002,544.0015964595651,5183.700757575758
33,62,34141.743119266066,0.05000000000000002,510.9260725522858,5183.700757575758
33,63,20933.171948051942,0.04999999999999997,385.7864317541382,5183.700757575758
33,64,19168.473125947046,0.04999999999999997,424.2632443257598,5183.700757575758
33,65,31508.125533211467,0.05,531.1304839589153,5183.700757575758
33,66,13657.125953194844,0.04999999999999998,567.9393506441602,5183.700757575758
33,67,14873.27573529412,0.05,426.23736264951674,5183.700757575758
33,68,9832.166566083282,0.05,403.35392366327903,5183.700757575758
33,69,11620.714537134812,0.05000000000000001,381.73182259785494,5183.700757575758
33,70,7729.57772450673,0.04999999999999999,329.2950275654801,5183.700757575758
33,71,3316.351875808538,0.04999999999999998,399.15342460992946,5183.700757575758
33,72,9583.785149014986,0.05,451.15125349017075,5183.700757575758
33,73,4322.311320754717,0.05,479.8881354935676,5183.700757575758
33,74,5350.209380234508,0.05000000000000002,679.6831264846033,5183.700757575758
33,75,640.092284029736,0.05,602.6445442228276,5183.700757575758
33,76,2764.514044245588,0.05000000000000002,532.9316460674287,5183.700757575758
33,77,1258.264344847274,0.05000000000000001,322.1011027495313,5183.700757575758
33,78,167.6509661835749,0.05000000000000001,712.5750217846087,5183.700757575758
33,79,5114.380635975321,0.05000000000000001,679.6307089395683,5183.700757575758
33,80,3729.377880184331,0.04999999999999998,558.0676551681491,5183.700757575758
34,40,50570.96319389169,0.04560000000000001,870.6417080307042,5568.528232274623
34,41,60357.15873578951,0.04560000000000003,846.1255954753367,5568.528232274623
34,42,58142.34403033215,0.04559999999999996,790.6983307943541,5568.528232274623
34,43,56503.50505155892,0.04559999999999994,817.4727300046624,5568.528232274623
34,44,55322.90364508666,0.04560000000000003,904.006791888548,5568.528232274623
34,45,54245.39038954711,0.04559999999999998,844.7174267855626,5568.528232274623
34,46,52583.4197754507,0.0456,800.4824460015581,5568.528232274623
34,47,54020.76638451007,0.04560000000000001,800.2853154569141,5568.528232274623
34,48,48959.86662804049,0.04560000000000008,791.9447614701022,5568.528232274623
34,49,57759.51296002016,0.04559999999999996,796.7258530128889,5568.528232274623
34,50,52887.32732963592,0.04560000000000003,812.2230187060111,5568.528232274623
34,51,54534.58115526137,0.04560000000000002,764.6840456118101,5568.528232274623
34,52,52029.99496196277,0.04559999999999996,765.647381412245,5568.528232274623
34,53,50298.150123251944,0.04559999999999997,764.8440548577861,5568.528232274623
34,54,48339.07324048088,0.04560000000000002,738.2916259041542,5568.528232274623
34,55,52263.79837576136,0.04559999999999994,724.4358340922237,5568.528232274623
34,56,47563.38619260886,0.04559999999999997,746.2656057713523,5568.528232274623
34,57,45749.53691157486,0.04560000000000003,715.0240844246291,5568.528232274623
34,58,51329.27297362187,0.04559999999999996,633.7160505150612,5568.528232274623
34,59,41460.63843624674,0.04560000000000005,749.5316483983851,5568.528232274623
34,60,38214.503767000424,0.04560000000000006,675.6235915605455,5568.528232274623
34,61,39629.50624102512,0.04560000000000008,662.1899968953634,5568.528232274623
34,62,34460.9332370711,0.04559999999999996,691.5674030609714,5568.528232274623
34,63,24778.310628636264,0.04559999999999991,592.6451204773562,5568.528232274623
34,64,25938.435774396577,0.04560000000000001,641.4330739450985,5568.528232274623
34,65,22548.471489964995,0.04560000000000003,539.17463362672,5568.528232274623
34,66,18470.336681063647,0.04560000000000006,550.0891656630027,5568.528232274623
34,67,18489.83972002471,0.04560000000000001,578.2533204286079,5568.528232274623
34,68,13515.616289128828,0.04559999999999999,455.3777894916142,5568.528232274623
34,69,16810.362602421428,0.04560000000000003,590.0016047578325,5568.528232274623
34,70,8633.743227830058,0.04559999999999999,517.2066800272551,5568.528232274623
34,71,10494.069291443397,0.04559999999999996,536.7581635423775,5568.528232274623
34,72,8554.17158018868,0.04560000000000002,522.3189414565312,5568.528232274623
34,73,6275.748025368667,0.04560000000000002,650.9332387209815,5568.528232274623
34,74,6458.832794495564,0.0456,538.235321356061,5568.528232274623
34,75,2547.0415704387992,0.04559999999999997,594.171710391217,5568.528232274623
34,76,5193.196901597019,0.04560000000000001,478.72613114563615,5568.528232274623
34,77,2574.9814695854134,0.0456,390.8704272551828,5568.528232274623
34,78,2884.6325167037858,0.04560000000000001,525.7268511616486,5568.528232274623
34,79,1896.3105721794443,0.04559999999999997,564.0794564201327,5568.528232274623
34,80,2856.5940192600115,0.04560000000000002,537.3383531296369,5568.528232274623
35,40,29351.78850618279,0.03950000000000005,513.3415208947881,5233.468954248366
35,41,35585.09295086261,0.03950000000000001,541.1667930706465,5233.468954248366
35,42,30837.345016907264,0.03950000000000002,513.1643103489497,5233.468954248366
35,43,26662.2017075452,0.03950000000000004,443.5881840930755,5233.468954248366
35,44,36030.364005624106,0.03949999999999996,480.5050296425449,5233.468954248366
35,45,36676.68047658505,0.03950000000000001,546.0350318544149,5233.468954248366
35,46,38628.355441905056,0.0395,500.7758058995211,5233.468954248366
35,47,32194.862524173863,0.03949999999999994,382.80500988598226,5233.468954248366
35,48,29979.93430338306,0.03949999999999998,514.0483658696597,5233.468954248366
35,49,32217.10922122776,0.03949999999999998,585.951438602413,5233.468954248366
35,50,32318.596526737627,0.03950000000000001,507.89527699409086,5233.468954248366
35,51,30765.87307896129,0.03949999999999994,437.86703846605826,5233.468954248366
35,52,29897.878708025895,0.0395,538.6698074852421,5233.468954248366
35,53,27918.079108203485,0.03950000000000001,426.1151422238161,5233.468954248366
35,54,24731.89994325704,0.03949999999999998,385.2640021079179,5233.468954248366
35,55,34467.551716299145,0.03949999999999998,487.482128918561,5233.468954248366
35,56,31935.607327757865,0.0395,368.04069781851945,5233.468954248366
35,57,32980.6491033872,0.03949999999999998,446.631099428159,5233.468954248366
35,58,26693.66869443145,0.03949999999999998,435.5178293446418,5233.468954248366
35,59,26789.48140003665,0.03950000000000001,397.6579757796256,5233.468954248366
35,60,22579.416098729052,0.0395,428.7917655529984,5233.468954248366
35,61,21990.711191533686,0.03949999999999998,354.12791521715883,5233.468954248366
35,62,25575.218423311948,0.03949999999999998,308.81242250345457,5233.468954248366
35,63,28119.798533630845,0.03949999999999999,310.847862133588,5233.468954248366
35,64,14993.97542154901,0.0395,332.132924959307,5233.468954248366
35,65,17923.938474870018,0.03949999999999999,389.490820017541,5233.468954248366
35,66,10498.736739251812,0.03949999999999998,295.5819683630999,5233.468954248366
35,67,9404.63629353554,0.03950000000000001,446.7197236140148,5233.468954248366
35,68,7907.764908436373,0.03949999999999998,290.3453854749451,5233.468954248366
35,69,12640.922768304914,0.03950000000000002,309.115126823034,5233.468954248366
35,70,2925.820649183934,0.03949999999999996,420.19030643880507,5233.468954248366
35,71,3765.905977584062,0.03950000000000003,278.6136372176141,5233.468954248366
35,72,5184.396090295555,0.03949999999999999,285.6201582355552,5233.468954248366
35,73,2201.3423787528873,0.0395,296.5591411802849,5233.468954248366
35,74,12871.013587380916,0.03950000000000001,538.6983102115369,5233.468954248366
35,75,2186.086118251927,0.03949999999999997,358.31783848942945,5233.468954248366
35,76,772.2157288362001,0.03950000000000002,245.7729132740954,5233.468954248366
35,77,1853.4923050904783,0.0395,364.08642119257354,5233.468954248366
35,78,870.3755169561622,0.03950000000000001,467.5391676879896,5233.468954248366
35,79,319.20079588791236,0.03949999999999999,364.21329229209783,5233.468954248366
35,80,385.0190418921626,0.03949999999999998,555.9485592688001,5233.468954248366
36,40,46901.38505183993,0.0627,854.4361040670408,5392.684575389948
36,41,50423.08150029835,0.06270000000000024,816.5601982277379,5392.684575389948
36,42,49889.27618101406,0.0627,877.8422470271788,5392.684575389948
36,43,47314.3539256706,0.0626999999999999,866.7543245703529,5392.684575389948
36,44,46094.57716706847,0.06269999999999987,822.4338789959851,5392.684575389948
36,45,46020.71329960673,0.06269999999999999,834.4629251847214,5392.684575389948
36,46,46088.89454436683,0.06269999999999996,822.9418817235965,5392.684575389948
36,47,41619.93348721816,0.06270000000000008,786.8468108654704,5392.684575389948
36,48,46593.315805408114,0.06269999999999987,803.421872901919,5392.684575389948
36,49,47839.5491566362,0.0627000000000001,771.6162053332439,5392.684575389948
36,50,43777.318990954496,0.06270000000000002,794.0263066457161,5392.684575389948
36,51,42326.91521779121,0.0626999999999999,756.645636033028,5392.684575389948
36,52,39773.81316008062,0.06269999999999999,752.4036878071413,5392.684575389948
36,53,47265.31558586389,0.06269999999999992,755.0252145135806,5392.684575389948
36,54,39728.13709224312,0.06270000000000009,702.9177563831521,5392.684575389948
36,55,43210.74421297102,0.06269999999999981,681.9604770232039,5392.684575389948
36,56,38948.051880674415,0.06269999999999996,667.5866550828831,5392.684575389948
36,57,45172.29414961915,0.06269999999999999,672.2710386014381,5392.684575389948
36,58,39307.165374241355,0.0627,707.3077334608847,5392.684575389948
36,59,41847.862253950574,0.0627,719.7401053691062,5392.684575389948
36,60,39073.89238539849,0.06269999999999983,718.3396061608425,5392.684575389948
36,61,38906.20181300377,0.06270000000000005,648.8278517907405,5392.684575389948
36,62,28562.135858851,0.06270000000000002,645.0168110712589,5392.684575389948
36,63,28638.78581554617,0.06269999999999995,601.4213395189543,5392.684575389948
36,64,27528.565377388913,0.06270000000000003,559.96575328821325,5392.684575389948
36,65,20126.864240163333,0.06270000000000003,595.5122346425212,5392.684575389948
36,66,16747.380249996586,0.06270000000000006,646.3825472172298,5392.684575389948
36,67,12639.52137964908,0.0627,514.3519925573773,5392.684575389948
36,68,21958.76296380719,0.06270000000000013,566.8757304139656,5392.684575389948
36,69,14122.299774393685,0.06270000000000002,553.6852828355031,5392.684575389948
36,70,10721.822593691018,0.06269999999999994,571.3157537941636,5392.684575389948
36,71,9382.5816852525,0.06270000000000002,613.0647407307547,5392.684575389948
36,72,7792.303435189944,0.06269999999999999,587.1852007490971,5392.684575389948
36,73,5208.356262632852,0.06270000000000005,627.6320768631182,5392.684575389948
36,74,5182.535305985203,0.06269999999999995,477.3827690691407,5392.684575389948
36,75,6101.33684112498,0.06270000000000002,560.2650504066127,5392.684575389948
36,76,6922.148267156299,0.0627,614.9400944663279,5392.684575389948
36,77,5398.020144037845,0.06269999999999999,508.3993330695304,5392.684575389948
36,78,3804.7672051038426,0.06270000000000006,495.9784160278009,5392.684575389948
36,79,4454.262549847526,0.06270000000000002,537.9187981843033,5392.684575389948
36,80,2592.820125242928,0.06270000000000006,645.4877367171703,5392.684575389948
37,40,36238.012272136846,0.05799999999999996,597.8133258896544,5350.996952767902
37,41,37807.663319190106,0.05800000000000002,596.0449997472548,5350.996952767902
37,42,35974.53571166862,0.05800000000000006,605.3511102235552,5350.996952767902
37,43,37635.604196773005,0.05799999999999997,569.1147479585466,5350.996952767902
37,44,35418.341870741526,0.05799999999999977,583.604628094913,5350.996952767902
37,45,38633.037972383805,0.05800000000000028,561.506627302798,5350.996952767902
37,46,35784.004069725284,0.05799999999999988,575.6611466824883,5350.996952767902
37,47,35661.27744358606,0.05799999999999999,539.984651836469,5350.996952767902
37,48,35254.22526942591,0.05800000000000004,580.4508386006004,5350.996952767902
37,49,33495.10528282151,0.05800000000000006,523.5852027260631,5350.996952767902
37,50,34428.51905055584,0.05800000000000021,527.2053560767307,5350.996952767902
37,51,35468.54185006513,0.05799999999999993,509.46612390720264,5350.996952767902
37,52,37111.78686904223,0.05799999999999999,514.5764681095807,5350.996952767902
37,53,39010.131735494375,0.05799999999999988,504.2316381396133,5350.996952767902
37,54,33185.06853431129,0.05799999999999996,476.87072574555714,5350.996952767902
37,55,33428.444691730925,0.05800000000000008,473.8636942845164,5350.996952767902
37,56,32086.86142747965,0.05800000000000006,442.7792835504547,5350.996952767902
37,57,32257.86333818515,0.058,427.57310390167066,5350.996952767902
37,58,32510.751865589253,0.05800000000000003,415.8420169667189,5350.996952767902
37,59,26131.71745743115,0.05800000000000002,417.228243221674,5350.996952767902
37,60,30587.735823733383,0.05800000000000002,417.39935799241033,5350.996952767902
37,61,28649.527887598077,0.05799999999999992,386.9190447830102,5350.996952767902
37,62,25211.697106173335,0.05800000000000006,407.5499454586656,5350.996952767902
37,63,19496.103726904268,0.0580000000000001,406.2992749249741,5350.996952767902
37,64,18575.70393555663,0.05799999999999997,364.12025543482054,5350.996952767902
37,65,16194.828554692776,0.05799999999999993,396.473592508708,5350.996952767902
37,66,11069.579421924698,0.05799999999999993,347.17885672227567,5350.996952767902
37,67,11849.39012919202,0.05799999999999998,343.04261513139613,5350.996952767902
37,68,10889.17524086158,0.05800000000000001,350.898458771881,5350.996952767902
37,69,9534.01315175823,0.05799999999999997,358.01545501181596,5350.996952767902
37,70,8071.054524125271,0.05799999999999995,361.4863006058412,5350.996952767902
37,71,5545.9760017141625,0.05799999999999992,308.0683677097283,5350.996952767902
37,72,5938.7134115569015,0.05799999999999996,332.58872254346556,5350.996952767902
37,73,6494.081298391895,0.05799999999999994,334.9836633731814,5350.996952767902
37,74,4978.36273148932,0.05800000000000006,312.03473206921865,5350.996952767902
37,75,4603.97114491822,0.05800000000000001,428.08335966588834,5350.996952767902
37,76,3315.9143593045737,0.05800000000000004,352.92094678972273,5350.996952767902
37,77,1433.7713682489946,0.05799999999999993,383.2528633865094,5350.996952767902
37,78,2316.417296941793,0.05799999999999993,391.0503463443537,5350.996952767902
37,79,1587.3107981982705,0.05799999999999995,384.0515003479195,5350.996952767902
37,80,1448.5467211145815,0.05800000000000004,501.81967922356006,5350.996952767902
38,40,37006.115638672054,0.02520000000000001,546.1795916910256,5164.072072072072
38,41,32101.491779987835,0.0252,377.6817113272934,5164.072072072072
38,42,42567.10875331564,0.02519999999999999,458.70086879239335,5164.072072072072
38,43,40164.49587416192,0.02519999999999998,549.7368894593754,5164.072072072072
38,44,34341.42882467648,0.02520000000000001,496.955145888193,5164.072072072072
38,45,36772.29458307973,0.02519999999999999,529.4221315352706,5164.072072072072
38,46,42990.79102715468,0.02520000000000001,547.6333059441434,5164.072072072072
38,47,35469.82618771727,0.0252,528.2821495369216,5164.072072072072
38,48,27876.32186118054,0.02519999999999999,431.2488764944553,5164.072072072072
38,49,35213.90678855089,0.0252,315.62958295735115,5164.072072072072
38,50,31336.65367754506,0.0252,326.2682883641761,5164.072072072072
38,51,33639.24933467927,0.0252,372.36414453289177,5164.072072072072
38,52,35014.618788291344,0.02519999999999999,238.58500110281457,5164.072072072072
38,53,41175.40204167248,0.0252,387.2539402334162,5164.072072072072
38,54,41561.1224230084,0.02519999999999999,416.49085281800745,5164.072072072072
38,55,37597.11328976037,0.02520000000000001,350.65921660889785,5164.072072072072
38,56,34158.702674764194,0.02520000000000001,487.3290939011941,5164.072072072072
38,57,26085.54299417609,0.0252,387.0948689636092,5164.072072072072
38,58,33605.22866297698,0.0252,347.4817914771509,5164.072072072072
38,59,29142.613487273677,0.02519999999999998,376.3259286115873,5164.072072072072
38,60,29309.158460161147,0.0252,479.547384110387,5164.072072072072
38,61,24936.67293554454,0.02520000000000001,294.3424554296568,5164.072072072072
38,62,32815.85255540479,0.0252,366.34959973335594,5164.072072072072
38,63,20525.56987115956,0.02519999999999999,352.40095512795375,5164.072072072072
38,64,11113.90478370336,0.0252,299.1300379174208,5164.072072072072
38,65,16503.24336584259,0.02519999999999999,338.2079403543201,5164.072072072072
38,66,18385.850178359095,0.0252,194.77863594445697,5164.072072072072
38,67,10868.239660657477,0.02519999999999999,185.40129309558003,5164.072072072072
38,68,9607.109634551494,0.0252,172.4181654460813,5164.072072072072
38,69,4246.558391337974,0.0252,170.57096116667276,5164.072072072072
38,70,17889.03508771929,0.02519999999999999,346.4492336585909,5164.072072072072
38,71,4089.189189189189,0.0252,489.93480772756624,5164.072072072072
38,72,4171.086036671368,0.0252,559.1257817333748,5164.072072072072
38,73,8833.81913303438,0.0252,556.8609458431431,5164.072072072072
38,74,2739.388794567062,0.02519999999999999,480.6397192164727,5164.072072072072
38,75,1878.8630293780996,0.0252,275.8442749293039,5164.072072072072
38,76,3151.671541997492,0.02519999999999999,372.0035374874771,5164.072072072072
38,77,368.0582524271845,0.0252,371.1013033333632,5164.072072072072
38,78,1315.5925155925152,0.02519999999999999,366.75647662200646,5164.072072072072
38,79,1304.909983633388,0.0252,623.3465366197831,5164.072072072072
38,80,112.280701754386,0.02519999999999999,526.2476871509098,5164.072072072072
39,40,32920.52393857267,0.03219999999999992,556.7495205327971,5291.6550582627115
39,41,34986.4092643686,0.03220000000000006,497.31866001014697,5291.6550582627115
39,42,34959.93753682967,0.03219999999999991,522.408514819551,5291.6550582627115
39,43,35130.49805395111,0.0322,496.55924783574307,5291.6550582627115
39,44,30331.525542298376,0.03219999999999997,495.06453535760056,5291.6550582627115
39,45,33146.75505581716,0.03220000000000001,481.9711311580076,5291.6550582627115
39,46,33471.5888218638,0.0321999999999999,458.9435534298375,5291.6550582627115
39,47,31849.84318716409,0.0322,467.0297133613468,5291.6550582627115
39,48,33591.43867358433,0.03220000000000003,478.2614292658847,5291.6550582627115
39,49,31352.551385782856,0.03219999999999995,476.3946910420193,5291.6550582627115
39,50,32554.219525322256,0.0322,461.3283921774122,5291.6550582627115
39,51,31207.951108556015,0.03219999999999996,455.7780657817664,5291.6550582627115
39,52,28865.108477654045,0.03220000000000005,462.22572393223794,5291.6550582627115
39,53,29046.84332657633,0.03219999999999997,438.7127110540874,5291.6550582627115
39,54,30348.78734941125,0.03219999999999991,444.03412619229863,5291.6550582627115
39,55,30462.814682863667,0.03220000000000005,454.0357102600563,5291.6550582627115
39,56,28367.89575652544,0.03220000000000005,416.2696550165751,5291.6550582627115
39,57,30553.43844453467,0.0322,403.8189325988989,5291.6550582627115
39,58,29350.32766346593,0.03220000000000004,398.493770617083,5291.6550582627115
39,59,25596.054709930057,0.03220000000000002,360.4059588436373,5291.6550582627115
39,60,28470.50001019599,0.03220000000000002,391.2771738169242,5291.6550582627115
39,61,21342.691295116783,0.03220000000000001,399.7875659167043,5291.6550582627115
39,62,18951.986110116693,0.03219999999999997,369.69728325857994,5291.6550582627115
39,63,16220.02475723795,0.03219999999999999,391.8328097236456,5291.6550582627115
39,64,16086.529874822563,0.03220000000000003,380.4240560072933,5291.6550582627115
39,65,16088.872215675989,0.03220000000000005,375.7325493119103,5291.6550582627115
39,66,11637.005243046297,0.0322,365.51730490661953,5291.6550582627115
39,67,8053.380014202429,0.03219999999999995,401.8684747683658,5291.6550582627115
39,68,7871.666989126649,0.03219999999999998,353.83179833090503,5291.6550582627115
39,69,5020.5092110623245,0.03219999999999998,358.7034612253884,5291.6550582627115
39,70,4396.363866450127,0.03219999999999995,402.0394201903605,5291.6550582627115
39,71,4469.82463944559,0.0322,358.88154198300646,5291.6550582627115
39,72,3886.7659049150184,0.03219999999999998,392.4075934115505,5291.6550582627115
39,73,4060.202701070283,0.03219999999999999,378.373725206146,5291.6550582627115
39,74,2896.2578359225936,0.03219999999999994,334.9693603856867,5291.6550582627115
39,75,4526.896992538645,0.0322,387.197412822577,5291.6550582627115
39,76,3396.6574290484145,0.03220000000000001,319.8156778815033,5291.6550582627115
39,77,2316.1420803163796,0.03219999999999996,424.578011690923,5291.6550582627115
39,78,1415.4717334331724,0.0322,425.8535905753955,5291.6550582627115
39,79,2156.9988610478363,0.0322,475.3361461707854,5291.6550582627115
39,80,2025.276222636928,0.03219999999999998,462.6285818392892,5291.6550582627115
40,40,28465.48821893937,0.02999999999999996,517.1736048677337,5237.158675799087
40,41,30065.857583554855,0.02999999999999995,476.57526652253216,5237.158675799087
40,42,31403.742049563258,0.02999999999999999,479.2709937821109,5237.158675799087
40,43,35941.855442298125,0.03000000000000003,524.3486964664814,5237.158675799087
40,44,32442.36777804053,0.02999999999999997,444.8847976297809,5237.158675799087
40,45,31932.41346656683,0.03000000000000005,483.55457929924137,5237.158675799087
40,46,31356.876563692495,0.03,461.0273177229527,5237.158675799087
40,47,33918.19312132248,0.02999999999999997,414.0454877326929,5237.158675799087
40,48,26808.618836490656,0.02999999999999999,467.8066486666576,5237.158675799087
40,49,28320.17621293237,0.03000000000000003,418.62390573043575,5237.158675799087
40,50,32559.493903602342,0.03000000000000001,470.41380382262264,5237.158675799087
40,51,31052.649565694977,0.02999999999999998,424.60506015898864,5237.158675799087
40,52,30065.291942662883,0.03000000000000001,427.5581040144762,5237.158675799087
40,53,31702.368285708413,0.03000000000000003,401.73873498123635,5237.158675799087
40,54,30515.56592807195,0.02999999999999997,409.7778757199576,5237.158675799087
40,55,30806.644380620557,0.02999999999999996,363.856454435833,5237.158675799087
40,56,30153.964135214377,0.03000000000000004,382.1219817486834,5237.158675799087
40,57,26546.94426295421,0.02999999999999999,368.8356294015505,5237.158675799087
40,58,26006.21464091592,0.03000000000000001,359.60247962158326,5237.158675799087
40,59,20644.039686785673,0.03000000000000001,361.95903559483287,5237.158675799087
40,60,23343.69165786694,0.02999999999999996,342.47543916968186,5237.158675799087
40,61,24038.86991894061,0.03000000000000002,369.8663479497192,5237.158675799087
40,62,17906.675164447803,0.03000000000000001,342.18599345744485,5237.158675799087
40,63,15570.911360799004,0.03000000000000001,369.4398595742192,5237.158675799087
40,64,18182.91257049523,0.02999999999999997,405.4524019843204,5237.158675799087
40,65,10264.758423757856,0.03,365.01967128647175,5237.158675799087
40,66,19335.195070086356,0.02999999999999998,290.760914809395,5237.158675799087
40,67,16144.22182967647,0.03000000000000002,258.25679708070675,5237.158675799087
40,68,7619.710697004017,0.03,393.5797722842651,5237.158675799087
40,69,10900.064231232434,0.03,350.0746082950719,5237.158675799087
40,70,4658.158344999223,0.02999999999999998,321.82256296923885,5237.158675799087
40,71,4685.921943448826,0.03,330.17635175207994,5237.158675799087
40,72,5165.953735865789,0.02999999999999999,294.85350261174244,5237.158675799087
40,73,4345.864901507295,0.02999999999999997,250.71778189723256,5237.158675799087
40,74,1434.1141001855283,0.02999999999999999,533.424061103276,5237.158675799087
40,75,941.75596266851,0.03,398.6987791547885,5237.158675799087
40,76,1273.5770583242395,0.03,414.84324166210894,5237.158675799087
40,77,2366.330680813439,0.02999999999999999,563.492189172264,5237.158675799087
40,78,3620.4053558327214,0.02999999999999999,306.5620147110322,5237.158675799087
40,79,1532.600870584297,0.03000000000000001,440.7600681942995,5237.158675799087
40,80,2261.7436462349515,0.02999999999999999,374.3158993280728,5237.158675799087
41,40,37316.0901786785,0.08000000000000008,625.316718400663,5341.385703830202
41,41,35496.4359714335,0.07999999999999999,632.1814891423674,5341.385703830202
41,42,40250.73675134937,0.08000000000000007,624.9311820196953,5341.385703830202
41,43,41266.627728581814,0.07999999999999989,665.2646002087263,5341.385703830202
41,44,38409.3002134516,0.08,629.346003622296,5341.385703830202
41,45,33801.14648215543,0.08000000000000007,618.2720467993302,5341.385703830202
41,46,36314.43966932704,0.07999999999999989,571.2246494817333,5341.385703830202
41,47,35825.103560508935,0.08000000000000002,563.9428605619987,5341.385703830202
41,48,36385.4858799686,0.07999999999999992,578.3668035866842,5341.385703830202
41,49,34670.10910018606,0.07999999999999993,658.2776455548907,5341.385703830202
41,50,31809.563171121776,0.08000000000000004,593.1108160107187,5341.385703830202
41,51,29154.748320448343,0.0800000000000001,545.0485575934392,5341.385703830202
41,52,32788.180816601736,0.08000000000000008,486.490128623728,5341.385703830202
41,53,36666.5313729195,0.08000000000000011,531.8153929753386,5341.385703830202
41,54,33654.25826892791,0.08000000000000003,586.3287530723346,5341.385703830202
41,55,26240.07961524714,0.08000000000000004,486.9727036949092,5341.385703830202
41,56,32130.19266917294,0.08000000000000003,513.0415520219584,5341.385703830202
41,57,30736.27898630191,0.07999999999999995,543.6596814599984,5341.385703830202
41,58,27848.57795890204,0.07999999999999999,466.382344125589,5341.385703830202
41,59,28804.622734298147,0.08,460.96952269257264,5341.385703830202
41,60,24602.205825158824,0.08000000000000007,496.11220236285374,5341.385703830202
41,61,23050.41254844406,0.07999999999999988,481.20720154504505,5341.385703830202
41,62,19669.68873006007,0.07999999999999996,464.2523427177573,5341.385703830202
41,63,18109.524179754306,0.0799999999999999,418.87407550820654,5341.385703830202
41,64,16074.076959645048,0.07999999999999996,374.27336703096773,5341.385703830202
41,65,19049.638265916547,0.07999999999999988,452.1529481551081,5341.385703830202
41,66,11361.753641134505,0.07999999999999997,399.3246632480898,5341.385703830202
41,67,10651.192686258715,0.07999999999999999,405.6584718210838,5341.385703830202
41,68,7834.741868313343,0.07999999999999996,313.9205262531573,5341.385703830202
41,69,6077.603648749167,0.08000000000000002,482.17424770702,5341.385703830202
41,70,6624.748914663378,0.07999999999999996,365.8773640492245,5341.385703830202
41,71,4999.053386964072,0.08,404.8541176540703,5341.385703830202
41,72,5020.733023858362,0.08000000000000008,493.2208339137192,5341.385703830202
41,73,3623.0312609764646,0.07999999999999993,435.7262799368367,5341.385703830202
41,74,4045.020298413034,0.08000000000000006,566.4166363261803,5341.385703830202
41,75,2578.612870956986,0.08000000000000006,456.83923168115234,5341.385703830202
41,76,1887.072627434728,0.08,520.2868526122398,5341.385703830202
41,77,3437.949653966081,0.08000000000000003,551.4098174423692,5341.385703830202
41,78,1191.848281642917,0.08000000000000002,666.2265386268683,5341.385703830202
41,79,2337.2288929402157,0.08000000000000006,674.4995351142707,5341.385703830202
41,80,356.13603769719316,0.07999999999999992,585.9592508662871,5341.385703830202
42,40,38461.37698412708,0.03070000000000004,557.9658483120063,5365.047872340426
42,41,39011.96584606788,0.03070000000000001,552.3166439773898,5365.047872340426
42,42,41129.43685131269,0.03070000000000005,533.4763480415584,5365.047872340426
42,43,38107.72609706933,0.03069999999999996,534.1606956993993,5365.047872340426
42,44,38865.30871920372,0.03070000000000004,551.6877868726941,5365.047872340426
42,45,38080.35628538002,0.03070000000000003,514.919761959855,5365.047872340426
42,46,39023.003046643855,0.03069999999999995,560.3402437007884,5365.047872340426
42,47,37896.40899104503,0.03069999999999998,541.2432414752313,5365.047872340426
42,48,38326.397922626245,0.03070000000000008,540.2992264585612,5365.047872340426
42,49,36836.77348007503,0.03069999999999993,568.9445189515656,5365.047872340426
42,50,35394.53311162626,0.03070000000000004,493.0479378369655,5365.047872340426
42,51,38214.03199949707,0.03070000000000001,502.0496680059913,5365.047872340426
42,52,36016.606368754095,0.0307,499.16286249363645,5365.047872340426
42,53,36732.32483329426,0.03070000000000001,455.26132527234574,5365.047872340426
42,54,33771.32080078128,0.03070000000000003,450.3779210391924,5365.047872340426
42,55,34213.57130294221,0.0307,468.2361781257985,5365.047872340426
42,56,31772.63567133513,0.03069999999999995,460.3627874783264,5365.047872340426
42,57,32335.92596775848,0.03070000000000001,441.9397235044911,5365.047872340426
42,58,35654.25087035373,0.03069999999999999,457.763720525523,5365.047872340426
42,59,30408.639842174845,0.03069999999999996,451.0260883863588,5365.047872340426
42,60,34483.912762483575,0.03070000000000001,385.45600154122326,5365.047872340426
42,61,29017.252758287446,0.03070000000000006,430.4142557790519,5365.047872340426
42,62,24854.51068981443,0.03070000000000004,469.6467927195579,5365.047872340426
42,63,19038.42977294341,0.03069999999999999,399.5459796716699,5365.047872340426
42,64,18861.454373429,0.03070000000000003,399.10657922025166,5365.047872340426
42,65,18994.028578121368,0.03070000000000007,403.6341838521369,5365.047872340426
42,66,11268.674110760923,0.03070000000000004,383.4412804530041,5365.047872340426
42,67,11104.719010641353,0.03069999999999998,454.0368904948272,5365.047872340426
42,68,8738.495922995697,0.03070000000000004,411.2955063333994,5365.047872340426
42,69,7866.724857268343,0.03070000000000004,424.1135324102951,5365.047872340426
42,70,6760.80136478933,0.03069999999999998,405.2461683604928,5365.047872340426
42,71,5696.681488180472,0.03070000000000002,382.7383434639132,5365.047872340426
42,72,6698.2555407801465,0.03070000000000001,386.93476474880697,5365.047872340426
42,73,4528.1322638729725,0.0307,490.19879783473607,5365.047872340426
42,74,4864.137203166231,0.03070000000000002,506.13984847786145,5365.047872340426
42,75,4355.095324101949,0.0307,533.8523721214178,5365.047872340426
42,76,3093.1733168755195,0.0307,433.6123373440322,5365.047872340426
42,77,2710.2315138791673,0.03069999999999998,456.0541815659858,5365.047872340426
42,78,2061.79248040388,0.03070000000000004,467.7444656994072,5365.047872340426
42,79,4359.984776982799,0.03070000000000002,579.3848783727628,5365.047872340426
42,80,856.2132256081496,0.03070000000000002,597.2987027363204,5365.047872340426
44,40,36344.46611680783,0.0475,689.3263766619563,5294.511156186612
44,41,37314.95087163233,0.04749999999999998,803.6792697881807,5294.511156186612
44,42,39948.22585528309,0.04750000000000001,602.4986385397582,5294.511156186612
44,43,40709.7262628934,0.04749999999999998,670.508778956903,5294.511156186612
44,44,43010.12264784944,0.04749999999999996,828.449305824108,5294.511156186612
44,45,31613.93027269591,0.04750000000000003,756.9209766996735,5294.511156186612
44,46,47472.34262889268,0.0475,580.2727810138019,5294.511156186612
44,47,43604.925863887336,0.04749999999999999,595.6171805823317,5294.511156186612
44,48,39296.92057556296,0.04750000000000001,683.7017670133943,5294.511156186612
44,49,38285.16893374287,0.04749999999999998,719.1907925064897,5294.511156186612
44,50,37336.42664613014,0.0475,620.9858904058714,5294.511156186612
44,51,37334.260849650746,0.04750000000000001,695.3254131551125,5294.511156186612
44,52,41470.405522001754,0.04750000000000005,561.7286762519249,5294.511156186612
44,53,32788.19257445939,0.04749999999999999,556.9433423610556,5294.511156186612
44,54,37319.31959666813,0.04749999999999999,621.5765619801728,5294.511156186612
44,55,37031.50972691569,0.04749999999999999,579.2679176452008,5294.511156186612
44,56,31261.99516741456,0.04749999999999999,515.3434487641143,5294.511156186612
44,57,27334.66243769822,0.04749999999999994,534.9104909007225,5294.511156186612
44,58,36719.20469950296,0.04750000000000002,496.1024621446162,5294.511156186612
44,59,35638.128888024905,0.04750000000000004,654.7319696597427,5294.511156186612
44,60,48555.991200828146,0.04749999999999999,611.9752782211983,5294.511156186612
44,61,26635.503237198365,0.04750000000000003,604.0038836533023,5294.511156186612
44,62,27130.271023302943,0.04750000000000002,428.2386822123079,5294.511156186612
44,63,23341.93234836703,0.04749999999999998,538.385546444246,5294.511156186612
44,64,20126.435305591676,0.04749999999999999,568.0494109299783,5294.511156186612
44,65,27469.342857142867,0.04750000000000002,439.2165672532402,5294.511156186612
44,66,25952.297042164875,0.04749999999999998,391.1552842840832,5294.511156186612
44,67,23117.041452180983,0.04749999999999997,437.9720311912287,5294.511156186612
44,68,7175.6214435459715,0.04749999999999998,632.6859462025906,5294.511156186612
44,69,7339.042139109832,0.04750000000000002,461.66589197442136,5294.511156186612
44,70,5012.454503033132,0.04750000000000001,652.7693564558788,5294.511156186612
44,71,4403.270223752153,0.0475,396.5814906252036,5294.511156186612
44,72,6763.1612903225805,0.0475,496.4404904723152,5294.511156186612
44,73,2194.332227916793,0.04750000000000001,612.8794695011579,5294.511156186612
44,74,754.8048048048048,0.0475,467.3306528479154,5294.511156186612
44,75,3973.202276254527,0.04749999999999999,395.34475667317304,5294.511156186612
44,76,6843.82251655629,0.04749999999999999,516.8114146770641,5294.511156186612
44,77,1642.4020887728457,0.04749999999999999,491.3345052588501,5294.511156186612
44,78,2607.126113455228,0.04750000000000001,378.8381847604867,5294.511156186612
44,79,2643.8977879481313,0.04750000000000001,539.0185953916051,5294.511156186612
44,80,3982.042520880789,0.04750000000000001,624.1858164049994,5294.511156186612
45,40,33571.11875825466,0.04499999999999991,613.246369500749,5287.458598726114
45,41,35487.78631627845,0.04499999999999991,549.8312560313116,5287.458598726114
45,42,30643.24351409922,0.04499999999999997,586.1141676994424,5287.458598726114
45,43,37103.97740620012,0.04500000000000005,545.6382119948161,5287.458598726114
45,44,36521.44886819716,0.04499999999999999,522.9258669808358,5287.458598726114
45,45,35762.063772783105,0.04500000000000004,561.0468344068554,5287.458598726114
45,46,32848.03064264013,0.04499999999999994,490.16820602557414,5287.458598726114
45,47,39196.14031926238,0.04500000000000001,560.2681161158487,5287.458598726114
45,48,36066.11153127851,0.0450000000000001,503.61422252691466,5287.458598726114
45,49,34640.57842986636,0.04500000000000003,468.7153251916542,5287.458598726114
45,50,38735.19971118188,0.04500000000000006,491.03775761732606,5287.458598726114
45,51,33022.96424176127,0.04500000000000001,509.6461077172276,5287.458598726114
45,52,33180.41546815149,0.04499999999999993,490.45950968627886,5287.458598726114
45,53,32225.21832536654,0.04499999999999996,464.7808530398646,5287.458598726114
45,54,33650.27002132197,0.045,470.6756461965515,5287.458598726114
45,55,33150.4393603404,0.04500000000000007,417.2921178951007,5287.458598726114
45,56,36030.362137110526,0.04499999999999995,423.6672286231634,5287.458598726114
45,57,30591.587804100727,0.04500000000000002,424.22889115753776,5287.458598726114
45,58,37970.337771685896,0.04499999999999997,383.1985560499788,5287.458598726114
45,59,34604.968543808536,0.04500000000000004,412.6211600353093,5287.458598726114
45,60,26836.918303839226,0.04500000000000002,402.078910217934,5287.458598726114
45,61,25614.926554513426,0.04500000000000002,360.75838166438297,5287.458598726114
45,62,22730.50115532735,0.04500000000000005,319.470303399641,5287.458598726114
45,63,26551.598529855994,0.04499999999999999,304.4385044390672,5287.458598726114
45,64,21006.43086605914,0.04500000000000005,288.8509433581899,5287.458598726114
45,65,16086.951560818081,0.04500000000000003,344.10203306831534,5287.458598726114
45,66,17447.856018882783,0.04500000000000003,328.1517267795299,5287.458598726114
45,67,8736.421458400251,0.04499999999999996,330.8198643336697,5287.458598726114
45,68,9053.000820536863,0.045,294.9423308972473,5287.458598726114
45,69,14726.093204307335,0.04500000000000004,304.2378017570781,5287.458598726114
45,70,9691.228103579597,0.04500000000000003,332.1979416718185,5287.458598726114
45,71,8385.200823349338,0.04499999999999995,290.03527481980575,5287.458598726114
45,72,7298.039215686276,0.04499999999999998,271.135264454882,5287.458598726114
45,73,8736.289889651058,0.04499999999999998,270.74395792312094,5287.458598726114
45,74,6260.750957854405,0.04499999999999996,300.30996573707614,5287.458598726114
45,75,7161.6796245709875,0.04499999999999999,216.6270408672067,5287.458598726114
45,76,1158.4843492586492,0.045,406.86095521299234,5287.458598726114
45,77,1282.7036490969406,0.045,348.6664178095625,5287.458598726114
45,78,1688.1200662703443,0.04500000000000001,475.3015119964,5287.458598726114
45,79,2303.8560687432864,0.04499999999999999,611.771366470461,5287.458598726114
45,80,1612.080179123574,0.045,454.71015907241457,5287.458598726114
46,40,24118.159963615108,0,442.8302147223684,5442.279688513952
46,41,27284.7730319862,0,393.2530429436904,5442.279688513952
46,42,35727.14320019212,0,357.47158606890713,5442.279688513952
46,43,28931.139708224495,0,389.9344998310317,5442.279688513952
46,44,24135.617170669437,0,486.717525608592,5442.279688513952
46,45,29829.51713690588,0,403.9178813142035,5442.279688513952
46,46,36048.066546762595,0,418.1599569849131,5442.279688513952
46,47,26847.70248858234,0,399.63432034537567,5442.279688513952
46,48,31056.021165827427,0,401.8758188345307,5442.279688513952
46,49,31060.94299721234,0,471.0397104990214,5442.279688513952
46,50,36901.39177134536,0,376.00721499886066,5442.279688513952
46,51,42302.02616198162,0,352.82387599071336,5442.279688513952
46,52,27607.072515666947,0,439.4394999979171,5442.279688513952
46,53,28602.134499841897,0,297.36960766272796,5442.279688513952
46,54,39948.863565730855,0,393.3142051533573,5442.279688513952
46,55,28546.558283565584,0,392.8561205995388,5442.279688513952
46,56,38185.43515725981,0,360.2741422229336,5442.279688513952
46,57,26300.55307855626,0,317.39390401478823,5442.279688513952
46,58,29517.41963295972,0,306.25720049536073,5442.279688513952
46,59,23679.4415891096,0,312.5611077659537,5442.279688513952
46,60,32940.63968196603,0,390.24752417592543,5442.279688513952
46,61,24668.285791173297,0,321.4952508444642,5442.279688513952
46,62,18710.986162200043,0,270.27622108680134,5442.279688513952
46,63,17764.547055370767,0,302.55903106234393,5442.279688513952
46,64,27087.644525051,0,325.10320117156,5442.279688513952
46,65,12817.036865290984,0,292.534319733117,5442.279688513952
46,66,11935.048143053646,0,264.4884641758134,5442.279688513952
46,67,6092.30593607306,0,302.39877092515775,5442.279688513952
46,68,5775.473071324599,0,213.0237161691063,5442.279688513952
46,69,5447.285954113039,0,264.18598107624126,5442.279688513952
46,70,10748.383878691142,0,282.90038549258617,5442.279688513952
46,71,2408.4471333909537,0,204.07562243038225,5442.279688513952
46,72,2188.5330578512403,0,310.3635407358905,5442.279688513952
46,73,167.7218011591618,0,383.0377270209469,5442.279688513952
46,74,3231.714554875177,0,305.4116158951978,5442.279688513952
46,75,549.8858447488583,0,505.9031130903556,5442.279688513952
46,76,386.0115606936416,0,844.7845329224173,5442.279688513952
46,77,1535.2117731514718,0,562.9534040317257,5442.279688513952
46,78,1489.6580970050354,0,570.6396848226326,5442.279688513952
46,79,2074.180825242719,0,592.6244802570067,5442.279688513952
46,80,3146.007031642391,0,443.4212600790221,5442.279688513952
47,40,37272.9508374187,0.06000000000000007,526.4501462656048,5256.480703145651
47,41,32653.614497583218,0.06000000000000014,572.6549268414501,5256.480703145651
47,42,32207.56438514595,0.05999999999999991,508.7980817599706,5256.480703145651
47,43,37715.5840894003,0.05999999999999993,525.2463585227015,5256.480703145651
47,44,31973.021407719723,0.05999999999999989,516.6460252951499,5256.480703145651
47,45,33051.824781167976,0.05999999999999998,530.0231912174704,5256.480703145651
47,46,31828.491085379617,0.06000000000000001,491.5332413440858,5256.480703145651
47,47,34401.616490194574,0.05999999999999989,520.8758217211378,5256.480703145651
47,48,35368.5388086552,0.06000000000000004,471.0616464486432,5256.480703145651
47,49,30056.367996377256,0.06000000000000005,510.03701992506143,5256.480703145651
47,50,30948.073120995363,0.0599999999999999,479.143372991892,5256.480703145651
47,51,33903.083945669125,0.05999999999999997,428.1902728714537,5256.480703145651
47,52,31536.876094284136,0.06000000000000001,478.65297378128855,5256.480703145651
47,53,36191.084372815254,0.05999999999999993,465.3896906767928,5256.480703145651
47,54,31508.858460083546,0.05999999999999995,461.11149371334267,5256.480703145651
47,55,31448.08606458033,0.06000000000000004,433.87974882291127,5256.480703145651
47,56,33768.99638818898,0.05999999999999994,427.7371276008077,5256.480703145651
47,57,27930.45547466723,0.05999999999999986,421.20267318936186,5256.480703145651
47,58,26569.772342227876,0.05999999999999992,393.7746222357928,5256.480703145651
47,59,23056.565846207708,0.06000000000000003,393.51886751723765,5256.480703145651
47,60,23707.225486039595,0.05999999999999998,440.0315983078012,5256.480703145651
47,61,23833.30763750617,0.05999999999999996,356.9589516527622,5256.480703145651
47,62,21624.88681594218,0.05999999999999993,355.90290236201025,5256.480703145651
47,63,18811.60574083412,0.06,357.323732346509,5256.480703145651
47,64,18658.38434043272,0.05999999999999997,332.76785164427025,5256.480703145651
47,65,13916.382789756755,0.05999999999999998,327.7362685804235,5256.480703145651
47,66,14743.715395214822,0.06000000000000002,351.8947071127289,5256.480703145651
47,67,10669.079703332296,0.06000000000000007,339.7788770241166,5256.480703145651
47,68,8229.193960511033,0.06000000000000003,277.17158589607556,5256.480703145651
47,69,7916.867393126567,0.05999999999999998,276.2023198468612,5256.480703145651
47,70,6698.367158986253,0.06,345.8798234339754,5256.480703145651
47,71,5856.366604477607,0.05999999999999997,321.1382691557381,5256.480703145651
47,72,2360.107221090657,0.05999999999999997,287.4050805838285,5256.480703145651
47,73,2810.445627005726,0.05999999999999998,289.82139189451374,5256.480703145651
47,74,4255.751106482688,0.05999999999999996,430.76476951140376,5256.480703145651
47,75,4206.44635299975,0.05999999999999997,320.53342512414594,5256.480703145651
47,76,3369.55170384636,0.05999999999999998,326.07989537015527,5256.480703145651
47,77,2010.1770815596803,0.06000000000000002,355.53670255201223,5256.480703145651
47,78,1627.9372010813054,0.05999999999999995,214.76684365367456,5256.480703145651
47,79,1966.8812445517344,0.06000000000000002,374.25927240917457,5256.480703145651
47,80,971.7968903759106,0.06000000000000002,401.17325289759856,5256.480703145651
48,40,41163.20213178779,0,665.4073171441609,5295.8989684992885
48,41,41841.07774656132,0,656.2173318986399,5295.8989684992885
48,42,41598.848395785295,0,653.7265829948141,5295.8989684992885
48,43,41913.315807457395,0,645.417704152815,5295.8989684992885
48,44,39701.82515899205,0,647.4513223420412,5295.8989684992885
48,45,40345.441537308616,0,636.014751205858,5295.8989684992885
48,46,43927.97249033544,0,642.7533893829451,5295.8989684992885
48,47,40796.308495264966,0,608.6173134279455,5295.8989684992885
48,48,39802.91934883691,0,640.1126248462566,5295.8989684992885
48,49,43639.94091922483,0,624.2006648418003,5295.8989684992885
48,50,40751.929052372434,0,623.0671801811687,5295.8989684992885
48,51,41544.93662604798,0,618.2220600032858,5295.8989684992885
48,52,41074.37040964096,0,568.8172724502585,5295.8989684992885
48,53,42515.1735596554,0,574.0561198182314,5295.8989684992885
48,54,40886.243288019214,0,577.0716245613038,5295.8989684992885
48,55,40173.48631156845,0,552.1959124818146,5295.8989684992885
48,56,38034.32520401532,0,537.3231498693855,5295.8989684992885
48,57,38242.532768420424,0,522.4980322657893,5295.8989684992885
48,58,38928.99381212426,0,522.8450275771311,5295.8989684992885
48,59,37860.75568097296,0,533.5530451459513,5295.8989684992885
48,60,32742.588697130068,0,482.64932619812777,5295.8989684992885
48,61,34066.50525920361,0,485.1821886899911,5295.8989684992885
48,62,31318.021718753374,0,473.5326643483936,5295.8989684992885
48,63,27215.92102805062,0,498.5371110329006,5295.8989684992885
48,64,22715.12369044259,0,456.0284767483894,5295.8989684992885
48,65,18670.913610938445,0,457.1887173366162,5295.8989684992885
48,66,20766.669280065467,0,422.51932544635554,5295.8989684992885
48,67,17515.603158900456,0,428.59404313288366,5295.8989684992885
48,68,11829.48865393534,0,441.8385142476381,5295.8989684992885
48,69,9635.43710639708,0,405.5837653896716,5295.8989684992885
48,70,9184.642620289624,0,408.8918681136656,5295.8989684992885
48,71,7798.078421629191,0,438.1566171618935,5295.8989684992885
48,72,6943.0511504042615,0,432.92110868774057,5295.8989684992885
48,73,4631.8358736706805,0,407.3529096227524,5295.8989684992885
48,74,7649.570064148265,0,420.23859943305285,5295.8989684992885
48,75,6122.695010214822,0,457.1698910495873,5295.8989684992885
48,76,5942.908722687224,0,398.8772387107295,5295.8989684992885
48,77,4199.093882538997,0,446.608939718392,5295.8989684992885
48,78,2951.5417097977365,0,503.49046271990426,5295.8989684992885
48,79,2505.348636465361,0,572.6128093946644,5295.8989684992885
48,80,1646.6025101540497,0,611.0527980240983,5295.8989684992885
49,40,41318.12680784576,0.05,668.3548277311861,5157.322834645669
49,41,44664.790776465816,0.05000000000000001,628.7345847548594,5157.322834645669
49,42,36219.27093903672,0.04999999999999994,605.0510547234092,5157.322834645669
49,43,42958.63026633713,0.05000000000000003,584.3349291835408,5157.322834645669
49,44,39240.72923479397,0.04999999999999999,631.5401841281606,5157.322834645669
49,45,39030.57210593632,0.05000000000000003,547.6967923733105,5157.322834645669
49,46,38526.96262574813,0.05000000000000003,529.2709016073522,5157.322834645669
49,47,42979.759420179864,0.04999999999999998,468.7678433470689,5157.322834645669
49,48,38542.240457127664,0.04999999999999997,590.1090053181384,5157.322834645669
49,49,50642.54481379823,0.04999999999999997,591.5664695581778,5157.322834645669
49,50,36393.60930023445,0.05000000000000005,504.1926141707368,5157.322834645669
49,51,41523.11251739149,0.04999999999999999,565.3932634557932,5157.322834645669
49,52,40777.76288659793,0.05,547.2663694028693,5157.322834645669
49,53,38046.116548405545,0.05000000000000008,510.4726455350504,5157.322834645669
49,54,47649.73457361321,0.04999999999999999,529.226076445757,5157.322834645669
49,55,34765.358099503814,0.04999999999999999,490.27445649993143,5157.322834645669
49,56,32946.73601322121,0.05000000000000001,474.5521578236584,5157.322834645669
49,57,52762.96335578301,0.04999999999999999,559.3080883155206,5157.322834645669
49,58,38638.035282401506,0.05000000000000004,478.6713646388878,5157.322834645669
49,59,30821.169701643033,0.05000000000000002,552.958085578809,5157.322834645669
49,60,36952.20093594617,0.04999999999999999,454.4589197879984,5157.322834645669
49,61,41490.025999999976,0.04999999999999999,403.1048985873808,5157.322834645669
49,62,26576.45758661888,0.05,317.9358291709064,5157.322834645669
49,63,28498.713652994404,0.04999999999999996,386.4063799181035,5157.322834645669
49,64,18790.53197289507,0.04999999999999995,363.69750263917103,5157.322834645669
49,65,17593.39301458121,0.04999999999999997,426.07130329583816,5157.322834645669
49,66,19245.55514342235,0.04999999999999999,280.8944230156189,5157.322834645669
49,67,15356.958068615,0.05000000000000005,330.44611184074665,5157.322834645669
49,68,10732.830188679243,0.05,364.7922129697769,5157.322834645669
49,69,14531.132322175732,0.04999999999999998,311.73142327201396,5157.322834645669
49,70,7142.763251893128,0.04999999999999999,372.4249119230599,5157.322834645669
49,71,3567.264519277695,0.04999999999999997,409.61796914829387,5157.322834645669
49,72,7031.221590909092,0.05,279.06956642498415,5157.322834645669
49,73,3058.9853401416576,0.05000000000000002,382.86208591227654,5157.322834645669
49,74,1245.460085313833,0.04999999999999999,468.91993276849337,5157.322834645669
49,75,10918.235775685636,0.05000000000000004,363.96230971212896,5157.322834645669
49,76,12880.701063410794,0.05000000000000001,372.18676576874697,5157.322834645669
49,77,302.8512474207466,0.04999999999999999,349.37203528245806,5157.322834645669
49,78,337.38730450781964,0.05,200.85180823478345,5157.322834645669
49,79,393.9669421487604,0.05,398.2990769389672,5157.322834645669
49,80,837.3858596399689,0.05000000000000002,622.6383827951174,5157.322834645669
50,40,32276.79352580927,0.07799999999999999,564.4363520541145,5194.086322869955
50,41,36821.76993275696,0.07799999999999997,681.7303315713817,5194.086322869955
50,42,33001.08455625436,0.07799999999999999,619.896944782412,5194.086322869955
50,43,25656.01954686807,0.07800000000000004,557.0831534642191,5194.086322869955
50,44,34191.41801259238,0.07799999999999996,543.9468205976375,5194.086322869955
50,45,38355.03155479059,0.078,589.9087825113365,5194.086322869955
50,46,28936.167951102852,0.078,365.3836028149408,5194.086322869955
50,47,37129.27720413027,0.07799999999999999,644.7809586664675,5194.086322869955
50,48,45835.22928060581,0.078,448.18939685050526,5194.086322869955
50,49,31475.44473342003,0.07800000000000006,552.7643720358512,5194.086322869955
50,50,36008.13563244993,0.07799999999999996,508.6835744539878,5194.086322869955
50,51,37889.625028755465,0.078,467.9281819794103,5194.086322869955
50,52,34807.94979079497,0.078,725.0058077020558,5194.086322869955
50,53,31762.23522853956,0.07799999999999997,510.9166331000305,5194.086322869955
50,54,35817.08657810353,0.078,508.4252341908592,5194.086322869955
50,55,24111.401326699834,0.078,353.4052200915982,5194.086322869955
50,56,21851.384667342107,0.07799999999999999,367.1236105682269,5194.086322869955
50,57,26267.93609511425,0.07800000000000003,430.8702466928187,5194.086322869955
50,58,35519.04444814383,0.07800000000000001,355.43446797911884,5194.086322869955
50,59,21250.577825929944,0.07800000000000001,458.5909798008947,5194.086322869955
50,60,47887.15321563683,0.07800000000000001,248.6793202124136,5194.086322869955
50,61,40103.81855458739,0.07800000000000001,383.8168724157367,5194.086322869955
50,62,45390.17728797317,0.07800000000000001,305.511951594788,5194.086322869955
50,63,14309.639423076918,0.07799999999999996,417.333357569722,5194.086322869955
50,64,20606.34102621555,0.07800000000000003,541.7157169065007,5194.086322869955
50,65,7553.084007814682,0.07800000000000001,434.6128604334136,5194.086322869955
50,66,12099.015748031496,0.07800000000000001,350.31040257703455,5194.086322869955
50,67,2888.784709700685,0.078,458.9583999777097,5194.086322869955
50,68,24516.62208635843,0.07800000000000003,441.4345378626044,5194.086322869955
50,69,4755.523944997629,0.078,205.23689845195167,5194.086322869955
50,70,3758.484658735129,0.07800000000000003,143.8119991997152,5194.086322869955
50,71,13641.1436082813,0.078,397.62666073425544,5194.086322869955
50,72,11422.195798652398,0.07800000000000001,504.9184865576651,5194.086322869955
50,73,3523.408488063661,0.078,387.496387572384,5194.086322869955
50,74,1664.0567612687817,0.07800000000000001,564.7914423558462,5194.086322869955
50,75,207.77839955232236,0.078,619.5419233482829,5194.086322869955
50,76,5365.159734779988,0.078,257.35055647890863,5194.086322869955
50,77,332.97692740573996,0.07799999999999999,206.66191589600305,5194.086322869955
50,78,4413.53517364203,0.078,393.223277032383,5194.086322869955
50,79,2835.905044510386,0.078,214.0803825110914,5194.086322869955
50,80,990.5569007263924,0.07800000000000001,359.58186976919126,5194.086322869955
51,40,46264.89530478208,0.03999999999999994,764.2504183248533,5499.220269200317
51,41,49268.869745904354,0.03999999999999996,786.6499599788071,5499.220269200317
51,42,51618.62057120082,0.03999999999999995,789.0451885030647,5499.220269200317
51,43,49740.29207765499,0.03999999999999992,813.4317090598186,5499.220269200317
51,44,49513.48526104795,0.03999999999999995,720.6443479823748,5499.220269200317
51,45,51090.06475098255,0.03999999999999999,811.9903494158274,5499.220269200317
51,46,47257.378579003205,0.03999999999999999,811.1309244285549,5499.220269200317
51,47,52451.647730189405,0.03999999999999996,778.3769848755975,5499.220269200317
51,48,47211.81629984745,0.04000000000000001,682.1853064151916,5499.220269200317
51,49,46100.299719887895,0.03999999999999989,711.5842824286535,5499.220269200317
51,50,47799.33500085387,0.04000000000000004,641.3408625844422,5499.220269200317
51,51,49000.26774713777,0.04000000000000003,704.2417945691858,5499.220269200317
51,52,47789.56346098348,0.03999999999999994,652.0439570315459,5499.220269200317
51,53,47238.42954957371,0.03999999999999996,694.173291667395,5499.220269200317
51,54,43977.81348006112,0.03999999999999996,635.1305912743894,5499.220269200317
51,55,44266.717889243286,0.03999999999999995,724.565916481109,5499.220269200317
51,56,46839.05721272606,0.03999999999999998,689.4874403586246,5499.220269200317
51,57,44855.23596247853,0.03999999999999996,649.5699420180031,5499.220269200317
51,58,43499.69819377921,0.03999999999999999,677.0186246716463,5499.220269200317
51,59,44695.354836692255,0.03999999999999995,644.5048980314059,5499.220269200317
51,60,38411.876097866974,0.03999999999999996,582.943782796911,5499.220269200317
51,61,48603.49820532575,0.04000000000000001,596.632017485818,5499.220269200317
51,62,35219.914716897176,0.03999999999999997,594.4227565277488,5499.220269200317
51,63,31449.189965428646,0.04000000000000005,536.1544144034432,5499.220269200317
51,64,27681.27200581231,0.03999999999999996,563.4409103943108,5499.220269200317
51,65,20936.701052038825,0.04000000000000005,481.3394440346012,5499.220269200317
51,66,20290.39925255288,0.03999999999999997,472.82141865116984,5499.220269200317
51,67,20169.30712719948,0.03999999999999999,437.7445329991776,5499.220269200317
51,68,16423.850742776922,0.04000000000000001,474.445023803618,5499.220269200317
51,69,12111.265294371677,0.03999999999999999,499.42352748937776,5499.220269200317
51,70,9846.615711947628,0.03999999999999999,569.0391495617143,5499.220269200317
51,71,9926.245304771472,0.04000000000000002,442.6139730974661,5499.220269200317
51,72,7267.215795771839,0.04000000000000002,449.0246592822878,5499.220269200317
51,73,4140.805636540332,0.04000000000000001,459.0744644263964,5499.220269200317
51,74,4458.360670471398,0.04,458.7184198486691,5499.220269200317
51,75,4291.275944198708,0.03999999999999999,459.9583099116799,5499.220269200317
51,76,5364.2943792964,0.04,570.9247954555062,5499.220269200317
51,77,4830.0199252802,0.03999999999999999,498.3663111542047,5499.220269200317
51,78,2735.446192649532,0.04,411.5314669743377,5499.220269200317
51,79,2563.4365898861547,0.04000000000000001,748.7094136115159,5499.220269200317
51,80,4574.143123476266,0.04000000000000003,539.0793398224338,5499.220269200317
53,40,44086.194174271724,0,734.8855780019982,5417.547040618955
53,41,40823.63198244263,0,729.2517112770752,5417.547040618955
53,42,44706.87466262817,0,726.4752124757022,5417.547040618955
53,43,45330.0436357391,0,702.1518457703897,5417.547040618955
53,44,47753.4443249656,0,751.2219723278425,5417.547040618955
53,45,46706.71132288855,0,725.6211213785675,5417.547040618955
53,46,45230.84582041191,0,697.294885752714,5417.547040618955
53,47,42483.39523108011,0,709.9472981962597,5417.547040618955
53,48,39326.70419513601,0,702.7398053462093,5417.547040618955
53,49,44636.1009067423,0,675.182506901961,5417.547040618955
53,50,40391.55691975253,0,631.5281747833958,5417.547040618955
53,51,44270.59805245165,0,633.0586476402663,5417.547040618955
53,52,42422.85543985492,0,656.3073548694488,5417.547040618955
53,53,42240.664479927385,0,621.8302049099792,5417.547040618955
53,54,44268.83908022568,0,656.8306412122529,5417.547040618955
53,55,38667.66738339042,0,595.352065412973,5417.547040618955
53,56,37756.337144636695,0,574.3198581372044,5417.547040618955
53,57,38243.792762246594,0,582.5514568514648,5417.547040618955
53,58,41159.29758174986,0,594.5988332853055,5417.547040618955
53,59,36639.81834131857,0,603.6924709827261,5417.547040618955
53,60,34983.741669662406,0,482.8464314169112,5417.547040618955
53,61,30153.526237585014,0,505.2406376813015,5417.547040618955
53,62,25405.084366179857,0,548.6732276285281,5417.547040618955
53,63,22553.823445266953,0,518.7177315881173,5417.547040618955
53,64,24675.392599554572,0,505.2948020997675,5417.547040618955
53,65,16021.905119152692,0,542.416730134623,5417.547040618955
53,66,15738.840645749257,0,449.2384095952077,5417.547040618955
53,67,15605.52542611636,0,440.46274690723885,5417.547040618955
53,68,14079.944889925651,0,411.745174452475,5417.547040618955
53,69,12764.609049287672,0,496.103328710583,5417.547040618955
53,70,7465.404948620874,0,525.4251276518826,5417.547040618955
53,71,5033.284274404497,0,460.27350128305113,5417.547040618955
53,72,4262.209495658602,0,545.0608503920977,5417.547040618955
53,73,6350.071279745586,0,401.1348746208871,5417.547040618955
53,74,3482.4835664925004,0,458.0875825683754,5417.547040618955
53,75,5233.7907554851035,0,568.7470571528075,5417.547040618955
53,76,2026.0864350537715,0,569.0888454470775,5417.547040618955
53,77,939.6449162624692,0,613.6040664048737,5417.547040618955
53,78,1818.613841821865,0,696.9468174614314,5417.547040618955
53,79,1771.061518132433,0,606.9368121972213,5417.547040618955
53,80,2467.324660027841,0,668.595517209599,5417.547040618955
54,40,21511.89966945362,0.04499999999999998,396.410332680549,5282.548905109489
54,41,27531.816256178085,0.04499999999999998,377.4266089036767,5282.548905109489
54,42,26209.204445005693,0.04499999999999998,452.6072220050543,5282.548905109489
54,43,25256.77203281404,0.04500000000000005,424.92008430491,5282.548905109489
54,44,23219.183068212453,0.045,347.26190024975045,5282.548905109489
54,45,22062.17571968705,0.04500000000000003,400.7663661976189,5282.548905109489
54,46,26711.7009571518,0.04500000000000001,385.1729399479678,5282.548905109489
54,47,27349.90195162947,0.045,426.81395494516016,5282.548905109489
54,48,22807.377642913067,0.04499999999999998,372.8641156521872,5282.548905109489
54,49,28326.338519173743,0.04500000000000002,332.60772648364997,5282.548905109489
54,50,27752.534584333403,0.04499999999999998,348.6440602594516,5282.548905109489
54,51,20499.430988796445,0.04500000000000002,359.11021729460833,5282.548905109489
54,52,21187.06173359296,0.04499999999999998,321.68278030924415,5282.548905109489
54,53,21788.769654539195,0.04500000000000001,309.53732490670876,5282.548905109489
54,54,32844.400506168924,0.04499999999999998,356.89360134178054,5282.548905109489
54,55,17460.81668938541,0.04499999999999997,308.3821910619842,5282.548905109489
54,56,23544.04071822423,0.04499999999999998,383.4527245618848,5282.548905109489
54,57,23294.06197420079,0.04500000000000001,337.83281988987517,5282.548905109489
54,58,22127.806826434266,0.04499999999999998,335.88173500233563,5282.548905109489
54,59,20173.23390323754,0.04499999999999999,346.7024688328436,5282.548905109489
54,60,14143.513137431448,0.045,255.04752033979756,5282.548905109489
54,61,24890.9964068546,0.04499999999999996,256.1074446456376,5282.548905109489
54,62,13660.037647058823,0.04500000000000002,239.2350790228765,5282.548905109489
54,63,13762.722591238153,0.04499999999999998,318.2314736076371,5282.548905109489
54,64,7973.916517716327,0.04499999999999998,263.9086894404883,5282.548905109489
54,65,7703.152923155474,0.04499999999999998,202.90720310250583,5282.548905109489
54,66,13533.262070194189,0.04499999999999997,287.99691796535393,5282.548905109489
54,67,5656.030379141253,0.04500000000000002,199.472588809239,5282.548905109489
54,68,4405.200368493781,0.04499999999999998,258.3125226938846,5282.548905109489
54,69,5006.3368816531,0.045,251.2565519768027,5282.548905109489
54,70,1208.5812356979404,0.045,236.4988239292481,5282.548905109489
54,71,1195.905297884727,0.04499999999999996,164.3202132044187,5282.548905109489
54,72,3995.204855842183,0.04499999999999996,297.0459590215579,5282.548905109489
54,73,1496.3761250592142,0.04500000000000001,132.13376471904994,5282.548905109489
54,74,557.2488199595414,0.04499999999999999,220.27099388178175,5282.548905109489
54,75,1718.4057203389834,0.04500000000000002,251.42725543025117,5282.548905109489
54,76,3714.8316881802066,0.04499999999999998,192.2098167452515,5282.548905109489
54,77,3688.430003036744,0.045,245.18646482855615,5282.548905109489
54,78,485.1607020743104,0.04499999999999999,122.02336185031506,5282.548905109489
54,79,122.31452305929533,0.04499999999999998,223.64984807755636,5282.548905109489
54,80,1026.1912275165666,0.045,383.81910791544703,5282.548905109489
55,40,31632.157388935597,0.06100000000000042,524.0066841558531,5311.867562380038
55,41,37988.74582427914,0.06100000000000025,487.42814828660306,5311.867562380038
55,42,38907.81130831366,0.06100000000000042,536.0495187752172,5311.867562380038
55,43,36477.604429646446,0.06100000000000038,485.617368932362,5311.867562380038
55,44,34319.816169347,0.06100000000000037,557.7580765140066,5311.867562380038
55,45,34097.305841924426,0.06100000000000043,515.5767012082581,5311.867562380038
55,46,33668.91858683398,0.06100000000000046,473.1849797163656,5311.867562380038
55,47,36978.26685294231,0.06100000000000034,515.0493386884617,5311.867562380038
55,48,35814.159360296195,0.06100000000000034,423.9170090560744,5311.867562380038
55,49,31862.189826302747,0.06100000000000041,457.9585643111043,5311.867562380038
55,50,36593.56823139698,0.0610000000000005,435.4795232017896,5311.867562380038
55,51,33299.916297615266,0.06100000000000043,491.6039913545917,5311.867562380038
55,52,31864.73902728354,0.06100000000000045,498.4193203395205,5311.867562380038
55,53,40415.218301814966,0.0610000000000004,441.2827617749736,5311.867562380038
55,54,35772.7031341373,0.06100000000000039,493.8365610765898,5311.867562380038
55,55,35297.98717924755,0.06100000000000032,425.0115011130653,5311.867562380038
55,56,36979.9478430757,0.06100000000000039,466.86168752546325,5311.867562380038
55,57,28546.31883092715,0.06100000000000036,468.40185307222174,5311.867562380038
55,58,27806.843204021243,0.06100000000000034,409.0998580029549,5311.867562380038
55,59,32929.71097218447,0.06100000000000035,402.0019397681945,5311.867562380038
55,60,27532.916191115622,0.06100000000000035,350.0911026208811,5311.867562380038
55,61,28941.574128911263,0.06100000000000021,397.3173369795059,5311.867562380038
55,62,20826.513335268977,0.06100000000000031,390.0895107914276,5311.867562380038
55,63,19373.24324955621,0.06100000000000029,373.66070370485073,5311.867562380038
55,64,18892.1516156591,0.06100000000000027,374.57811823266144,5311.867562380038
55,65,13271.22502078808,0.06100000000000021,405.8307877652199,5311.867562380038
55,66,11196.94220772602,0.06100000000000002,377.13704619123905,5311.867562380038
55,67,8734.985362869755,0.06099999999999996,355.35873976455713,5311.867562380038
55,68,9385.257451474052,0.06099999999999996,407.3583361311382,5311.867562380038
55,69,10758.225341028328,0.06099999999999991,416.117789591552,5311.867562380038
55,70,5391.910208750356,0.06099999999999996,372.9620664663436,5311.867562380038
55,71,2747.50365699874,0.06099999999999998,402.81943609124846,5311.867562380038
55,72,2072.7359788650992,0.06099999999999992,390.9802017964772,5311.867562380038
55,73,2910.642614563576,0.06099999999999991,450.682457599497,5311.867562380038
55,74,2649.338471419396,0.06099999999999995,335.3466625039526,5311.867562380038
55,75,2268.1893025158515,0.06099999999999994,485.241417575732,5311.867562380038
55,76,3159.327878433663,0.06099999999999993,418.3128884847352,5311.867562380038
55,77,3370.9085794655393,0.06099999999999991,499.48457416177456,5311.867562380038
55,78,1013.1214343928284,0.06099999999999997,513.8775382384757,5311.867562380038
55,79,1376.6101053428376,0.06099999999999996,649.2373147272665,5311.867562380038
55,80,818.9108280254778,0.06099999999999996,661.8807384760751,5311.867562380038
56,40,37534.77105995449,0,633.3922338176636,5152.021978021978
56,41,34120.39158100832,0,569.0031250402868,5152.021978021978
56,42,38396.71052631579,0,477.1050668708312,5152.021978021978
56,43,35180.67940552018,0,491.759164175826,5152.021978021978
56,44,36425.22722682286,0,445.0106719916885,5152.021978021978
56,45,40706.31696678224,0,550.3526083550072,5152.021978021978
56,46,50191.4260328743,0,449.8532178971088,5152.021978021978
56,47,40403.73563847247,0,510.3364542292884,5152.021978021978
56,48,29718.7315354384,0,508.1805121707096,5152.021978021978
56,49,35322.61021388042,0,474.4472271787501,5152.021978021978
56,50,37193.79285126612,0,533.2758653219662,5152.021978021978
56,51,50298.72653061224,0,324.39971836581066,5152.021978021978
56,52,42949.26089703094,0,394.50582587782367,5152.021978021978
56,53,31218.166978193163,0,284.53616929442364,5152.021978021978
56,54,22865.22208513264,0,498.41686952893895,5152.021978021978
56,55,36573.75049090195,0,373.85585212372865,5152.021978021978
56,56,29296.11748392788,0,399.5635641406912,5152.021978021978
56,57,34907.142857142855,0,448.81152928325247,5152.021978021978
56,58,27265.953769712676,0,325.65931771352086,5152.021978021978
56,59,32961.97388399636,0,450.96182059214823,5152.021978021978
56,60,23947.28378113356,0,429.0798734678761,5152.021978021978
56,61,28057.86832004723,0,515.8763141347349,5152.021978021978
56,62,52140.72048283666,0,304.9401119986844,5152.021978021978
56,63,18246.17131732641,0,351.90996589024263,5152.021978021978
56,64,21481.294964028777,0,157.50562395463626,5152.021978021978
56,65,22298.695368558376,0,336.47914290123214,5152.021978021978
56,66,13930.446497305622,0,195.16678170582833,5152.021978021978
56,67,7261.285555966015,0,211.78836439211747,5152.021978021978
56,68,4536.7335243553,0,345.95115848215784,5152.021978021978
56,69,3626.649765990639,0,297.74731328267865,5152.021978021978
56,70,10439.4459833795,0,132.036447679807,5152.021978021978
56,71,9922.68156424581,0,143.88800610344083,5152.021978021978
56,72,1970.776874435411,0,292.1879183672693,5152.021978021978
56,73,15261.306532663317,0,148.4010965102906,5152.021978021978
56,74,251.5616728427739,0,252.0199856029849,5152.021978021978
56,75,7641.102456560816,0,170.56038141028148,5152.021978021978
56,76,0,0,367.208594744309,5152.021978021978
56,77,1042.3204419889505,0,34.5271626556156,5152.021978021978
56,78,0,0,218.81592541619935,5152.021978021978
56,79,297.1698113207547,0,480.5713701140461,5152.021978021978
56,80,14.501510574018129,0,502.43107211938275,5152.021978021978
