X1,X2,X3,X4,Y
1.0,1.0,0.8858331370872147,2.576032156495098,3.9823858346143677
1.0,0.0,0.4232113810739037,1.182624240649696,0.4177425705178095
1.0,1.0,0.3901735806224218,3.540587225261257,1.51874285673781
1.0,0.0,0.22717856344606863,0.5080980286727268,1.2168771246611398
1.0,0.0,-1.1394397102934761,1.7142817152690057,-0.8756734661496626
1.0,0.0,0.0864623841178009,2.327226495413788,0.5118254636092427
1.0,1.0,0.5697762296790092,2.937305644662175,1.9779320987306543
1.0,0.0,-0.6198065302139704,0.3204783413607908,0.4556858867801899
1.0,1.0,-0.8406675331968404,2.8139770376964,0.3300528607298071
1.0,0.0,-0.4930823575557513,2.908233498295012,0.8948595834628383
1.0,0.0,0.39494951554635666,2.8571754445866118,-0.6670100116866906
1.0,0.0,-0.5496571807355172,3.35072793489495,1.3895567352788327
1.0,0.0,0.20491256738362124,-0.29235171544068783,1.2130570110271934
1.0,0.0,-1.0443689783455454,0.7729577041208073,-0.48756060239562726
1.0,0.0,0.9167588968838115,0.8153107665335113,1.2379698475847702
1.0,0.0,2.2463501817718843,-0.011682198646730813,2.4686339066394303
1.0,1.0,-0.12043902290291753,6.639235678404161,2.906011070292242
1.0,0.0,0.6879763550915461,2.5917842958804864,-0.6801245574450694
1.0,1.0,1.6432149902615694,3.152767605310199,2.9790176565890327
1.0,1.0,1.098658134945765,3.092857948939314,1.9511106208104698
1.0,0.0,0.006269996815288281,2.302356287944717,1.9309975583485919
1.0,1.0,-0.19417978780987075,0.6970042124743148,1.297285511406871
1.0,1.0,1.0534400346263457,1.726843467690771,3.6343529040789475
1.0,0.0,0.24455693858113325,1.737780265682805,2.085960384369057
1.0,1.0,-0.21154232679726892,3.2873730628259183,0.848430749770096
1.0,0.0,-0.4378610289294861,2.1565047528397105,2.131737174931544
1.0,0.0,-0.8482330535906273,2.2317579519665975,0.4569122865924777
1.0,1.0,0.7954996781971796,0.8740542094324673,2.0352365272512927
1.0,1.0,0.9636345099526767,3.0963788526757123,0.6356955354360818
1.0,0.0,-1.2075702994693078,2.888345195141855,1.7886031672025158
1.0,1.0,-0.7465340521763846,1.1058162718039435,1.9083182994742454
1.0,0.0,-1.5512162504310762,0.9133322111402296,-0.4879276609852694
1.0,0.0,-1.3925098469440829,2.2110460063729294,-1.033631472170383
1.0,0.0,-0.917094582146744,2.7123621827317748,0.5596904946093347
1.0,0.0,-0.2871803170589537,0.22147766206604902,1.0943130135480017
1.0,0.0,-0.15557952927724947,1.9712674838816309,3.0712575101733033
1.0,0.0,-0.7648311957402659,2.3784173187854725,0.6126751726188864
1.0,0.0,-1.4980579833923233,1.1990276670998035,-0.5627892906391767
1.0,0.0,1.821641520527926,2.039891568958037,0.43331751615307645
1.0,1.0,0.3310347520102551,1.8160036704226368,2.8365155744363033
1.0,0.0,-0.1658220877224712,2.0250514048231527,-0.3133612256850884
1.0,1.0,0.49166725477707723,1.7596447020191182,0.19463620621837152
1.0,0.0,-0.8333033503116234,2.6465612149493687,1.8112927785071224
1.0,0.0,0.5982117526131108,2.2201835156519283,3.5180572536610226
1.0,1.0,-1.3823077237678836,-0.399032467839211,-0.4132419654851726
1.0,1.0,1.243734160780371,1.7237841094614659,2.0655735704982803
1.0,0.0,1.7151584895764846,0.21517551939950463,2.9008323709233714
1.0,1.0,0.0897504395841314,1.4992903635248573,0.07399964922300195
1.0,1.0,0.8092436798072721,4.463461572745125,2.9212945426859203
1.0,1.0,0.2544860195864575,1.1880107213454196,0.950830425383208
1.0,1.0,0.39728335639285256,0.37442545339112177,0.06971418928127737
1.0,0.0,0.2111795350473469,1.3594166899929938,0.6231366233474421
1.0,0.0,0.8593121350579354,0.8169884822302393,0.3977047434944062
1.0,0.0,0.28702636856118735,1.030874121360454,1.3048563227200074
1.0,0.0,0.2459190756046114,0.5427409030860935,-0.25616687887140555
1.0,0.0,-1.2986365571355374,1.5443674478920901,-1.7909785711109196
1.0,0.0,-0.17063786408239917,0.19961579766864257,1.6375289044617036
1.0,0.0,-0.601593284900877,3.0362841967716836,2.063004830035591
1.0,0.0,-1.798405045889493,1.306193906303982,0.4483627475026073
1.0,1.0,-0.46529510774679833,2.2643838246575205,1.9578347929207616
1.0,1.0,-0.8069273339389328,0.6176914759696539,0.3578852240200039
1.0,0.0,-1.0692969928015872,1.0634205102449676,1.7692267378557556
1.0,0.0,-1.2865498333885028,1.514551554293315,-1.8734693644617157
1.0,0.0,-1.148708832787563,2.607530311093301,-0.27199726203763996
1.0,0.0,0.35626470853960607,2.483507421363471,0.4059927770863244
1.0,1.0,-1.317999523900424,1.770019026530759,-0.18799633092438028
1.0,0.0,1.2577802207797126,0.7650657166890081,-0.01322051045897421
1.0,1.0,0.028295412385441865,1.3128374804454657,2.1901906227938372
1.0,0.0,-1.3648569777257342,1.6956394250927342,-0.6369027290498875
1.0,0.0,0.4308639475986704,2.320264185061994,1.2597950891893381
1.0,1.0,-1.179905059417102,1.6322165289995194,1.807667750304908
1.0,1.0,-1.3222279931313932,2.0481223645872615,1.4770589621602355
1.0,0.0,-1.803866035375161,3.7051495572072692,0.01951702160519206
1.0,0.0,-1.3295365813471707,2.2222337398154033,-0.4443996347116257
1.0,1.0,0.4930697970330994,2.5400487395763456,2.9181394149080138
1.0,0.0,-1.4104863719579468,3.117318810192481,-0.45031466620665117
1.0,1.0,-0.8364342792780983,3.4835652229906895,2.1882106495204385
1.0,1.0,0.5935790443539528,2.3530184129918097,1.0434260072656505
1.0,0.0,0.45868432219663036,1.8007756496510257,2.6966949611628896
1.0,0.0,-0.050543756389542144,2.858300188524068,1.8880496745089586
1.0,0.0,0.8978602269692503,1.0903489315742831,2.896721679709352
1.0,1.0,1.1187295866426834,4.2901968826694095,2.3412929620238523
1.0,1.0,-0.9988056554769817,1.5920226862899902,0.8798088038046813
1.0,0.0,0.38097743690449026,3.9073464016941095,1.8720991456896132
1.0,1.0,-0.18074211604175994,2.0451169631697406,1.042155561029404
1.0,1.0,-0.3793344296900125,2.8423544988016243,1.6376898960690538
1.0,1.0,-0.4277427013237405,1.5040881251759264,0.5170123223472111
1.0,0.0,0.48239970471786214,2.4950074676347187,1.9988515347086326
1.0,0.0,-0.06085894676593555,2.210303717033378,1.8820920407696775
1.0,1.0,0.33279275421300886,0.22548468318936044,1.9638762505536056
1.0,1.0,0.7654902990999801,2.6186471673654155,1.2932816606049888
1.0,1.0,-0.5818446183042157,3.6724891735249283,1.2457176188355628
1.0,0.0,-0.1129876514011243,2.9023142739050716,2.007142118430761
1.0,0.0,-0.45260183973842305,2.431115738772428,0.8078830074893923
1.0,1.0,-0.6220215366323972,0.49195390451612675,0.5739252967002693
1.0,1.0,-0.41083903901830626,2.8572593470024494,3.2631788526439096
1.0,0.0,0.7205459896314305,-0.7448874658601712,0.9008394475358045
1.0,1.0,-0.24076089596814465,1.655634711309894,0.3745927097095221
1.0,1.0,-2.158634594814918,3.5096915320492093,-0.13322449134060976
1.0,1.0,0.7486297340753718,1.6828186761088042,3.710015796021306
1.0,0.0,0.41118120650685197,5.023879324036486,2.005452434683246
1.0,1.0,-0.9798305377272234,2.0438999216134284,-0.08839403620321817
1.0,0.0,-0.0970646595796282,0.8920741813615426,0.9640126220542239
1.0,1.0,1.0163879836317142,0.911073043926554,2.480091005424395
1.0,0.0,-0.8061451257458567,3.4585090845578863,1.2644457595196883
1.0,0.0,-0.4501216705104632,0.34680872733911583,-0.4522063611073651
1.0,1.0,0.26207707200353647,2.0089110973025486,2.6401988951087842
1.0,0.0,-0.9582499608811189,0.31315764221697084,-1.4294724056577133
1.0,0.0,0.5027858270303325,2.3756475670235946,1.242413476967533
1.0,0.0,1.354661425243968,2.0225455492624262,1.8287468090160004
1.0,0.0,0.6179423546730518,3.2642500499986036,1.7908293491901766
1.0,1.0,-0.4858741974248487,0.2424959671564615,-0.3856693270326773
1.0,0.0,-1.9968606727403657,3.4845107904556505,0.996380300329293
1.0,0.0,0.64408701570336,2.762342326278326,0.6542884660539958
1.0,0.0,-0.6046529433879704,1.3740831307031782,-1.4915573461494298
1.0,0.0,-0.3412338289731583,0.31808103371013274,1.3493682096596653
1.0,1.0,-0.9892308332022995,1.942283226826766,1.1617106599103337
1.0,1.0,-0.7081609272049393,3.9955673247556707,1.708932825872259
1.0,1.0,0.2005585777441972,3.7076423571327926,1.366509718764997
1.0,0.0,-0.203549293011061,-0.7080342557919383,2.3727818189563483
1.0,0.0,1.9906741544124325,2.531623953917258,1.431405793069737
1.0,1.0,0.7973094603423968,2.709829113340383,1.4567421932809665
1.0,0.0,-0.6544839638995701,2.7217773338562257,-0.8110368386270381
1.0,0.0,0.15387374432237302,1.4539298636536815,1.439808780806755
1.0,1.0,-0.011026937329613504,3.941523111355385,0.4158957415633131
1.0,1.0,0.6469250135955437,2.062002724301148,1.7769222635302309
1.0,0.0,0.7265613400082933,0.8223039568680721,1.605553804121399
1.0,0.0,-1.3830514845862059,0.5609073895084917,0.8232892920625399
1.0,1.0,-0.2623245888019274,1.9481361560232129,1.2771661906116667
1.0,1.0,0.3762894980739015,4.885828502152808,2.3103540127264193
1.0,0.0,-0.3137633591729635,0.9265212155440983,-0.554565355894826
1.0,1.0,0.6955285987337584,3.393128842398848,2.278397360435101
1.0,0.0,-0.5072815238249596,0.7302376322261608,-0.06370118072779474
1.0,0.0,-1.0518101980409098,2.134545603130076,1.0265639363667942
1.0,0.0,1.6707939023894303,-0.38502744431227387,1.2513832221549983
1.0,0.0,-0.9903480421762959,1.6499069018565908,1.160380809490681
1.0,1.0,-0.06760903592815026,3.024626860417116,1.5060582169358996
1.0,0.0,0.9445933998895579,1.8570857897649744,2.0737544439014957
1.0,1.0,0.18475493221347816,3.1980584165943426,3.0418554367319555
1.0,0.0,-0.3875452545217969,2.5542544474088094,0.6773322434776393
1.0,0.0,0.8060742036438805,0.16225383948714267,3.468018245862497
1.0,1.0,1.641944847546494,1.3138642573146244,3.4186662737660547
1.0,1.0,0.6495290764148911,1.8064221978523636,1.8778179280674319
1.0,0.0,-0.6453585297922675,2.0385025799818255,0.31872264716205184
1.0,0.0,0.5255442137178241,1.6072095472003454,3.0394296037443707
1.0,1.0,-0.7596032963381546,4.184255191032945,0.19956163868529142
1.0,1.0,1.3779317180252364,2.672873237022558,2.0063500792183353
1.0,0.0,0.5977066606458741,0.2876372714534856,2.9067320274378536
1.0,0.0,-0.09327648775085007,2.016791382726518,1.799873939671162
1.0,0.0,0.6781583690976943,2.3138684186192777,0.7036885483667165
1.0,0.0,-1.7365152356841322,0.5950998300983115,-1.8259528329773522
1.0,0.0,0.2895786559441738,0.7475815073486385,1.6086403533598213
1.0,1.0,-1.403443575767466,1.1400147835003698,-0.4934282152536621
1.0,1.0,0.18530736308598597,2.4332051524644007,0.9904393719265494
1.0,1.0,1.3453486062593487,1.789948717822286,1.6315419196652194
1.0,1.0,-1.0669731541305774,1.4106612367775395,0.3599684440813353
1.0,1.0,-0.08611112574176084,1.527570336004612,1.2757632805209151
1.0,1.0,-0.6017522276401004,4.02973839489972,2.211712616932382
1.0,1.0,0.6191739172546133,3.1641902910207524,2.0251191981816703
1.0,0.0,-0.4548792041052651,0.660738233495401,-1.3029709159339915
1.0,1.0,-0.03485633452501522,4.324023095372439,1.5513014595188266
1.0,1.0,-1.330111641915782,3.111211807753783,-0.0047577590846613615
1.0,1.0,-0.3265651136080614,4.647408444365479,2.611868969804217
1.0,0.0,0.055430484798985546,2.1113485482081478,-0.011400346447787646
1.0,0.0,-0.34861441149646427,1.28325260076166,-0.5112442409593763
1.0,1.0,1.3731899770102447,3.995873487554843,3.547698086682758
1.0,0.0,1.7803365252331338,2.4752672563951963,2.2823144232699453
1.0,0.0,0.4165259731817119,1.901403675930537,1.3714435527553752
1.0,0.0,0.7939137441687846,2.0403649771631702,2.317212996841291
1.0,1.0,1.106135288628724,1.1964653356930242,0.6516023034982188
1.0,0.0,0.8528937041770528,0.13121838891268367,3.962229621616175
1.0,0.0,0.6357224233076868,-0.27161600127886487,1.3034851989969378
1.0,1.0,1.2622183245700458,1.0950988081937159,2.3158315916114347
1.0,0.0,0.1350378488906261,-0.02530735431506037,0.06834723423506628
1.0,1.0,0.09233921461667977,2.0736746617483894,2.4893995117447956
1.0,1.0,0.37803955664040767,2.9679904965085386,3.1202675577057475
1.0,1.0,-0.24894698401591234,1.499559340975889,0.5370020914600084
1.0,0.0,-1.6234658753637763,1.7355475757845966,-0.3395943816369566
1.0,0.0,-0.5298861658396623,1.826067718877991,-1.356147862220082
1.0,0.0,-0.5577999019238657,1.389503638781675,0.46934875001643567
1.0,1.0,0.005188524847910048,3.720444615459596,2.85055072057167
1.0,0.0,0.02726640853306504,3.3435741842859477,0.7337163030949321
1.0,0.0,0.010186024051881681,2.039525169633903,0.8358132790911945
1.0,1.0,-0.8518045092318696,0.7574299412577649,1.3727842551513776
1.0,1.0,0.4651160922522071,2.3011830812466325,2.608455847681568
1.0,0.0,-0.5645857593155899,1.3093736386195531,-0.4532944369659175
1.0,0.0,0.01519674487474268,2.5627961203767935,1.2659936651101908
1.0,0.0,0.33832058541246274,3.2635861341893797,2.5295854898185723
1.0,0.0,-0.39669346392596594,2.502194741252272,2.3122345065841863
1.0,0.0,-0.1334235562878078,1.762343088854566,0.8304647786825355
1.0,1.0,-0.0218749381609544,0.02841287643058088,0.7616088598425803
1.0,1.0,0.3529999061075558,3.9001274946322813,2.923799825410341
1.0,1.0,1.4662251675839875,4.945433414186601,4.477148296208833
1.0,0.0,0.9814233817381691,2.8872247419028616,3.0046012792604384
1.0,0.0,-0.4867027286371618,3.0792212401130605,0.8797637589802428
1.0,1.0,0.1327443759887696,0.9015163658249978,1.5230439896227872
1.0,0.0,0.9090749789101418,0.5448840121440608,2.7308613892020266
1.0,1.0,0.6162744121109849,3.03868660122061,1.2169522138166924
1.0,1.0,-1.1208941358767177,1.1055786633547204,-0.09794762388311162
1.0,0.0,-0.5644699058441535,0.6532442605706255,-0.8158422076797792
1.0,0.0,-0.00426684674017469,2.68018297400367,0.8849428295802186
1.0,0.0,-0.26763345666450816,1.4241826894745533,1.2882153539798193
1.0,0.0,-0.7524438207975439,1.4098251030826128,-0.4169893312192614
1.0,0.0,0.3680230806774386,2.010769602254564,0.9240895956295271
1.0,0.0,0.13065277276160012,1.8293884167036791,-1.6560955267887625
1.0,0.0,-0.92255179240136,0.2924025929314855,-0.37601872387658947
1.0,1.0,-0.684444968519003,1.2646889718557284,2.7505181177111107
1.0,0.0,-0.8068096269041858,1.044478194247238,0.21678307444617398
1.0,0.0,1.4420741638227053,1.1044067615654944,2.960836980827838
1.0,0.0,0.2862957753682339,2.7947128457702948,1.778941034986904
1.0,0.0,0.24823503034981417,0.8962644977496141,1.4494249715017706
1.0,1.0,0.4219739458080486,2.796295719104648,1.1769728892226994
1.0,1.0,0.518662315175701,0.17834787548330278,1.5874204804854726
1.0,1.0,-0.34126506132329615,2.7798336198069697,3.178605683774152
1.0,0.0,-0.3373265572017949,3.6482710505844294,1.110787524160553
1.0,1.0,1.2135865513428277,2.4000084859656963,3.367919256191142
1.0,0.0,0.5608528010428238,0.8680678402079616,1.7228530081565068
1.0,1.0,-0.4410654913928292,0.7704995931408405,2.3115384059488573
1.0,0.0,0.23848287268349744,2.0979178860059373,0.6419213946454213
1.0,1.0,-0.38976769147915596,1.3115643114319897,2.020798734959161
1.0,0.0,-0.3822176681571002,3.849255458991722,2.224916887493137
1.0,1.0,0.015389942296896972,2.376066897724314,1.3999119047954856
1.0,0.0,-0.5611163880299298,2.702279269680633,1.0979223959867257
1.0,0.0,-1.5119543449711255,3.1211115010856947,0.05928904227138096
1.0,0.0,0.48418180747933237,1.4762162494537348,0.6464316572421787
1.0,0.0,0.3655430375034575,1.5270847016541365,0.4501557191673283
1.0,0.0,0.04810387696176255,0.774510606092981,1.0452064041904976
1.0,1.0,-0.05665976394316783,1.901446407597804,0.3893987413273803
1.0,1.0,0.7390177780772269,2.467789871961501,1.5774573015417306
1.0,1.0,-0.6773667286021849,3.1054238604961464,2.7721825422600253
1.0,0.0,-0.1625393868028503,1.7901733601244643,0.6367356264788706
1.0,0.0,-0.9124892496192599,1.0305413158030365,-0.17819786583261482
1.0,0.0,-0.8472300905386351,2.1236151965096224,2.1996373110026393
1.0,0.0,-0.5793600195546915,3.0776502317789602,1.0282030740834458
1.0,1.0,1.1502272594637324,2.621817570423481,2.9975506667419123
1.0,0.0,1.6566206765314728,2.2034221464866914,2.641398732816398
1.0,1.0,0.179519426348894,0.46545006468308747,2.5692677395274552
1.0,1.0,0.2358974602694573,0.07748237821596327,2.589007471640639
1.0,1.0,0.8542743611363193,1.1364183203702063,2.797359194930223
1.0,0.0,-1.3339142880557426,1.8383935745989817,-0.6408652046834835
1.0,1.0,1.1316261323905374,3.5314918092203706,3.4775218583655567
1.0,0.0,-1.9512568950125506,4.0769875174621095,-1.4464727465284286
1.0,1.0,-0.018353408433993246,0.9954714465603582,0.9061904005567338
1.0,0.0,-1.5086456098400103,2.2868360709985462,0.5126351663255573
1.0,0.0,0.554638659851472,1.5858210721211548,-0.9491629320424047
1.0,1.0,-0.04510957548751643,3.3906394887335214,2.2324000166475555
1.0,1.0,0.8299384566355368,4.316820997207139,2.1385901610730413
1.0,0.0,0.49560658429801346,2.0988988375985245,1.7763077314733793
1.0,0.0,1.2688166217162353,2.723092717288793,2.240048738157593
1.0,0.0,-0.6944362496851222,2.6463390505793725,0.8820224464420927
1.0,0.0,0.39378999350314203,3.434658398181681,2.5301026117921945
1.0,0.0,0.5762327677220751,0.04079234204028381,0.9656404546944396
1.0,1.0,-0.16660717230599661,2.755177058030578,0.45356620588569085
1.0,0.0,-1.1560382753694813,0.20425281945958673,0.18426298314829725
1.0,0.0,-0.5911954708598035,1.899037250927229,1.2341198337020969
1.0,0.0,-0.36325781549220787,-0.398233209667596,0.5036912769676025
1.0,1.0,-1.3777205247669237,1.805737160122084,1.1833984946020464
1.0,0.0,-2.2306303194498835,-0.1571503536894321,-0.4649109849508525
1.0,1.0,-1.6798530213619716,3.250232841502399,-0.20379397307602698
1.0,1.0,-0.41603722799159104,3.21955199871444,-0.3053671744179576
1.0,0.0,1.114499768445813,1.1998229330868233,1.0256071080592686
1.0,1.0,2.048888189781107,1.3927583183539016,2.3964992414458735
1.0,0.0,-1.47768632776829,2.581923126205684,-2.490947017889075
1.0,1.0,-0.24805182145847043,4.40755549616315,1.4194361759753904
1.0,0.0,-0.7513596072230662,3.590523845379214,2.8763221760671316
1.0,1.0,1.975564670132993,0.5251141841426739,2.401034062094527
1.0,0.0,1.3439830997963307,1.610578731671371,1.6798177524795082
1.0,0.0,-0.031080562425645747,3.5304951756080665,1.943439828337365
1.0,1.0,0.6630703753193966,-0.3821293723338477,1.1906707647577144
1.0,0.0,-0.4344966740083379,0.27262916663201064,1.6283835467501286
1.0,1.0,0.7220545341561053,3.2643075578501337,-0.35743356310303787
1.0,0.0,-0.7409309864685552,1.1723642435380763,0.5902919324507159
1.0,0.0,-0.6200881382599894,2.8966427549578446,-0.2939847877287529
1.0,1.0,-1.4545719683050415,0.9162212376640955,0.3388885001577864
1.0,1.0,-0.06540866195866174,4.175233193182766,2.5628091255319054
1.0,1.0,0.05570254207266384,1.9921753037970837,0.5538037718449659
1.0,1.0,1.2386885038917614,1.305206498477129,3.223550670387045
1.0,1.0,-0.7125621051802264,-0.35578526162612034,-0.8233058825558447
1.0,1.0,-0.6466635068332335,2.081650171565949,2.746188497693378
1.0,1.0,1.2610741198218882,3.6202715164984847,3.71061742488218
1.0,1.0,-0.28728608774690856,3.4823631973954594,1.2577567769244253
1.0,0.0,-0.39347452875452343,1.9267763403143419,1.2547479910901953
1.0,0.0,-0.34878668060845763,1.5768093231403437,2.2355673935911473
1.0,1.0,0.2770014021292034,0.6495820689518581,1.2576494956775557
1.0,0.0,-0.8060397883818917,-0.2225937167119647,-0.6789780651087443
1.0,1.0,-0.5979578190388857,1.62771936662207,0.13628592961379904
1.0,0.0,1.284792052523854,0.10561764378467209,1.0666452449132144
1.0,0.0,-0.8987885265404011,3.422317162093832,0.9354748009477396
1.0,0.0,-1.1641054356737943,3.393214414509194,-0.3585424124593415
1.0,1.0,0.5786588134996025,1.6282727121151852,2.6167225808481653
1.0,0.0,-0.2914735192986732,0.9736485451524717,1.892839984328571
1.0,0.0,-0.8024924952134026,3.0320484287046696,0.6887539965235047
1.0,0.0,1.6384244268491088,4.621817758936538,3.2037488640892553
1.0,1.0,0.6111452503753404,2.202943245494265,2.7056308246629994
1.0,1.0,-0.3467808875461845,3.515984157828049,-0.23678905392730565
1.0,1.0,-0.8981264374342669,1.5978570619139636,0.208061218783666
1.0,0.0,0.3856785872205745,1.223840534438955,0.36833052697578095
1.0,1.0,0.3398425114047626,3.8791298361059297,3.1036654104110117
1.0,1.0,-1.1605694192076572,3.2048393419291914,1.0968585141024916
1.0,1.0,-0.005401939263984357,1.0004211082441126,1.1066523146513532
1.0,1.0,0.6021303967019432,1.3675142859771827,1.9958292954088275
1.0,0.0,-0.060479626854743784,2.436542615724106,1.0850369878735193
1.0,0.0,-0.7387404682254429,-0.3112317112387646,-2.966752123414609
1.0,1.0,-0.9699098403124948,1.0541684841806416,-0.10014491686121241
1.0,1.0,-0.22089590149901023,1.9403901034575264,2.032733789345599
1.0,1.0,0.6667072622687493,2.3639011199215534,1.0702340269109816
1.0,0.0,-0.9966356473221588,3.499095362988346,0.36045311794442175
1.0,0.0,-0.792090095785733,1.6431144410243903,-0.2911811941995924
1.0,0.0,1.5153176808721474,1.9259230186271954,3.4885474558153917
1.0,0.0,0.8012773250685528,1.6061877415513273,-0.2562033148013101
1.0,1.0,-0.4061880360119847,2.65699300577138,0.5251913825248539
1.0,1.0,0.46376532294509343,1.5353373675621516,1.0955265761531983
1.0,1.0,-1.114447452616387,2.7633287144475895,-0.012957492356879041
1.0,1.0,0.3256989002469749,4.571671430001457,3.260694196501125
1.0,1.0,0.1461094070416824,2.7244619418685705,0.4967511342549189
1.0,1.0,0.4031541770715216,2.2751537576383782,2.56578723590789
1.0,0.0,-0.9506671433378486,1.5753604662292013,0.0580305746810867
1.0,0.0,-0.5690924231201288,1.9733096153437857,2.869091582456427
1.0,1.0,1.0814070177811446,1.272671022543812,3.1243249614193926
1.0,0.0,0.4118646495585078,3.4761741360187224,2.1422586934555787
1.0,1.0,0.4478969690695492,1.2894730991121301,0.8978174522078587
1.0,1.0,-0.03272079555554498,1.2928088179405592,0.3667397446714652
1.0,0.0,-1.4113215735640259,2.5604236050745923,-0.021058144038722068
1.0,1.0,-2.009293654203289,2.0776370415096608,0.4032137491665954
1.0,0.0,1.0676513148642366,1.1356019001884856,1.1723646892489596
1.0,1.0,0.006757059310130403,1.6155785304768662,2.1505214360261684
1.0,0.0,-0.28657855080250055,2.977626666326705,0.7833060060749563
1.0,1.0,-0.2367014878626798,-0.4289184062867666,0.846281134941707
1.0,1.0,-0.4885218625202662,0.7710701235011115,-0.044493472499979925
1.0,0.0,-0.34054116411395075,2.5480190143934767,0.8630005019999052
1.0,0.0,-0.12422941080294311,0.5555149945187818,0.8468847596980531
1.0,1.0,0.2820564187831708,0.6624552506642267,0.99221207056021
1.0,0.0,0.12857574269699634,0.5217748950699594,-0.04109073962585996
1.0,0.0,-0.8666684594300287,2.3729447177654306,0.5719341824911979
1.0,1.0,0.5594098856593368,2.985891279134017,2.568220128573582
1.0,0.0,-0.3616583757821543,2.877003259432254,0.8273225952053952
1.0,1.0,0.6784106752946829,2.712580876854866,1.926946124552678
1.0,1.0,-1.460409853089295,2.295107027264798,0.0066505408611785
1.0,1.0,-1.6533919971139683,2.1244608317385993,0.49783193277450544
1.0,1.0,-1.2205621857528774,2.962375661247913,2.2305325461341754
1.0,0.0,-1.7661912971911642,1.1175655988746769,-0.32663409033751695
1.0,0.0,-0.8702112427373505,0.4637102989590225,0.19996821147216232
1.0,1.0,0.6667593035098954,2.4737606197292874,1.755613541743788
1.0,0.0,-1.2464873594178811,1.1940164068173549,0.23032809279996846
1.0,1.0,-0.012128435282706018,4.290725515735342,2.685656176375762
1.0,1.0,-0.9497709681621441,3.119864178520552,-0.39187558229773933
1.0,0.0,-0.736953197499854,3.442090993390557,-0.5252911355401481
1.0,1.0,0.6290797410482285,4.184821757888082,3.113131879950965
1.0,1.0,1.7900278244219296,4.6879010485625265,5.041150470623157
1.0,0.0,-0.5981420386747629,1.8728340591550259,1.3233405969499485
1.0,0.0,0.3621569025341763,3.7147802227234816,2.3208142386457524
1.0,1.0,0.035539774394885204,2.601170254083498,3.211869181926687
1.0,0.0,0.3922514528397787,1.7985420192206356,0.8246293053357153
1.0,1.0,0.5128479930628952,1.9914312090625383,1.6991750938476844
1.0,0.0,-0.9735984210384693,1.5207248357969125,-0.3933925010377052
1.0,1.0,-0.020007056472052007,1.1725162853851085,2.09325131620282
1.0,1.0,1.7618782812632803,2.7326975546830683,3.11951866377981
1.0,0.0,-1.0354120248211682,2.908961739635903,0.10864237457957016
1.0,1.0,-0.7032050364402007,1.1713453112450662,1.713826106183117
1.0,1.0,0.7194630477326187,2.1296192766933615,1.645725605296022
1.0,0.0,0.1400103565507944,3.391022664760631,2.583449701388038
1.0,1.0,0.9310221237852685,2.0789599753612498,2.4935333405521782
1.0,0.0,-1.400014876247657,2.891425524371307,1.4144606759054166
1.0,1.0,0.7681105307366769,0.23569234214347867,-1.0967555322097127
1.0,0.0,-1.231192340068874,4.0062326376402595,0.16515284750349968
1.0,0.0,-0.6888144006278188,1.3231850687839102,1.478555876063095
1.0,1.0,0.7448403129677825,4.104619502604961,5.321628819927128
1.0,1.0,0.9292837385264838,1.549853818746951,1.146730602834656
1.0,0.0,-1.431162643365799,-0.2538206038082391,0.5381876150462168
1.0,1.0,0.7825609731402974,2.331700946165153,0.5898269253409651
1.0,1.0,-0.24879603976328157,3.353217155678741,1.865848379935088
1.0,0.0,-0.6394674273915173,1.3313760367621859,0.9818011648672951
1.0,0.0,0.623427669422267,3.3637485533506624,1.148727676759145
1.0,0.0,1.6569672933449027,4.505204321593386,3.7323360232064777
1.0,1.0,0.19915702902504584,2.2471840661789027,1.7558203831607522
1.0,0.0,-0.9546410847029161,1.7137984963438138,-1.0183609864948024
1.0,1.0,0.3323981099071386,2.9802700594189933,3.4791733284969455
1.0,0.0,-0.4786258683935464,1.4918295885139232,1.0980587550113432
1.0,0.0,0.027145430930602954,2.7401364328469775,0.9804309756252776
1.0,0.0,-0.24667194890018362,0.08212391362956972,-0.46768873103312647
1.0,1.0,0.29716271081140727,2.625275754121979,2.2019837046319646
1.0,0.0,0.6420121266491636,1.2760004162841805,1.429102668224243
1.0,0.0,0.029377218538011667,3.4918839635292276,1.0663953091906964
1.0,0.0,0.8488009556124994,1.5861382850022676,3.2323898430241806
1.0,1.0,0.8715509584849914,1.7351334819147306,1.4690871077887064
1.0,1.0,-0.3036592225585285,3.61491290110559,2.0938060113593697
1.0,0.0,0.02826439838842823,1.7447110209894634,1.0802097628640137
1.0,0.0,-1.8611220492194478,0.8088006723315795,0.2931768410444894
1.0,1.0,0.41338186995063525,2.4709349971364,3.180112457192596
1.0,0.0,1.2758775341768869,0.21447261391686467,0.33270825835806805
1.0,1.0,0.4445108676360832,0.7133659594696093,1.1519845065926022
1.0,0.0,0.9669264358413734,1.6254698190585548,1.4531140826499847
1.0,1.0,0.5062939788487133,2.8554937347133578,2.204816594455264
1.0,0.0,0.03242601248899729,1.2795852282303746,0.9494804636091387
1.0,1.0,0.37646936778113266,2.7274758065477833,1.9782498639191202
1.0,1.0,1.253006550506127,3.4205885547995885,3.486198524592767
1.0,1.0,0.7898830077318069,1.6649687651202945,-0.06864962947860276
1.0,0.0,-0.46899575037541413,1.8991337942426487,0.3135057257153454
1.0,1.0,-0.39492527080391954,2.3660362409939943,1.3700465497816166
1.0,1.0,-0.19392939021511585,1.062297027721949,0.2638880060693163
1.0,0.0,-0.12509879020741224,0.7310438449100012,0.2232596554019442
1.0,1.0,1.37568485780102,2.505958915005672,1.4638060860793674
1.0,1.0,0.38615504069720374,1.315066769334273,1.2401132390191099
1.0,1.0,-0.6289053242689167,2.0903111710655464,-0.09661167813295801
1.0,1.0,1.1122564992613864,1.4390422628106085,1.916937782427897
1.0,0.0,0.43656354990451374,2.2400369559957123,0.531816381003212
1.0,0.0,-0.32005505321855676,2.8227470678394653,1.1508547595832035
1.0,1.0,0.7219967829082767,1.6173725249531505,2.19525830124789
1.0,0.0,-0.6445814107034833,-1.0830957418985772,-2.378323077580222
1.0,1.0,-0.7178501917851765,1.4244733107141199,0.5180107956513629
1.0,1.0,0.6016049809557886,0.049671340058559554,-0.18737716062597376
1.0,0.0,-0.28082684176815254,1.442136969229467,0.6867579493492889
1.0,1.0,-0.4666341304488973,1.778512558158005,2.4148255072477722
1.0,1.0,0.018104705793442748,0.7484256949814143,0.9368681976352362
1.0,1.0,-0.8458238315091895,3.210670480611922,0.30855062843739245
1.0,0.0,0.44758107718543894,3.1948721398246027,0.27983525355140504
1.0,0.0,1.0101865903700247,2.2753879131885797,2.52139896853745
1.0,0.0,-0.5422297430639113,2.5265844228604895,-2.2196734771529494
1.0,0.0,-0.9753539083630521,0.8754089174127395,1.0616443762584566
1.0,1.0,-0.10192482826960066,4.247635178490432,2.146930540822182
1.0,0.0,0.09275888215853706,1.4458416419693831,2.7649994307371197
1.0,1.0,0.1543504097101186,1.7073843649164817,2.781688189708843
1.0,1.0,-0.07800979781928127,3.706367671027796,-1.0001489725168808
1.0,1.0,1.0943008457622583,1.1093190336366552,2.7803222615409275
1.0,1.0,-1.393177736905429,1.3286661014475158,-1.0053681302536885
1.0,0.0,0.7127375698946972,1.9451851106071674,3.183553802387479
1.0,1.0,-1.1723686498209205,0.8441268745695552,-0.19284862323211105
1.0,0.0,-0.18841461440996735,0.9012795084295055,-0.052949489253066195
1.0,1.0,-1.3184995075449122,2.3626918561626966,0.8621949574169046
1.0,0.0,0.23220459598218895,4.11933890334591,2.840732181771576
1.0,1.0,1.426073026981141,1.949018179637918,3.534165229648859
1.0,0.0,-0.10526040303737362,2.6566916326054266,2.227932018800966
1.0,0.0,-0.2606873102017858,3.64867085142679,2.209115065779289
1.0,0.0,2.1040694359383174,-0.5010579792307315,2.4622573466790247
1.0,0.0,-0.4919988151363398,0.8556605891438975,1.1090043777647551
1.0,0.0,0.8636829447314157,4.582484819507133,0.8206270432343754
1.0,1.0,-0.22713384509742468,2.1158250779597703,2.5874862115160586
1.0,1.0,-0.43121497865820224,3.0019791024140416,0.6080910904186129
1.0,0.0,-0.998891820498141,2.632305452100191,-0.04812938953707391
1.0,1.0,-0.04662767584860339,2.0439882505838907,0.40370873835816967
1.0,0.0,-1.5150521867068982,2.933571101691748,1.1200580914698905
1.0,1.0,1.6685819539303193,4.819471803636345,5.0742890651766785
1.0,0.0,-0.8871188044532936,3.126709557988266,0.11703921220627167
1.0,0.0,-0.3902726179921329,3.297886599215441,0.5073328982911541
1.0,0.0,0.2779666098756852,2.2418120851509746,1.937386139111077
1.0,0.0,-0.9869985547797689,2.606425382760378,0.020431734881104613
1.0,0.0,0.7253482139085395,3.609008232223025,1.9797285653353882
1.0,1.0,-0.5544385149307061,3.1132136851182617,2.4066627918295853
1.0,1.0,-0.3321872958107866,2.032135935409796,-1.3249267128839062
1.0,0.0,1.3092971329120244,2.6731863855650424,1.821430384586084
1.0,1.0,-1.65905445136918,2.5889258404715765,1.1365892873007106
1.0,1.0,-0.40776784050578757,3.2846819049003146,2.6098715158845107
1.0,0.0,-1.3375683481670329,0.8117793750771853,-0.39960091334344605
1.0,0.0,0.04296897141886885,1.8223450180917793,2.239221549814775
1.0,0.0,0.40023456543596825,0.8034907155950501,0.6584953695304938
1.0,0.0,-2.4084751896757797,2.144279136017411,-0.30647187102790147
1.0,0.0,0.09897811609104823,1.918181723929508,0.5834659896501686
1.0,1.0,0.8005797634950138,2.2478098076508104,0.7005302505190407
1.0,1.0,-0.44544715237373733,2.908685813819404,1.119365741051737
1.0,0.0,1.0406649982835396,1.9276147680458997,2.6914834406035966
1.0,0.0,0.4661752416099819,4.303711633434057,2.982487829778779
1.0,1.0,1.382180283777856,1.3752846521010185,1.9522234914710297
1.0,0.0,-1.4457872180817413,0.6645774115381196,-1.320769454749766
1.0,1.0,1.6313305403587939,2.262916716396162,1.694385819707984
1.0,0.0,0.05199147491531536,2.450807009203776,1.6596279779543468
1.0,1.0,1.8283760513816412,1.286443944306033,2.394087835550387
1.0,1.0,-1.34785954433178,3.298826124367443,0.2510805229351205
1.0,1.0,0.1780554838661111,5.294047262347232,1.8670530513071406
1.0,1.0,0.3426093138027989,3.523431943213377,3.0976687210218596
1.0,1.0,0.07216648422306826,1.4118689402118336,0.7683595221900215
1.0,0.0,0.3525097801839976,2.38782705157546,0.5000795697203742
1.0,0.0,-0.16527211451739804,1.395264450500998,0.1808513045480249
1.0,1.0,-0.25760567952285546,1.9131832268050437,1.3971061410904446
1.0,1.0,1.483256181074003,2.5924535116852434,3.150650984662279
1.0,0.0,-0.3876752499393071,2.2466720417611734,0.47459092328894076
1.0,0.0,1.0445517563738145,4.311876413929483,3.2792847213957903
1.0,0.0,-0.805724499603028,3.536097333497783,0.29992587019363154
1.0,1.0,0.9207652365852766,1.404842810918483,4.12907911633481
1.0,0.0,-0.361544453096175,1.0337840746444935,-0.4226551639715591
1.0,0.0,-0.10936777671299677,0.02094674304382016,-1.188484532096031
1.0,1.0,0.46146157620331857,4.250414363761967,2.620929508040037
1.0,1.0,-1.1981296756717272,3.6517622975070627,-0.6035446003322904
1.0,0.0,0.4771308641684142,2.356588375528702,2.3958961921951163
1.0,1.0,0.2793124688008685,3.036298556655059,1.5808993845851087
1.0,0.0,0.9643963079808731,1.6539642687123373,1.7126539151663873
1.0,0.0,-0.39273756105740176,2.6043038918433945,1.617808126602735
1.0,1.0,-0.09539017088920858,1.1443528149749664,1.2826103654644885
1.0,1.0,1.232560416462144,1.7307052896496469,0.9480971518317318
1.0,0.0,1.1514050177020674,0.8448206978895223,2.3289766953513937
1.0,0.0,-0.5113020965174156,1.4880062448842275,0.1325316852961989
1.0,1.0,0.31656877783109205,1.0538296051536369,3.204074063533165
1.0,0.0,-0.7867884527138987,-0.520888039556902,1.4770077120498333
1.0,1.0,-2.303540051724365,1.8493940624687517,0.2959160005893757
1.0,1.0,-0.7408051156037094,1.6052456033195792,0.9268845128361726
1.0,1.0,0.6919062405879786,1.051152483841266,2.368132722178634
1.0,1.0,0.07980383170436019,4.347779327567727,2.126847302199378
1.0,0.0,-2.282217107399966,3.201169037193005,0.8440471800830959
1.0,1.0,-0.1280372756466201,4.283790896793638,1.9607228748034429
1.0,1.0,0.3491747331642611,2.824158550963875,0.9486373117184397
1.0,1.0,0.956868891969827,2.803695484428367,2.126914716435537
1.0,0.0,-0.34259863191080403,2.8846858777307096,0.7545810754522309
1.0,0.0,-0.01685308732865709,4.01956462428376,1.3045556718072382
1.0,0.0,1.1733301352616339,3.835398731299386,2.909182076994856
1.0,1.0,-0.8101486924851483,1.1938062734889638,1.1962399837882225
1.0,1.0,-0.8858395442476529,-0.6433964197934321,1.316279362933523
1.0,1.0,-0.5403204381099862,1.4594082390388359,1.8277341197329893
1.0,1.0,0.43888472283846325,0.8760815113363072,1.7447696698008353
1.0,0.0,0.036141118836527375,1.62319468691067,2.5578918930882173
1.0,1.0,-1.0031180504634607,1.9466789929921016,-2.106727175281226
1.0,1.0,0.06052552401866469,1.7394568463627924,2.2523227704782354
1.0,0.0,-0.26073467146965557,3.906400476467269,0.8082566877688356
1.0,0.0,-1.458757254187436,0.8273860997235872,-1.6661900688107487
1.0,0.0,-0.32505097623094936,3.1452060619689735,0.20859368883072849
1.0,0.0,0.3149958055141062,1.0843414951118215,1.0362735144591433
1.0,0.0,-0.06562134989861514,2.851861911688157,0.6709749583601786
1.0,1.0,0.14292130180789342,4.229034879479745,3.7108347034278424
1.0,0.0,0.7415976897228244,3.4452459835203344,2.875509140899423
1.0,1.0,0.2170483049102885,2.988057167317939,4.201471073425809
1.0,1.0,0.46811988043692554,3.6804738698219657,3.1226263239135745
1.0,1.0,1.3051026907911518,4.141197985991083,3.8234047459784772
1.0,0.0,-0.09814427175270715,0.9509489667917124,-0.20728654239317468
1.0,0.0,-0.5529868409007092,1.6405695136409078,-0.1724293947244171
1.0,1.0,0.5288788772538394,3.342711108997534,2.6646099482680317
1.0,1.0,-0.013671693463242707,2.2607971361425845,1.255320317067594
1.0,1.0,0.4084923044261477,3.931169529802652,1.4281096706344094
1.0,0.0,0.2505311958699964,1.4427130602596523,1.3390188882428107
1.0,1.0,0.47459925020418114,2.7168114034878394,1.3922462169121799
1.0,1.0,0.9520900371350355,1.0547759018879044,3.814210939780519
1.0,0.0,-0.43333403875886245,1.0791954491337075,1.3608224842889527
1.0,0.0,-1.442339728369132,0.7814830030335569,-0.3747514571194412
1.0,0.0,1.220230599453676,0.5254712955150369,2.9304642729742527
1.0,1.0,1.3658863121908156,1.429124263966494,0.6945450750066353
1.0,1.0,0.8166089938954645,1.8332992029550004,2.357702012408844
1.0,0.0,-0.7916208768188611,1.161016838148177,1.3604174423314708
1.0,0.0,1.1901961256301923,2.7639193745139514,-0.2025774253229442
1.0,0.0,0.8080153500037739,0.3469000403769098,1.4948020173410486
1.0,1.0,0.2604751406872284,1.3415995184577767,1.401126249427905
1.0,1.0,1.435720187582264,3.7279042615581837,2.1968514249601623
1.0,1.0,-0.09350996883021218,2.5402199030987096,0.8290134227101988
1.0,1.0,0.6486434322068007,3.533873398179008,2.5639000255406086
1.0,0.0,-0.5405012643494485,3.03104508435535,0.6398785310247856
1.0,1.0,0.06985160556280809,2.32984023924566,0.7330503806458363
1.0,0.0,1.2856972552747394,1.1377003218557773,1.5206603141163082
1.0,0.0,0.15828187365811142,3.186080663467023,1.9862075859478447
1.0,0.0,-0.5240829592992802,2.401534203735247,0.12039352009184068
1.0,0.0,-0.4478476615777507,1.3363862382001621,0.5062203606638103
1.0,0.0,0.1292807444056207,2.7101670089096497,1.9426389333244964
1.0,1.0,0.6483665097474536,2.3822726554757896,2.3368915867628335
1.0,0.0,0.6577503091666138,2.9879069103767386,1.979089381138559
1.0,1.0,-0.8610578387354204,0.36105686439570217,0.13987640912529764
1.0,1.0,1.1830966871918362,0.17838970014194144,2.5898237803776443
1.0,0.0,1.751038708749069,3.651887886738045,3.1192772057910814
1.0,1.0,0.045707454601529474,2.1145564888597854,2.4593151889660225
1.0,0.0,1.221573446740519,1.2817328794449225,3.4583126138027445
1.0,1.0,-0.23929185971564135,1.1013154532480898,0.6241206227440401
1.0,1.0,-0.014977622257672019,2.1070702772231953,1.4345591604425814
1.0,1.0,2.7297561829950276,1.8506469347099839,4.350412921658422
1.0,1.0,-0.02380672490669067,1.175037165630584,3.2590493907365206
1.0,0.0,0.23754174259456431,0.6434916256436052,0.27733532171104147
1.0,1.0,-0.9178636216412492,2.5511070432967506,1.387013445558818
1.0,1.0,0.012990293016088061,0.19663987066458644,0.9714274089157092
1.0,0.0,-0.8209637664466154,1.0299051727346231,1.6913545955704878
1.0,0.0,0.40914281459302887,2.615055579057322,0.41790435186215347
1.0,0.0,-0.9198021070409657,1.5534720138100324,1.2551754044026402
1.0,0.0,-1.4383805357576425,-0.5396090571087826,-0.7075456798715127
1.0,1.0,-0.5520396516497058,2.1070794349377207,0.6127854558836783
1.0,1.0,0.47878301384718547,2.742225446117906,1.5060910988771363
1.0,0.0,-1.1316852065534135,1.402479984878676,-1.3359428077655409
1.0,1.0,-0.039247317657537806,1.5203035016663349,2.9871427024331005
1.0,1.0,-0.615263560789986,1.2212645906648065,0.016485159608790045
1.0,1.0,-1.4549307846947472,0.7135669178028405,-0.4546749300746572
1.0,0.0,-0.28753904183862194,1.5352014949617079,-0.0958218380206749
1.0,1.0,-1.6215351482888216,5.107037775008461,2.8186712014162527
1.0,1.0,1.2285438310137216,2.941033008239544,2.92715206589348
1.0,1.0,-0.30675123898924056,2.235091024197596,2.3745386843591323
1.0,1.0,0.04865388560267565,1.857504093751614,3.7050126928231393
1.0,0.0,1.1526167281559054,0.9440935916029045,2.842838205208542
1.0,1.0,1.749161273814909,1.8199709550171375,2.280785753540681
1.0,0.0,0.33743512112369156,0.40038041019595294,1.4880259430706206
1.0,1.0,-0.11415703391377162,3.0372802361105657,0.9381725905439333
1.0,1.0,-0.529782470976803,2.491048745631895,-1.453326678431228
1.0,1.0,-0.42989269766557886,2.153621991354066,0.9216152885870349
1.0,1.0,0.8591868653186314,3.0183021103693126,2.0220233601796553
1.0,0.0,-0.7851303473412657,0.10607214875862492,0.8948160537855381
1.0,0.0,-0.39048024127848313,-0.2533674960176979,-0.5095754845778834
1.0,1.0,0.3573339372667005,2.99013137069129,3.4061912604211413
1.0,0.0,-1.2706755808680508,1.0214398892748098,-1.2464426827288253
1.0,0.0,-0.6380705381765432,1.0964689984758964,-0.09319568207838169
1.0,0.0,0.8229358238699445,1.7266615651252097,0.911961513806917
1.0,0.0,-0.012318839762004166,2.022755399274134,1.2326759740872353
1.0,1.0,1.330111434320588,3.627156089574268,2.8205206968310383
1.0,1.0,-0.9938612924264815,3.628299558313219,-0.3867584754841318
1.0,0.0,-0.46200622434184324,1.021132852070255,0.7783069579067246
1.0,0.0,-0.9230876980662985,1.9737779765059122,-0.2526549545577935
1.0,0.0,1.382584725164605,2.474927565067041,2.9454294705718542
1.0,1.0,-0.03183356435237669,1.268981306910507,3.4043736592967044
1.0,1.0,-0.4695454579593078,-0.09517797011450924,0.4645488371350367
1.0,1.0,0.3829009511056767,3.3527984192350964,1.6484834555461956
1.0,0.0,1.2940317206406062,3.245915828243725,1.8595511506854674
1.0,1.0,-1.193689250725924,1.37846212965264,0.05174133963011396
1.0,1.0,-0.5123358323813636,1.0981787077356275,1.9312333880855053
1.0,1.0,0.4042653744182615,0.48156670259075374,0.962355241760854
1.0,1.0,0.21799317542894245,0.9371616194419161,1.7554150925516436
1.0,0.0,0.18296525060446234,1.0962536274354482,0.2726750482195863
1.0,1.0,-0.33418626238733906,2.2828728974001176,1.991065229662166
1.0,1.0,0.8323727683820247,1.3456747098697677,3.0907644855683234
1.0,0.0,-0.4090843192746978,1.9775530457354642,0.4071296121147727
1.0,0.0,0.03695738864597767,3.168188098533011,1.88380863784425
1.0,1.0,0.2785284700916115,2.616366516139799,1.3680343899332263
1.0,1.0,0.3437272292610423,3.199331416244833,1.5002925092642523
1.0,0.0,-1.1827718731926273,2.0316320279168596,-1.4993713849168646
1.0,0.0,-0.6296630254954791,2.8657725242140164,1.5760948989938286
1.0,1.0,0.34583688925226774,1.2631775281133706,1.0253946853173301
1.0,0.0,-0.28101771767409794,1.5372433676511439,1.8856143589906051
1.0,0.0,-0.7723612297433997,2.0890542312361293,-0.4703786324309025
1.0,1.0,1.3319653128384148,2.488112363917785,3.2541792439325024
1.0,1.0,1.5116958196253036,2.1879780457252522,2.7426263015093184
1.0,1.0,-1.0692811989561786,0.12094817189917206,0.5464331757470571
1.0,0.0,-0.13113767600311457,1.6391850814765736,0.08687345400923951
1.0,0.0,-0.2982032702592117,1.7297251995029073,1.1056529530233175
1.0,0.0,-1.1065809273317742,2.502486234776746,0.12816281397039198
1.0,0.0,-0.11830134263912104,0.4884252510435152,0.39393605142240695
1.0,1.0,1.9393458382381494,1.584413098119138,0.6223820389386199
1.0,0.0,-1.180086130272901,3.000081800264595,0.3369703854522304
1.0,0.0,0.8511251317553274,0.8277531580205404,0.7162951079495298
1.0,0.0,-0.09130790628021923,2.401349223048637,0.44411170321909377
1.0,0.0,0.5508703062734076,5.359047395262719,2.2299211790379445
1.0,0.0,0.21861819613272654,-0.8124960885226935,1.0638430778833272
1.0,1.0,-1.4338158035722133,2.1162056827641287,-2.8892928109460483
1.0,1.0,-1.0561062625462831,1.3863013560644852,0.9614506388465545
1.0,0.0,0.14070171999605474,2.472471560739977,2.5366692436591025
1.0,0.0,-0.06684751366796943,0.28595010605068794,-1.1444354273660426
1.0,0.0,-0.41498602231453774,0.5828929214690972,0.2847652500224793
1.0,0.0,-0.08073374509940891,1.0199387188418976,0.2922521044294731
1.0,1.0,-1.0009676242867,4.581310482289365,1.6376869427285683
1.0,0.0,1.16961188220311,2.7840369905534263,3.4798151086009854
1.0,1.0,0.5329574395331429,1.8050148837141937,2.8036203833655557
1.0,1.0,1.0746280937124786,1.8487424280769837,0.691255521765455
1.0,0.0,-0.3898344929050245,1.4981013207393858,0.6804843162548063
1.0,1.0,-1.355574318687236,3.4052519394544443,1.1173603561181022
1.0,0.0,0.7946514644289913,2.134415344686112,0.222522763217335
1.0,1.0,0.294939065691321,3.090365222270301,2.062693291547867
1.0,1.0,0.04198439251157521,2.7424456453504997,2.0713525637754353
1.0,1.0,-1.1305402766954857,0.8061113847662351,0.020772143337095927
1.0,1.0,-0.41303558290727665,2.897758203150321,0.8137812601773214
1.0,0.0,0.06978081215286697,2.955667160867184,1.182390531697125
1.0,1.0,-0.45669283375721026,3.3918375870794595,0.9208116880992201
1.0,0.0,0.8141875747654933,1.7802272778612578,1.469769178772374
1.0,0.0,0.8173191943730824,1.6257412325774057,1.9796033106032402
1.0,1.0,-0.049115061175436875,3.395453801889242,1.400233352858393
1.0,0.0,-1.2469612406122668,1.8305086765782324,-0.5382087491956815
1.0,1.0,0.6525666004410476,1.7579293380838372,2.854935656900734
1.0,0.0,-2.220618176749945,3.213557720477235,-0.01114207928530847
1.0,1.0,-0.402089096204294,2.39903049477106,0.23016352698514653
1.0,0.0,-1.7739251633709903,2.2005488780523623,-0.1446355971849942
1.0,1.0,0.6745907129128361,2.020567031439614,3.4335115996927583
1.0,1.0,-0.0038173706196636195,1.6523201426878424,-0.028589114706286223
1.0,1.0,-0.621353590047508,1.0009707663094685,0.32984685937452946
1.0,1.0,-0.24336127201953167,0.724336514230087,1.6425228897387028
1.0,1.0,0.06632717051610684,3.951921884986204,1.1557845573633778
1.0,1.0,0.6964379002291193,2.5539083776903566,2.9728189907349076
1.0,0.0,-1.26528605205366,1.6180337028352318,0.7387769769718001
1.0,1.0,0.18538810908625594,0.693987392918946,0.7561359712942723
1.0,1.0,-0.19915881062159774,2.8202759765389867,1.818888688372494
1.0,0.0,-0.602141500436203,3.0941048483370057,-0.756188307021332
1.0,1.0,-0.5210257906983262,3.4540111591063605,1.8187479073423904
1.0,0.0,-0.3329514702954009,1.6715787084299656,1.1813533762842574
1.0,1.0,0.03172963359030495,2.2302687276596034,0.09831406220628391
1.0,0.0,0.007594603088752179,3.1226623954917354,0.977504891114441
1.0,0.0,-1.4655613709404285,0.9878445871240719,-0.34064135601561985
1.0,1.0,1.1690780402528749,2.4868458098181563,1.113748432133996
1.0,1.0,0.0901874297486363,0.9151731136566719,0.7608883677542312
1.0,1.0,0.8213979838168253,3.9263963867217977,4.127259515618352
1.0,0.0,-0.648175294377863,0.8714239211775063,-0.8722770604060627
1.0,1.0,0.12310998796105843,3.418145870804884,2.1333314923971347
1.0,0.0,0.6883442386271299,0.6137056689070712,2.1718131376841288
1.0,0.0,0.4701015897907203,-1.422916494862984,0.2120194345088094
1.0,1.0,-0.10604124150468663,2.583502645423779,-0.2651024160490678
1.0,1.0,-0.5072878752455283,2.9381162564464227,2.0879620922137194
1.0,0.0,0.15955769670131775,1.145657876691851,2.046964431537539
1.0,1.0,-0.015564053682133927,2.00073330502835,1.8241518994088652
1.0,0.0,-0.6238314179145199,2.135582694738244,0.28033274101874756
1.0,1.0,0.27134301085675966,1.0799362417428264,3.557216438731787
1.0,1.0,-1.2588942364309146,2.337304446431047,0.26648677583224306
1.0,1.0,-0.2507255281765097,3.025718822268738,4.012941122185023
1.0,0.0,-1.9023945790214554,4.097273343164453,0.32642086979352164
1.0,0.0,-0.43918808426629474,2.092262835170031,-0.06717216598615505
1.0,1.0,0.5395768040250473,0.4226536616260672,1.6073895254347328
1.0,1.0,0.8606025110856533,4.589727772030506,2.508758314018341
1.0,1.0,-0.028514766078041348,1.6330582252365202,0.7217181752729986
1.0,1.0,-0.7804763071525768,2.866362310156378,-0.3079198343558207
1.0,0.0,-0.15691033957334788,0.20924833070431403,0.49987813722404517
1.0,0.0,0.586276636548758,2.2734603865835545,1.7190021589278899
1.0,1.0,-0.15167339874763114,1.1951676281726464,2.2810524070974374
1.0,0.0,-0.4859663335329178,3.1190666066479906,-0.4034769844984263
1.0,1.0,1.2899294510793962,2.4545744432494803,1.2758401079701913
1.0,1.0,-1.1216326794828444,3.397981965580171,0.11809809697527629
1.0,1.0,0.8507691191436938,0.11823930975365382,1.2187154574913999
1.0,1.0,-0.3620304313048382,2.6726742462981736,1.4372625046892227
1.0,1.0,0.6247757146279967,-0.010851947864098044,1.3265585456200937
1.0,0.0,-0.9979723593622412,1.8538639696526131,1.057461547089534
1.0,1.0,0.4680437197876716,3.5211878326741255,1.9842358809055103
1.0,0.0,0.20291192553512732,-0.20880884872530858,1.415641106705737
1.0,0.0,1.0999082108285174,1.875361314364856,2.1497805592761634
1.0,1.0,0.9204794846985567,1.1988938112877108,3.034527376798121
1.0,0.0,-0.5887763756865271,1.330227589581635,0.058093593591084014
1.0,1.0,0.3381081381231935,4.532742355566285,2.7987394937969188
1.0,1.0,-0.18750399539246812,2.631415828648925,1.248930635140333
1.0,1.0,-1.8025288072330239,-0.9446774885476728,-0.24289406888283138
1.0,1.0,0.7341397965409708,-0.010630372063927584,1.531844900321022
1.0,0.0,1.0078919890493303,1.1943271052487638,2.4535059230295255
1.0,0.0,-0.1654572260236732,2.3993222904816456,3.0137132227196783
1.0,0.0,0.6251049620724172,1.857417963178172,0.5753245019060867
1.0,1.0,0.4632747973245682,-0.024093812958065897,1.9912170345918905
1.0,1.0,1.0393610551228296,3.2378156483693186,3.9632088515690347
1.0,0.0,-0.3517284423640329,3.9652079649712313,1.472391273535735
1.0,0.0,-0.5604256679252598,2.063823524683618,-0.5210840399823776
1.0,1.0,1.2346797579874007,4.07339522597352,2.313904317194207
1.0,1.0,0.777429757297854,3.564634090526713,3.2535408038966
1.0,1.0,0.029849146116212213,4.056269135374798,2.1601570480330285
1.0,0.0,-0.5054295227749643,4.529135763022492,1.0955084782274176
1.0,0.0,-0.003072748104027967,1.8074499297816904,1.3558931631825901
1.0,1.0,1.5502635432264595,2.409808493226402,-0.10597472457627566
1.0,1.0,1.6560936555428138,0.8323752596199938,1.868236124776895
1.0,0.0,-0.9455406648720313,1.2652678845007916,1.5709502884106792
1.0,0.0,-0.7491561270171325,2.011794155838386,0.23063605378235344
1.0,1.0,0.9331194380632097,-0.31915888560996253,-0.34594575693854956
1.0,0.0,-0.8765881764926442,3.0730081851794653,-0.16165769966451504
1.0,0.0,-0.15293773532885413,1.1289282266888003,1.5570909450333672
1.0,0.0,1.1773594481895304,2.6698485845815494,0.4527887327109039
1.0,1.0,0.7530539607737,3.5089607975699812,0.3938333520442461
1.0,0.0,0.29663096198543143,1.7262554195287778,2.952854877838157
1.0,1.0,-0.7063353769410373,2.6027952801830545,0.47546684329844846
1.0,0.0,-1.5321538683448486,3.4529260163152244,-0.20842638686167841
1.0,0.0,-0.39522892885749733,0.21961700613881763,0.7717553291022192
1.0,0.0,-0.3193209644904367,-0.5552549130409294,0.22503042683635044
1.0,1.0,0.10312446881187849,1.2845505507458732,2.2401979370017493
1.0,1.0,-0.8039315886886841,1.5067947420928733,0.5953816327439907
1.0,1.0,1.2833509572414892,2.5768576251904474,2.4183734988470547
1.0,0.0,-0.5431182189548791,0.6580244434616007,0.577116564516079
1.0,1.0,-0.14924140448169082,2.3103783649730256,2.121643800848288
1.0,0.0,-0.7114441031242901,1.3401895700510893,-1.9293908013022552
1.0,0.0,-1.0221050608879216,2.132906172218357,0.6910997229360081
1.0,0.0,-1.088347382446845,1.7390235953728557,1.3137739775098125
1.0,0.0,-1.0185864725256557,0.7577968056493829,0.25995715612900333
1.0,0.0,-1.3497295768769142,3.1205727122485456,0.24119405156288157
1.0,1.0,1.4810553989044484,1.923673387990885,1.4511950202606978
1.0,0.0,-0.3860284738310993,4.08790133808213,0.836278308617808
1.0,1.0,-0.8869823038333061,2.6044199839152533,2.2403955903009325
1.0,1.0,-0.18782484520150952,3.4554646994913467,-0.39425700443849543
1.0,0.0,-1.8655267645132025,1.4206242889544713,-0.9443900432384068
1.0,1.0,0.3996391365172437,1.4524780796096644,1.929730146165956
1.0,0.0,-0.15546625660630514,0.7437151436243281,0.10128408503357939
1.0,0.0,-0.17198302663828763,0.8860019879029013,0.8908166904966452
1.0,0.0,-1.728882492375134,1.0857977734633864,-0.4197122602187476
1.0,1.0,-0.5405621565820384,1.9049736653414715,0.6950400561242529
1.0,0.0,-1.7602815683144684,1.1358862663482716,-1.8224780801159182
1.0,1.0,-0.10807152800863196,-1.494193078114328,-0.5480747477360464
1.0,0.0,1.8187213783676057,1.6761090459731145,1.8478106897998163
1.0,1.0,1.2511670724582293,2.947034583600339,3.448884669955687
1.0,1.0,-0.19186938303776951,2.666692041245511,0.5454955062532921
1.0,0.0,-0.0764285256103833,1.9440309255273929,-1.024111853854419
1.0,0.0,-0.9629935231868615,2.911975378175373,0.1927847834358068
1.0,0.0,-0.8969393440608424,2.273552933496347,-0.8034012915615126
1.0,0.0,0.5857859316069541,1.8821565991229408,1.2420934392194418
1.0,0.0,-0.805203164234412,1.5562036583611056,-0.9888721926892299
1.0,0.0,0.7283753159783194,3.1369097499361613,0.3892328446895037
1.0,1.0,-0.21359911552864805,1.0752686293147564,0.6221840718795013
1.0,1.0,-0.4170338424543295,0.7772511891896219,1.2279590489214465
1.0,1.0,0.21279161349878817,1.6560068728904018,1.3804371641374158
1.0,0.0,0.499122690620104,3.1923500877122883,0.6906514958117914
1.0,0.0,-0.19712827388862564,1.029309783555523,-1.3911956155459988
1.0,0.0,-0.5165483953558343,1.738676885576227,1.2730524203250058
1.0,1.0,0.03400242836655751,1.8238675011700158,1.3062544237486955
1.0,0.0,0.7543626878309408,1.056093568695988,-0.24992857343501163
1.0,1.0,-0.06978164070520576,1.6494054240608271,0.5803446801170962
1.0,0.0,0.010070922455604037,3.2088308393796936,2.3090867270652646
1.0,0.0,-0.5811480227552565,0.7827583769483129,2.279522276598843
1.0,1.0,-0.36652499658441606,2.4716685780789045,-0.14239308109942428
1.0,0.0,-1.0796244768476775,3.7899829353678007,1.507679596616143
1.0,1.0,0.21788107650074764,3.270590074928847,2.07420923330817
1.0,0.0,-0.3223116643833932,2.348285746849828,-0.3059343597648415
1.0,0.0,-1.7455767581393076,1.4642235743541263,-0.1619006107586104
1.0,1.0,0.08779938406817459,2.209445183678618,1.8087109613885162
1.0,0.0,-1.3966062115824933,2.442216573585674,-0.37039490298047056
1.0,1.0,0.43772841186123174,-0.19654128606492316,1.3790600946291895
1.0,1.0,-0.3461276950516326,2.813137727224831,1.5336554013355874
1.0,1.0,-0.7091696549435564,2.887361611860097,1.6950791456237382
1.0,0.0,0.8506807084603674,0.9593936547732911,0.6687311054795942
1.0,1.0,1.4509165356663147,3.0147293622552125,4.040635908720723
1.0,0.0,1.4223953405941507,0.19704151155690397,1.5677410220652916
1.0,0.0,-0.2839954629680198,1.1856600553672156,-0.4441335521615063
1.0,1.0,0.7817772084132762,1.1296721560961702,-0.6213093709744426
1.0,0.0,-0.46107530981517386,0.3902940100335075,0.3115134382816163
1.0,0.0,0.779953077938088,3.0381027855622373,1.2446701282342953
1.0,0.0,0.15931634198144487,1.761010381417844,-0.8553659259005768
1.0,1.0,0.8417287370068671,0.349219768043012,1.7314423358173203
1.0,0.0,0.6069234344223469,0.8727162770164885,0.5058006972992027
1.0,0.0,-0.06607767598826436,1.9347338654266566,0.7853535576895972
1.0,0.0,0.864447297059137,2.9007387460695417,3.428131892860547
1.0,1.0,0.24742852712759844,1.43826684847796,1.2030725218264815
1.0,1.0,-1.2330411121747518,1.8853758759799764,1.0438721097160812
1.0,1.0,-0.8645377785652225,3.435597034225795,1.0469405348751715
1.0,1.0,0.07286809890138013,4.4995665324859155,2.75428616680227
1.0,1.0,0.6724998071146301,4.346950870070122,4.0180709856785315
1.0,1.0,0.3109924323886618,3.016476104433804,1.5065202394797894
1.0,0.0,-1.5127333243442929,1.7251314961157018,-0.32460287616181716
1.0,0.0,-0.7855983907395784,5.01719115043478,1.6428027986921934
1.0,1.0,1.492695976664433,3.548662925249298,3.6098770802265534
1.0,1.0,-0.5330549253549508,0.8326266642025715,0.3477871010082516
1.0,0.0,0.33637813101539316,1.641846077111622,2.6163624132913945
1.0,1.0,-0.4478570518078463,3.3411929556762825,1.774798879609929
1.0,0.0,1.3079130593638153,0.7674117095332811,2.6827038569186348
1.0,1.0,0.5277729178495097,2.1364473671916375,1.3562978631506135
1.0,0.0,0.21786685747969115,3.2766817978754332,1.6904982330344056
1.0,1.0,-0.3088828551485061,3.990605224439613,2.1130631524508763
1.0,1.0,-0.28120114135077395,2.9116763354728965,2.7032860522564355
1.0,0.0,-1.066248868446747,2.9772008009675277,-1.0668677572013396
1.0,1.0,0.3397615999641853,0.6572767900316978,2.196986839069612
1.0,1.0,2.0062398277128373,3.446447146043777,2.682599219707642
1.0,1.0,0.26959661518370226,2.0191105788149475,2.7767262689099974
1.0,1.0,-0.5368264447794012,3.6218938671797636,2.427200621254123
1.0,1.0,0.9489213188117896,2.7350117319002756,1.6872792950666926
1.0,1.0,-0.05736740354444457,2.0550359542841132,1.590619420108449
1.0,0.0,0.35975939421745073,2.478272402727041,0.3165572123567564
1.0,1.0,0.6787652601597116,4.065834316102566,3.9905165201009476
1.0,1.0,0.19769441720106212,0.4228371604245911,2.107236806068521
1.0,0.0,-0.29021547554459726,3.375240126046682,0.3154888518995237
1.0,0.0,0.23265342530901395,1.606540039934102,1.5069489561403178
1.0,0.0,1.43352015844138,2.309179483742769,2.602614565054214
1.0,1.0,0.5198959624186966,1.9802956301504686,0.9800721843483984
1.0,1.0,1.2379222791806885,3.2120900865297974,3.0876026210087355
1.0,1.0,0.32690676359837567,2.4276054891595793,2.356712044448631
1.0,0.0,-1.154975794852685,-0.8921835904126936,0.7516743836775513
1.0,1.0,-1.0784524660558248,4.590826904469921,0.8389925370614535
1.0,0.0,0.7095949485389301,1.0259819404748454,2.3054713533290467
1.0,0.0,0.7223508341037487,2.106489640257618,-0.07516946473609809
1.0,1.0,1.1872550716182995,1.3980158873145043,2.6986193046660363
1.0,0.0,-0.43198432045957585,2.151895886940418,-0.20082595819133386
1.0,1.0,-0.8428116195101525,0.7518121784926459,1.1491464360685661
1.0,1.0,-1.0806990584526481,3.723205429332844,1.3012547602338131
1.0,0.0,0.9307865357879452,3.1826192654788814,1.848332833531312
1.0,0.0,1.3821168168216262,2.676719683659694,2.028821365883214
1.0,0.0,0.5191606723549421,3.1320760344363037,1.6806520024010894
1.0,0.0,0.1226821458810831,1.1084543147554229,2.031415191205702
1.0,0.0,0.5588624474328794,-0.9329517102901304,-0.4523946645989011
1.0,1.0,0.6401760671962662,-0.3128845650079124,2.494951891393068
1.0,0.0,-0.7815214423314495,1.8801378862021008,-0.3602372550269359
1.0,0.0,-0.6730649698756554,3.745323550364086,2.5148895694179934
1.0,1.0,0.739104159111236,1.263580824109701,2.2377450933454823
1.0,1.0,1.761382566000638,0.9663456441273677,0.6634032458976544
1.0,0.0,-0.7906541707402448,4.6504867480740515,2.1300139610554902
1.0,1.0,-2.228246248302347,2.6076618391934496,-0.8586680527311473
1.0,0.0,0.6703902616372219,-0.1303548349721979,2.0515546784554157
1.0,1.0,0.14681403138274426,1.0226655239503133,1.0420907091284393
1.0,1.0,-0.26944287659432775,2.274912390151557,-0.0710732000274743
1.0,0.0,-1.664521282498872,2.230155006649922,0.7661016498398824
1.0,1.0,0.8797300622661908,1.7620737057045777,0.5327831844459232
1.0,0.0,-1.1857378343568084,2.7488833640412818,1.2366646425265346
1.0,1.0,1.6548177564551436,3.1424548623565296,3.045093633289314
1.0,0.0,0.21353551072633342,2.188525956355369,2.3464254997490985
1.0,0.0,-0.6776593755055119,1.9822122269858495,0.25540220509303146
1.0,0.0,-0.6195272099024861,2.3363795853338245,1.0037252541599173
1.0,0.0,0.7570119873295883,1.8627652237313763,3.051585797261568
1.0,1.0,0.4412500612464716,1.5458426132836516,1.445917301321932
1.0,1.0,-0.7660614472350953,3.4465389642655864,1.2934709906330437
1.0,1.0,0.15306316030799527,1.8883835887657718,3.595504310818792
1.0,1.0,0.8616300901701306,5.627515973632292,2.41664965238242
1.0,0.0,-1.5943012756220996,2.544948655403175,-0.32617751581459764
1.0,0.0,-0.6071606559503498,1.3564925000464865,0.3575198951842169
1.0,0.0,-0.6652460815910847,-0.6526582579035793,0.7715228517467332
1.0,1.0,-0.00804664729149207,0.9729785633978558,0.7386510102032602
1.0,0.0,-0.1858610761372847,2.0285204480106453,1.2077230585580372
1.0,0.0,0.4590197195915518,1.166639206140446,0.06548110498245396
1.0,0.0,-0.222218111532068,2.2759298179654577,1.0434429614566623
1.0,1.0,1.771688526565081,2.1816066641845717,4.3303824935572415
1.0,0.0,0.20385712193638178,2.089473025949196,1.2939836379871799
1.0,1.0,-0.12761147245081042,0.9017629511702181,1.1799295792910547
1.0,0.0,-1.4331081382240318,0.22674288532927167,0.01722363199633703
1.0,1.0,-0.8965800867117574,0.40819608668297214,-0.6170613826486169
1.0,1.0,-0.5430589873928962,2.192195940077743,0.653583042186956
1.0,1.0,1.2501654252603225,1.7228072714228373,2.5340184248309323
1.0,1.0,-0.354631729080832,1.4538227281238205,2.1056406262863963
1.0,0.0,0.4114405167524657,2.0017248794743714,2.4615435804365253
1.0,1.0,0.41843141370920567,1.6719336242288838,1.8856248421465156
1.0,0.0,0.4456969196491259,3.730586646080557,3.5026063838842
1.0,0.0,-0.6797113188441334,0.25582354770288673,1.293159649944882
1.0,1.0,0.5691614782571341,2.228270212992057,0.822467772256785
1.0,0.0,0.3879325617815078,0.411052339084208,0.881225562130756
1.0,0.0,0.2555549636499072,1.8790494174724015,0.6603698773368054
1.0,1.0,0.41320773647806275,2.6875475250373486,1.2576863830937988
1.0,0.0,0.13554985400963251,2.914188311605418,1.3538476786073428
1.0,1.0,0.3906067243178431,2.1493438611969067,2.289510664328927
1.0,0.0,-0.4167547179665694,1.940812962350159,0.9335140501112085
1.0,1.0,0.49813195731681886,2.288805850059203,0.5657562055478982
1.0,0.0,-1.214868289417193,3.1159507330856684,-0.4372481232592389
1.0,1.0,-0.10778521951403686,3.689036958643885,3.16217471854276
1.0,0.0,2.0210783984039935,0.57059818466731,1.3567394622056659
1.0,1.0,-0.852071002748732,2.262902060427854,0.8694227136219045
1.0,1.0,1.7648385654376209,1.620287486864156,1.1824863094790055
1.0,1.0,1.559410499821345,3.11783269051073,2.8981348636294504
1.0,0.0,-1.1029212320442412,1.9755167348337257,0.06834046241426471
1.0,0.0,-1.5525698240622423,3.058109218997033,0.48649374070828766
1.0,1.0,0.8083878217587374,3.1435977564085156,2.413220916547495
1.0,0.0,-0.32982134631870097,2.3573745222980333,0.7368841698535245
1.0,0.0,-0.24239323670104057,2.2353081344186743,1.2140962875140182
1.0,1.0,0.2700262369486528,3.516204806852638,0.6310613780984098
1.0,1.0,0.7938507476418765,3.71428867889896,2.283935265331871
1.0,0.0,0.42981051665077147,2.3158815780462305,-0.6700287260155242
1.0,0.0,-1.5394245246141784,1.2400447753555435,0.1977986466070144
1.0,1.0,-0.42614916551325854,2.5264770701755044,3.7277241349202876
1.0,0.0,0.6588792288938015,4.850518927248729,1.2454511926416572
1.0,1.0,0.8001529335281614,1.325878760606106,3.1989466409004637
1.0,0.0,-0.6037099288746548,2.313832605451026,1.0626206187740244
1.0,0.0,-1.5724861269238528,3.0164061360427894,1.3104547472415586
1.0,1.0,0.08097052590786688,1.621699051064037,2.0737961379114678
1.0,0.0,0.35573043808280247,1.3977165571469958,0.5095328762866762
1.0,1.0,0.9222404877191841,3.215572905111835,1.5451841465652842
1.0,1.0,1.148009185563398,0.909622631787625,1.5414525233751435
1.0,0.0,-1.6594212409432294,2.5554550753390184,0.5002565480762156
1.0,1.0,-0.5971670561488248,2.8258296044597877,1.69331177392017
1.0,1.0,-0.6313546236247951,1.3663606910823187,1.640883274189517
1.0,0.0,0.09609771559942498,3.4973800856205726,-0.6234044749470518
1.0,1.0,0.7515202034107458,0.6172319022998491,0.35809984719017685
1.0,1.0,0.0546540254743981,1.623893738146649,1.1153180769265028
1.0,0.0,-0.01940731647261643,1.6265027911525163,1.3180311545000523
1.0,1.0,-0.5972631547100808,1.9955111246390138,0.46987974453920034
1.0,0.0,0.1855440235132888,0.11631332460008492,0.736028859920334
1.0,1.0,-0.3634505853783571,1.4704234263949967,0.5644563344588549
1.0,0.0,0.03285659205364044,1.142066046753845,-0.38728914794373803
1.0,0.0,0.6552849646915889,0.11933519163946715,-0.5673911625127315
1.0,1.0,-0.9365847156661206,1.1363586890368107,1.267705735722355
1.0,1.0,0.6260280073843177,1.7668950150395186,1.0930126513638638
1.0,0.0,0.014533613300658154,2.1478484949684513,0.532251870389264
1.0,1.0,0.6260028451962619,0.8015025796777533,-0.29251165982687954
1.0,0.0,-0.8838698978347986,1.2286400657669145,0.4851041110466501
1.0,1.0,0.4755869491648822,2.140405605598172,0.6163332480147259
1.0,1.0,0.6913114214954045,0.9311825849854263,2.3560073271923887
1.0,1.0,0.39397851041627113,1.4695757485794334,3.6081588087728216
1.0,1.0,0.5756948689832879,3.3975281353463886,1.9292694882855594
1.0,0.0,0.21069447072054523,2.7409939978462616,1.1427122104429517
1.0,0.0,-1.3373289313606325,3.3390707090724305,1.1106264008805238
1.0,0.0,-0.9214145075492002,1.9615805086002622,1.5849896516745776
1.0,0.0,0.6979477822335003,0.8560194783498412,1.0880713551450678
1.0,0.0,-0.06294897214477835,2.9524754184175235,0.9972345349446118
1.0,0.0,-0.18962868612464556,0.057795158449508,-0.049307948017708936
1.0,0.0,-1.8195664779342835,0.5488812983380105,-0.7937394267199441
1.0,0.0,-0.3666352247310941,2.4963614987280596,-1.3562391470255974
1.0,1.0,-0.9256525171126501,0.7660026044967296,-0.19872271376644268
1.0,1.0,-1.0354089544682041,2.816048831015102,0.5756228040094042
1.0,1.0,1.074987561160954,0.511211215008812,-0.2005353767150957
1.0,0.0,-1.5659979758385238,-1.6253625512790266,-1.2731274328210855
1.0,1.0,0.2086982893082372,3.3788794774937276,-0.19530749725942798
1.0,0.0,-0.7430994950218013,1.0822458865142228,-0.28195693696430185
1.0,0.0,-1.1078166657672197,-0.4413316966716305,-0.8510057319479816
1.0,0.0,-0.0644112805261279,2.5336093422794614,1.4257121452655948
1.0,1.0,-0.09636985789855051,3.4970897300789674,2.1245088749898593
1.0,1.0,-0.900890589102064,2.9504080209731294,0.12705901644480821
1.0,1.0,1.4828132672435033,5.957681144238288,4.962455962093651
1.0,1.0,-0.30415311229464387,1.1286989656063693,0.7373481301920718
1.0,1.0,-1.0122032855902947,1.840787944471332,2.7916908888786676
1.0,0.0,-0.6714232853971873,3.0806688076462834,1.125533975264427
1.0,0.0,0.06817928346735935,-0.4248273918392831,1.1650001766955478
1.0,1.0,1.0878044594754142,0.9821310482818875,0.4319316368421542
1.0,1.0,0.8495649023960017,2.036724557856835,2.056254764495578
1.0,1.0,2.574619964917224,1.9767761658713592,2.052714811477593
1.0,1.0,-0.10441084831931802,3.604544960191122,1.4045421267612053
1.0,0.0,-1.042482112379581,2.1907292233542988,0.9750072349716558
1.0,0.0,-0.2665862648339136,1.8905443270418074,2.3199567335768165
1.0,0.0,-0.46610736896993504,3.495971772300196,2.1294603293321246
1.0,1.0,1.6295694591134444,2.1660725853417926,3.2895376915274492
1.0,0.0,-0.11398604160343628,2.2846088688760293,1.6789960476832049
1.0,1.0,-1.2276881603165264,3.8473679961621188,3.0048630032404695
1.0,1.0,-0.024336281066560238,1.6801597697674973,2.4202131763687986
1.0,1.0,1.476069224246009,2.0904758208906244,2.9181311367339995
1.0,1.0,-0.057747920685223,1.1012742949202872,3.51928774461813
1.0,0.0,1.1677541588099074,2.6574415590308655,3.0172960384056857
1.0,0.0,-0.34734423740316966,1.1910802448831292,2.384614721633061
1.0,1.0,-1.1014150080240541,-1.155657087633676,-0.7050207921280419
1.0,0.0,-0.9302915424896442,2.7894635979678974,0.505642988676653
1.0,1.0,-0.4397850366228897,3.1649543362240555,1.7325077903258823
1.0,1.0,-0.05072027359719311,-0.7463611728506785,1.8231610775025016
1.0,1.0,0.7778329110531677,3.0670689867479526,3.3616932588165396
1.0,0.0,0.4696903841588371,4.505821294751385,2.4723292429032186
1.0,0.0,-0.9513004887008938,1.1040303438749022,-0.298587967095318
1.0,1.0,0.15346490183762362,1.8068162351818318,1.9207900864338325
1.0,1.0,1.5784946513615687,1.1521389744407866,0.7140761490977783
1.0,0.0,-0.23403326435380786,2.1038637860965874,1.0247978152510917
1.0,0.0,-0.5646998124319987,2.01179325902053,0.1641649585337122
1.0,0.0,0.9846327731124962,2.324869169808481,3.3684151492410432
1.0,0.0,-1.8829490232351167,4.100738095060336,1.1779216308264338
1.0,1.0,0.05065157898099354,4.387847197248002,2.1996480497677524
1.0,0.0,0.3053013831778767,1.4836017778145711,0.7346013299909153
1.0,1.0,-1.4729370971676603,2.953497940151495,3.1938667487049734
1.0,1.0,-0.37571357000594785,2.2761424516518054,1.0005274215309707
1.0,1.0,-0.16446988560562362,2.108027820727742,0.15078946005506388
1.0,1.0,1.6194617534881957,3.6157093490872114,1.756289184817869
1.0,0.0,0.016095976646362517,3.516247249079166,1.2129726442681787
1.0,0.0,-0.5483915292942046,5.015978468538414,-0.4847562939089096
1.0,1.0,0.37165940292000305,-0.33720126713249954,1.8897839568745662
1.0,0.0,0.2590963285954795,2.3820709000996305,0.719883990589368
1.0,0.0,-0.14136269361794648,2.2379105935108523,0.42438209331554366
1.0,0.0,0.018431512807552786,2.193861845981002,2.3966180625727085
1.0,1.0,0.37012497607639305,3.1844347870721634,1.3565379693076944
1.0,0.0,-1.0101172756916006,0.5002491913100731,-0.3084775238764279
1.0,1.0,-0.10575800932288154,2.183416679429174,-0.6710398862910683
1.0,0.0,0.07497020239056118,2.1480487170492335,-0.24415552268569107
1.0,0.0,-0.9875787357159196,2.4511460029339505,0.735566284071878
1.0,0.0,-0.5992503123818314,1.9213013158114096,0.5994905664539459
1.0,1.0,-0.08547380544686073,0.850884005460796,1.426498066958118
1.0,0.0,-1.0970761905285555,1.1672660189947521,0.18903010804260492
1.0,0.0,-1.780542351128783,0.6265525538346841,-1.3617293551709357
1.0,1.0,-0.48402354161463135,1.3715608520501184,0.9594584137961887
1.0,0.0,0.3759384153391008,0.8710363617599406,1.319082430771783
1.0,0.0,-0.8232926252375806,0.3791310445255225,-0.32008144102764985
1.0,1.0,-0.40449340636882536,2.6661712716218697,-0.2170843112133849
1.0,0.0,0.23711482873381687,1.2464666525189814,2.337017787418041
1.0,1.0,-1.266023116552047,2.6526336662371373,1.9577750019189903
1.0,0.0,0.24231591856565005,2.5354026293199086,1.588302476949777
1.0,0.0,0.39621832363088516,1.3956028026642056,0.44494488057947024
1.0,0.0,0.26079806082319645,2.1157857409234366,0.1845473033366336
1.0,1.0,-0.23857588960899723,4.632595190439341,0.4881329324797088
1.0,1.0,0.03758488797657303,0.7032327009863737,1.8090344605422715
1.0,1.0,0.7576120881501962,3.6532537491466064,3.4346459532420184
1.0,0.0,-0.5714605072183483,2.9812421515451843,-0.32436044736243086
1.0,0.0,-0.8805621821604999,1.9041566311139417,-0.11243380569513689
1.0,0.0,-1.1096883280198684,0.024029130826423772,0.06484158594173728
1.0,1.0,-0.8912930098960351,-1.743127997874657,-2.2651819756432015
1.0,0.0,-0.28076769305564364,0.5341853923726629,0.6257091844990998
1.0,1.0,-0.2645070020577643,0.6955488194490458,0.9488670862286577
1.0,0.0,-0.5697670137290142,2.7268441529654623,0.15616553287824797
1.0,0.0,-1.4704029493262416,3.4150923513511335,-0.12439492180258666
1.0,1.0,-0.017575927358438492,1.280134262068311,1.9034958451777544
1.0,0.0,-0.5699425767571522,1.493781072252903,-0.9026870836319385
1.0,1.0,-0.05566961476887172,2.438337834955399,2.6895008280744426
1.0,0.0,1.314330011090449,1.9678539175460883,2.109698613963124
1.0,1.0,-0.14498844826619922,0.4047246644307245,-0.30019492339519216
1.0,1.0,-0.05474856142212257,1.7657088296225194,1.834658764794487
1.0,1.0,-1.3740841099188035,2.0157464183738516,0.9452366905360075
1.0,1.0,0.16508018728899593,0.06554371501823608,1.5948796081708232
1.0,0.0,-1.9049091849951614,1.7346059730725647,0.4959691454607839
1.0,1.0,0.5333220577582158,0.47011328935490915,-0.11428431564274955
1.0,0.0,1.360385071126059,-0.40239109033815645,1.0214102829373635
1.0,1.0,-0.24708567792667102,3.251563541428168,0.6524008391143751
1.0,1.0,1.4299101811809456,1.6699362028564,2.104297327289281
1.0,0.0,-0.731451392988384,1.3895577248113276,-0.6714274575270667
1.0,0.0,-0.23056301546061309,0.559717248359362,1.574544534824368
1.0,1.0,2.4242582498041285,3.165731423445378,2.297888319360767
1.0,1.0,-0.07001600714055381,1.7353201009636243,0.36401918879656425
1.0,1.0,0.5234163112447117,2.5887066476142704,1.9004176493800435
1.0,1.0,-0.42057175064019126,2.3502984617935327,-0.040359919168387215
1.0,0.0,-0.8455832642090955,3.501302371558498,2.391331317069228
1.0,1.0,1.1336411472799137,3.514812680479202,2.1096583857743347
1.0,1.0,-1.8943236542180124,0.7496740351925315,1.7906281752412994
1.0,0.0,0.1687344082399372,2.023653007965844,3.0648957430599997
1.0,1.0,1.0735538153193014,1.7276879392202482,1.3232541329416658
1.0,1.0,-2.754314482442931,3.0360165918732305,-0.9575764028479469
1.0,0.0,-1.15338064069234,1.6702921639708006,0.1983547059228168
1.0,1.0,0.06234640919744969,1.870178419123645,3.228025554877698
1.0,1.0,1.209246068106128,1.2330559884098242,2.708351806867408
1.0,1.0,0.21333879527963695,3.691089512346519,0.9845096206633615
1.0,0.0,-1.4421435401634775,0.5659139983614871,0.5724805919337503
1.0,0.0,-0.4627928760314009,3.2478350613719504,0.12646627725035664
1.0,1.0,-0.7063020535960445,3.784233566450779,3.291851865419019
1.0,1.0,1.9856245366633924,3.0424743686983993,3.743076838464166
1.0,0.0,0.19410913298580387,4.907899891685201,1.2362719645822313
1.0,0.0,0.4760384668033153,1.632222915141957,0.044323968047607076
1.0,0.0,-0.22254436750681889,2.0186840822987895,1.1349415567773171
1.0,1.0,-0.8422997729336099,1.3997488612905213,-0.1584081086986796
1.0,0.0,0.2889820771346638,1.2654690865568985,2.935082973256919
1.0,1.0,0.4631202146284357,4.570515908217608,3.4412137997092205
1.0,1.0,0.6224795689976855,3.8436293131049357,2.1512340544959887
1.0,1.0,-0.8061438739696007,2.194378615572879,1.4129723327537664
1.0,1.0,0.3815992311300763,-1.6362399585657124,0.6015730995393116
1.0,0.0,-0.015964846084167525,-0.580445548000408,1.2393102572993748
1.0,0.0,-2.04327122824213,1.7829608589860801,-0.09840250194156464
1.0,0.0,-0.33390191287550464,0.539484062550617,3.088499474272896
1.0,0.0,1.381813775325857,2.2311605036950546,2.099140594747856
1.0,1.0,-1.5783080289038065,2.3212251582573167,0.1764136057784881
1.0,0.0,-0.22318160518745878,2.446344975712066,0.7233248764381973
1.0,0.0,0.5463048448601714,3.1432431593540495,0.16094572175489086
1.0,0.0,-0.009118065372108068,3.320210539941556,1.6412543788478344
1.0,1.0,0.6862088771538734,3.780230076270658,2.4002700384018825
1.0,1.0,-0.30306459270442676,0.5224099078279385,-0.05516219033217107
1.0,1.0,-0.13317912328671777,0.5759851020065359,0.9097337324527871
1.0,1.0,1.8995012738258148,0.7745219846678115,5.041237791210453
1.0,1.0,0.2841154428132442,4.48596550174152,3.5834415067361727
1.0,1.0,-0.4439038163299702,1.6776557530857015,1.2552836670731904
1.0,0.0,-0.562370986690878,3.4238188476100477,0.26413128116521345
1.0,0.0,-0.8741237627169127,0.5477034002949579,-0.12965270096096
1.0,0.0,0.24904952118304424,2.3081322920242893,1.3516913554076357
1.0,1.0,0.7528989064427789,-0.1837000925592691,0.0037395137620523933
1.0,0.0,-1.6068843606357768,1.0261894328058578,0.18852178229498084
1.0,1.0,0.050770699373386574,2.610487648154681,2.1980852621395943
1.0,1.0,-0.22906119581805573,3.41556927806961,2.33891870330346
1.0,1.0,0.3477997027856544,4.927206396260258,1.0832679506654281
1.0,1.0,-1.0346380295516546,1.1810287348075001,2.5297778072900035
1.0,1.0,0.3505336848357393,2.446683158583919,3.7161585621335504
1.0,0.0,0.07840541072809493,1.4790356563935787,2.9825219334177335
1.0,0.0,0.34146516842362645,0.5156898985603955,1.4190265951315664
1.0,0.0,-0.005379632832489489,2.719894465091712,0.5635033988985458
1.0,1.0,-1.5408304437146936,3.8222759727900595,0.4086752637402341
1.0,1.0,-0.35153805332448834,3.1849163422723725,1.1665238251624221
1.0,0.0,0.5074469302647011,1.8017289483220191,0.4659079259471538
1.0,0.0,-1.232767101274469,2.156859646319229,0.8085586552982073
1.0,0.0,-0.1402074187090214,0.9401549460608163,0.4693102670948014
1.0,1.0,-1.1432289490526932,3.28160491634811,1.988612592949577
1.0,0.0,0.23987986592172506,2.8702094072097473,1.011029337887973
1.0,0.0,0.3861493141009647,3.083611230165869,1.9462573776611756
1.0,0.0,-1.5994838318104694,1.0568749408750087,-1.330072484566547
1.0,1.0,0.7970978017590692,1.1486528924135953,2.274200784012364
1.0,0.0,1.667266900673747,2.0104883745576507,3.984861198696911
1.0,0.0,0.17212863232849093,-0.41973907280875844,0.6712294481425481
1.0,1.0,-0.08713028377210716,1.7580436784774243,2.5540912307655357
1.0,1.0,-0.38495085308308497,3.351019762225279,2.0471964634269018
1.0,0.0,-0.08634129736839236,3.340581748535899,1.0846173222817823
1.0,1.0,0.9161423460133693,1.2903441362219774,0.821730258367241
1.0,0.0,-1.2391163757872934,-1.2014444743924386,0.9377950536405065
1.0,0.0,0.40146101070958445,0.9008483680282963,0.9459486951941725
1.0,0.0,0.4265283289416368,2.5849795458743006,1.2167625444902403
1.0,1.0,0.4769274066603527,1.124041845060034,0.848746837154947
1.0,1.0,-1.440945980198025,1.6844074916294696,0.03038651176538465
1.0,1.0,-0.061706457366138855,3.8683129118648454,1.9978233770057423
1.0,1.0,-0.825376344599175,2.7072314814680256,2.3866601144044455
1.0,1.0,0.922557692139842,4.63388689247501,2.3190324501839927
1.0,1.0,-0.5872829228403463,1.8957312067637837,1.3516813387021387
1.0,0.0,0.8863505057909981,2.5241069678673504,2.2537551952568737
1.0,0.0,-0.6837595333295416,-1.2474513074425047,1.0331762771782542
1.0,1.0,-0.17594378248616768,0.3213974624513498,1.8565419251936106
1.0,0.0,0.8860353431807007,0.3066974968594689,2.30486299009937
1.0,1.0,-0.4869359362766448,3.3171609979049954,1.5504853362188848
1.0,1.0,0.35247692663530417,4.822107011960895,3.429152289176751
1.0,0.0,0.08153499321148695,3.0505409532007173,-0.05895197521710904
1.0,1.0,0.8575950001384589,2.7152619684823605,1.2064031980964987
1.0,0.0,0.643632965189328,0.1971623670767464,1.1099373767801686
1.0,0.0,-0.06515078397876717,0.5655170153126665,1.6792821494461987
1.0,1.0,1.0085283887073362,2.477415693336864,2.063138796670674
1.0,1.0,-0.23106606125909296,1.5091020652694904,-0.5073618080264766
1.0,0.0,-0.826397909740879,0.3698580677079417,0.7912537355101771
1.0,1.0,0.16319445872766794,2.4631937371264576,1.1159079924514628
1.0,0.0,0.17769900509141714,-0.6780132254788422,0.3754863379282199
1.0,1.0,0.9961718360176147,1.6806921367169445,1.555145488857078
1.0,0.0,-0.6908373643262892,2.3805570797415117,1.6072079360968154
1.0,1.0,0.8839351274048997,2.57485175796975,2.8538809754826886
1.0,0.0,-0.22719695584886446,2.5216790776933444,2.2700378321871924
1.0,0.0,0.3705910845077794,1.8818644542697909,0.1415455983600702
1.0,1.0,0.3881955287132612,0.06559169869283288,0.5389902474090232
1.0,0.0,-1.3612125597949936,-0.114901513397208,0.08876763897998641
1.0,1.0,-0.6870863040762543,2.6203605088573534,2.420972101976953
1.0,1.0,-0.40280632320619353,0.8728643242925136,1.89648701080327
1.0,0.0,-0.31255210433852937,3.0941010193652465,-0.5621165931100076
1.0,0.0,0.010182899016111524,2.8184123994004264,0.45447081568702763
1.0,0.0,-0.26345031239151306,3.061151444735719,4.0772766877956546
1.0,1.0,0.6611007382984669,3.5778402590515284,1.863749999750441
1.0,0.0,-0.25252907502745475,2.1646975322416417,1.6437991110380916
1.0,1.0,-0.551427982750388,3.473313415664506,0.1543517046514904
1.0,1.0,-0.08982970455202716,-0.6483730842269051,-0.458799365360526
1.0,0.0,0.4592588798762891,0.8592315574903127,1.3803342224897
1.0,0.0,-0.18464801974105038,1.2924990062136907,-0.7413868120952597
1.0,1.0,0.16020129889314616,0.4209415915260959,0.7684465594527861
1.0,1.0,-0.600026316794954,1.620406809336236,1.040918535102309
1.0,1.0,0.3575962723779118,2.792024492888398,1.5864013490480484
1.0,1.0,1.3269049227552774,0.029654649875969996,2.3120164370141816
1.0,1.0,-1.7512949885571285,1.4586879368527015,1.2610299571456567
1.0,1.0,-0.0032094240441135607,1.9750212239182208,2.1154699224438653
1.0,1.0,-1.9042048019733444,2.330632336149527,-0.20770771430831936
1.0,0.0,-1.1315050028997828,2.450888208651004,0.39064322562003373
1.0,1.0,0.8534081254720829,3.4091018671667657,2.5098904393024406
1.0,1.0,-1.1089914298781198,4.08193609340444,1.336005196602199
1.0,0.0,-0.9045643341773154,2.6988781626103684,-0.32067975763783996
1.0,0.0,0.8242291390000761,3.90745457771691,1.6027202275367334
1.0,1.0,-0.22313645890996076,2.149147076443049,0.839644727023811
1.0,1.0,-0.04791149158175065,1.4695735739813574,0.04691712034827189
1.0,0.0,-0.7953273950279041,3.29432139048679,-0.16857328457683085
1.0,1.0,-0.47215954600633236,1.0459264753695194,-1.2046991347508822
1.0,1.0,1.1131795610932584,0.6297824257663449,0.22571069166438207
1.0,0.0,0.6255374925420654,1.0958711253092837,0.4066707773229382
1.0,0.0,0.7390907417839871,2.621584659322805,2.088884226813834
1.0,0.0,-0.018089257580479204,0.1995079209734234,0.5255674001827827
1.0,1.0,1.5770510116125216,2.580973495186563,3.6153287123115203
1.0,1.0,0.4820824166271018,2.6793880871487143,2.3153762902520114
1.0,0.0,0.10827010444227593,4.632577090267846,1.512536024354936
1.0,0.0,-0.14000630573938627,-0.7578034146128845,-0.012718786725393089
1.0,1.0,-0.9544353850291646,2.3637249680395422,2.1769678885180985
1.0,0.0,-0.3591159683639375,2.8059836123274753,0.8302622140185089
1.0,1.0,-0.05030859356382816,2.0993831851279285,2.4132625457120422
1.0,1.0,-0.012077778554178048,1.2460024545650996,0.7097619988841533
1.0,1.0,1.6266747476547698,4.246817012578619,4.209678534187185
1.0,0.0,-1.941284338291863,2.6262668501751323,-0.9750996241068384
1.0,0.0,0.3590868411158534,-0.37573349258609134,0.26993999972567306
1.0,1.0,-0.31851609518517743,3.365343809256717,1.8686026411081773
1.0,0.0,-0.21119030273151246,3.60058825236986,-0.294906803325119
1.0,1.0,-0.303847433502335,2.1662124627889336,1.2749053384911393
1.0,1.0,-0.055256024353404334,0.8436338682685207,1.0459050606809839
1.0,1.0,-0.7199490633529602,1.1870053274244765,1.436774850401318
1.0,1.0,0.07134312487424566,2.34099199139197,-0.7401273272587323
1.0,1.0,0.894067969926714,2.0755314360431805,3.1695224544758744
1.0,0.0,0.44414675687664956,1.7110138832852164,1.2576857096264291
1.0,0.0,-0.8136813297138412,1.5642253186921173,-0.708234699634005
1.0,0.0,0.29034725755900714,0.3897010298249952,1.438551961516873
1.0,1.0,-0.3721468479178135,0.7349898023413064,2.2428628193575233
1.0,1.0,1.3276294055022977,3.0282503646541388,3.580207369829793
1.0,0.0,0.49507112515200435,3.5697180866163243,0.7487972349131977
1.0,0.0,0.14763332380809446,1.4903071847234015,0.6507690411801912
1.0,0.0,0.1346376688497531,1.6508812466818459,2.5816836251527855
1.0,1.0,0.8349505342012477,3.2017217798135746,2.729208075706761
1.0,1.0,-0.17843433948540235,1.478158748077061,1.471832727153564
1.0,0.0,-1.6849559840013482,0.3872527823630807,-0.9830447313389636
1.0,1.0,-0.5107594522735368,2.0681594360879547,1.2733705535978284
1.0,0.0,-0.17399145033303448,0.9989194826186736,0.9002772665603913
1.0,0.0,0.040513802851489755,1.824132133789736,-0.8931415283932194
1.0,1.0,1.9563728692620204,1.564091082238952,4.1374143652329956
1.0,0.0,0.21937946627638558,2.2897214797992453,0.6975545868148975
1.0,1.0,-1.5981375034445984,1.6131168830618843,0.2553398952183949
1.0,0.0,0.34992662532263447,1.812156843179158,2.0067987142558055
1.0,0.0,0.503372661877788,0.9284347247877187,0.3177714763003312
1.0,1.0,0.03633720252656547,2.6900781342983606,1.203550736583878
1.0,0.0,-1.159383476971088,1.6908062225389522,0.507474160894473
1.0,1.0,0.2033154044553695,1.2795119588688728,2.2197222486915424
1.0,1.0,0.9900245655507922,-1.2048893658130981,1.0688243828800892
1.0,1.0,0.3437684854306399,3.7635190422353757,1.5804258094764267
1.0,0.0,-0.032247823469286674,1.096155721216256,-1.3755113028349921
1.0,1.0,2.300927189031604,0.5523105676031181,2.291721785712691
1.0,1.0,-0.25302471759345674,0.9495606074938467,1.5019941368120608
1.0,1.0,-0.02152739964296333,1.1853326454285602,2.8205664340578522
1.0,0.0,-0.5533612915589543,2.172072624503046,0.6228060029183244
1.0,0.0,1.1006466900289706,2.6964001373780455,3.1777069389077397
1.0,0.0,-0.41615323816123817,0.5095463028138452,-0.5421275394868192
1.0,1.0,-1.6924545952200205,4.946165346097377,2.9282725905817957
1.0,0.0,-0.1302534626582385,2.8561955082135437,1.0218665237244253
1.0,1.0,2.2539922169546616,1.09487380956811,3.4448983873587173
1.0,1.0,0.7193988856374492,2.7322882213368436,1.9234432520607805
1.0,0.0,-0.5597681551478685,-0.030582092216214996,0.7006944354412702
1.0,1.0,1.03788021586606,4.193418179915272,2.768403293115597
1.0,1.0,-0.4525382133802551,2.4507883555919325,0.07431907666090631
1.0,0.0,-0.4533149724484093,4.819629233480235,-0.0256465296556303
1.0,0.0,-0.5125414013975648,3.9527693163728497,0.4503694951728088
1.0,1.0,0.30068598149022113,2.7109657074427047,1.4592940240521182
1.0,1.0,-0.5036419467012686,1.8586719466047734,1.5863703413439731
1.0,0.0,0.5887065672045827,1.6245761597190271,0.5069107212236892
1.0,0.0,1.116977059736363,2.6879192861001506,1.542544961493974
1.0,1.0,0.8265290542326802,0.9641767018926475,0.34936607898706606
1.0,0.0,0.7043528064487752,0.49814575228308056,0.14702152400531254
1.0,1.0,0.05307394422284753,0.5796771481756684,1.5541931347682367
1.0,1.0,1.6061376245676213,3.452458678347827,2.5834392867512848
1.0,0.0,-0.7756794465264258,0.8318405870290071,-0.3506324819638226
1.0,0.0,0.5721426226853508,1.1196318660531306,1.292917268013586
1.0,1.0,-0.4127296887332515,1.5711624801481374,-0.4314413720483461
1.0,0.0,-0.4734057307569166,1.2751762543564746,0.06923976954065048
1.0,1.0,0.16046223522291098,1.4178385028994334,1.602339469041964
1.0,1.0,0.7900227618517476,0.458209249049889,2.995988495115707
1.0,0.0,-0.12038525945978171,0.8145708009112818,-0.11561381186434228
1.0,1.0,-0.08774552506450353,0.9976254629405583,-0.4104314575463728
1.0,0.0,-1.441336601730973,2.8789727613513527,2.0941875830607812
1.0,1.0,-0.08572598160070358,2.066690843167265,2.0725022627714567
1.0,1.0,-0.32526758976089337,1.6515263749875826,2.651558596455705
1.0,1.0,-0.889740779955172,2.7901489747052137,2.0530385704287126
1.0,0.0,-0.6904770902238289,1.6720572613472524,0.46064567001041296
1.0,0.0,0.5083428389814718,3.0503652539299617,1.850537058609449
1.0,0.0,-1.2648680210036742,2.1382992203201994,-0.1329733987750949
1.0,0.0,-0.021418861826935497,1.4298437218741604,2.230645703582229
1.0,0.0,-0.5496905489545356,1.8566822954297124,0.8047802963189772
1.0,0.0,1.8032226008022203,3.9962212867124416,3.048849545842733
1.0,1.0,-0.06048016576551285,3.4071451171000016,2.7569944553439725
1.0,0.0,-1.0090325174714154,0.4462870048536127,1.6604096910879032
1.0,0.0,0.27423526636754547,2.589682820951443,2.418851728402716
1.0,1.0,0.6849877409000773,3.373970869561167,3.606175710175752
1.0,0.0,-0.5262626596565978,-0.37556619713246997,0.159861191852307
1.0,0.0,-0.002272893618224997,1.069811653435499,1.9331263278760047
1.0,0.0,0.3493188705946608,-0.24059883306346785,0.6615702386908702
1.0,1.0,0.7752279307581077,2.07341886609394,2.030918882110214
1.0,0.0,0.33311711250332043,2.899975310970986,1.2953372787279376
1.0,0.0,0.706154687797878,2.5257662562705527,3.0180135270001998
1.0,1.0,-0.4484420910926321,1.9260241728194907,0.9404679061032685
1.0,0.0,0.43275302521030273,1.2069485556201087,1.1191581671997675
1.0,0.0,-1.5422739500426834,0.8928122550151449,-2.653359120493353
1.0,1.0,-0.8735605649610412,3.3077245922782077,1.0115037345431974
1.0,0.0,0.5989203890892476,1.598725440535036,1.7479754141146826
1.0,0.0,-0.16972911967946785,1.6615408397452647,0.09067497130125468
1.0,0.0,0.3024178140304364,1.32286292039739,2.0831285973528146
1.0,0.0,0.6887602652731096,4.82557163221257,1.3864417053808822
1.0,1.0,0.5200871212920688,2.839211561121478,1.736181324387701
1.0,0.0,0.7519935366737516,1.7123910684145793,0.5153153318197903
1.0,1.0,-0.5766846274171897,2.3312205462514974,0.630776419218664
1.0,1.0,0.6264932804854098,1.9186233854102626,1.5744976847152623
1.0,1.0,0.5084445613838281,1.5080503609544966,1.4972989679317372
1.0,1.0,0.7651222643994364,2.0005766848327218,1.4129899420536378
1.0,1.0,1.189506323161818,4.255041635013521,2.9234597180381594
1.0,1.0,-0.8578441784097923,1.6514258053617332,0.561580237118329
1.0,0.0,-0.29307457919715935,1.9294225367131155,1.8293854169783714
1.0,1.0,-1.1960326330022901,3.0332859195843622,0.06553787075812867
1.0,0.0,0.5123073455622827,2.602558292431777,0.5709622865129657
1.0,0.0,-0.8155200739545393,2.456571018527053,0.2419019287928692
1.0,1.0,0.1838408385650175,1.9355017998923592,1.8373605964719675
1.0,1.0,0.585021044691157,1.5340378446929424,1.863132133499816
1.0,1.0,-0.4585272984017364,0.9869457133655715,2.027232772514883
1.0,1.0,-0.411312236333461,1.9695833603986501,1.2833740172845405
1.0,0.0,-1.2514529869659814,2.8465270273926704,-0.4755187959657622
1.0,0.0,0.006301151372674785,3.728253099121809,0.1415089774220788
1.0,0.0,0.059364085882760986,2.35989424120548,-0.13071930611807248
1.0,1.0,-0.31568763471629735,2.41090327692688,3.1755097220855797
1.0,1.0,1.2388447159528984,2.3754660545904263,0.824444723954247
1.0,0.0,0.3881047378656695,0.8922571992599644,2.2429831810729377
1.0,0.0,-0.1457595543008232,2.6827259096233957,0.4779122248714395
1.0,1.0,-0.5795469555748352,3.663368938651084,3.4106168027083914
1.0,0.0,-0.4592210818416072,0.9561851863373685,1.6052864656716097
1.0,0.0,1.190350256534853,0.33040054560728205,0.737622341162494
1.0,0.0,-0.7972261975208821,2.180294279026925,1.0553679065605845
1.0,1.0,0.026271717327042365,2.4394883990685194,1.9049611157413164
1.0,0.0,1.228785437080198,2.1853178866441203,4.670911167945905
1.0,1.0,-0.657111192958041,3.604810981697116,2.44293072144493
1.0,1.0,0.9021600853501295,1.4164049002289119,2.2460477083216714
1.0,0.0,0.14971693655105117,1.8690816599391527,2.0183582704211265
1.0,0.0,-0.39221357058604456,2.3940353741783524,1.1597236988105064
1.0,0.0,-1.2236876087404192,0.2688698039705921,-1.1534711476547275
1.0,0.0,-0.04965126427830818,1.1233355612283904,0.12784856447728177
1.0,0.0,1.0415794493215722,3.396554488862897,4.428182697189301
1.0,1.0,-0.10278280754948244,4.392052725795517,2.0254848181741965
1.0,0.0,-0.3081027275454603,0.9272169242043533,-0.21149214873322353
1.0,1.0,-1.4974609044029445,2.7342207868209933,0.29492859212066225
1.0,1.0,0.7822483055452805,4.139771700010964,3.884154161956748
1.0,0.0,-0.40919807652855616,0.35220408594274555,0.44467585833723405
1.0,0.0,0.6749525234525847,2.7314048065772925,-0.8984085133366382
1.0,1.0,-0.8109061305720706,2.7890562126465825,-1.0181009700373846
1.0,0.0,0.4842785655215539,2.268881887258493,2.0159578173900323
1.0,1.0,1.0644081908687961,0.26662689973903553,0.9121636191577434
1.0,0.0,0.5894916414836437,1.3530072298220213,0.3135008139182167
1.0,1.0,0.7400372822305537,1.4342339558002744,4.1690389797634
1.0,0.0,1.7288869612927518,1.012619373700284,1.299420256246861
1.0,1.0,-1.0601094588531081,0.6704168177937659,-0.03648924448384516
1.0,0.0,-1.5412956944349363,1.0581823612598935,-1.1642886150150928
1.0,1.0,0.15322454686618447,1.1163108107954747,0.23921604361203852
1.0,1.0,0.8680023643310826,2.2804140834853484,1.9134238900404636
1.0,0.0,-0.09429800368112815,4.101961026644689,1.5798025488741356
1.0,1.0,0.8767530455763245,1.049919869468015,1.8777562073107108
1.0,1.0,1.1475469644411105,3.0991903756930608,3.176482345640832
1.0,0.0,-0.17672582545379467,2.0827775932082213,0.6067313781125507
1.0,1.0,0.2056730758950392,4.197337737820837,3.1487679502821524
1.0,1.0,-0.6101900749736722,3.640187013638368,0.8959034048553999
1.0,0.0,-0.6128613727592267,1.8153449633319734,1.9863383675268351
1.0,1.0,0.02614986531505631,0.4768114291659886,2.73756568880374
1.0,0.0,0.5153028400521094,1.4137548176765282,1.5482637590427344
1.0,0.0,-0.12457197717355792,1.8654199140160252,0.7740521927047356
1.0,1.0,0.26170698575014856,1.7366060810527393,2.753938630385865
1.0,0.0,-1.6545813077917566,3.7415098469561445,-0.11686285723831857
1.0,0.0,0.14448289906585646,0.20111723344778243,-0.3601424040479494
1.0,1.0,-1.263049312678552,2.0638865559842205,2.778862742269601
1.0,0.0,-0.5349721833822346,2.830545452068777,-0.6187773777207882
1.0,1.0,0.9972915678951183,1.0190176862737703,1.022065891298415
1.0,1.0,-0.31743877768986,2.850651801461508,0.6297606306176943
1.0,1.0,-0.26612970259564456,0.5395693575782878,0.5854223547939322
1.0,1.0,-0.3069438700787545,3.1470606361732574,-0.2808820644384835
1.0,0.0,-0.20911593158059782,2.6851558701081277,1.6890690689210663
1.0,1.0,2.021806179522163,2.026986776130817,4.271450584378145
1.0,1.0,1.1372087554904025,2.202310685774918,3.1005071876502104
1.0,1.0,0.015444527555003473,5.192874709840362,2.4052235545515748
1.0,0.0,0.09521688275882056,0.810034376650907,0.33396006134789136
1.0,1.0,-0.0709217922846089,-0.08727346888073262,0.7606031340518559
1.0,1.0,1.2353852393304379,4.125899494241001,3.3592592590727284
1.0,0.0,1.0291279213165216,1.4741659187637342,1.2076254749273287
1.0,0.0,-1.6413416910009693,2.4048777842118456,-2.6801142849641457
1.0,1.0,0.6771504676365677,2.779912539104592,2.426840334906287
1.0,1.0,-0.6768351551047964,2.7072595817917655,0.7280206314026965
1.0,1.0,1.0959499331121363,1.3154611098444735,3.0662164007322534
1.0,1.0,1.8936920996821274,2.6191100882342626,3.033686743865118
1.0,1.0,-1.3014120266462492,3.245087377315834,0.9644823892692547
1.0,1.0,0.13619681924278287,-0.10103899681321415,2.10133731622073
1.0,1.0,-1.122607024311923,3.6005418930976356,0.08024339583094531
1.0,1.0,-0.4053240506798463,3.6769638494038563,1.8974212984275711
1.0,1.0,-0.8475191233729715,4.011334022775922,1.2514457996595192
1.0,1.0,1.7044049888083188,-0.5551950659086691,3.145711694544821
1.0,0.0,-1.4124008697621597,0.9732146867946377,-0.3891698380979033
1.0,0.0,-0.2509225741217893,2.761743468397105,-0.8043130622594863
1.0,0.0,0.13401326729913357,0.8110852837459872,0.1353520234486406
1.0,1.0,0.07078144549289503,1.022445373996478,0.42395065133247656
1.0,1.0,0.9307915897967808,2.1452277280873546,1.9706019089140416
1.0,0.0,-0.21629637635398707,0.19054079724229456,1.027013045262123
1.0,0.0,-0.5240830090083066,2.996460335588596,-1.643242981704908
1.0,1.0,0.9266925043507042,1.5423760912334015,0.5100899527865868
1.0,0.0,-1.4344647432156632,1.8683475708387933,-1.0974191881398077
1.0,1.0,1.4529489409922949,3.2879395012014934,3.206828950121612
1.0,1.0,0.1745545626815971,3.683149848473703,1.6152445603296424
1.0,1.0,1.06945455100674,1.5541522612128311,2.4303002649378382
1.0,0.0,-0.7347993534972966,1.0401454404028438,1.5413159319687555
1.0,1.0,0.32551216404282035,0.3832204510140733,-0.5374769395343209
1.0,0.0,1.0554581205577422,1.217582827025259,1.701973535708838
1.0,0.0,-0.7026738747001336,-1.0549894107413282,0.7022819046624034
1.0,0.0,0.0074366631493627405,5.022893222643281,1.245610258595639
1.0,0.0,-0.40223564412234747,2.7787120754367476,2.1246442577839653
1.0,1.0,-0.18529863745279296,1.670936975359045,1.9439255045108315
1.0,1.0,-0.7982906194598641,1.1158872404912719,0.9316932658666688
1.0,1.0,0.7531943141400435,2.3957776562410125,2.6107170005531333
1.0,1.0,0.54205362037979,1.4126186318228102,0.9897745147783649
1.0,1.0,-0.636233719133191,0.9907493539605381,0.6568159574252719
1.0,1.0,1.5819401979528365,2.53512533035182,2.544108100689741
1.0,1.0,0.9081734948238993,3.35054502008247,2.828560675097113
1.0,1.0,-1.6357886830989234,3.4917217771965285,0.7627383533768797
1.0,1.0,1.55425154911931,2.9236893943317717,2.9962344183400687
1.0,1.0,0.3934773903967303,1.7435425304901082,1.3248009551444961
1.0,0.0,0.04382045107496896,2.3080371115798957,0.8172827891659935
1.0,1.0,1.0536677006246298,3.9989681310342684,2.839055668743238
1.0,1.0,1.9596296302151919,3.1138759347280818,2.4163072540777177
1.0,0.0,-1.8072696685805592,0.6162604795748616,-0.0017208458580428854
1.0,0.0,-0.581922478196592,1.4970778141912986,0.1098834053888939
1.0,1.0,-0.28698277318453824,0.2686046565178781,-0.9858151811127153
1.0,0.0,-0.9915694171268923,0.9055835461292405,0.3817569637740153
1.0,1.0,0.4670805348008752,1.765396645962402,2.0231020730689027
1.0,0.0,-0.5523764746698688,0.9541539958704262,-0.515805123329633
1.0,0.0,0.07803559212919824,1.5262737992952866,0.6489744834446012
1.0,1.0,-1.0194973187616796,4.297815756847546,3.8571646693022696
1.0,0.0,1.1590399286187785,0.6423038271494177,0.8073707647689106
1.0,1.0,-1.5013398593424387,1.9320049074805112,2.0076306031256337
1.0,0.0,-0.09233558102341952,1.9365429684135056,1.6124622510372109
1.0,0.0,-0.2270954017698018,3.509963661530498,1.4252057506778983
1.0,1.0,-1.8734079301262578,1.8197395606720563,-0.15960640939770918
1.0,0.0,-1.0332170619429828,0.45168533948835776,-1.191342017862825
1.0,0.0,-0.6397881534094098,0.2179202485064753,-0.9985155377537044
1.0,1.0,-0.5453242695494112,1.5437329216920948,0.768783525566813
1.0,1.0,0.21439333493203677,1.0990143132933667,0.9127292760207678
1.0,0.0,-1.0056842348822752,3.976108964614803,1.4025150558058395
1.0,1.0,0.004649025543449849,3.315275618071004,1.5986692860561782
1.0,1.0,-0.1748242096122892,2.9784816691420453,0.6871929582258596
1.0,0.0,-0.4092690811628169,0.5441178355551579,0.07627583613938216
1.0,1.0,0.9309702562600186,1.4831288657043002,2.5915670022687394
1.0,1.0,-0.7414599785704226,2.512601326017913,1.5742051576649665
1.0,1.0,0.20249784301972168,2.047083974944772,3.9053262542459004
1.0,1.0,1.2231908365726398,1.3967186908906921,1.8926616498704227
1.0,0.0,-0.5336567555584871,0.22443295998717905,-0.582468583006897
1.0,1.0,-1.2754625800305956,4.304421560484772,0.45863372582076833
1.0,0.0,1.245921204410802,-1.0488088883656965,1.4184871708245568
1.0,1.0,0.07617905500777927,2.793563064860742,1.6256491557324741
1.0,0.0,0.15371119511902054,0.3813663837357768,0.3415570493243114
1.0,0.0,-0.15001474388846958,-0.2175936814892494,-0.4708846134388641
1.0,0.0,-1.2630854222374324,1.718584623395549,0.4663902961296143
1.0,0.0,-0.09171380300125084,4.064303902022479,1.4814414003322744
1.0,0.0,0.6847279466303373,2.017430134690252,4.292554232838895
1.0,1.0,0.6647857332585989,0.5719103544043329,4.070538998843507
1.0,1.0,0.7353628965082402,0.8297580504505502,3.351856774544067
1.0,1.0,0.4509673823902335,1.9101046212613273,2.818832668924009
1.0,1.0,2.207771823010777,4.054145978312623,4.919149992479597
1.0,0.0,0.7017798126153842,1.2522454931805203,2.9518661134723025
1.0,1.0,0.9561892815837234,1.7610890068239569,1.0741216477174136
1.0,0.0,0.6582122373201211,-0.5028456554592236,1.3611544440269525
1.0,1.0,0.40256334058849425,2.3946774953471257,1.3193453991556678
1.0,1.0,-0.5773769223813516,2.6476795366105637,0.8228152728341906
1.0,0.0,-1.1069806752671585,2.4385999543396553,0.18365225932807083
1.0,0.0,-0.8499303995923121,2.3729905106280564,-0.8264833743061019
1.0,1.0,-0.07436670912658269,2.510003368568941,0.715930677446883
1.0,1.0,1.7713996187424015,1.1105089168395899,3.57922497806606
1.0,1.0,-0.03468956774952255,3.204671737316311,1.4801980657218086
1.0,1.0,0.517313407621587,2.7754481019371253,0.6558905553303955
1.0,0.0,0.61466248065181,0.6451110291818323,2.7964584387547875
1.0,0.0,-0.36989385298335353,0.49278340811136045,-1.7496481477752681
1.0,0.0,0.36796150016881046,4.556142566974219,2.3092077452588193
1.0,0.0,-0.24675665433732713,-1.2002424221961805,-0.5409086094187702
1.0,0.0,-0.5466038960064022,2.844600372724452,0.46707534567932013
1.0,0.0,-0.9098294266988045,3.0052503986948893,-0.22028509299231236
1.0,0.0,0.09005674376361195,2.6310520822078987,1.594164290005594
1.0,0.0,-0.4065018075420209,1.584411887405063,-0.17500662277372814
1.0,1.0,0.9733216264786979,3.4344077208980566,1.5363949703249031
1.0,0.0,-0.5710990525248567,2.474267572776889,0.538781684665725
1.0,0.0,0.7174677112288796,3.0959794887945855,1.4885198536710158
1.0,0.0,0.8193223533215431,4.632847523565669,2.618501558054532
1.0,0.0,0.5686877515075759,2.6124653329388003,2.119952715448659
1.0,0.0,0.8013153602194538,1.1050237605193969,0.28903417909743756
1.0,0.0,0.13598422278150044,2.8493145635292905,-0.9243338780813111
1.0,1.0,1.0187862403044579,2.655064040522637,2.1873312796480966
1.0,1.0,-0.6520131973239929,1.9687915504706095,1.0178651577141942
1.0,1.0,-0.31715363963816523,3.2263702274211146,0.3342864192436579
1.0,1.0,-0.9218079818331676,1.4124165514742437,1.1631802455624798
1.0,0.0,-1.039740416285488,3.199892357362951,1.0504072942008005
1.0,1.0,0.37523598589613827,2.8356456470942657,1.305808070246019
1.0,0.0,1.2017013702092707,2.7017060891623057,3.134976322070246
1.0,1.0,-0.7269210911443663,2.9811047874587615,1.0862859225462047
1.0,1.0,-0.34643041582382583,3.053699598880469,1.5766041645245488
1.0,0.0,0.03272112483852452,0.8398512511045052,1.053622067232544
1.0,1.0,-0.38216374522521757,2.0128702362408073,0.2925041472451483
1.0,0.0,-1.4533076660674256,2.408054555893493,0.2764116843091578
1.0,0.0,0.4898673490653598,2.957037617187127,0.8423616564955906
1.0,1.0,-0.09433041149043504,1.0968322873927905,-0.028600461427919166
1.0,1.0,0.32718121397874006,3.94288152833745,2.146039684980542
1.0,1.0,-0.36482540577302597,0.4875674453705361,0.18452122949875904
1.0,1.0,0.4471653653809472,3.261304856107092,1.4008966550533084
1.0,0.0,0.2738742189887099,3.298669776329638,1.2094194250405257
1.0,1.0,0.19440620472882209,2.4810018212428604,2.173102028842799
1.0,1.0,0.19393474524922727,1.7443007763412561,2.3216032973675107
1.0,1.0,-2.971399666574263,1.5088287341207303,-0.4492315578307833
1.0,0.0,0.7065181681119485,-0.1595111319986342,1.2365569773387883
1.0,1.0,-0.1963585771280879,3.1362543546506165,0.2960964348317985
1.0,0.0,0.9844943285455118,0.77634362321892,1.720242957094362
1.0,1.0,-1.1819103077689623,2.446620205080784,0.5373866521614528
1.0,1.0,0.3424357733033993,2.8011286299143148,2.212999865571552
1.0,0.0,-0.46177712311183217,0.11165134231138052,0.4420854464819386
1.0,0.0,-1.381346766797162,0.714832759299716,-1.7842751155853602
1.0,1.0,0.05958375354972989,1.077529915864651,0.7232995186604815
1.0,0.0,-0.6349381178239784,2.6402000300610107,0.27259780870285133
1.0,0.0,-0.35317472051913745,4.898279776277942,2.5206818917259457
1.0,0.0,0.08952264036474233,0.1820796087337122,-0.3933711024803984
1.0,1.0,-0.33629697475854003,2.4840886631471077,2.488234840694852
1.0,1.0,0.05971479803021151,2.2030702456656814,0.7279893747449555
1.0,1.0,0.13920384359610427,2.752586555454141,0.382633556312278
1.0,0.0,-0.8696590218810121,0.9668637609929818,-0.9894641107521656
1.0,1.0,-1.3136527532474394,1.8570007898968957,1.310809825792605
1.0,1.0,-0.4924365567689649,3.094534298560557,-0.1989705628398326
1.0,1.0,0.4612515303254174,2.402496708303327,1.5897461630973522
1.0,1.0,0.8083483822600069,0.4092307183412105,0.5072298657407228
1.0,0.0,-1.3051383217203876,2.4949224430443677,0.2706526583625994
1.0,1.0,-0.2954660807705708,2.2323433838842126,2.67914627289832
1.0,1.0,-0.4324989917536281,1.4676791476841295,0.3549618116991683
1.0,1.0,-1.9484641886830816,1.923654061835189,1.4425533930060195
1.0,1.0,0.7581777571118329,1.3891850010009446,2.5168749156446397
1.0,1.0,0.533587241914802,2.4341982291875213,1.9537240044068847
1.0,0.0,-0.8821871172949887,1.6201361606548002,0.3860191153775081
1.0,1.0,-0.8407287239705783,2.8431564860219365,0.10169516217207986
1.0,1.0,-0.15221384146192346,0.42102192267006777,-0.20967849096705993
1.0,1.0,-1.1463149596380058,0.712847266977914,0.5277055531793549
1.0,1.0,-0.5029643517039124,1.042225352276255,2.5663644905584793
1.0,0.0,-0.11982680683113786,1.7931772069469778,0.5000856387600399
1.0,0.0,-0.8863640285652907,2.661626133820125,0.13916967095761318
1.0,0.0,-0.5111944105634583,2.082739480799506,-0.4754019805368195
1.0,0.0,1.5057805376202498,1.6780397392327473,2.0720704090162645
1.0,0.0,0.5169819667636381,1.8743093748110433,1.9067289470590265
1.0,1.0,-1.5503301405633236,1.0172226967340607,-1.5940352886657525
1.0,0.0,-0.07854070088335102,1.302910734587793,-0.33426368149974595
1.0,0.0,-0.3443808806791775,2.740517243134625,0.49222537343968475
1.0,0.0,-0.06423943902629664,3.1626544210913172,0.8463684552873565
1.0,1.0,0.3371879543119383,2.259203028385814,-0.433594668884169
1.0,1.0,-0.07516457906899793,3.5916487244474165,1.8042792444645046
1.0,1.0,-0.5705096001295114,2.3277373870960933,-1.2448160450244186
1.0,1.0,-1.4293200421562247,1.6553495628042185,-1.3524882261814168
1.0,0.0,0.2960386125965358,1.8724258173930852,3.3632034764823278
1.0,0.0,0.33965470306983986,3.4803133703209905,0.14242943822298937
1.0,1.0,-0.1652005708725932,2.4754615608205173,1.9429004128774179
1.0,1.0,0.7078885793192666,3.4232945305984273,1.2395309068376026
1.0,1.0,0.5064596459267312,1.1159485905911586,3.727185914442065
1.0,0.0,0.9942692182119284,3.3321964398648145,3.378249143241436
1.0,1.0,0.5978912464008621,1.9645105673941845,2.1270027432689997
1.0,0.0,-0.7354723479885392,1.0609240073434272,1.3330598592938037
1.0,1.0,-0.43401444134471856,3.579753480801035,1.8245303652912659
1.0,0.0,-0.7600015035819259,1.5282933864683816,-0.0052034853813014426
1.0,0.0,-0.012920576254564843,1.8852945580504654,1.8194669408857325
1.0,0.0,-1.6175795398163983,1.6597474102733678,-1.2995271011627032
1.0,1.0,-0.8535748541208079,2.6797147577118032,0.3184203534591685
1.0,1.0,-0.8902635258019582,0.1796665284172727,0.5610629812106376
1.0,1.0,-0.5398343855002398,3.982867170905643,2.4092863755886516
1.0,0.0,-0.456944985656769,1.8482043544961002,0.12314521965873848
1.0,0.0,0.8716289170550569,2.546017202437759,-0.7607461459946219
1.0,0.0,-0.12090107268010458,2.7884532914623223,2.179352886680035
1.0,0.0,0.6320141773363855,0.520607231758637,2.5551637882774125
1.0,0.0,0.5897484810491446,1.3068164686621786,1.350723763333043
1.0,1.0,-1.3206136256582413,4.405812773444657,0.44142133973152564
1.0,1.0,1.477019632376201,3.6713342965800693,2.4966114286121606
1.0,1.0,-0.6645311477917182,2.7975093814699306,1.4824307924660651
1.0,1.0,1.2179696450229875,2.061522468322152,2.4723352867554276
1.0,1.0,-0.7080966064604823,2.641042005929833,2.513257925030566
1.0,0.0,1.2058102187896385,0.9133294191942711,1.1200438768518477
1.0,0.0,0.18095840504447042,0.46721486362915754,-1.3850453654838428
1.0,0.0,-0.8536246874723377,2.5698537729142537,1.9704771218950867
1.0,1.0,1.4023655532616743,3.879369614149986,2.349006088213035
1.0,1.0,-0.49928265018800577,2.568649430348035,1.2850216739576372
1.0,0.0,-0.08925585699976712,2.619069090830728,0.6834162666843022
1.0,1.0,1.9631689439736506,-0.10731735468949699,1.359518292780787
1.0,1.0,-0.2079126467070036,3.4852661357495003,0.28675397144884296
1.0,0.0,-0.37926621023977924,3.866746950840634,0.37307838938424676
1.0,0.0,-1.2541934920685693,3.896580443734658,2.2091868256345966
1.0,1.0,-0.228954941097922,2.062390981023818,0.05458084182745049
1.0,0.0,-0.5397929176326752,0.8934729259927661,-0.2806500520280903
1.0,1.0,0.3717597700410064,2.8031299758422312,4.253415191419631
1.0,1.0,-0.42723235228120754,2.471894090531263,2.351071215422839
1.0,0.0,0.3415087490922198,2.9623405304763324,1.9980310618511008
1.0,1.0,-0.9880271288962399,2.7332452812296406,0.02480097519294089
1.0,0.0,1.461647023756734,1.7971382453062374,1.2108267421159573
1.0,1.0,-0.5088527733174286,1.6395153300281509,0.10136691379568874
1.0,1.0,-0.657540627460987,0.49768955491174305,1.212698540956549
1.0,0.0,0.5618875392132666,-0.09425400057800859,1.156506825653663
1.0,1.0,-0.6462904198728151,1.5217796207013186,0.8079245701733506
1.0,1.0,-0.18696298257280616,1.8027815071245084,0.8547470884291706
1.0,0.0,-0.8991557321917644,0.4124717151797763,0.006614896840308665
1.0,1.0,-0.41778700973558136,-0.08005182003233391,0.980662415691731
1.0,0.0,-1.0618813447519313,0.05550019617956159,-0.15930640399608761
1.0,1.0,-0.37225028472499966,4.230078432560421,2.602289754815439
1.0,1.0,1.1740426384350262,1.6056829664347876,2.531391376668361
1.0,0.0,1.045495697438069,4.322151351528742,1.458044308901512
1.0,1.0,0.21596227123449613,3.3200679149762378,2.4348687875689086
1.0,0.0,-1.1166981713498583,0.22624711223789573,-1.3499999878172666
1.0,0.0,-0.3098529041557123,1.280650387170775,0.7685116661002561
1.0,1.0,1.5818444857649547,3.00484369594397,2.20158190953393
1.0,0.0,-0.5603764698506751,3.4428981893648745,1.2157134531914329
1.0,1.0,1.2309171335617264,1.7795271959139767,1.539355433257243
1.0,1.0,0.4991253459446408,4.587494708942368,2.5147122657734777
1.0,1.0,-0.430434729422546,1.2855037983521818,1.6037640799226398
1.0,0.0,-1.375309699655297,2.911349948913469,1.051720167514061
1.0,1.0,0.25210549293763074,0.0180041913981821,0.899801827482602
1.0,0.0,0.2178428442601609,-0.3947643417896387,2.4337800834477346
1.0,0.0,0.02656080112633752,1.6051955981096917,-0.20417028884057842
1.0,1.0,0.0176128607237393,3.781776194153678,2.42524937536331
1.0,1.0,0.3638095578677012,0.36448615928833883,0.44638080199297225
1.0,0.0,-0.9649281336820871,2.546891444970512,0.4039599076216518
1.0,1.0,-1.468887700713058,2.5783218914889736,-0.28911978476673383
1.0,1.0,-1.06309271497586,2.3107879805016154,-0.10022342844168441
1.0,1.0,1.8372393941002625,3.6058912570062667,2.809455204086487
1.0,0.0,-1.4367350221590354,1.183505345012426,0.2283361617101668
1.0,0.0,0.5600954373054315,1.7399969811828868,1.8077616099590472
1.0,1.0,0.9026540268953698,0.5755445896749913,2.7659549569249853
1.0,0.0,-0.540711651113081,3.744418281992509,2.30760032475623
1.0,0.0,-0.19865029213411298,1.5024916699325308,2.002940685957776
1.0,1.0,-0.09835381687650871,2.4015877274371626,0.9265836413675509
1.0,1.0,1.2723810720980784,1.4551262203474156,3.011300946711458
1.0,0.0,0.5611500600278551,0.9893376503974184,1.4779704283276052
1.0,0.0,-0.9520870230323077,0.21343409412264513,-0.28807700007001935
1.0,1.0,1.0061450432974166,1.2890719661967762,1.2795631329867416
1.0,0.0,-0.5726193345121531,1.8250824104869605,-0.6721144906999486
1.0,1.0,0.8463375775796906,1.9137246313515872,1.2656400559233612
1.0,0.0,-0.1636388640451556,1.030868523130892,-0.23706857696076322
1.0,0.0,0.6145545903813981,2.25933611940728,1.0802127669458395
1.0,0.0,-1.392560107938508,2.451515390067797,-1.4849849769085885
1.0,1.0,1.2911469781564109,3.8298188677905967,2.6352084079512155
1.0,1.0,0.09844354352687285,-0.2959273281864725,0.3662993942791012
1.0,0.0,0.631005958721868,3.2473682040020657,1.8442436678557739
1.0,1.0,-1.491592216535414,-0.1583375499767088,0.06567137904080042
1.0,0.0,0.7354400036252287,1.3655537198039396,2.62278251710781
1.0,1.0,-0.024792794645401545,1.5404040784122488,2.051842896374308
1.0,1.0,-0.5370644594964412,2.7831730398782253,1.4869295547208228
1.0,1.0,1.1647369148018976,2.1087368880622916,4.006597039227036
1.0,1.0,0.8188991590935808,2.265451367498887,3.179397019086513
1.0,1.0,-1.3680515345950177,0.9935267315927101,-0.09803802842813969
1.0,1.0,1.4107315773484173,1.8549932662238326,3.314970398930056
1.0,1.0,-1.0835152087816613,2.640123434304965,-0.9396218612903422
1.0,1.0,-0.0063976407020234355,3.333645732380188,1.977497268582044
1.0,0.0,1.0640139483190423,0.1796496822896403,2.373017867866487
1.0,0.0,-0.2272638756077809,3.9078315278535607,2.1951106793464588
1.0,0.0,-0.08625388961518032,2.645055529427192,2.4913601077726173
1.0,1.0,-1.1994913222030181,0.2873648109233986,-0.46766514992738073
1.0,1.0,-0.2307100996503683,0.08386994794313729,1.9575297397361355
1.0,1.0,-0.49580786623182477,0.7932797989510851,-0.8772724490400003
1.0,0.0,-0.3665516793557587,0.13445580943480917,-0.03996341372157225
1.0,0.0,-1.7349313218383464,-1.5789005474969642,-2.0106008247985576
1.0,0.0,0.015352299702093897,1.7052742842942974,-0.3307759442994247
1.0,1.0,1.0456156825039082,1.9718846915735229,1.9030987511365167
1.0,1.0,0.5873900548042069,2.534496024603632,2.317404519336237
1.0,1.0,0.39028077840484815,2.772981692006919,2.259574421953575
1.0,1.0,1.3275914019112225,2.54426149920616,2.9940321806187415
1.0,0.0,-0.09465748083830232,1.5607024466757056,1.4182649458670942
1.0,0.0,-0.3704171735295248,1.0292622483366953,0.11830739877615354
1.0,0.0,-0.8014947526573442,1.4531321395638863,-0.5337388976818102
1.0,1.0,0.5598100374286559,1.4228107629368651,1.9411600411345293
1.0,1.0,-0.5410870581705263,1.8414754194907905,1.5263111615562883
1.0,0.0,0.6205034844807239,2.045045164180001,1.6806804616745776
1.0,1.0,1.9883356605944142,-0.012946501706666558,1.6910743493883578
1.0,0.0,-2.517756883108073,1.0159889535688957,-1.6174813597706335
1.0,1.0,0.13074415624630611,2.7675086334784753,2.0643165106364476
1.0,0.0,-0.7181802934605683,1.573940983099249,-1.1274927391898575
1.0,1.0,0.7194023155608404,2.8777558947112376,1.684604550792199
1.0,0.0,0.7141115080263939,1.9630488446056895,0.6418556811131302
1.0,0.0,0.5775104464738918,1.1177335822002528,3.362083155301403
1.0,0.0,-0.08202003304586236,3.1657300494635834,0.9458472389671473
1.0,1.0,-0.35605292958132473,3.944713954828956,2.7616327717651488
1.0,1.0,0.08864782401088603,1.9417255704168113,1.720780522888121
1.0,0.0,-0.6219626655727767,2.1876387144521816,-2.022720616938411
1.0,1.0,0.06496932344756634,2.802063608590982,1.8250225912899594
1.0,1.0,0.48652693279428166,2.702521003931661,2.8427525946819614
1.0,0.0,1.2296294976287325,1.5954010172807342,2.4882622668545338
1.0,0.0,-0.08362341730205308,4.782559741769026,1.1895249211487315
1.0,0.0,-0.8516718861523855,-0.5691192669653522,-1.7053583354951294
1.0,0.0,0.5992981683447515,1.2294975955077234,2.9047414787450494
1.0,1.0,-0.40936754990184415,1.9362241489642942,1.623484590332293
1.0,1.0,0.09756634969684658,2.4638288120212954,1.2481539947075848
1.0,0.0,-0.5688466244597521,-0.21288016512014218,1.7456396970906378
1.0,0.0,1.0264187213482738,1.3148586415967312,1.5111763350429648
1.0,1.0,-0.3480962450404802,0.6976770666399359,0.8803706695895844
1.0,1.0,-0.3521562482692304,1.3431497943286113,-0.17079693193821854
1.0,0.0,-0.4894511691211699,1.0648359323320826,0.9935379866444153
1.0,0.0,0.275139699248875,2.2994326616367147,-0.10544071073771377
1.0,0.0,0.24307638656240865,1.278556964084049,-0.5722663931663865
1.0,0.0,-0.1501188535421704,0.1367092670132748,-0.6323495452687939
1.0,1.0,1.760486805763791,1.0695603110310499,4.4611253574426595
1.0,0.0,-0.4575319014965329,1.3300264887755788,0.05090680019561761
1.0,0.0,-0.2852581323643601,1.2719290039828293,-0.3924831920781702
1.0,1.0,1.1473125737857157,2.4274208310868426,2.902614369571507
1.0,0.0,0.18839498160594637,2.144835558915056,0.1248603956278751
1.0,1.0,-0.29919457931068366,0.10918276853403386,1.5174038326134984
1.0,0.0,-1.3093049954311562,0.48083447119730316,0.25111595271553455
1.0,0.0,-0.034529178867155924,1.3688245876882734,0.19613672596713339
1.0,0.0,0.05412990295124581,0.7664678528261305,0.790075659084162
1.0,1.0,0.5304185806602348,5.269203104210797,2.2755041015346253
1.0,0.0,-0.961266747055928,0.4963376515505997,0.38422635102269453
1.0,0.0,-0.13643123481259115,2.3087619873476473,0.36681254705878785
1.0,1.0,0.37910663134592026,3.074009912931855,3.6696911355882413
1.0,0.0,0.769262570700506,4.072404226230548,0.7041780610607302
1.0,0.0,1.4054304799276707,3.55065863840077,2.2672496953776804
1.0,0.0,0.2742443055506911,3.4149477421580885,-0.16472383179367212
1.0,0.0,0.8732286099398774,2.0364964921837942,1.1905101463538106
1.0,0.0,-0.2623150717757563,2.6029713804756573,2.289610827482965
1.0,1.0,1.2934117070273574,2.104794418649398,4.173078952449005
1.0,1.0,0.6172931125176273,2.780872886867711,1.5966785813766626
1.0,0.0,-0.8949837453421043,2.2501181667840084,0.7774803060655273
1.0,1.0,1.042965142591112,1.3558276345300535,1.8255406993078631
1.0,0.0,1.435450634170651,0.3837360163356953,1.1097224192532789
1.0,0.0,-0.054130227161894084,0.7625166517669941,0.347826457215076
1.0,1.0,-0.0495656593706704,2.6603047115650122,2.375912676302371
1.0,1.0,-0.041655087795612,1.3276130257367558,1.577968050173842
1.0,1.0,0.42907308965368424,0.7988444491392603,-0.23471041381248625
1.0,0.0,-1.0391769196425584,4.8262158469189425,0.1589244096586031
1.0,1.0,-0.23352132412732735,4.947117249726858,2.2463850121289424
1.0,1.0,0.9216844335854315,1.5110151230719633,1.6930392510150984
1.0,0.0,-1.2251816918647462,0.3088569074666685,-0.2804160513109558
1.0,1.0,1.3427195169162776,1.3251031240637585,2.4224274221163937
1.0,0.0,1.2792235635243256,2.5438754115181488,3.489265837662219
1.0,1.0,0.248781249170853,1.5967371630885516,-1.465664304617637
1.0,0.0,0.643464063129623,-0.4274242995238724,1.055135007119896
1.0,1.0,0.15189043523512624,1.2386655150882935,2.9832582607017595
1.0,1.0,-0.6309273221495444,1.4982512474096379,1.7884185209970718
1.0,1.0,-0.8731187163366818,4.0822003299885266,-0.37480835868705875
1.0,1.0,0.8676448982377324,3.4849032941756137,2.664351995550435
1.0,0.0,-0.0105033397856103,2.1084395654074974,-0.44095499932916815
1.0,1.0,-0.2783740546260043,3.9426237402711246,0.16230200998343092
1.0,1.0,-0.19866353608171833,3.8152516705834967,2.066691657854951
1.0,1.0,-0.3535136427296257,2.0053072722685332,0.7928179130528827
1.0,1.0,-0.39978421723133206,1.6425023650250945,2.4683375915695707
1.0,1.0,0.1562130469039422,2.9018114345293506,3.1766925402335113
1.0,1.0,-0.4164536175938693,2.7241719604603754,1.5824375240064024
1.0,0.0,-1.022861387015565,-1.7050951141675275,-1.4686396797711108
1.0,1.0,0.7478367086297159,2.7980911906688632,2.6048957127566177
1.0,1.0,0.014924658638857148,2.1860249883175262,1.7719743660540368
1.0,1.0,0.08377011649511856,0.35058920538472593,0.9364335553423376
1.0,1.0,0.33631618460824647,2.313871281080939,3.004200691774445
1.0,1.0,0.46469022791250914,1.1460035487157796,2.3158540719480234
1.0,0.0,-1.1976159948525684,2.46437343233956,0.2632120722182609
1.0,1.0,0.08890157133257144,-1.2706238001266068,1.6091684477050192
1.0,1.0,-1.656099339805289,1.9017645781807504,3.3211867208681634
1.0,0.0,0.848572582710973,5.256050889078047,2.0811759559699814
1.0,1.0,-0.5987069273087141,2.1836724968164165,1.6535035602669614
1.0,0.0,0.2584105186379366,1.6846334075314977,0.8247418654183003
1.0,1.0,0.15407144255327898,2.1780551946494717,1.0917044637288003
1.0,1.0,0.031118954354313187,3.3851003163034856,3.916733132778697
1.0,0.0,0.06961942124900608,3.5123897647720477,3.0478353805887286
1.0,0.0,0.08913860408681062,4.719692676976464,1.8262079426249147
1.0,1.0,0.439858325848425,1.5340686031042052,2.3027992879539365
1.0,0.0,-1.1640443396177114,1.3348432225305096,1.223739557746503
1.0,1.0,-1.416851281398006,-0.2451707185062597,0.7303280784602093
1.0,1.0,-0.2315161581618581,0.5847676363673717,1.3162030711302781
1.0,1.0,-0.013887744597442298,-0.5182999337788505,1.6155254365580878
1.0,0.0,-0.8348275061022276,-0.37632002797612074,-0.23378994409423642
1.0,1.0,0.491926785032342,2.9329168766728158,0.049325752706065096
1.0,0.0,-0.7886370766200543,2.392264314310144,0.8369251362210206
1.0,1.0,0.5857078500306955,2.934364616948989,2.452786438373522
1.0,1.0,-0.6887883529521659,0.46458373066402947,0.5757968020676937
1.0,0.0,0.3678849653783949,2.7181389624930996,0.3987591925255538
1.0,0.0,-1.3055792457595552,-0.29053895365904325,-0.2882577536567326
1.0,0.0,-0.20058230637770463,3.480300283086959,0.6819638107964611
1.0,1.0,1.6097731289031318,1.905193971346497,3.195883164804574
1.0,1.0,0.23354985776559312,3.887176251169361,3.0660113717116046
1.0,1.0,0.23776264370959727,2.3879939585634578,1.6276681851024115
1.0,0.0,-0.05028218637868543,1.2478358219196406,1.6249775642971263
1.0,0.0,0.07101782482501234,-0.5438884537057875,1.4947348433484793
1.0,1.0,0.17698896713604997,2.2894475228441604,1.4952276226253896
1.0,0.0,0.7450492725283189,1.9950726498092168,0.8648599002724106
1.0,1.0,-1.290129612909825,2.8764662393242837,-0.48786347935106267
1.0,0.0,-1.2162315730314424,1.4663821706945863,-1.1294826700981506
1.0,1.0,-0.1076176515068265,1.7504668298582187,1.0269880702285448
1.0,0.0,0.10486925778217494,0.40838251309408435,0.2542151527269526
1.0,1.0,0.23505563611176616,1.9184618349071083,2.6040488300960125
1.0,1.0,-0.10567699137821474,1.5850849738387036,-0.38978213782850224
1.0,0.0,-1.0784789078019863,1.8613552454306017,-1.534181112832382
1.0,1.0,-0.30418996319582425,3.8551419066985275,1.2990863675669688
1.0,0.0,1.0393100255092131,2.8278423706631597,2.2745584588024936
1.0,1.0,1.042615481448194,3.733476695740966,1.6610939087522365
1.0,0.0,-0.6736868379717444,0.30232305971556594,-0.5201871395646069
1.0,0.0,-1.0373293784683484,2.442792985512785,0.4067838893681961
1.0,0.0,-0.07139340510802922,2.500922962459919,0.5757203364751187
1.0,0.0,-0.6655969234781719,2.7337802429596048,0.45490344226700435
1.0,0.0,-1.571080797603829,0.7124106991904551,1.2372375856679667
1.0,0.0,0.11611912317448322,0.9543990331089959,1.2098527451392214
1.0,0.0,0.6139067034156319,2.556393889326319,-0.010940207254277245
1.0,1.0,-1.3013307318638374,0.27821377653292223,-0.024189508311553462
1.0,1.0,-1.9276611005965847,0.8846192346713267,-0.5162159964062656
1.0,1.0,-0.8442756267821411,2.650545709269985,0.5346495503862903
1.0,0.0,0.24846767371521278,2.6753738599564216,3.0031389255995284
1.0,0.0,-0.21328283625340902,1.2639720120849578,2.3853410116415965
1.0,1.0,-0.05118120914530718,1.6284885458202478,2.6204084158311143
1.0,0.0,1.5819581053700942,0.9139519456990617,0.983531956742848
1.0,1.0,0.3503728663456331,2.7111787444850823,4.33604456978969
1.0,1.0,0.12431526132861659,1.6843539457270684,1.7211776510469423
1.0,1.0,-0.8631055461444593,1.5477294728762234,-0.3252460320155772
1.0,1.0,0.7499987222910396,0.9853165738995351,3.389943199767362
1.0,0.0,0.26445752773034037,1.8847910023290333,0.4135304538036956
1.0,0.0,-0.5861394048977335,2.58409062244477,0.26363589353618533
1.0,0.0,0.8549452849957446,0.6757901468897332,1.6903567384131275
1.0,0.0,-0.11656540930085674,2.565149839361209,2.7392866768091517
1.0,1.0,0.27448160688773937,3.3735078269563354,4.807260361549744
1.0,0.0,-0.9289056851882228,5.13155311102451,1.2217032432454116
1.0,1.0,0.5661071188253524,0.8628430986637463,2.2895938310902513
1.0,1.0,0.2845447252721377,1.5415099163836794,1.2570663419503167
1.0,0.0,0.5980147663314116,1.7176930013508254,2.490058145416989
1.0,0.0,-0.07674255694819067,1.0425969172905456,1.6444534884955928
1.0,0.0,-0.12516277444882326,2.4093980801203596,0.23961864265560207
1.0,1.0,0.5549277884030356,2.6007409348725505,0.5624069203624484
1.0,0.0,-0.17637941878544575,-0.36854472151751905,1.0291703948004143
1.0,1.0,-1.4516726378270464,0.30826548410287646,-0.15626834942473886
1.0,0.0,-1.4404328903259669,5.234233041895784,-0.13415811000824907
1.0,0.0,-0.21960168626495497,0.4065958119412769,0.7705689785190497
1.0,0.0,-0.45811206590324405,2.1590016763450732,1.8380139076852462
1.0,1.0,0.7721477222337153,2.0416002176773986,2.0891065827402255
1.0,1.0,0.6042890058070527,3.7281888619876136,2.1428887597763944
1.0,0.0,-0.4651281148619042,2.608171959737152,0.5360390125445246
1.0,1.0,0.32686286801165676,3.4367672204913267,2.886312808580229
1.0,1.0,1.2834482195831272,2.2811523428592007,1.2219814592379565
1.0,0.0,0.4494390484365614,0.10720015684987261,0.5913455746258569
1.0,0.0,0.34630838552467424,1.155266566311092,2.768257782293745
1.0,1.0,0.2614475799321659,1.6587881625836767,1.9904674361205665
1.0,1.0,0.7615873536347393,1.5464865978965168,3.6821940271389604
1.0,0.0,0.27212850707755143,1.652170927285573,2.726127327623476
1.0,1.0,-0.5227917321880069,2.637744671357516,1.9689264660392056
1.0,1.0,0.36790229643871186,1.165686989037898,1.8106834549493975
1.0,0.0,0.0003056958144736499,1.42307443236452,-0.5269983641117775
1.0,1.0,-0.7516097508410864,3.6377762776527174,3.427493714656028
1.0,0.0,-0.17672371620307784,2.8502741911234555,1.182657116248085
1.0,0.0,-0.7247285297649243,0.7861154096078893,1.4244911363595125
1.0,1.0,-0.2893367439065773,1.313029006179319,-0.5181888390215952
1.0,1.0,0.08738059587333805,1.3217939328587245,-1.0955417748367493
1.0,1.0,-0.8654132576217985,1.5489950151119778,-1.8416624619643962
1.0,0.0,0.2767444152649865,2.5105248686133583,1.5552065601670257
1.0,0.0,-0.10570193293036195,2.2121128962999705,0.919965897071195
1.0,0.0,-0.09615156304600289,1.955905097593462,1.0543251812506234
1.0,1.0,0.220415931306579,1.1299851348706094,1.3365421322898836
1.0,0.0,-0.39139756102030426,2.018026726058975,1.747988084565796
1.0,0.0,-0.11960789353994719,0.6619120098130513,1.9742241930543902
1.0,1.0,1.0461241100270702,1.0565684028007067,1.036458348804182
1.0,0.0,-0.5563999899091815,1.9852589131291087,-0.48240062585315624
1.0,1.0,0.8933904002276063,1.4842174473131495,3.1549234748673167
1.0,0.0,-0.4544866554224264,0.21562226943899532,0.577619874059582
1.0,0.0,1.929024533568447,4.151334011678609,1.6602080867176106
1.0,0.0,-0.28048220790087564,1.0883476837102193,0.20426762833122863
1.0,1.0,1.2235750702474846,1.0281662993909053,2.4776159330476855
1.0,1.0,-1.400020207754545,0.021572209135154674,0.013346166410655107
1.0,0.0,0.6081207298790442,0.8913618716074418,-0.29229651859709116
1.0,0.0,-1.2690359792098387,1.2442242535167303,-0.08480802351963482
1.0,1.0,0.7932903005428017,1.3474400063106402,1.9636224602189898
1.0,1.0,0.48083925010088113,1.2793768268136445,2.4180479723948847
1.0,0.0,-0.23291900186503509,-0.21015407120628105,-0.718228010079639
1.0,1.0,0.4860139908660882,2.6732708033398085,1.2315463305390424
1.0,0.0,-0.6525893919266151,1.5744100968944972,-1.4717980433274416
1.0,1.0,1.084239275713436,2.1650368856479596,1.1249294791097608
1.0,0.0,0.30677099475467373,1.41173363088345,0.9645737338044723
1.0,0.0,-1.3692648866641153,1.1732776380489693,-1.024406632041909
1.0,1.0,0.8505062539784767,1.643798664979088,3.3329588847868843
1.0,1.0,0.8225013996588106,1.4426703156291916,1.0959177791310888
1.0,0.0,0.17588440960995327,1.2669799953115102,0.8261940686079831
1.0,1.0,-0.5322532152086621,2.0670875049380903,1.3269133392645285
1.0,0.0,0.1350930184537048,3.311622559761996,0.9914878887208021
1.0,1.0,2.5236643441593474,3.695495260828431,3.390457451612258
1.0,1.0,-0.739274442889621,1.290594005010264,1.954173597068827
1.0,1.0,0.07815364178518065,2.5189329618791287,2.4995323720319225
1.0,1.0,0.06405838470195552,0.7301948829069187,1.225600551810979
1.0,0.0,-1.0425680824979355,1.5407111777209292,1.2367523455666107
1.0,0.0,-1.243409635604429,0.476481952320714,-1.7202940573528904
1.0,0.0,0.7140674156271924,1.5932375225246933,1.0479366515595963
1.0,1.0,1.0353422534958818,3.2857011096023747,3.292097028540925
1.0,1.0,-0.5681578070104123,5.025098900700547,0.9690166768686248
1.0,0.0,0.765549292213747,2.5582768419434103,2.6487540625324497
1.0,1.0,0.21665020624959064,4.14206168527015,2.9651543834466825
1.0,0.0,0.0493949289263311,0.7876218002993411,2.0372819993156455
1.0,1.0,-0.37071534004170936,1.2628498979126777,-0.43520402076259
1.0,1.0,0.37756268070696725,0.8244487854692091,1.8588663013309508
1.0,0.0,-0.8060546320794599,2.646638046228537,2.174821931540744
1.0,0.0,-1.0499685324965082,1.6012257526420686,-0.23883685205728306
1.0,1.0,-1.2366717879049276,2.629199523959015,0.6125948670420278
1.0,0.0,-0.6827015131928512,1.7411236623882052,1.7709914341664166
1.0,0.0,-1.5333575597333553,1.5196757241789403,1.3770661620366311
1.0,0.0,-0.3592261342306929,2.600297401473055,-1.1024733465523497
1.0,1.0,0.6398047656752776,1.8716309947527332,4.018270326366074
1.0,0.0,-0.4497091932217941,0.9846970387215481,0.26869631272145356
1.0,0.0,-0.3859085554542251,3.6780073478829007,1.5330296612946843
1.0,0.0,-0.13246789727565322,2.5063737890292814,0.9521488661717585
1.0,1.0,-0.5378323620656282,0.4041452035598512,-0.5167333729432197
1.0,0.0,1.3525355350563628,2.31059917806733,3.6347334579603556
1.0,0.0,0.04965048349756318,2.7749372750701164,0.19784307979730054
1.0,1.0,-0.3869272640449526,1.2211922325054014,2.3074164520952776
1.0,0.0,-0.1937246714837711,3.4092071162431776,1.6024497117357357
1.0,0.0,-0.3218076015645109,2.6584080396876675,1.3074295663111333
1.0,1.0,0.9946982099874349,1.3738966676239213,1.9557828532977568
1.0,1.0,-0.35977116844661733,0.8957752428245398,0.5273454987408279
1.0,1.0,0.40671954115523407,1.5655764192146537,2.443087004182723
1.0,1.0,-0.9392662768723841,1.2828551923533644,-1.033452808909986
1.0,0.0,-0.13595246958277535,0.28050093716821856,1.48693010771226
1.0,0.0,-1.0698458978362972,0.3858800873804964,0.990056274323837
1.0,0.0,-1.0913614327057242,0.6203901380908174,-2.6078482948921877
1.0,1.0,-0.8027168365902413,1.505075643534595,0.8898387902776457
1.0,0.0,0.24614332669560007,2.031190726336024,1.5416068710801698
1.0,0.0,-1.1530576026841117,1.7398829475358661,-0.5645673342045334
1.0,0.0,0.1425304740017232,2.3081004161555785,1.5847964220240076
1.0,1.0,0.4254896796603665,2.3427714442603933,1.065202639922754
1.0,0.0,-1.4723451746718381,1.0552503557211632,-0.5024168663705841
1.0,1.0,-0.3376747356713124,-1.0060090515102411,1.5814563797718695
1.0,0.0,0.6096099671111319,1.669262471164642,0.6544762085800677
1.0,1.0,-0.29687845914141653,1.5210006300524141,0.7854276263923464
1.0,1.0,-0.5246868004668249,0.31924612803452024,2.9365936379422495
1.0,0.0,0.14781072887826546,1.3375540436613618,0.3304422841750665
1.0,1.0,0.7957881304482723,3.2495880887391175,1.6090181243472095
1.0,1.0,0.831417868601741,1.0731022831441765,2.22074134311972
1.0,1.0,0.3491434740253407,2.973807638630467,1.820649796103428
1.0,1.0,0.5289434534312359,1.3524223578384422,0.6291607860458568
1.0,1.0,-0.00415025256481889,0.5876589598254889,1.8238705562496595
1.0,1.0,-0.6483996648579272,-0.011949380655560837,0.6328018961765357
1.0,0.0,0.589911098419575,2.4564502429210755,2.17808047823745
1.0,0.0,-0.787648929098252,2.0257297220371298,0.0020570741138527526
1.0,1.0,-0.5893509760101941,1.111391087171184,0.2527933928146414
1.0,0.0,1.6382603867997223,3.024672402063745,1.2304249471218074
1.0,1.0,0.7332422635152727,0.3322602509890329,3.348589691383573
1.0,0.0,1.9075550830626333,1.4115823426337897,2.869377208992513
1.0,1.0,-0.9715968763245311,5.36065304597599,1.171393280171157
1.0,0.0,-1.1710019527771858,0.8571241678046222,0.576665066682182
1.0,0.0,-0.06734952022038039,1.7262406819322718,1.0652548227371883
1.0,1.0,-0.5367260325346924,4.6413029282291856,0.9958166959118779
1.0,0.0,0.6154695206480837,3.913307301983602,1.1693608264349757
1.0,1.0,1.5592527591141052,4.407819408488851,2.7969499593737392
1.0,0.0,-0.5321634371943249,2.4005696010204662,0.09939727948020793
1.0,1.0,0.12129999546990283,5.228159458910935,4.774834504766378
1.0,0.0,-0.2408855130541067,-0.420924232915423,-0.6107720624435217
1.0,1.0,2.3041089186265666,2.978171849559483,2.533523430669783
1.0,1.0,1.1229025447447207,3.2304057654085008,1.4105369981028035
1.0,0.0,-1.0525247263273743,1.3505465487431505,-0.16063855847488978
1.0,1.0,0.661488409396617,3.5022156304345238,4.21892812820809
1.0,0.0,0.592225959538658,2.603715776511863,2.510765562640797
1.0,1.0,0.42061192953944104,2.47944088413068,1.9327331833264356
1.0,0.0,1.013109705777633,2.1052929248023533,1.0008455534958562
1.0,0.0,0.6656284749407633,-1.3033740492649946,-0.640353220033574
1.0,1.0,1.2131478485467868,0.6338217127523342,1.3726920686586772
1.0,1.0,0.9172847887031264,3.7571470401566454,2.7982415415405955
1.0,1.0,-0.20912565936722577,3.0518920016029742,3.075094934700843
1.0,1.0,-0.9167753982966639,2.703811881919836,2.1076268044225124
1.0,1.0,-0.379682310703925,3.148746694071135,1.4609643357765851
1.0,0.0,-0.6425900713375293,3.3937469616241165,-0.8490177862294062
1.0,0.0,0.6847399235109746,3.524565876514098,1.5517219394504436
1.0,1.0,0.8072888048820129,2.187945794940926,2.1804191413605754
1.0,0.0,0.6578941148882265,3.4479433919659583,3.9426678973607507
1.0,0.0,-0.6692997216115595,1.607594797380201,-0.00219172620598046
1.0,1.0,-0.7411491458546564,3.320149010097042,0.7104003014497572
1.0,1.0,-1.176454867745608,2.7293202208560388,-0.027369613999069564
1.0,1.0,1.5168973646805382,1.71006206005853,1.4038489748311762
1.0,0.0,-1.0092960833487286,3.806949983375943,1.7980169536396968
1.0,0.0,-0.28426069901698814,1.4834318294774538,1.1027446620298313
1.0,1.0,0.2817540085913617,2.6451452721747613,3.02716894913502
1.0,0.0,-0.665563046080866,2.198668279812847,0.587910318578727
1.0,0.0,0.5107055450337141,1.1204242189273772,3.1400498110555106
1.0,0.0,1.0330612448753695,2.410831944889411,3.46118620905414
1.0,0.0,-1.9024551559180418,-0.07939935769269013,-1.362995717904701
1.0,0.0,-1.559832911166036,3.0464770460473938,1.0968874831984283
1.0,1.0,-0.3799235229306129,0.5175620914828956,-0.04677475423448341
1.0,1.0,0.8334751206395917,0.5996781023262685,3.058099399931571
1.0,0.0,-0.13872092316298243,0.9638733387826943,0.0038868262540964205
1.0,1.0,-0.352547099711669,1.6617249383797748,0.114375357069052
1.0,1.0,1.611386455110714,3.584944013421312,2.8915087086045297
1.0,1.0,0.7710513019030927,0.9787765062804592,1.5177639310629005
1.0,1.0,-0.15349536237620037,1.403641853701145,0.08169906442304908
1.0,1.0,1.2053471208953406,1.5155838878430576,3.909902678807226
1.0,0.0,-0.5096607941858657,2.8622997026089845,-1.0506613991196543
1.0,0.0,0.21737947422523984,2.41328536836264,2.2600060040204903
1.0,0.0,0.16359759754210906,2.7066235926957254,0.13775959029401408
1.0,1.0,-0.31950910188790277,3.6450315485643108,1.0707061141752323
1.0,1.0,0.6181014515501588,1.9082684635501717,2.9870552224661306
1.0,1.0,0.060824563214621694,3.2124380518394804,1.9543728115554373
1.0,1.0,-0.31620926195713833,2.2660820361251246,1.2744865397538587
1.0,1.0,-1.0530102569120707,1.9322937110711744,2.4275469770474825
1.0,0.0,1.03384750393122,1.1476785805036718,1.2317756148335464
1.0,0.0,-0.7573252183796542,1.8164025534595756,0.3908032569601981
1.0,1.0,0.4758858547604641,3.8580448530069584,2.3057830175264122
1.0,0.0,-0.5915441224537867,0.7007338494287025,-0.940826306959071
1.0,1.0,-0.02581018328986588,1.911565001103456,0.5864040857415546
1.0,1.0,-0.7910798166267281,1.7923333916008097,2.88188704123892
1.0,0.0,-0.008494804576196308,0.7817101355371294,0.28947319136860944
1.0,0.0,-1.1237777235613808,0.015126730670541377,-0.7921880044709513
1.0,0.0,-0.8721910452466787,2.3827709934098165,0.11474343538401138
1.0,1.0,0.6908416251051952,1.2432577244713139,0.8068071625342976
1.0,1.0,-0.8123689016009341,3.313438571701132,2.5202276891397286
1.0,1.0,0.13291937925032077,1.6446448421467506,2.1641466841934234
1.0,1.0,0.8170678135105602,1.374515921641783,1.380756896520592
1.0,0.0,0.2588018969153844,1.4602540345539783,0.9108444020688802
1.0,1.0,0.2403117443512346,1.620226290556408,1.2394573689439345
1.0,1.0,1.0161730009295953,1.7160879923684749,1.9977077798825096
1.0,1.0,0.24958062321087032,1.2028366644106616,2.1850842755426125
1.0,1.0,0.32918385618019574,2.7757463860105145,0.24734910627417483
1.0,0.0,-0.3852854942051322,2.9164131327807086,0.962419923011235
1.0,1.0,1.0216167749228426,1.0356718390198725,1.9685122463183775
1.0,0.0,0.6721177428478429,3.631889286711138,2.186681939257995
1.0,0.0,0.18072349839647628,4.978890361505776,1.7665273461236717
1.0,1.0,0.08921653509036999,3.192236679357895,1.3802431104933643
1.0,0.0,0.6539828919045632,2.9185581676822236,0.6635215004784896
1.0,0.0,1.2705222405766443,2.1361123816621737,1.7616220216866434
1.0,1.0,0.4088953003562484,1.994497003576648,2.852386812307288
1.0,1.0,0.7120841691278265,3.9098063353680264,2.858705718739592
1.0,1.0,-0.4929285414263768,-0.9119773022124145,0.06478535360886523
1.0,0.0,0.5873271374099093,0.16754335588454827,0.6298483610238838
1.0,1.0,1.0577873400843831,2.407113199384299,2.6248607465071667
1.0,0.0,0.25820042643261376,1.5768734021514041,1.1535705901424127
1.0,1.0,0.14025328951831612,-1.012120449913035,-0.33436084394073085
1.0,1.0,0.0313518830001379,1.9949834532401338,2.739830901142148
1.0,0.0,0.2599761587477328,2.0132712909511707,0.48936923855598946
1.0,1.0,0.14488162295645254,-0.04073118796526165,0.09523600713888491
1.0,1.0,-0.01917231843809329,1.4932932331333686,1.8501803336428466
1.0,0.0,0.17958159666705192,3.6163495356079993,0.3084337723803321
1.0,0.0,1.330755571895926,3.8154535327534838,2.4049354640027865
1.0,1.0,0.09337281805402886,4.092199687849705,1.2856646608888398
1.0,0.0,-0.8906734439762882,0.10528527209566341,0.21645117528824565
1.0,1.0,0.49597854311363176,2.1777941290890586,3.6888802724303913
1.0,1.0,-0.3327269635694044,0.9882445323335878,0.8157478816449484
1.0,0.0,-1.3802311976961241,0.911820595060381,0.4989470200043925
1.0,1.0,0.5947782979467815,1.15398082372803,0.44187168680270683
1.0,0.0,-0.06110792765615136,1.3725866929714778,1.4449410522324264
1.0,1.0,0.7223893398180629,3.3077447771928172,2.865615623368229
1.0,1.0,0.1985394290580771,3.43489693474353,1.8174197306519027
1.0,0.0,0.7561815289294493,0.9291356551546648,0.38943697916298603
1.0,0.0,-0.43989584650413005,2.187140664941867,1.9770283385934124
1.0,1.0,-0.009475619119029943,3.4539024100075144,2.6952131156359243
1.0,1.0,-0.3754071797346098,4.044969098568519,0.7644893512405073
1.0,1.0,-0.15700795561614977,2.258686790896389,1.2613834316155832
1.0,0.0,-0.7747242516546551,3.362710106644342,-0.4386540637137408
1.0,0.0,-1.146514566198365,2.371544159768235,1.4316883063324775
1.0,0.0,-0.161120735694044,3.0976427396661506,2.0623520422109882
1.0,1.0,-0.8897635131045376,0.8490524879861088,0.995353974666818
1.0,1.0,-0.12873021302572482,2.4621558763811904,4.3318328833975945
1.0,0.0,-0.03182021485793085,1.5213135433916873,0.07103122670849937
1.0,1.0,-0.23486119338241093,1.6844489204275344,1.3083992328075418
1.0,0.0,-0.4621334291963982,1.658745777934658,0.24933848993229019
1.0,0.0,0.9368945207023351,0.9242573147446633,0.6843270890195359
1.0,1.0,1.1252337917014645,1.5187618653216557,0.2580905230813113
1.0,0.0,-0.9448047342374128,1.3483216010648456,-1.6068587231993954
1.0,0.0,0.9523250903475747,2.7389050346252284,2.2046221867731908
1.0,1.0,-1.615284529220039,4.03169755597896,0.800432581529406
1.0,1.0,-0.23237818877948158,0.4714014717843362,2.2274216650003678
1.0,1.0,0.004030823525217768,2.6060442435029714,1.7756115308034646
1.0,1.0,-0.6891496090050707,0.715546484280984,0.47268955143421176
1.0,0.0,-0.48323805447771156,2.3163888121056524,2.080763535386841
1.0,1.0,-0.3231285592698022,4.616631330061714,3.057582637768573
1.0,0.0,0.7266998124812428,3.0860307130879683,3.279558336242788
1.0,0.0,-0.47236285872319894,0.06927881024946636,0.3721909800444358
1.0,1.0,0.037532160395655656,1.8653749472990762,0.7918130709949001
1.0,1.0,-0.10585707053039362,2.7733747807583446,1.6482500726969698
1.0,0.0,-0.18991693580083593,2.7975953170331005,2.382220772578782
1.0,1.0,0.659476741934454,3.846379641488548,2.9131760215892157
1.0,1.0,-0.6124476653718943,1.852742042050164,0.5511724139817621
1.0,0.0,-0.070893739191512,3.2652035229740424,1.8457383529334503
1.0,1.0,0.16700561617400156,1.8952947167881495,0.8445424772132499
1.0,1.0,0.10497659105645923,1.354731686977364,0.8847346116400691
1.0,0.0,0.7251074468371264,0.8744833076759018,-0.6083589657372765
1.0,0.0,0.3110027650955727,0.7057752459397721,-2.407565099345731
1.0,1.0,-0.3095440338842088,3.306554555218643,1.9571137624040151
1.0,1.0,0.6739047420210487,2.3987492911734876,1.9703115089916334
1.0,0.0,-0.8318537063087159,2.160631943135698,1.3982131925774275
1.0,1.0,0.0831731966650302,2.9829023498917575,1.3161128090702776
1.0,1.0,-0.09089105821447097,1.4623755343365161,2.8005375356634303
1.0,1.0,-0.3561388945462139,-0.1949499176632119,2.2504345816575446
1.0,0.0,-0.860735389065235,-0.6244092081469927,-1.0722681416277822
1.0,1.0,-0.5128228146926368,3.1092104863144794,1.1450703276612462
1.0,1.0,-0.5127481716836826,3.173590619902337,0.9149569433118925
1.0,0.0,-0.12563518328532708,1.1345100681487388,0.9145905344954699
1.0,0.0,-0.22051021858477407,0.2799177942735398,0.21353629971639643
1.0,1.0,0.5548858625044768,1.0679545363303824,2.62598759539193
1.0,0.0,0.550536333969671,0.21125457970264727,1.3380975428518687
1.0,1.0,0.19273825742605102,4.299981086420372,1.4455849081119156
1.0,0.0,-0.3643325732909881,4.246774848702654,1.4679497209261485
1.0,1.0,-0.49703011853778106,3.2002927652116337,3.8667948953947726
1.0,0.0,1.0767421974727385,0.5084954968341087,1.1410894805323415
1.0,0.0,-1.0145469810380243,3.1214557941713177,-0.22801933809705288
1.0,1.0,-0.814298718771961,1.930632942360039,0.34486286639018393
1.0,1.0,1.1753488073989762,0.7292123674480202,0.746713490580301
1.0,0.0,0.23063833857110128,2.652253260418978,2.323279667711433
1.0,0.0,-0.628838510099458,1.7998953045049269,0.4649446212621235
1.0,1.0,-0.8983387542954363,1.111097174499415,2.488331910994062
1.0,1.0,0.3398210789534007,3.086201071671684,-0.26557029904501395
1.0,0.0,-0.6984829260963265,2.467987325373762,0.3573724820785551
1.0,1.0,0.12358720428240252,-0.3848786358518792,2.0633247051030366
1.0,1.0,0.3508127027848474,0.9013302054989047,0.9370606543823318
1.0,0.0,-0.5531015653343146,3.177019707116823,0.5081080848450208
1.0,1.0,-0.020861638219779127,2.5025130804638613,2.471282349824865
1.0,1.0,-0.08114612545278926,0.5880908773304325,1.0648127149288984
1.0,0.0,0.5568202883319296,1.2304362871204875,1.2470252058360376
1.0,0.0,-1.4497094246591484,3.1936736094941978,1.0577321521085905
1.0,0.0,0.303133115134661,2.2163734077098636,3.410238375965917
1.0,1.0,0.6023617089423187,4.438363604262732,1.4512602924080769
1.0,0.0,-0.2103182042017142,0.48217053903761276,1.5448941896637975
1.0,1.0,-0.995542837338446,4.580479662478254,-0.1389511259325662
1.0,1.0,1.4358973579048262,2.1935890444910755,3.1335652548878885
1.0,0.0,2.4917947400823013,-0.41208125132428775,1.6659685323608253
1.0,1.0,-1.0793505175327698,0.5855729778516476,1.370613516517912
1.0,1.0,-0.875672000162291,2.0596474860051304,3.1167625317982455
1.0,0.0,1.2426873377152037,0.3323685121750406,1.4671821311763222
1.0,1.0,-0.3885961035248706,1.9588026920382615,0.5353353589773027
1.0,0.0,-0.0022494656947000397,3.409848509615645,-0.07321294548122248
1.0,1.0,-1.0103916650057774,1.9384488432816296,0.5350304504177046
1.0,1.0,-1.5974660688536446,2.388573722637001,0.26691171249878415
1.0,1.0,1.1299665276951036,0.638664738415498,4.080038397353272
1.0,1.0,0.601379330966103,2.45673958400951,2.4702021297490924
1.0,1.0,-0.323406595325219,2.866915792126067,-0.007859998373205057
1.0,0.0,0.9647961747704297,2.630042684838261,2.649575008500652
1.0,0.0,1.2935739158499717,0.9861959425574676,2.4808739459438387
1.0,0.0,1.0833694561676561,-1.6575415195332455,0.5832760441433679
1.0,1.0,0.36731496108306316,3.1676897189709927,2.4774178481558846
1.0,0.0,1.2527539301873136,-0.4937093495328373,1.2830983962852196
1.0,0.0,-2.082975964922028,3.0100715278231336,1.0279941163508477
1.0,1.0,-0.12622061321110126,3.129893921700424,3.453496601397898
1.0,1.0,-1.579918411069686,1.7016782673358337,0.09089315956516619
1.0,1.0,0.005565559505419371,2.1289781698953516,2.1814047524488283
1.0,1.0,-0.8647468771022995,2.122115200660734,1.5180283370075807
1.0,1.0,-0.028903778155691867,-0.7364006221216894,1.854417210504494
1.0,1.0,-0.5168318788723681,2.232825344581376,1.8450516147214464
1.0,1.0,0.272460518497251,3.2748522120001153,2.0578812227928758
1.0,0.0,1.0535118369157428,0.6627113173869905,1.288125096426834
1.0,1.0,-0.24981583560686055,3.285239378789792,-0.46200180124911383
1.0,1.0,-0.567521768498963,3.1287281409659893,2.8177440214197533
1.0,1.0,-1.0169002189216703,1.5970429607254102,0.28118162498447946
1.0,0.0,0.15707402638277693,3.8818772958490024,2.390451548126408
1.0,1.0,0.32141657251059713,4.406521962063829,3.7042333868169157
1.0,1.0,-0.4916232193888367,1.6006268448716894,1.8724511481995167
1.0,0.0,1.1000769460202846,4.2733818895813815,1.5047334777985073
1.0,0.0,0.6955101514830656,1.4675907608305432,-0.39209746075768637
1.0,0.0,-1.0686195539683445,1.9938641100051546,-0.08325260458539419
1.0,1.0,0.06852228801702899,1.2718047116120623,2.619731027393043
1.0,1.0,0.4481913596277062,1.8304776534562661,2.6341237184205224
1.0,1.0,0.8029551318104259,2.630828747880761,1.9801216815385616
1.0,1.0,0.12131501201526035,3.5570542029215617,3.2101366017967403
1.0,1.0,0.2926835667005368,1.5339364197652967,2.597910864585261
1.0,0.0,-0.17385845207182604,1.5973211356016281,0.9590924635365919
1.0,1.0,-0.9441516750504187,3.3781837587225456,-0.3699055642873459
1.0,1.0,-0.3673796250688316,2.183074157332095,1.4682562252306193
1.0,1.0,0.04345565931020337,2.835208397111371,0.5453862375037026
1.0,0.0,0.12175476908238252,3.2161811670661264,0.2750776087486495
1.0,0.0,0.7702668962773453,1.2944846812564244,0.8158704231825727
1.0,1.0,0.07034057145230752,3.686083590906675,3.9146400204766083
1.0,0.0,-0.48010231046185464,2.9376681748234583,1.2026103274831996
1.0,0.0,0.37321059640564014,2.6912810194024446,1.192206238044054
1.0,1.0,-0.30238122485235774,3.3964974134992483,2.4196454323378043
1.0,0.0,-0.024517281607199237,1.1580437932006036,0.35704901516701665
1.0,0.0,-0.07997350010569515,1.3759193565369574,0.24288310441314764
1.0,1.0,0.38353834059782216,1.0855741173495912,2.3735727342841373
1.0,0.0,0.20007889489342956,0.8186045945307516,2.847806980726963
1.0,1.0,2.486824152874424,3.2482628211512647,2.4853465009637987
1.0,0.0,0.39458519234849465,2.6510210219275097,0.5590114228327911
1.0,0.0,-0.6752141291046321,0.1279326789320394,-0.2269691454076015
1.0,0.0,0.5393597557756434,1.354267164612363,1.101819163346845
1.0,1.0,1.0060866891346216,3.0187092317276534,3.122070927127483
1.0,1.0,1.2794929606181615,1.8496249916121899,2.612988737695364
1.0,0.0,-0.9112133585718517,2.8010893350466226,0.15075190851446457
1.0,0.0,0.053819857225212986,1.2532617732196472,2.2010164068706968
1.0,1.0,1.0908726344691773,3.0288558245164605,1.5451663920693277
1.0,1.0,-0.04658701378401592,1.2898700531452945,0.9191784768071157
1.0,0.0,-0.5282947157093101,1.4242143737938817,-0.6458651423012496
1.0,0.0,2.189261883379904,2.972731680209634,4.126464729505431
1.0,1.0,0.20844597934163817,4.1914799972164225,4.496260059247648
1.0,1.0,-1.2313578825080909,2.154317832795668,0.5510556692515487
1.0,0.0,0.20032303789962622,0.8438970359072879,0.791360829396631
1.0,1.0,1.015819523302643,1.1153850798064346,0.6375126225635754
1.0,0.0,-1.1496335025008335,1.3701901283440288,0.990309444469307
1.0,1.0,1.1604893243160705,1.6723627941359385,2.476300901266774
1.0,1.0,0.09098351186386955,4.2186618923512444,2.165985398719679
1.0,0.0,-1.0886191837556556,4.224514508163607,1.3275316368306187
1.0,0.0,-0.523824915477866,3.134853173555359,-0.0035173463883930722
1.0,1.0,2.0167484618814817,4.8502413526108015,4.503568123311921
1.0,1.0,1.2371232603316746,1.7282373463934866,3.234151206562953
1.0,0.0,1.1827457422638212,3.157998512403938,0.3604586447159477
1.0,0.0,-1.2629867146824274,0.8069821216066373,0.9732513550803665
1.0,1.0,1.572593983607974,4.5748425115486455,2.4849085075372273
1.0,0.0,1.8396659648962865,2.6127864317883844,0.2710598896855676
1.0,0.0,1.7734219016754933,3.908784218592132,1.6978703138757005
1.0,0.0,-0.6300229695567011,0.45234811862597657,1.4907247172164733
1.0,1.0,0.8139345355516205,2.508209255890692,0.02559064198377925
1.0,0.0,-0.5726307901116275,2.3446972898199085,-0.21139636768028325
1.0,1.0,-0.11018558762236011,2.808092820831613,1.8677473438286496
1.0,0.0,-1.0364705809643906,2.3106687528407157,0.3703293910725535
1.0,0.0,1.1316064420644656,1.3839488245375575,1.3795333532840317
1.0,1.0,-0.03132014363954516,2.1570731038946254,1.413528047428889
1.0,1.0,-0.9043093375055412,2.759453613606681,1.8194061690569732
1.0,0.0,0.8377689078005338,2.258107275096639,1.8998194440140577
1.0,0.0,-0.1936530809380046,3.2376972202768957,2.0848490260844237
1.0,0.0,-1.309588747071148,1.48318818102862,-0.44793872865370177
1.0,0.0,0.8033719712513062,1.0002589547945715,1.7218941262235257
1.0,1.0,-0.9630606173856547,1.1534538760471644,-0.02251531884809288
1.0,0.0,0.6171289005211348,2.8161297510849863,0.3744412386907263
1.0,1.0,-0.9793263479587471,2.2343723639767124,1.3133733471109652
1.0,0.0,-0.26185238639954855,1.5973770217876782,-0.3402896080947807
1.0,0.0,1.124715717863005,2.2840928158449216,2.475902132141026
1.0,0.0,-0.4144472914021271,3.120867503574848,1.3957403999456042
1.0,1.0,0.23842935860248393,0.9436227784963158,0.31816736914726595
1.0,1.0,-1.087459973725295,0.2917915553586323,-1.1291739612167304
1.0,1.0,0.7165889343964764,4.734447150031338,2.013944140152771
1.0,0.0,-0.44282542402573866,2.860729420934736,0.5156796487265027
1.0,1.0,0.7019002905732458,3.625063744175339,3.2055128213982655
1.0,0.0,-0.6823584142472111,3.52042886697923,-0.48411954406576296
1.0,0.0,-0.21692854329484054,2.4669868505500014,0.6325203140348094
1.0,0.0,-0.15094444744221414,2.757698566186971,2.075318117045571
1.0,1.0,0.537870547299478,1.054267881999025,1.3353974348600666
1.0,1.0,-0.664540021553238,1.7187989916593174,0.6195932355002834
1.0,0.0,-0.4830789163750203,2.3700571964073744,1.081454883530729
1.0,0.0,-0.26707249970950875,1.2663434406731524,0.2485380265462645
1.0,0.0,0.8631299737370731,1.3608999203089218,0.6245474763401984
1.0,1.0,-0.20535161085343062,3.512047836051279,2.9629075807399206
1.0,1.0,-0.052128656047153665,2.8165331776244438,2.6323021262569846
1.0,0.0,-0.856669531051928,2.329208420810499,-1.1919967464394796
1.0,0.0,-1.28893663818207,0.4437122041828917,-1.2044708366958732
1.0,0.0,-0.12742944650221563,2.967120454106245,1.2803861739317028
1.0,0.0,-0.46042650017122055,2.8365006841586102,-0.17860720379596706
1.0,1.0,-0.4863912030434693,0.2597243269398337,1.5634548822105148
1.0,0.0,0.23466670370689807,0.3320998846568799,0.33368087615290354
1.0,0.0,-0.4198800970359555,2.18864988340743,-0.5342044424382786
1.0,0.0,-0.3416026682006176,3.1194252715071507,0.08968678421061005
1.0,0.0,0.38392728825815353,3.770390455153906,3.556944905620365
1.0,0.0,-1.681892630258367,1.4430364424655593,-0.7567392476085871
1.0,1.0,-1.4909538649220064,2.590947015621783,-0.6380458283076764
1.0,1.0,0.4643947066020182,2.6688681489093793,4.47153420946346
1.0,0.0,-0.5998193914441782,2.1484261988260207,1.8664573659528285
1.0,1.0,0.7365944564992905,-1.760668356298444,0.5992589329826103
1.0,0.0,1.8752610585843488,2.2359300401713864,2.5245750820458728
1.0,1.0,1.6000559917231276,3.581093000010698,2.8798790239329843
1.0,0.0,-0.24928413261819624,2.63533023466577,0.02163589857708681
1.0,1.0,0.09978637092938009,4.266726626677942,2.4980999859184325
1.0,1.0,-1.4376391796769363,-1.9074738291180395,0.10702214120924258
1.0,0.0,-0.6084557401999597,4.716471040779112,2.0557695595363463
1.0,0.0,1.2629469711761474,2.548349499293118,1.196829845886728
1.0,1.0,1.5368922577937603,2.4788399506300993,4.179561802049803
1.0,1.0,0.6918876451237457,4.252565889074088,4.08069654839371
1.0,0.0,-0.3066903840452471,2.912108005534349,1.4506717576857406
1.0,0.0,-1.9222720940805786,2.9830280363129695,-0.08464098857834812
1.0,0.0,0.5997379403792907,1.363388666939733,2.3260861863485687
1.0,1.0,0.37275195313544107,2.875744947590908,2.6099326096390083
1.0,1.0,1.1017708080405957,2.4984171279043603,2.919804847107647
1.0,0.0,-0.36577090542239177,4.0776689483127395,3.515569849409333
1.0,1.0,0.4737405329230914,3.358744479117706,2.8171902363173422
1.0,1.0,-0.7501758828493461,2.8332044652664448,0.7274972731188742
1.0,0.0,-0.025067122498392325,1.6792490171209231,-0.03803174333962567
1.0,1.0,0.6251858058842085,2.9680166056198782,2.776844824294154
1.0,0.0,0.9232856190391778,3.3540797795347395,2.151979342478024
1.0,1.0,0.23716722215684402,1.718619749596662,1.6694595317462633
1.0,1.0,-1.4245107974860427,2.8649838931246565,1.5196431683115526
1.0,1.0,0.3217204051396841,2.621618599983634,2.999752949005159
1.0,0.0,-2.201166730860881,3.5567305962330362,-1.5328013845209778
1.0,0.0,-1.8372503075919437,3.7050158588330246,-0.43978251561540843
1.0,0.0,-0.37537099704806526,2.588277325965757,2.2767631318039356
1.0,1.0,-1.1966140233804565,0.7072798457719383,1.5021841087891206
1.0,0.0,1.052210779005193,2.2734111700363107,0.5514857304187555
1.0,0.0,0.4791644007845206,1.1069732673950932,2.113848305656199
1.0,1.0,0.727386504305209,1.2016824620237814,2.2083908835294284
1.0,0.0,-0.46205070659872993,0.9736741670719667,0.3539557286343816
1.0,0.0,-0.9304793091718944,-0.036962178351030106,0.6412436902165748
1.0,0.0,0.3621230313587541,3.098538025890539,1.4729864034786817
1.0,0.0,-0.7974906228496456,3.188884914247108,2.9223385246821376
1.0,1.0,0.9230815439791449,4.018706337013516,2.825217450938957
1.0,0.0,-2.736232554524085,1.1192794383410123,-1.9277628394480362
1.0,1.0,-0.47282876688266506,0.7219006603813531,1.497616878110227
1.0,1.0,-0.6178461577887677,2.153539271108056,-0.25642970294241874
1.0,1.0,-0.7600294474720916,-0.41718069962596394,0.49129245523804
1.0,0.0,0.4967201026038086,2.099683232045898,0.6885624195648111
1.0,0.0,-1.1817084266710194,-0.11507992354562946,-0.24140431737080098
1.0,1.0,-0.43113851568739137,3.5192116049037723,2.3339447027209017
1.0,0.0,-0.6829052829331667,2.8268828275731117,-0.28298792007226437
1.0,0.0,-1.3652328506783367,2.118872466883911,-0.04326442206786127
1.0,1.0,0.06700053425095345,1.7761489941516775,0.15247611530801275
1.0,0.0,0.6639147919284212,-0.10761086687464116,-0.12252770224098875
1.0,0.0,-0.5417759745723516,2.3620676681444475,1.4418544410660918
1.0,1.0,-1.3814259182301176,2.7191353960876885,0.7170589096683917
1.0,0.0,1.2005439101083692,4.037954049322682,3.1407886181978304
1.0,1.0,-0.3187879047614458,0.8536623289909959,-0.4441689175780631
1.0,1.0,-0.49521203109008505,1.8650118832460958,1.4804022990367278
1.0,1.0,-0.16221998755496125,-0.3864587001262523,-0.2147368270943928
1.0,0.0,-0.187030103090553,0.9582523837791515,1.6466212829094407
1.0,1.0,-1.3511372325938245,1.1141713597855092,0.015476772782814507
1.0,1.0,1.1378426280114102,1.0859507930520431,1.8983134754033557
1.0,0.0,1.1666395912427963,1.577378713900171,1.7761600046053272
1.0,1.0,-0.380961712445736,2.6753709837481323,0.14008940720449758
1.0,0.0,-0.4856801902702082,0.8491357028101559,0.9362711687091944
1.0,0.0,-1.4317940999126906,0.6107254493538141,-0.8303625238308368
1.0,1.0,0.42337390360934457,0.1198698578577897,1.4386512310111745
1.0,0.0,0.10830010862564171,0.7677917410527788,0.4112272895139817
1.0,0.0,-0.2993213194222011,1.7933533277922211,0.6786836755408242
1.0,0.0,-0.6720314971503716,1.3803060404639171,-0.9263924796716243
1.0,0.0,-0.5770587099067397,-0.3821320288134131,-0.20838561892177862
1.0,1.0,1.564619858294006,1.1148529791747719,3.378025154645858
1.0,0.0,0.20959721400262346,1.0904284513084714,1.215666765043129
1.0,0.0,0.6380464171985124,3.9763001522623225,3.3639011924332416
1.0,1.0,0.37738611465351085,2.6648663354153097,0.5531043469017878
1.0,0.0,0.12686480065245515,2.00627137740177,0.7491411479205776
1.0,1.0,0.2122099792393717,3.1148224022172,1.9916235117870045
1.0,1.0,-1.1699283786621744,2.1679947570525835,1.2346159657631524
1.0,0.0,-0.9048881478030277,-1.0319588222882732,-0.03669852191220624
1.0,0.0,1.2395740757097042,2.469538153534193,2.294014873251144
1.0,0.0,2.0838754676939297,1.1204885030368237,3.398882313843812
1.0,0.0,0.129930671723918,2.101819545079581,0.6206782981862569
1.0,1.0,-0.15306751105943375,0.2617179412759685,-1.0807178308123682
1.0,1.0,0.1481146022668341,3.7293259376069736,3.250058848823859
1.0,1.0,1.3918823087069119,1.549884415571785,2.091888320458099
1.0,0.0,-0.8675024581387565,1.0088694601248183,-1.5835126174952672
1.0,0.0,-0.8892442515550965,-0.6630639266858731,-2.3303702215401394
1.0,0.0,0.6199211676078796,2.0345438604037,1.3636977787937634
1.0,1.0,0.328354113570289,2.318962379171921,0.9882669175356514
1.0,1.0,1.4673349684930501,4.476848749607176,3.6555075411091353
1.0,1.0,-0.46900494409238025,3.576394771304604,2.3136804760532304
1.0,1.0,-0.3385015644678977,2.18847050160233,1.4205253247901226
1.0,1.0,-0.3868037435390102,3.880163737797313,1.5342796709167177
1.0,0.0,-0.3457634775459261,1.638098610513855,2.0478063346227304
1.0,0.0,1.1613680926501762,0.6771754298890016,2.379790091214002
1.0,0.0,-0.8863710973381856,3.6191824927945007,1.746803016500119
1.0,1.0,0.5529574754680873,2.2151674621223636,2.2501717449813703
1.0,1.0,1.4174357649921085,3.348983010211743,1.9564977390062261
1.0,0.0,-0.22713139335331095,3.5337132753937257,0.4443464344110011
1.0,1.0,1.7816294378060633,1.2558327558057618,0.36915833472784554
1.0,1.0,0.3064528000855065,1.545856485210824,2.8173054617544917
1.0,1.0,-0.022904878928818678,3.299749128403663,1.5618590647654935
1.0,0.0,2.055069454992404,3.8637122938127897,4.571997736287818
1.0,0.0,0.2633113565601354,-0.11456192690739253,1.1352270478534674
1.0,1.0,-0.7543817728235599,3.2051290843411735,1.1091506301871392
1.0,0.0,-1.6486518830947605,1.5855124679057608,-0.9630074083530266
1.0,0.0,0.12035987321179814,3.065530714798726,0.8353873734642105
1.0,0.0,0.037921317374019985,1.1721096883884594,1.0116360860473748
1.0,0.0,0.24524544233086415,1.8042840204274035,2.016391544869403
1.0,0.0,-0.16891948316039732,2.5888938123825587,1.2768514006308682
1.0,0.0,0.5433389278509673,-0.15668944951000485,0.7695701849156482
1.0,1.0,-0.0770241651419265,2.766951904825281,2.8328053581071697
1.0,0.0,0.7859818995360368,3.8822530778552893,2.85739989458639
1.0,1.0,0.5921694491724422,4.363536230179158,1.6742398199371071
1.0,0.0,0.25453857487513787,-0.017962992556168178,-0.13195355270209952
1.0,0.0,-0.7043404638977928,4.0282317435696555,0.9272716812555601
1.0,1.0,0.720259440124808,2.8120687658676653,2.826569166124087
1.0,1.0,0.17025356625737395,4.4591153548188585,1.7276304772198254
1.0,1.0,-0.06047066291348904,1.3971570623004612,0.40005634922220046
1.0,1.0,0.20314564255976078,2.4999906271785393,1.4700452440733647
1.0,1.0,-1.033940883094516,3.135791351764707,0.15693664035253652
1.0,1.0,-0.04840091765231219,3.117213967161954,1.167755048282682
1.0,0.0,-0.568836355135661,0.21912980085507172,-1.012283385136039
1.0,1.0,-0.6037772219664261,0.580723875045013,2.121024309488851
1.0,1.0,1.143458383758755,2.6621016004440414,2.5685567090159602
1.0,1.0,0.26030946517968934,0.901383954568155,1.3883758752747846
1.0,0.0,0.8376341027151413,3.4447961303609684,4.126459141128524
1.0,1.0,0.5769940975393202,2.2968131663283753,2.0988617324520713
1.0,0.0,0.03347276394797938,2.661474893514131,-0.24062216700204653
1.0,0.0,-0.4499239960446514,2.1376721534524665,1.5737849230997054
1.0,1.0,0.6607561025104006,2.158238848241115,0.8521656642404491
1.0,0.0,0.806130044111557,1.8321157013138105,2.4236189695551955
1.0,1.0,-0.42819830843983925,2.8312867715870853,0.9878148243469023
1.0,1.0,-0.5525762433910713,1.6211602932183582,1.7203887701597393
1.0,0.0,-0.7256455444412588,1.7689604031196744,0.0808557540154814
1.0,1.0,0.22026156791680848,4.493134087488228,2.2025322325600145
1.0,1.0,-0.27203001645277175,3.439603605070594,2.8089715963459474
1.0,1.0,-0.05650127838053913,5.836955519194635,2.0904653171211254
1.0,0.0,-0.31803440374874536,0.5616659591873387,-0.3017578372818635
1.0,0.0,1.4772806952468192,0.3496031164289506,1.1264028794538863
1.0,0.0,-0.8374691015671848,2.6586204040208603,0.5925126226618812
1.0,1.0,1.1100293418005691,3.756154501315688,2.696884252565516
1.0,0.0,0.26221398543592295,2.9933614816512852,0.6838694680537958
1.0,1.0,-0.28013465649477326,1.2110738303245259,1.5242576102360097
1.0,1.0,-0.14193281984023703,2.7361108745849876,0.36044671845458787
1.0,1.0,-0.8173718866665025,0.15516533581867176,1.2094339908540799
1.0,0.0,0.8286783177129318,-0.3485800352851758,1.0515684840212192
1.0,0.0,0.6085448674982429,1.5488159456592676,3.3575630272572003
1.0,1.0,-0.7520856484611858,2.597140699320889,3.2279087517725116
1.0,1.0,-0.3418807707377419,2.21734441433451,2.437729190456931
1.0,0.0,1.5935924440848919,4.031554431526983,2.4660892188051338
1.0,1.0,0.4496386872883059,0.028655857672037932,1.6033219205342601
1.0,1.0,-0.3902258022878417,2.9923713202503173,2.0909092323323453
1.0,1.0,-0.023176802772470022,1.7723114767646868,2.6483138069035324
1.0,1.0,0.44815802947273353,3.5957973032073838,1.8205662123921853
1.0,1.0,0.034439022033146305,2.5606559890475142,0.7431209485504219
1.0,0.0,0.10060293280290952,1.2773062556083623,1.249443042747858
1.0,1.0,-0.9491641891939707,1.458530217686659,2.3157298662196735
1.0,0.0,0.6984938249439943,-0.8672891162739464,2.0604158070590217
1.0,0.0,-1.3864080825733605,0.7049249460981271,0.6568486105410958
1.0,0.0,-1.6792323268752938,2.689688977775301,-1.4606714358798545
1.0,1.0,-0.3579446233284734,-0.27553203468713816,0.6168965925527671
1.0,0.0,0.1711316633395927,1.758294941068697,2.068045466001055
1.0,1.0,-0.6247099719486642,0.6103320265238394,1.6970717962419064
1.0,1.0,0.4796063260082358,2.112973247093753,3.438085372212446
1.0,0.0,-0.5451596042639854,2.924584154424282,1.082254612091532
1.0,0.0,0.7217240158563586,2.050699255978663,1.631085058865141
1.0,0.0,-1.1721134612512254,0.3196726256372422,-0.4653232885062597
1.0,1.0,-0.6585436854325339,1.9552161206119405,-0.45493012871792526
1.0,0.0,-0.627944802523667,2.1538681858731765,3.06015389767178
1.0,1.0,1.0504183418462387,2.034522877330369,3.516087626339803
1.0,0.0,1.2218630595659736,3.6496202382795584,1.5761686770210939
1.0,1.0,1.2648166080884553,-0.9019708628658893,2.951220176570609
1.0,1.0,0.561651198904244,2.574107475065954,0.05132980579452173
1.0,0.0,0.02984765227449065,6.252694175127108,1.960419387746534
1.0,1.0,1.3836920930053487,1.6216835562213519,1.6584959497662028
1.0,1.0,0.9804002743868658,1.981180671047418,3.674244943978427
1.0,0.0,-0.04042006774499343,2.060888706572791,2.4476933357603747
1.0,0.0,-0.25999319729434844,2.909115261397958,1.8020973816250434
1.0,1.0,-0.2899832403223232,1.8796213999768576,2.2197159977490806
1.0,1.0,-1.3047685511240945,3.6825821940116676,0.8079866083815164
1.0,0.0,-0.21473438912735549,0.3884453885448196,0.991554251095065
1.0,0.0,0.8421704694509973,0.9084918200348473,1.87069428544206
1.0,0.0,-0.5874310168550447,2.882213450649133,0.5922044800703498
1.0,0.0,0.13841782550023507,1.9943925363026984,0.18157222465076528
1.0,0.0,-0.8514885032543185,2.5597200153829993,0.6113432248300594
1.0,1.0,-0.6855411682165002,1.500234699003998,-0.5823085098602364
1.0,1.0,0.2529229032374018,2.2207104450126076,1.781483351792164
1.0,0.0,1.0668702804149408,1.8138790089300505,1.3558178386860562
1.0,0.0,1.2790566313721503,0.8799933913317988,3.093942259622956
1.0,1.0,-0.26840023685138914,2.2057887825231965,-0.46565244611459344
1.0,1.0,0.24784751716657172,0.6870152401444471,0.8470982124347829
1.0,0.0,-1.701955656142807,2.974378522263906,0.09199168874902598
1.0,0.0,-1.3257008364390959,-0.10750584042249534,-1.4689003375049694
1.0,1.0,1.2550814623216835,3.0038572757554163,2.404951326450096
1.0,1.0,0.005633802519970477,0.9478281721868613,1.3584432489735967
1.0,1.0,-0.23728514074024185,0.6740265554263947,0.16144112117483445
1.0,1.0,0.2197068010901586,-1.055425808611374,2.891273931649693
1.0,0.0,-0.07715577179912436,-0.013813375416509732,-0.023348952295518144
1.0,0.0,-0.7516278205002167,2.3023052148866356,-0.17388663030954954
1.0,1.0,0.47159050534173386,1.820373792283166,3.404923443474495
1.0,1.0,0.278468981635151,3.7437665274238507,2.3509760860778024
1.0,1.0,-0.036845877494746784,2.6971100335566294,1.70037077234968
1.0,0.0,-1.0528310675224886,4.257664830011581,0.8858206920024209
1.0,1.0,-0.7392456693578795,-0.22847403411571854,1.246222071838169
1.0,0.0,0.1522445824649651,2.247133684907958,0.28877076860694173
1.0,0.0,-0.24711711759532487,1.1866272488212883,-0.46530645207320376
1.0,1.0,0.23788588503894642,1.9493013340882877,1.586165777444785
1.0,0.0,-0.7522592385040728,2.243384079950366,0.06279577257265068
1.0,0.0,0.03990964707263378,1.0127552780439197,0.755390049221267
1.0,1.0,1.0236285036153467,4.191224342973664,3.5233263649157096
1.0,1.0,0.20671919326747862,1.4043134938418103,0.8897339355449785
1.0,0.0,0.5302799480618374,0.7762956618354279,0.7149529161536332
1.0,0.0,0.09773359928777128,3.6959910853658027,2.7464852900695913
1.0,0.0,-0.033982081102254535,0.2739589578307793,-0.23039428431582665
1.0,1.0,0.21601943926028955,2.0629970064069303,0.9352243812463285
1.0,1.0,0.2419859031173199,-0.21167262519346064,-0.3920167498309177
1.0,0.0,0.2962977964473299,4.486014907784366,3.0708057961551214
1.0,0.0,1.3286904295097959,3.6212842793831372,2.660928778079617
1.0,1.0,-0.09798589590079565,2.125581818926714,1.4308232022195575
1.0,0.0,-1.0200245751605435,5.388946781797884,0.8614164232651901
1.0,1.0,0.31883297588204623,2.821028757223377,1.5946504779363702
1.0,0.0,-1.0733972812980563,1.9332140825618316,0.5792740970310165
1.0,1.0,0.5620758650630026,1.430425648175414,2.043571381221698
1.0,1.0,0.1352034101295403,3.627814024385691,2.5921206774233085
1.0,0.0,1.2763736686664224,1.8606895500555891,2.9789797785361083
1.0,0.0,-1.2051204876511217,-0.8797942713796756,-0.35524320216078087
1.0,1.0,-1.3967420636176113,1.3028359471681425,0.4497573172662771
1.0,1.0,0.498429634476487,3.421478318914831,0.9805311734922251
1.0,1.0,0.0857201971708534,0.8702558477233007,1.3112755956966502
1.0,0.0,0.6559346968505284,1.0129779634291747,1.3040065998365533
1.0,0.0,-1.4707996898086797,0.4223269878591336,0.6264545479799807
1.0,1.0,-1.408828862495461,2.3784523257786256,1.7793511553700574
1.0,1.0,0.9754697198669515,3.059398306961874,3.157020232381546
1.0,1.0,-0.1677612248834137,2.988710167076688,0.07971310551843502
1.0,0.0,0.6060785255495701,3.9608891260544046,2.5615246216602774
1.0,0.0,-0.6784709843344503,1.7885100239515337,1.0241174834493474
1.0,1.0,0.054585146976795396,0.9768065773927568,1.1123341842071914
1.0,1.0,1.0933905614076447,2.534386576690537,1.3044608614243591
1.0,0.0,-0.07439894146200586,0.3243580984855099,-0.7920661864802597
1.0,0.0,1.1307141849176434,1.831215241739929,3.4949763783297056
1.0,0.0,-1.3712413477816272,1.8920564558536406,1.178298068618313
1.0,1.0,0.19595052663591714,2.9444166770563527,0.2542674320299685
1.0,1.0,0.5908328328285901,1.6772700457046192,2.1051162594860253
1.0,1.0,-1.260620491416202,0.9338417929722378,-0.7863813164278489
1.0,1.0,1.0243740917942001,2.8531574217279445,2.306782967433533
1.0,1.0,0.2017082078619253,2.0052757595206763,3.0472926535249902
1.0,0.0,0.47330012297835766,2.8023685176833775,2.301830145534826
1.0,1.0,0.45085826991871236,1.5099379471359375,2.1630723479950342
1.0,1.0,0.5436261012282102,0.7628580370747962,2.8284214366350175
1.0,1.0,0.31457050191857905,2.1747796617807893,0.680065157666544
1.0,0.0,0.39519481736398815,2.6662054848777945,0.6152522960668784
1.0,0.0,-1.853429915686629,1.7735864004182924,-0.5724478807676747
1.0,1.0,0.7783603749768123,2.1472203786642177,3.0301136935236954
1.0,0.0,0.308466585490574,0.7703806949071341,1.0826617165291574
1.0,0.0,0.40010913945822685,2.762152849215323,0.8237930303730807
1.0,1.0,-1.3470347581416249,0.20462469469132527,1.5149025614286815
1.0,0.0,-0.5944164082034782,1.8857814382134728,1.0774061253201204
1.0,0.0,0.931673609721474,2.7424630157894008,2.1482461829296637
1.0,0.0,-1.205573692487329,1.2209859326997923,0.5289840775194776
1.0,1.0,1.0406912346293329,3.4656390398649712,1.3883843348268299
1.0,0.0,1.412671049311676,1.0672329242039198,2.3050893551582883
1.0,1.0,-0.1450313726201854,0.4131736823331855,0.37828095265844985
1.0,0.0,1.0771572700664376,1.8376688364723375,1.500247747352751
1.0,1.0,1.571013788893836,1.9768986466663525,2.1665527448455966
1.0,0.0,0.16789694416317208,1.4055227392677019,0.4908175554367828
1.0,1.0,1.933066366173109,3.6717733088655864,3.692670758049923
1.0,0.0,-0.9395578612216716,0.8735730785634372,-0.48866530929467195
1.0,0.0,1.2174795873711,1.3365573409901668,0.6975960811057207
1.0,0.0,0.6496654663355999,0.8365633908726406,-0.16567516448213326
1.0,0.0,0.8996059353347846,1.4730865899003764,0.5435581834041474
1.0,1.0,1.8182448104500089,2.6646924703084776,3.776277731548246
1.0,1.0,-0.46142209623612046,1.3132097609079993,1.8308912239239707
1.0,1.0,1.044870955998143,2.4428464490674715,2.777427783132112
1.0,0.0,0.2717037674574113,1.1135144130597903,0.5504549864535182
1.0,0.0,-0.03775627354893782,0.7720014872913548,-0.7231054928601706
1.0,0.0,0.9957304531216296,1.071422511600269,1.1950136910322273
1.0,1.0,-0.23390750960629814,1.4192250469652463,2.129898925970819
1.0,1.0,0.767977540384565,1.4152636770173994,1.8836231145849933
1.0,0.0,-0.15284543541221557,1.5985432268183444,0.13955878737034222
1.0,0.0,-0.31035130159241775,-1.669934613488966,-1.926694253280789
1.0,1.0,1.2047287253236818,2.3614709910349547,2.9994544689124134
1.0,1.0,1.167461043767157,0.25015730797705293,2.2748627231707714
1.0,1.0,0.37491452367892325,1.9047859796642848,1.5491357230293745
1.0,1.0,0.6167811072609402,1.0028776512023512,1.6685517393028708
1.0,1.0,0.1286222589682504,7.236008151223032,2.1545956769024794
1.0,1.0,-0.7835208210881778,1.7980788401681465,1.389779075877736
1.0,1.0,1.020089858643951,2.637844163508222,2.1065395424147306
1.0,0.0,-0.899267452631602,1.1833659263216991,1.3392277131962016
1.0,1.0,-0.8283846634445448,1.2429153709664011,-0.4872466515563886
1.0,0.0,-0.5487905588684918,0.010599108721978778,-0.219272244322747
1.0,0.0,0.3011077720341053,2.714046790493314,2.2724863171702254
1.0,0.0,1.297314143445451,3.0389404486021565,2.7944374989286977
1.0,1.0,1.4491163007106702,1.0077436756715787,4.536105712244796
1.0,1.0,-0.15719371775851965,1.3555804065291692,1.1065729619742608
1.0,1.0,0.30423533517955986,1.2197887775776868,0.7298401763083868
1.0,1.0,-0.40171619048551654,3.2631973175580997,2.332440438026368
1.0,1.0,-0.30792620835264417,-0.7379890865747527,0.22033817374955145
1.0,1.0,0.4215038146764507,2.5709403834944227,1.6008771897979912
1.0,0.0,1.494051381208746,1.083841458855602,2.2164491446958827
1.0,1.0,1.1361449750006067,3.2596305747496297,3.2693976821802444
1.0,0.0,-0.9995029252239795,1.6933512655947829,0.7510005561651033
1.0,0.0,0.05446950750005167,2.6535613302803145,1.886848106017216
1.0,0.0,0.39902974858347806,1.4501032062516597,2.827173423853538
1.0,0.0,1.3331307841214506,3.691005564712885,2.412386090422482
1.0,0.0,1.0276691813964565,1.0039367653532414,2.4621875993117266
1.0,0.0,0.5680107040450018,1.152591314155973,1.0916248116005192
1.0,1.0,-1.039211824646283,1.2845307156725065,1.9720856863954959
1.0,1.0,1.3774140380475304,2.3065838267449563,0.5930354720888942
1.0,0.0,0.37948861057872546,0.684327066796327,0.917996702439101
1.0,0.0,-0.9982965060182375,3.604507549607911,-0.13620324935410666
1.0,1.0,0.05448250502943108,4.181331371007264,0.5736262552783278
1.0,1.0,1.1262332008412517,4.151558699122503,2.878469636870686
1.0,1.0,-0.22355193044604224,3.832422662260536,0.4617395462648075
1.0,0.0,0.1487287546751263,5.297364660984095,1.7657799897699646
1.0,1.0,-0.8058026272260396,0.9930307197636796,1.9049449396888436
1.0,1.0,-0.9326468201656981,1.0176520117278718,0.5815782501303419
1.0,1.0,1.5901070638384636,1.1188368956833092,2.0265479488749656
1.0,1.0,0.37848920778951023,0.7177858570493327,2.4044512616803697
1.0,0.0,0.5042965378265951,0.9976822351712703,0.7411638279951901
1.0,0.0,0.23873158196349822,1.241381886399064,0.22623057300668414
1.0,0.0,-0.942792102558404,1.967816058762826,0.6373293436684333
1.0,0.0,1.7083698063856574,0.8422878033515953,2.986225886783049
1.0,0.0,-0.5149515839346311,2.4923665138370636,1.4551134773250887
1.0,1.0,-0.9291861513893445,-0.30899849526023404,0.9815885436006723
1.0,1.0,0.5527163517006375,2.283185188515319,-0.7024634583556595
1.0,1.0,-0.0951738698132505,0.8198495809179169,-0.1247704028948955
1.0,1.0,0.5085805139149752,1.3111569297120298,3.461464940268087
1.0,0.0,0.3347456075680087,1.1294139185200258,1.1610944052004855
1.0,1.0,0.008955211842457483,0.845542937157703,0.6343041202363314
1.0,1.0,0.11605924983298052,-0.4782619137721822,2.560855428305448
1.0,1.0,0.7722162758461525,1.1502560435585643,4.675710002019666
1.0,1.0,-0.9992348367823027,3.0626030661243417,1.4470096856843
1.0,0.0,0.4202766553913395,1.0541768963631812,1.5337480244332249
1.0,0.0,-0.25016959818519147,2.8429844044705863,0.007051697221481579
1.0,0.0,0.8336219464810064,0.8516758076771354,1.8466403935115605
1.0,1.0,0.2781559569825786,2.7266632171619776,-0.14552945428754827
1.0,0.0,0.25649558996938404,2.0201797245007693,1.8388960624971311
1.0,1.0,0.1914589183078566,2.5401647505152996,2.0871768478681187
1.0,0.0,-1.325377666732566,3.0450995623273935,-0.7093421316695635
1.0,1.0,0.43258190997919665,3.0215910072957106,1.3927506636314595
1.0,0.0,0.6702484338514251,0.24476415221329528,-0.4264026896926767
1.0,1.0,-1.0617576859114157,0.5063268602705027,-2.1759110640417334
1.0,0.0,-1.3960467175048494,-0.08385859446115163,-1.8544274071471318
1.0,1.0,-0.23635418464585833,4.953732187260147,4.1210796353098385
1.0,0.0,0.2748887372337193,3.6419213613127503,1.0576918086309957
1.0,0.0,1.9790865319142201,2.114578512805849,1.7197569547109968
1.0,1.0,0.07673850340301192,3.2924559420037123,1.920638185421242
1.0,1.0,1.2627973038554006,3.609014966549554,1.8679786621239174
1.0,0.0,-0.040124714376065296,0.7189803923189761,-1.3492657115580349
1.0,0.0,0.929282611743931,0.5873497207438425,1.4580068187378734
1.0,0.0,1.3963308757508286,2.1974399623349252,3.2940785515063657
1.0,0.0,-0.1815390915743637,1.485240068363475,0.8867020206949343
1.0,0.0,0.5697150753653452,1.6627758786082163,3.077228799830861
1.0,0.0,-2.2802608272048426,2.7089009292652007,-0.978127145168107
1.0,0.0,0.20497533988575595,1.147617252748515,0.3037938666622487
1.0,0.0,-1.3153385525871077,2.4623079180040204,-2.263983196460489
1.0,0.0,-0.6164661597870698,4.824851934577107,-0.007505500057499059
1.0,1.0,-0.0068544350474901705,1.3869456746487292,0.20148948699424407
1.0,1.0,1.1536682750134575,1.1240806834569328,1.2882702131633317
1.0,1.0,1.1549622799439183,2.2728939904170944,3.198470295270768
1.0,1.0,0.9442018861145266,1.9411035647659247,1.5099728910252384
1.0,1.0,-1.2501324008343428,3.559230316689083,-0.7652987967462869
1.0,1.0,0.05338659330525267,4.5509843601961375,3.313493855250865
1.0,1.0,0.633482451955555,2.134266438969838,2.320188034481961
1.0,1.0,-1.6230375103963206,1.3035552501326295,0.5703040107092243
1.0,1.0,-0.18673112647418227,2.350234263119509,-0.005877461993748945
1.0,0.0,-1.0871681257058996,1.7445983876741131,-0.48237599654281926
1.0,1.0,-0.7849469296103418,-1.9540213587828408,-0.4066596220360642
1.0,0.0,-1.0976500430920968,0.4970714805916612,-0.627222865054927
1.0,1.0,0.8144864930274635,2.801192650188505,4.12986452832471
1.0,1.0,-0.691355931780107,1.1158320877440713,1.0845296054721907
1.0,1.0,1.915017965184474,1.2134601738992223,1.874454883464455
1.0,1.0,-0.031380453382206686,2.3738357404307258,3.217652961421191
1.0,1.0,1.0415784061740376,4.390791005393422,3.372111884018277
1.0,0.0,-0.714192888120427,2.452761435196451,0.255727624796613
1.0,0.0,-0.43537862540089806,1.0161927587656996,0.9103135071882129
1.0,0.0,-0.5214121476449445,2.2749728171273302,0.607979200586498
1.0,0.0,0.857485161638226,-0.6462000381013815,1.163684106710049
1.0,0.0,-0.8619727481821218,-0.3388823431497534,0.07815674497886271
1.0,1.0,1.5941691389995674,4.648186833769641,4.106716372316522
1.0,0.0,0.6889256055264206,0.6817175794562956,-0.09638564060111698
1.0,1.0,1.0390847487810033,1.2303783295153874,2.0513997615089057
1.0,0.0,0.1771505415327634,3.3201701143421545,0.9395922239278254
1.0,1.0,-0.09262091754139495,1.9515564895335231,0.06783935117375806
1.0,1.0,0.7885431349257794,0.45037152449203655,2.0464631145814542
1.0,0.0,0.27462142034992715,3.1988574212941456,1.1063551863814656
1.0,1.0,-0.7357702664779554,1.3097372305478454,3.04066588384461
1.0,0.0,-0.6072281469895231,0.9910417726372508,1.3940889774229233
1.0,0.0,-0.9723564049200754,0.7553733424220253,-0.0489350467133223
1.0,1.0,0.9854277110108097,2.1507476083674986,0.09111897478597264
1.0,0.0,-0.5432251186633728,2.6504488445759815,1.0518425270602487
1.0,0.0,0.11424011345888932,1.4472842708799019,2.006798317512423
1.0,0.0,0.48007717016162504,1.659604408515483,0.9737793653764588
1.0,1.0,0.45587783200801724,2.359341975048631,1.3995331343146893
1.0,0.0,0.20413313105941622,2.867373258747106,1.4477330263508286
1.0,0.0,-1.0406681682599608,2.864869966898044,-0.4265145002497963
1.0,0.0,1.3775527362004074,0.7717244616580068,0.9127090712511596
1.0,1.0,0.550077291638458,2.510663891349673,2.6712626664382935
1.0,1.0,0.3017970439099883,4.401501058451444,4.043161851711326
1.0,0.0,-0.68802189550018,2.09521483728407,0.8582529119257025
1.0,0.0,1.4578427591739311,1.5637420249381129,2.264732111114946
1.0,0.0,-1.5360368138906355,-0.19916610886783537,-0.9055868340573524
1.0,1.0,1.7166522389647538,2.421339198239665,1.0928756951607057
1.0,0.0,-0.10017425652263404,2.911597690929108,0.168727189536776
1.0,1.0,0.5644729261421472,2.1697851081830355,3.521229104554099
1.0,1.0,-1.351935735207266,1.3588668811377085,-1.1584470226018861
1.0,0.0,1.4310560719413763,2.888491670818635,3.004265565361502
1.0,1.0,0.353403287473675,3.5444825793468957,1.2827272154837561
1.0,0.0,-1.2442414248585234,3.17071523174953,2.4682739359309736
1.0,1.0,-2.10058085878029,0.6329713083621888,-0.7128261298026151
1.0,1.0,-0.15171956561734926,2.0895673141206283,1.1102987740344847
1.0,0.0,-0.7287454749559484,2.3934239303516662,1.156838262842288
1.0,0.0,-0.7241428911005019,-0.1922842228357311,1.9960928497781794
1.0,0.0,1.1885367551216417,2.734527669332619,1.204159218982101
1.0,1.0,0.22070580263169992,1.6435496902352584,1.4318323982660355
1.0,1.0,1.0659000425307252,4.313740981094844,2.607014376463503
1.0,0.0,-0.8909196666208382,0.07356557014279996,-1.1389890593412186
1.0,1.0,0.38392206911825266,3.610688327552601,1.322319469966691
1.0,1.0,0.30783866134123966,1.642936525835889,0.4098750152929935
1.0,0.0,0.41081809987617207,2.5021256414064332,0.10172818316010135
1.0,0.0,-0.7556699735194812,-0.4805628173807366,-0.4607313553441505
1.0,1.0,-0.5926482707416788,2.347493643716366,0.3461377461608327
1.0,0.0,0.07887260271588874,-0.13221374177665401,-0.9781867642401453
1.0,1.0,0.9388088575209486,-0.09582758248028278,2.233082290894049
1.0,0.0,0.4393028070163075,3.593336303947913,1.048205536960554
1.0,0.0,-0.5698041336715349,0.3244691745960162,-0.2272957577198575
1.0,0.0,-1.4838335120298483,0.916485892344767,0.5838152093222182
1.0,1.0,1.142113867539127,4.230102078230301,2.5141336629811764
1.0,1.0,-0.2881693106363841,2.498719232906756,0.4424614913768955
1.0,1.0,0.6710663432252655,2.966180417242705,0.4723322429401744
1.0,0.0,0.5427260504211948,2.471195774675714,1.9929060171304567
1.0,0.0,0.7496596797002086,1.3391383828576986,2.6426771948452537
1.0,1.0,0.0325074443216673,2.6318164214975504,1.4259912905814565
1.0,1.0,-0.12778845409951373,-0.0010018124599355804,0.05157366679594022
1.0,0.0,0.10280458334372494,2.1949745071738045,0.589505471042144
1.0,1.0,0.9892205411025019,3.3615061554604018,2.7641868813639214
1.0,1.0,-0.6325621991328606,2.018132865577657,1.2617512798444792
1.0,1.0,0.13253064721899963,3.711560979308314,2.2420932664697366
1.0,0.0,-0.675459226708498,2.7090558371941134,0.23041627285194088
1.0,0.0,0.48958352343890743,4.220366248573253,3.6448755760310156
1.0,0.0,0.0023244939531147923,0.7973789829171887,-0.4579142962473405
1.0,0.0,2.5258479680096886,2.835781690879751,2.468514606468931
1.0,0.0,0.03716735285375963,2.8459891472687673,0.5602525388226204
1.0,0.0,1.4097519818221544,-1.3784916421603604,1.2064409815023298
1.0,0.0,-0.9942440187699245,0.5689996674690758,0.21373341150545638
1.0,0.0,0.45404526666619666,2.6196740266912357,0.05291347592219253
1.0,1.0,-0.5027790221927652,3.0887498226450845,1.7069963926430618
1.0,0.0,-0.23679018728374435,2.2379991265444135,0.3673188810023894
1.0,1.0,-1.1563431459939641,2.9947222971399063,1.369797031530591
1.0,1.0,-0.4447354363398327,1.1173818319878819,1.431270392892497
1.0,1.0,-1.6831808188430226,2.2859428358198493,-0.9646444810496853
1.0,0.0,0.5627503585060256,-0.4403017073531852,-0.3866115898633993
1.0,1.0,2.2163758370713236,1.2884519140655575,4.566552167979271
1.0,1.0,0.942165438391204,3.4241087145801443,2.2234432092149934
1.0,0.0,-0.04279785642868318,0.49046509051501697,0.2142752196517969
1.0,0.0,0.40051408769732966,0.6023358307941007,0.8842897258467644
1.0,0.0,-0.40281615265849763,2.032570030528106,1.2841443252517832
1.0,0.0,0.0454196739318804,3.5474452882737726,0.8566947084987008
1.0,0.0,0.36859171494454573,0.5947258114404386,-0.09415280893500322
1.0,0.0,0.6524125516796869,4.652277206986087,2.138187535867399
1.0,1.0,0.6754404731543854,1.376985678726353,1.6376838844052435
1.0,0.0,0.16786397099388461,2.588359659472147,1.5117185862693678
1.0,1.0,0.5855766249818275,2.5162412623911057,1.809858049089688
1.0,1.0,0.03571133350693577,0.8686458800794039,0.004249676362709787
1.0,1.0,0.5956829851754657,3.306114914338652,1.387842826187747
1.0,0.0,-0.7125673506579042,0.8691568689477502,1.3523768183368847
1.0,1.0,-0.8994752248293731,1.2430228748130152,-0.001404736255414818
1.0,1.0,-0.7463848411787851,3.720222684342093,0.7899361569760533
1.0,0.0,-0.7302902615451405,2.6292056235130445,-0.23176307464750745
1.0,1.0,0.3570553929905359,2.0163076062310115,1.7637701068519551
1.0,1.0,-0.6988798072861688,4.360684859918267,2.090833189708
1.0,1.0,-0.596693857939288,-0.64489690375762,0.4880757712771936
1.0,1.0,0.157994861838292,1.168422948091423,1.3012663341885449
1.0,1.0,-0.28406496584194635,2.124174758042966,1.7430789184364894
1.0,1.0,1.1202969194549335,0.5194125886198919,0.19905993649178777
1.0,1.0,-1.8006567408186003,-0.09939028235814318,-1.1213929551247386
1.0,1.0,0.261983415777863,0.7203058391858115,1.0409793857822491
1.0,1.0,-0.8397714579481104,3.4914098194273064,2.299346226046583
1.0,1.0,1.601330721068825,3.060430984598389,2.177152663141217
1.0,1.0,-1.5024895287116418,1.5393065883039676,1.6821831823408768
1.0,1.0,-1.3121263444008766,3.2077885831160446,1.0431497417317428
1.0,1.0,0.6245102541179655,2.6016154884443017,2.165612238622407
1.0,1.0,0.2898966253111594,1.772185130064155,-0.025395392666636374
1.0,1.0,1.1858940509241085,3.2686974903643495,3.000735555308358
1.0,0.0,0.2845960116039216,2.833804219212008,-0.7030108233675065
1.0,1.0,0.8805603918379664,1.4111624169403512,2.4004889013655384
1.0,1.0,1.1890433184395774,2.631005056636357,1.4221738685781569
1.0,0.0,-1.8741394695354963,2.3101009116364533,0.33646122100158304
1.0,1.0,1.1197247389597071,2.717321754617678,3.2520327839558916
1.0,0.0,-1.3286844186044602,5.6041557198666325,0.3389113345712875
1.0,1.0,0.8388773695860257,2.707287935063996,3.948321610719974
1.0,0.0,-1.3170206053496984,2.4983710126150385,0.12882453281535594
1.0,0.0,-0.6943081083365992,1.7720943525150348,-0.5383583228846456
1.0,1.0,0.11698445224045395,2.6647344823071415,1.2488328770875365
1.0,1.0,-0.16710809350010636,2.1803710712942346,1.1804053373124437
1.0,0.0,1.5340545706590345,0.8772337537437076,2.0002646070312733
1.0,0.0,-2.864481335223365,2.697720331850846,-0.99791538120001
1.0,0.0,-0.9582843845202254,1.2827507235620887,-0.2484004669834089
1.0,0.0,-0.12131648996773618,3.855611620606145,0.8034422152463747
1.0,0.0,-1.5340369367084323,1.807098097994468,-1.0236930924960794
1.0,0.0,0.21031239894779577,0.19403786081250973,-1.9013248118460566
1.0,1.0,0.9194773659070928,0.8563345461443861,4.505394826569821
1.0,0.0,0.0024952009837819755,2.0341712841879636,1.9026766027789397
1.0,1.0,1.1041983307437053,2.0983672780471956,0.9002576989781408
1.0,1.0,0.0060976743211013885,3.2643233725124547,1.1597681258345767
1.0,0.0,-0.7008113642442706,2.915029505741667,0.5379900599891386
1.0,0.0,0.8577257502904698,4.154918102256375,2.4971943312762277
1.0,1.0,-0.2645583048820771,1.596314948361965,0.8772209349615134
1.0,0.0,-0.39437648192233604,-0.6991291602581227,-0.889482239168681
1.0,0.0,-0.24756225710178628,0.842830807703536,0.6810065596585807
1.0,1.0,0.049082749980407264,-0.5128492887175657,0.6190614215264547
1.0,1.0,1.0758074823325714,0.3116162971824734,3.005167579498674
1.0,1.0,-0.04628848869060914,3.222718008873272,2.2880266156577114
1.0,1.0,1.6693752914192592,1.2060154737621496,2.1242506322841317
1.0,0.0,0.36501994857058645,-0.003562158274949878,0.12899610702569364
1.0,0.0,0.1721726575584026,2.9020002462071752,0.6499030307450024
1.0,1.0,-0.5006583810910813,2.7070516044525714,2.8775219725349146
1.0,0.0,-0.25577301571278194,2.546662701962192,2.5092755318395756
1.0,0.0,-0.4206720789667361,2.0265091415896834,2.5268661699385024
1.0,0.0,-0.68596129826867,1.0949629503607492,-1.9513433173685135
1.0,0.0,-0.4910565176566309,1.1624834488445983,-0.7457432086066185
1.0,0.0,-1.787323676806059,3.003377186779706,0.11380862975452935
1.0,0.0,0.6656654760825959,5.255113395533595,2.36985418117509
1.0,0.0,-0.3927804201749659,3.774312869720686,1.4908909730995095
1.0,1.0,-0.6762518859620943,2.2569719056697757,0.23371988430885082
1.0,1.0,0.7462622205284974,3.2107875107330726,4.08574308741694
1.0,1.0,0.3448980739873144,1.0205521055301614,2.4958231055644964
1.0,1.0,1.0433385316807962,0.5192312466070663,1.6147217854791693
1.0,1.0,0.6826018289489614,0.31953776009972246,1.866286958339534
1.0,1.0,-1.2899685235775837,2.371679173733092,0.5642002204294682
1.0,1.0,0.23491239323440316,1.5059212857271373,2.3501009232268193
1.0,0.0,1.2288423781040096,3.284272283637602,3.2150713363177297
1.0,1.0,-0.07948715789708355,1.7736631349427903,2.342493812517663
1.0,0.0,1.3343842702356594,1.302247420282464,2.3026723935307234
1.0,1.0,-0.1991961474302198,3.494019171244303,2.110353212595465
1.0,0.0,0.09620359015271174,0.9192873280931928,1.0301955796294286
1.0,1.0,-0.9503183873641639,0.0717255833610051,0.08284217471288483
1.0,1.0,0.16841578651630573,5.217091496417328,2.2729038857990864
1.0,1.0,-0.40551046545995983,1.7576137013855515,2.540880489123944
1.0,1.0,-0.7063801723467942,0.2193479984009763,-0.561328458142365
1.0,1.0,0.6124393457416919,2.215687507480393,0.5407431704568837
1.0,0.0,-2.57411087931284,3.324060528932408,0.7415223904696403
1.0,1.0,0.6406019961492061,1.4571099005858519,1.2128750994473658
1.0,0.0,0.45746900564359533,1.6453903992266417,1.270675974902749
1.0,0.0,0.3279209664377586,1.7144147548083806,0.6571168729617821
1.0,1.0,-1.0869525033432466,4.145896790957233,1.4262691070016091
1.0,0.0,0.33548735270058494,2.395100737271083,-1.746609275620464
1.0,1.0,2.0947355965874235,2.9877607296597657,4.032016659575651
1.0,0.0,-0.8781328103683644,2.1000917925002143,1.4311864168921584
1.0,0.0,-0.24716260693488162,2.3457972600717274,2.144180226729451
1.0,0.0,1.4070157548223239,0.6186870099665536,1.8178972995918503
1.0,1.0,0.7561647633496281,4.016657029096169,1.9952806903654996
1.0,0.0,-0.10094203294558739,5.174643402805461,0.340734760761219
1.0,0.0,0.036479896448004534,1.5160938525712244,0.9888738107425364
1.0,0.0,0.4665189949060938,0.3648850740353662,-0.7510385645054691
1.0,0.0,-0.3672679871098827,2.713932557059029,1.6081232773119698
1.0,0.0,-0.2600106482874448,1.360578286842244,0.6448656266687319
1.0,1.0,0.020754302948053457,2.4423443327143395,2.853711786800183
1.0,0.0,-3.5690122159669873,2.8623281463319428,-1.1973176725277783
1.0,0.0,-0.09094301128768742,0.39840336191136116,1.3140364803164073
1.0,1.0,0.6190577740836518,2.3589624873107162,1.1300974027928148
1.0,0.0,-0.23129688599563966,0.6570269725887132,1.0870557739814704
1.0,1.0,0.9349336479396049,2.01354345918984,-0.002043227312713558
1.0,1.0,0.20927838647486863,2.652884098269808,1.8747397674414494
1.0,1.0,-1.2374405836577862,2.7568208426988,0.830572403138024
1.0,0.0,-0.7313215816732853,2.5359259154864855,3.666220790432864
1.0,0.0,0.5304875526383329,0.061845371625335765,-0.010422412601003739
1.0,1.0,0.851563736911894,1.4818191742361417,2.3652673383333944
1.0,0.0,-0.7461012865398988,2.6544909772672636,-0.09396166767955283
1.0,0.0,-0.8005508958354551,1.6512967969520225,1.734855926704262
1.0,1.0,-0.34977029359483636,2.657677013690654,1.1708628310618936
1.0,1.0,-0.1552078133276371,1.4149913956916853,-0.5441935202931627
1.0,0.0,-1.0009830056538696,2.1550885747146133,2.3924456368941636
1.0,1.0,0.05671191964794642,2.437235688086762,0.981971292403347
1.0,1.0,0.22487136149614045,2.0031002657874017,1.2079864034200165
1.0,1.0,0.36819161043845217,0.04469691156609734,1.5757454368426556
1.0,0.0,-0.8560697039389104,3.5854356038644415,1.2198076389514274
1.0,0.0,-0.5218596030610338,1.2587510935066186,2.229907033367125
1.0,1.0,0.6905796557078623,1.7474875613411678,2.503651631177498
1.0,1.0,-0.27673695504226264,3.4925116562692065,0.8085256195283956
1.0,1.0,0.7657908235072834,2.9749339487155866,2.3485042942739778
1.0,1.0,0.2531519036695966,1.3855979593385128,1.960605176440719
1.0,1.0,-1.2477795341130444,2.702824746567555,0.5274008904943307
1.0,1.0,0.11879103156438989,1.296674719623018,0.7477283706746085
1.0,0.0,-0.1030479895690635,2.6800451311212496,2.342473710613679
1.0,0.0,0.4843604477932536,2.4410865464072447,0.1380028412041452
1.0,1.0,0.31621908597363974,0.9613182694306444,2.964926161061718
1.0,0.0,-0.37442835833076316,0.4068127313863126,0.7893278912357928
1.0,0.0,0.09692216081837318,0.027086887813146054,-0.23599436067509738
1.0,1.0,1.7061478327476778,2.708454663060854,3.9974005392516903
1.0,1.0,0.9798483741314012,3.295888186615885,3.3064856146968014
1.0,0.0,-0.7886499730977703,2.1419553952437917,0.09130373284606402
1.0,1.0,2.130921449277514,2.139317175661272,3.0989839331352043
1.0,0.0,0.33145552686297475,0.3239142462417468,0.4857740573694626
1.0,1.0,0.9557204987846445,3.4127898137886623,0.23500186719123084
1.0,0.0,-0.1464350988679,3.0279857624669795,-0.010267476331634162
1.0,1.0,1.8458010956373492,3.9166428807513554,3.7641042175541104
1.0,0.0,-0.18104463345171584,0.8807650226243839,0.9480201784137661
1.0,1.0,-1.497823642418145,2.1114104847027066,0.47332502354266404
1.0,0.0,-0.8035362767894145,3.077334676529574,-0.7367489278643435
1.0,0.0,0.02078359951810546,2.3260426296583274,0.20896006973106196
1.0,1.0,0.40770921195705045,4.128964722626127,4.513767761412834
1.0,0.0,0.3294207283015378,2.3664004080118874,1.7476243268366782
1.0,0.0,-0.6275953426002987,-0.44821621003000645,-0.659755672516716
1.0,1.0,1.0811540873592977,0.4555481323800723,-0.0017061148129113857
1.0,1.0,0.48808985422329887,4.262718639688345,2.383355964452886
1.0,1.0,0.6623907908341188,-0.6296103168348748,2.0518421910236513
1.0,1.0,-2.0641287645455675,3.3538559811240343,-0.11571370801495845
1.0,1.0,-0.3800526692601915,1.3387923102231405,1.9939556208811493
1.0,1.0,0.5747693337420212,2.4279422258034753,2.1398153040793
1.0,0.0,0.01851020689373406,4.095863088658341,1.8586293837963623
1.0,1.0,-1.3454447846316324,4.609457521499291,0.504579427519689
1.0,0.0,-0.5307070628279741,2.2230612087234767,-1.33747092584419
1.0,0.0,-0.39865025286077266,1.8199515333642682,0.6287044349845219
1.0,0.0,-1.377508494840618,1.40365026046417,-1.4022261542809085
1.0,0.0,0.8459044532448837,3.6700584997789014,3.3689572848098868
1.0,0.0,0.006342087301024396,2.0346510041242807,0.7649036312711321
1.0,0.0,-1.1974298859479608,0.9426707643877853,-0.8433224905999059
1.0,0.0,2.1514643184837814,1.8427925505473977,3.1147595380158055
1.0,1.0,-0.9368464398511042,1.3719326332768929,2.237657800433232
1.0,1.0,-0.15576423312744198,3.846167976765388,1.9173609568963503
1.0,1.0,-0.980028449929708,1.270449185565115,0.7387483828848862
1.0,1.0,-0.42269711324923165,2.9955902115479898,-0.4823130635301207
1.0,1.0,-0.8390547257195352,-1.0485077916260472,-0.9928705616225827
1.0,1.0,-0.3682285019988331,1.6112216802034323,-1.3221655268295722
1.0,1.0,-0.020826653068550874,2.106334366536687,2.056784802362756
1.0,0.0,0.8067180062078503,1.5743758271334336,1.2616126302858952
1.0,0.0,0.30123944819754433,-0.2159479026013511,0.04606926480171847
1.0,1.0,0.0910277249528135,3.641712158087482,2.5522487940916885
1.0,1.0,-0.7841049243625489,1.9118142921742707,1.6391250309159044
1.0,1.0,0.3144506200254986,1.7852145447423204,0.7623663148125327
1.0,1.0,1.5347972439125674,0.25119267766714914,1.499312050112444
1.0,0.0,0.7650501245453446,1.1819624980276537,1.7457205309010073
1.0,1.0,0.724245883355981,2.0031146212334288,3.0763359034500457
1.0,1.0,1.294239212126398,0.5526331732075422,1.3871091230171073
1.0,1.0,0.5108830373769505,2.4881534890651964,0.7484470700031403
1.0,0.0,-0.32876044598196164,0.7014109419573715,-0.6525516735898993
1.0,1.0,1.1239997848239465,3.789846639895501,1.5959409364560713
1.0,1.0,-1.3171674323781881,2.893839433250987,-0.1531350106637046
1.0,1.0,-0.21580728541862967,1.0359136094514216,2.5599786205355275
1.0,0.0,0.21574843475842634,3.411541971112423,1.5688380419937733
1.0,0.0,-0.3882721009273936,2.4250880750632007,-0.1942206064009111
1.0,1.0,-0.7074281672538085,2.5114487667117658,1.5981270816877333
1.0,1.0,1.0427340956212408,0.5638981610618123,3.873854002456362
1.0,1.0,1.2869098908217014,2.781719160384559,1.55744945840394
1.0,1.0,0.5260184399633463,3.460881432061891,4.513377662440211
1.0,1.0,-1.0129077042895065,0.4648195628422287,2.2660421396224812
1.0,1.0,0.08776103549111586,2.2820246554737964,-0.33011874202630476
1.0,0.0,-1.0455599194056633,0.8573270016359102,1.087398311672385
1.0,0.0,0.0655889095323994,1.389927515951587,1.6839628746834001
1.0,0.0,-0.6865169676590567,2.5168631439836404,-0.5220677590039534
1.0,1.0,-0.4399031963243129,2.7048058722582558,-0.32444118086595575
1.0,1.0,-0.6330250155445152,1.6132518786791379,-0.020701597724641307
1.0,1.0,-0.15474222406953264,1.3260689253243463,0.11893105178597052
1.0,0.0,0.35927795090445835,3.065739369226107,0.6966831759710237
1.0,1.0,-2.422521866878756,0.20821009228162235,-0.6475306191059803
1.0,0.0,0.07017792892126862,1.3064605283717807,0.33856236657887673
1.0,0.0,0.6306421699686438,2.159893061824143,2.397148815026921
1.0,1.0,-0.25152545223505984,1.2978275468849063,0.39390609581576397
1.0,0.0,-1.175694501589765,3.7179333614114327,-0.654727972813393
1.0,0.0,0.26321553876243353,1.1847848376526673,1.3397792512164126
1.0,1.0,-0.13277630775613292,0.9095421917248709,-0.6017386716404667
1.0,1.0,0.3969526678386045,2.9146817906619007,1.919783855031575
1.0,1.0,-0.18953150923787992,0.39072611966001247,0.35503717850960725
1.0,1.0,0.19331056847991857,3.652039395107934,1.432455064739915
1.0,1.0,0.14504333102961375,2.7707768087635425,1.4001132001322216
1.0,0.0,-0.12812838377009994,1.072815595179045,0.47807670858359747
1.0,1.0,-1.448964689698748,1.3055843871756314,-0.5202019165147613
1.0,0.0,0.1798195887266271,1.2815192880843718,1.6276694883364762
1.0,1.0,0.8369246615266129,2.711627280527587,1.6304324606011364
1.0,0.0,-0.03657738971374084,1.455269107511366,1.5356685866942976
1.0,1.0,0.5749653151744168,0.6756136713614704,0.6418036104994361
1.0,0.0,-0.14932245325897808,1.7857838898438765,-0.09698284413119129
1.0,0.0,-0.9869109141529985,2.998441232873083,0.40909634802031347
1.0,1.0,-0.47032452434537547,0.6128612859486642,1.1902046962678496
1.0,1.0,0.278261971908489,2.411880404453555,0.9263127855962616
1.0,0.0,0.0018507589490557065,0.947263692141606,0.38489494524147994
1.0,0.0,-0.31603420045837793,2.979313224700812,0.6564374647219731
1.0,1.0,1.5586285295925744,1.9327392851750924,1.9973176247511533
1.0,1.0,0.14267918536813606,1.5232569917653707,1.7540504944698048
1.0,0.0,1.2915503150088938,1.5164660255312499,3.292400088560389
1.0,1.0,-0.6126762410875877,0.5446754791746358,1.2710955844574618
1.0,1.0,0.10384083256001858,2.703206215571911,1.6910644746458634
1.0,1.0,-0.2568195226617654,1.6494372359678897,2.3878953661508593
1.0,1.0,0.5986204061842839,3.352717134760145,3.0832432296640544
1.0,1.0,1.335973238159843,1.4157965420122935,2.251557902296905
1.0,1.0,1.3198019228616054,2.4955714127957904,1.9609163372107044
1.0,0.0,-0.07637863085634466,1.4216946143926221,1.6306494296682348
1.0,1.0,0.4594380761515645,2.1629112892812765,0.027508147596877253
1.0,1.0,-1.364332602053745,1.7112241375032984,-1.1345838067191256
1.0,0.0,1.4100795010377185,0.7733907966517377,1.9099180178906896
1.0,1.0,0.3002728838651175,1.365702104595943,0.9047851530275347
1.0,0.0,-0.9296902171001757,1.9172779210523048,0.10321142811300998
1.0,0.0,0.6349038329581838,-0.3064958715262134,1.5710816091347972
1.0,1.0,-0.4014681246895464,0.9162207825892223,0.04231935277872512
1.0,1.0,0.24840338025224326,3.3724583148505163,2.8567208267754207
1.0,0.0,-0.07226980347968828,2.4161460846768765,3.4546442296678785
1.0,1.0,-0.8356164187388577,2.6541929450611113,1.5787268823311882
1.0,0.0,-0.06551335288624943,0.5799088615906705,0.7624842120643553
1.0,1.0,0.5493101009198447,2.896269328003184,2.070808695688767
1.0,1.0,-0.6843623150447847,1.460045348002896,1.278153938598428
1.0,1.0,0.4487518635771469,-0.897002713287697,3.608557819821137
1.0,0.0,-0.3609218015576445,1.5980988863620522,1.5556121460718502
1.0,0.0,0.08964603043710417,2.4677190038025625,1.6650175925413637
1.0,0.0,-0.465169345342921,2.300153650331971,0.7405435669782368
1.0,1.0,0.7665297034945299,1.2878557796186039,1.7269333543266707
1.0,0.0,0.5560066265884938,0.6048953133281356,0.22891152353332012
1.0,1.0,-0.3875724993151922,0.6535203788096338,-0.25584486941934104
1.0,1.0,0.3959114693006389,4.129580863287488,1.4894382923897278
1.0,1.0,0.7867654595269458,1.4439466214382304,1.8128367216713126
1.0,0.0,-0.6641679411171836,1.168134576844888,0.5370047235119978
1.0,0.0,-0.7780822624146945,2.9254215371398375,-1.8701919074515698
1.0,1.0,0.04572946352899197,2.239606759186715,2.5126515251476715
1.0,1.0,0.07524771903659008,4.097756001138519,3.0118106315263864
1.0,0.0,0.28589847498606485,3.3679550094136754,2.3251268105126126
1.0,0.0,0.8159598558607004,0.6652062374109611,2.159844939310748
1.0,1.0,1.3032334224254194,1.083878441512732,3.6690006481762554
1.0,0.0,-1.6488767820598194,0.9312346064451853,-1.2104122587010822
1.0,1.0,-0.30935095305731497,1.6948486518447774,0.07306575207771115
1.0,1.0,1.153604527895537,2.425080010496956,2.9809865182984523
1.0,1.0,-1.4266307232497666,0.18116160504021028,-1.4521864783482505
1.0,1.0,-1.3827138910679386,1.4519006178264235,0.2016992792550067
1.0,0.0,2.271131234554944,3.3725556482976984,3.0203137838050083
1.0,1.0,1.604720537494217,1.5303419683205015,0.8421059833741591
1.0,1.0,0.03400957068889872,4.360863606734046,1.0695653258327409
1.0,0.0,-0.7388299493561813,-0.6442965422043085,0.31531184017266184
1.0,0.0,0.915682816967484,3.0277757857768117,2.7123483008839204
1.0,0.0,0.318810965423922,-0.01378402414199531,0.30292600078132687
1.0,1.0,-0.45551345774635565,1.6911295300096358,0.6695678041594575
1.0,0.0,-1.4826958182245376,1.431972951241818,-0.6906856992494799
1.0,1.0,0.5674941488842813,2.7956057676656725,4.0149023835524815
1.0,0.0,0.48628409829905805,2.7997079541481065,3.436135671606735
1.0,1.0,0.9761130507605653,3.959201375149943,3.0762928400553284
1.0,1.0,0.19732868605034135,2.3588572357169997,3.0568948347129323
1.0,0.0,-0.2011035271175103,-1.3814062158991454,-1.1274870235284715
1.0,1.0,-0.5853937110170462,3.5531431697230973,2.5573722456001047
1.0,0.0,1.0653820378400782,1.8379119139650717,2.19614674590526
1.0,0.0,-0.5236695453771663,1.3709635803104994,0.912214493432564
1.0,1.0,0.04883364389408342,2.073446153830755,1.2743917900822632
1.0,0.0,0.27595943362889264,2.837430386083231,0.37144284666232275
1.0,1.0,0.008128236368565061,1.8442505224937829,-1.2990410920943263
1.0,0.0,-0.5537573219858647,1.176362929821226,-0.8094295268242567
1.0,1.0,0.1719124708047656,1.3691764504886956,0.45786429005641005
1.0,1.0,-1.0468699454496704,4.778286491006412,1.1004832104040494
1.0,1.0,1.099079949653604,1.9628268404893914,1.9648852229930078
1.0,1.0,1.3788523887110908,2.071715800951776,1.817715702110708
1.0,1.0,1.3290140863827475,1.7143168777385345,3.1324994924921254
1.0,0.0,0.43119846251999167,0.08852197013936403,-0.5421356299562256
1.0,1.0,0.87714551158246,2.9093751574937414,2.7663361530165873
1.0,0.0,-0.9960975858352991,2.6559261821605387,0.531594021838191
1.0,0.0,1.4084932049220062,2.327039701757961,0.818684227571034
1.0,0.0,-0.631031758673923,3.8520697655124345,1.746481567148218
1.0,1.0,1.1922907086040455,3.9040644875444315,1.3947380703862975
1.0,1.0,0.08379402939070098,2.1912751656810183,0.3670486351413238
1.0,1.0,-0.011127411521056278,0.5159025661505379,0.5658379843989976
1.0,1.0,0.8985647198133309,2.5787014838291573,2.0898946225973822
1.0,1.0,2.4881170736962828,1.737652539701977,2.6052624773930586
1.0,0.0,0.26309155527340555,0.9043953714635613,0.4975689233141441
1.0,0.0,-0.2525177968017187,2.4619625046732234,0.37032992594603986
1.0,0.0,-0.2738668739093436,2.4868414101606158,0.44751330484552443
1.0,0.0,-0.5689046546851025,2.22091439297419,1.4428739440034937
1.0,0.0,0.8628102839421483,0.6508677558608593,2.0574403236125285
1.0,0.0,-0.09421677865025056,2.0288216350854094,1.588817895847448
1.0,0.0,-1.2002076535902502,1.384120564577335,-1.6914709172306934
1.0,0.0,-0.7582852571879292,3.0193470721905085,0.4373684750218193
1.0,1.0,-0.4764043966704393,4.903118531229504,1.4550528178912188
1.0,0.0,0.4010029630640702,2.256910410479028,0.15512472277849065
1.0,1.0,-0.3822285276296897,0.7618522035811905,1.653855837576283
1.0,0.0,-0.02608317629560103,2.415519116447905,0.9352809359934008
1.0,0.0,-0.12084996887413303,0.6777738814691339,-0.8595581254646985
1.0,1.0,-0.22982107870189855,2.262890712102722,0.9173503476685643
1.0,0.0,-0.8250501312972656,4.544766193879207,2.0541752504368205
1.0,1.0,-0.5187063307136366,0.42302834714016324,2.048033096428168
1.0,0.0,0.6007282891181864,0.8199951295614849,0.5272743813263879
1.0,0.0,0.9029718498364048,4.151414060805896,1.3936590043476516
1.0,0.0,0.6653665635291834,2.193700678984346,1.0317735479861865
1.0,0.0,-1.1881002611047278,3.6094067569126844,1.8188624701596814
1.0,1.0,-0.16695439914898375,4.570054166785824,2.7816489876545
1.0,1.0,0.46867432480364984,1.09382818242286,1.720072892630372
1.0,1.0,-1.2046047514822575,1.9172782593507671,-0.5332528193973798
1.0,0.0,-1.3821615187265015,0.8608019930420128,0.7454294732735347
1.0,1.0,-0.7664510485098338,2.17835819054564,0.36887535939953064
1.0,1.0,0.7325862293459633,1.8651862212742114,3.5764787349124387
1.0,1.0,-0.29541413820403517,2.3785843231685133,3.1219144805555756
1.0,0.0,-1.0704162715716388,0.7351077939809258,0.43197953041419174
1.0,0.0,1.4805572186371778,3.497418362260329,2.1893390518569826
1.0,1.0,-0.43335815620325147,2.705690505976932,1.060878898746012
1.0,0.0,-0.3071490693624257,0.9910669292939958,-0.2504994383885424
1.0,0.0,0.9899236537838841,2.55802124505752,2.675286459382406
1.0,1.0,0.9292260573547242,4.777631323316315,1.8861230892887133
1.0,0.0,1.5704008018133746,0.3968116652052791,0.9090354598228816
1.0,1.0,-0.8929007449980962,1.0333708519286866,-0.9793528479915196
1.0,0.0,0.6144194409805893,1.2812179902539333,-0.18782122762804554
1.0,0.0,-0.11042992185797273,3.8476501229352413,1.9999109823887817
1.0,1.0,0.30186475954839936,3.7946817220333204,3.1333018864194973
1.0,1.0,0.3006744941870074,1.5993763554677154,0.9436269983463571
1.0,0.0,-1.838621534355565,3.798473843495785,-0.009360532040825223
1.0,1.0,0.015621945614812838,1.8742595196447662,2.0064143227822013
1.0,1.0,-1.2422032197694457,3.525379761501558,1.3305010597035305
1.0,0.0,-0.19788594353128292,0.06690325247820295,-0.49618588037337436
1.0,1.0,-0.8949172720126575,1.114729805720618,-0.7076152942460541
1.0,0.0,0.023901022179467366,1.8058283660382946,1.1547900184715405
1.0,0.0,0.7020868824222325,2.896358804632396,3.289022878700263
1.0,1.0,-0.6977718435270218,0.23740897862483878,0.12736407980420505
1.0,0.0,-0.702246881531195,3.1452045886838254,2.20004900329611
1.0,0.0,0.5786588966142248,0.14103940380148328,0.925610510791082
1.0,0.0,0.7991380496351554,3.4092688967299383,3.270600522126396
1.0,1.0,-0.013900383763699953,1.0728767821237852,2.2078152103466264
1.0,1.0,-0.019915014471523523,1.2334643200947193,1.9513362702608787
1.0,0.0,-2.5636188195923353,1.3647264281176015,0.72988627142259
1.0,0.0,-0.29242316250475886,3.6105073386186604,2.60810614478509
1.0,1.0,0.5218402601049522,3.6456647523332872,3.450694622758263
1.0,0.0,0.30909675828150873,1.0894702506139802,1.8154030586737977
1.0,1.0,0.393696182237023,3.069434027931913,2.836390025668062
1.0,0.0,-0.9040953291312991,0.9943844854006915,-0.49057582642926434
1.0,0.0,-1.4460657872933713,0.9370692087206934,-0.13187790695320503
1.0,0.0,-2.274838960663502,0.7608889296686181,-1.4746371071360445
1.0,0.0,-1.5422718248808387,0.5264818948817731,-0.3485012762962249
1.0,0.0,0.34798587673168213,3.179981256011473,2.986799971838211
1.0,1.0,-1.3544937606469927,0.896675516454825,-1.384669120310777
1.0,0.0,1.3177795646739325,2.7338850179467906,1.2580454256823153
1.0,1.0,0.9545964319679732,1.5255992753624565,1.8072817002362234
1.0,1.0,-0.0952655517078772,4.140363906033677,1.3146736301683741
1.0,1.0,-0.1407055020537386,3.1689918115746893,1.8560389202184928
1.0,1.0,1.0161887588891523,1.4167592984149748,3.277397777895886
1.0,0.0,1.0999940887732782,2.410432794616213,2.3500955810790303
1.0,1.0,0.972715212256503,1.818631490662984,0.5152160955811953
1.0,0.0,0.05927157998865598,1.4949203021566817,0.8311136974412674
1.0,1.0,-1.0098281150280968,2.565104063731752,1.2407391313388225
1.0,1.0,0.49745706260256495,3.7184809507925474,2.8037188826791937
1.0,0.0,-0.32069072445561747,1.9295358315572104,1.1324141311853202
1.0,1.0,-0.7953748172594071,-0.3717274532696653,-1.0290802058004527
1.0,0.0,-0.8317272089238366,0.12867234466624056,-1.7421427132304148
1.0,1.0,-0.8302377778757762,0.9499840230471615,0.41828926839273817
1.0,1.0,-1.129428797526295,4.353175357170754,0.8463414208547635
1.0,0.0,-0.08094854632644737,5.191538445400965,1.446017665504828
1.0,1.0,0.4595232131718959,2.3408140038909417,2.456259625754167
1.0,1.0,1.5705336375309233,1.0054436047831445,2.230045261397546
1.0,1.0,-0.5166151907542014,1.987193734924766,0.8696924598747884
1.0,1.0,-0.3812749967672311,2.863648290120893,1.0284598498973754
1.0,1.0,-0.7586565482465162,1.5331893917576114,-0.31315720029372374
1.0,1.0,0.8258713794284094,0.768814894602214,0.5890477826597018
1.0,1.0,-0.7535694712186539,1.8294981815542986,1.4550641292723472
1.0,1.0,0.49247621625676563,1.7795139266765738,1.364439299409967
1.0,1.0,0.6517246881962856,1.3757916654593865,0.5958156541349036
1.0,0.0,0.570632184168542,1.5364929728280865,0.7312623088521999
1.0,0.0,1.0538576453212642,-0.6914280919929996,3.465339497387639
1.0,1.0,-0.7432698809156342,0.7918731334950195,0.3423246133838726
1.0,0.0,0.687477641007871,1.4727165956133204,0.4868293627007927
1.0,1.0,-0.3050865107420848,4.141444608054641,1.147257637656953
1.0,0.0,0.04175103433967364,3.2289948309367635,-0.2060579897460073
1.0,1.0,-0.23833774311999106,3.293268770676178,1.0774569828918295
1.0,1.0,1.2161247499533745,3.671322446781942,3.5482908500559467
1.0,1.0,-0.760192462173644,0.18999275582036113,-0.36904356743092337
1.0,0.0,-0.1931917903431292,-0.592357160691553,1.5520955563823993
1.0,1.0,1.618426673861696,2.778931037964219,3.9249879542203656
1.0,1.0,0.7628380684914489,5.329456340682194,3.6075394604366364
1.0,1.0,0.7280979035853712,3.5452313337453814,1.998294188134737
1.0,0.0,-0.8131453140809399,2.8054102150132367,0.8617549695083244
1.0,1.0,0.10336578631830506,0.7744215969943842,1.948143054855833
1.0,0.0,-1.187696920486629,0.16627959268562797,0.554459419679657
1.0,0.0,-1.7488080624272797,2.114624702360325,-0.25949708010455763
1.0,1.0,0.5326430246613183,2.3863885544199563,1.8465122238630198
1.0,1.0,1.276631702765362,4.535931862887214,3.2329175683123195
1.0,0.0,-0.7029344337916249,-0.7817829999205199,0.1254323328163251
1.0,0.0,1.7906173301284631,1.3652054885311862,1.1120162261197337
1.0,0.0,-0.7673634201861579,3.1786299571292753,1.7988900302469335
1.0,0.0,0.38378306289495023,3.3486212545272416,1.250310791037483
1.0,0.0,0.2738267739622245,2.069497278577772,2.9143857666739814
1.0,0.0,-1.3556415297209683,2.943197619257089,-0.9121883703926017
1.0,1.0,0.15054872652488946,1.4783547773818844,1.1569960629114502
1.0,0.0,-2.0957203183554327,0.7350550069117305,-1.197968147739803
1.0,0.0,0.1023390790869151,2.646993688144246,1.570733948452705
1.0,1.0,0.7187236455860724,1.4717896040304255,3.511850453540252
1.0,1.0,0.4377541754937179,0.08355098043566911,0.5709633270729899
1.0,1.0,-0.38103748021875977,2.1700271353173957,2.0280411431052956
1.0,0.0,0.09095893698522567,4.391528037301306,2.0018670335430784
1.0,0.0,-0.5053895308098375,1.5379350324708976,1.7129558580688722
1.0,0.0,-0.5176714282894205,1.0612592028378882,0.01996825287196219
1.0,1.0,-2.4743818232043933,1.9576038872964383,-1.5198495995986332
1.0,0.0,-1.0131201938167025,1.3601169805398685,-0.5496916227803982
1.0,0.0,-0.8879524142401749,1.7962638260000832,1.325851220973136
1.0,0.0,-0.1463320951098565,1.8875580919248465,-0.06969505867167547
1.0,1.0,-2.4344167249282678,1.1766783275818748,0.08856003372413024
1.0,1.0,-0.5108554213448797,4.201922814454701,1.3650361713458083
1.0,0.0,-1.5180088967671712,2.8600689646318105,1.1174257307472453
1.0,0.0,0.8112148201112966,1.5480497498541919,3.4492407076041016
1.0,1.0,1.3156963894493297,1.9966106160582622,3.264413591434144
1.0,1.0,0.7931064996430215,4.2472733647702725,2.7063660968742065
1.0,0.0,-1.399210615552857,1.7229864998400597,-0.45653369713395114
1.0,1.0,1.240982700317347,0.3078832891831613,1.6944731866306042
1.0,0.0,-2.165070963832968,0.6123891722782306,-0.27527469109898295
1.0,1.0,1.0425009682224373,1.5805051213890806,2.593625822961251
1.0,1.0,-0.19035919091932535,1.729351857625077,0.20197951057061614
1.0,0.0,-1.0859745926523132,-0.36808246442525894,0.9798849511494588
1.0,0.0,1.0095543233707405,0.3695390878696121,1.8497392660315586
1.0,1.0,-0.5245468076850061,2.710433379498132,1.4138353086378315
1.0,1.0,-0.28502526346875634,0.07553097474828219,0.47863779295090375
1.0,1.0,-1.7295238829633521,2.337960878009798,0.5675975556719646
1.0,1.0,-0.11840496440837359,0.22805067008519853,-0.12849575810346114
1.0,1.0,0.9857037481340476,0.041557596244117256,2.0797097648295098
1.0,1.0,-0.07252537863917333,3.0010339392685133,2.292323415778334
1.0,0.0,-0.2987479609310837,1.4187824243008293,1.3279446863468207
1.0,1.0,-0.7663469826084027,2.197888263978961,1.2007571260136591
1.0,1.0,0.11264358938104196,0.9724962076800359,1.9450392436381885
1.0,1.0,-0.6735421123685685,1.9361189978052493,-0.21317198602785126
1.0,1.0,0.7142653562427799,0.8625398048018758,0.5523894880536768
1.0,1.0,0.6878579391943654,1.400883975217774,0.8816201419125583
1.0,0.0,-1.4104702262887288,2.6865000168859727,-0.46983824337584423
1.0,1.0,0.009542239027809263,1.5305313988708948,2.3184546760896962
1.0,1.0,0.08848157130509623,0.7696251328461856,0.5289161472907065
1.0,1.0,1.7725758846529873,2.747072648794151,4.3926156079001055
1.0,0.0,-0.2738421621333529,0.39224175372301895,0.6305728421492103
1.0,0.0,-0.3102730683718388,1.3001472555019857,2.189513399410539
1.0,0.0,-1.0537885406569354,1.5311458139993102,0.7679939019829756
1.0,1.0,1.5435558585055114,1.9850138947526799,1.8780362529031414
1.0,0.0,-1.2543252163783074,1.8617932963610757,-1.0244658923880294
1.0,1.0,1.2573849186558672,0.9199020869409056,0.5502584467369667
1.0,0.0,-0.409378714971787,4.973961762491719,1.0502428538900752
1.0,0.0,0.6974835952748866,2.688212986161238,3.8958082361989192
1.0,0.0,-2.484582738500251,-0.110604866175112,-3.1832106707570027
1.0,1.0,0.4855605562560909,1.9326877800936901,2.1924043883191615
1.0,0.0,1.0753508997493586,2.6093683277595847,1.2220684032795828
1.0,1.0,-0.6900816392396575,0.4803528930171055,0.24314658577256992
1.0,0.0,0.8338839784847035,1.331107267056277,2.29079907819517
1.0,1.0,0.08323581339835728,2.66144812636195,2.7580652672748025
1.0,1.0,0.9536015934464359,3.2648136349798067,2.7799263797018288
1.0,1.0,0.6735939770661791,0.6575347354185337,-0.34952298039777174
1.0,0.0,0.6544893796451279,1.1940688060435698,1.0206322711539948
1.0,1.0,-0.6235414986380363,1.268305948697591,1.5171957107318508
1.0,1.0,0.02998807225126765,3.236499244772506,2.9351333859346673
1.0,1.0,0.5406428142459478,1.4888941487101959,2.217341803106095
1.0,0.0,0.5919550865776821,3.2798749349385505,0.6873664555536221
1.0,0.0,0.3062813041709803,2.1508446314070255,1.2196153894909503
1.0,1.0,1.5255174989418425,0.6926051887093081,1.6601672506953076
1.0,0.0,0.11776442096589479,1.8110678589672013,1.7940395979452095
1.0,1.0,0.5237039469947311,2.6618817838413085,1.5874084830942268
1.0,0.0,-1.9062023053995905,2.9288080270257106,0.1502937831773276
1.0,0.0,-0.10255732836402956,0.6360224871655265,1.25003427192435
1.0,0.0,1.5460764721720772,0.3946328560818624,1.8834400837607068
1.0,1.0,0.20940710690148606,1.239812922160251,1.1030958422284123
1.0,0.0,0.5716473123430988,2.502431386244389,1.3754746220251661
1.0,1.0,1.2085015034885778,0.47437319125081334,2.5287702299085657
1.0,1.0,-0.4491774234383786,-0.23411768021986035,-0.09861541546603514
1.0,1.0,-0.13868053201063377,-0.36886391139094243,0.7034629675112961
1.0,0.0,-1.5866748439930858,3.571370768623476,-1.3647635967761296
1.0,0.0,-1.7963233489113,2.286761171954638,0.512240239253635
1.0,1.0,-0.06284374275312814,1.5949571815883146,0.7103217155892707
1.0,0.0,-0.625351412659724,0.9417324031923601,2.09038850643194
1.0,0.0,0.23798708751025985,1.259797624440945,0.731401865648329
1.0,0.0,0.30100347012961026,1.867289645515653,1.8654398294868673
1.0,0.0,0.18029476798924493,-0.8144325434810078,-0.9202712887460271
1.0,0.0,-0.4243301244981569,0.7916390703798442,0.5378215392159534
1.0,1.0,0.21004052689740527,0.20796193833355425,1.9160810455076789
1.0,1.0,2.2977240126569476,1.5554580105545943,2.3315638007448496
1.0,0.0,0.30715224321638307,1.6090806034716134,1.1047608076358557
1.0,1.0,0.7005910000052797,1.8741125539400558,1.51577634026011
1.0,0.0,-1.0944626658142218,1.6858860623513818,-0.8843085966607336
1.0,0.0,0.18740919617756427,1.0154542643043314,0.593094667949793
1.0,1.0,-0.5856816604705622,1.8018127908413153,-0.3473641288774141
1.0,0.0,0.05125893465993103,0.877209275580194,-0.8022151211224539
1.0,0.0,1.6630651683740194,1.575792451347645,1.4381636739583938
1.0,1.0,1.1237985536765034,1.7554180956165075,2.146884772187819
1.0,1.0,-0.5023455859346317,3.174628068202848,1.6290942997799913
1.0,0.0,0.853432448111431,-0.1845626112295664,1.0481719240854814
1.0,0.0,0.28487855800490053,-0.8232116196892367,1.0422235627843077
1.0,0.0,-0.4974782356549956,0.1454438644459406,0.24487086434347194
1.0,1.0,1.882216295603371,2.475884113386376,3.7862169537885557
1.0,1.0,0.7561221937123448,3.140423665095013,4.164260520837829
1.0,0.0,-0.5529287959961056,3.4835955302467605,0.00418026442426811
1.0,0.0,0.30098012809163155,2.6045335911629377,0.954434357499349
1.0,1.0,1.579405482247522,2.516892584234819,3.4247965509835177
1.0,0.0,0.3293866243910528,0.0837249585263673,1.5033897276263861
1.0,0.0,1.0588463546578784,1.074393521383369,1.9461631940274393
1.0,0.0,0.40616483860125874,2.4133991384499365,1.4541201720066286
1.0,1.0,-0.4989113065247648,1.0835396074875856,1.0656552277502724
1.0,1.0,0.16839742820688067,1.6224977199147497,1.8875476458226859
1.0,1.0,0.8705121370364792,2.0458475829103064,1.30462834388363
1.0,0.0,-2.92235572105753,-0.7746601521449987,0.344987072666892
1.0,0.0,0.2515326091740761,1.6814528954252195,0.16083666661693874
1.0,0.0,0.2738153295151412,4.0152051828462945,2.0728614672373498
1.0,1.0,-0.5752820602533931,0.7429405378790874,1.6686264821072423
1.0,1.0,-0.26497406270175433,2.329585363289152,1.8671642644639035
1.0,0.0,1.466873283609724,0.455468930664501,2.7824274812473857
1.0,1.0,1.2338662532721734,2.5247469556951554,4.145038736534586
1.0,1.0,-0.5650523615277976,2.0097099906505465,1.593072414274066
1.0,1.0,0.57044123248774,2.7527779887150303,1.8521614987273032
1.0,1.0,-0.3434236294510181,3.2223845175419346,2.2177133529963715
1.0,1.0,0.0988381345845658,3.0918301862173863,1.5787202195337349
1.0,1.0,0.4066640843396778,2.7110498605648585,2.3035333732032788
1.0,1.0,-0.883905128663602,-1.6559544057521918,-0.11163533698502032
1.0,1.0,1.0839516806026235,1.0869183172653156,2.4118362224280854
1.0,0.0,1.4257578216639715,1.6785275421933616,2.488222468609989
1.0,1.0,1.5585667957912879,2.712075297577476,2.497407232773742
1.0,1.0,0.19242567833648747,1.6412109976004121,0.5743436528229853
1.0,1.0,0.017174496913377357,3.2138680092117484,1.749605925138919
1.0,0.0,-0.25781915276816214,1.3370718872220841,1.0849396225489882
1.0,0.0,1.2481822852256959,1.5851325091311774,0.4816062983695619
1.0,1.0,-0.6382965906547513,1.7949716315532322,1.07702408569766
1.0,1.0,-0.7805421492527804,2.2956778189599065,0.36790520301426477
1.0,0.0,-2.343325568346616,3.255690037523393,-1.0284496701399626
1.0,0.0,-1.2178380341189399,2.983588791408874,-1.3988153675041142
1.0,1.0,0.6234979591200139,1.513307480807734,3.1051362886678144
1.0,1.0,0.013883221378462651,2.453312254898945,1.2985911101390442
1.0,1.0,0.2786284127504631,1.0640587091021785,3.412432199717431
1.0,1.0,-1.2738426770220663,3.5212148763663658,-0.5177064097744242
1.0,0.0,-0.044932264550885614,0.33265434518606307,0.5713259790908118
1.0,0.0,0.7437021030366013,3.2702061006795606,3.19411932357228
1.0,0.0,-0.17395117724214726,2.438299403007116,0.24438972671698955
1.0,0.0,0.010655081834630764,1.1305546224683658,0.8488212846725581
1.0,0.0,0.461105160772027,3.1139233390959777,1.82727582202436
1.0,1.0,0.17858945483530822,2.8409414886447766,2.1984028360091887
1.0,0.0,0.41957594807009835,4.805512586063945,1.0091227283014415
1.0,1.0,0.30575733743650485,0.9120295072355964,0.48953931613505286
1.0,1.0,1.058539353141658,0.756092156616065,1.5974686383468324
1.0,0.0,0.12111516859345511,6.387404080698051,0.03438466016172814
1.0,0.0,-0.8508720970200248,-0.8693393821351272,-1.9249895247554891
1.0,1.0,-0.6855911474803147,0.5500228469374677,0.6560746491271082
1.0,0.0,-0.2961646951564593,1.2248654945746535,2.4657186305954837
1.0,0.0,-0.6345314921159814,4.010428973295476,0.7161699957131884
1.0,0.0,-0.23616223245305565,2.5438726059455763,2.896965569689473
1.0,0.0,0.1850225525286201,1.5315028002151512,0.9663628400452677
1.0,1.0,-0.6856344790282439,2.2722367157872996,0.7716327079445643
1.0,0.0,-0.5175557362131624,2.2866106001359077,0.663597581013147
1.0,1.0,0.028566529535890547,4.431289885591029,1.5800293514537818
1.0,1.0,-0.6502699904145818,0.9924439746882701,2.0514767755416488
1.0,1.0,0.9679625274415173,3.401545313675766,3.037673777102677
1.0,1.0,0.6873987996817685,3.5086542955736757,2.1023974973713546
1.0,0.0,-0.5651018961460397,1.0964985117455743,-0.6662468170145008
1.0,1.0,-0.44020218914851694,3.1061101075107653,0.9560456882166057
1.0,1.0,-1.2830973090571665,3.350578495127677,1.6414860732404875
1.0,1.0,1.3290447193946902,1.774793386719867,2.3428001545227852
1.0,0.0,-0.7312126479998459,2.7755379564245173,0.2533951747560365
1.0,1.0,0.3396565607301838,2.8661915763384753,2.8225893316390627
1.0,0.0,-1.8937244825108188,-0.2100062476649447,-0.6957828009323017
1.0,0.0,-1.6248625010769133,0.2571951420276686,-1.1117728197917256
1.0,0.0,-0.5015284193700407,2.687614047899653,1.5530711382885893
1.0,1.0,0.7279661029198341,0.05802591081675579,1.9337096914618124
1.0,1.0,1.515038202229803,2.1161124179075435,3.8620136329975905
1.0,1.0,-0.40812740531682795,4.419923951250115,0.789130394459618
1.0,1.0,-1.1030773523432786,1.4756305583344491,1.7411731541674786
1.0,0.0,-0.9280325107632998,3.582241921625867,1.144472429795298
1.0,0.0,-0.31250213918217423,1.5498420651637412,0.2225805633833633
1.0,1.0,0.40736771724293436,1.8522502608230051,3.131247473952893
1.0,0.0,0.09196702362208731,1.4655329432518203,1.124253682780316
1.0,0.0,-0.027789585409593143,0.41796769663478206,-0.2152067192739554
1.0,0.0,0.12977659797537494,1.612750958308047,1.7470243797104754
1.0,0.0,-1.3711739902650755,2.314433074346298,0.8002229187293477
1.0,1.0,0.953101957824113,3.359668981028764,3.1804770852393656
1.0,0.0,-0.06117440983632849,1.8173943016919967,0.8743559515889298
1.0,0.0,-1.057935733347267,1.8366830888307635,0.20857923474698462
1.0,0.0,0.6588298212093152,3.643484166983664,1.6719917495484482
1.0,1.0,-0.7404842961116581,1.9638869294672545,-0.5337647637010866
1.0,0.0,0.5063262161707534,0.5932102911298804,-1.9513485095233538
1.0,0.0,0.6960412347372829,3.209646580920671,2.2614509221619046
1.0,1.0,0.5875329865097738,4.4984072749772555,2.361324985525551
1.0,1.0,0.8832822005857539,1.0741423052660088,1.1808489100147481
1.0,0.0,-0.23379529532278462,4.2224283660198365,2.0038595731273423
1.0,0.0,0.8566740370349598,1.8234364749845744,1.488252446516133
1.0,0.0,-1.2394634218246146,3.098629338224081,1.8262358203343962
1.0,1.0,-0.0009365294323268603,1.781985868611473,0.9803776792959777
1.0,1.0,0.4145062146489633,1.476898588972297,1.8055370102509543
1.0,1.0,1.6524951542717596,2.710934145957624,5.59102154376998
1.0,0.0,0.1352010543787804,2.7483212431325343,0.21353706842182607
1.0,0.0,-0.04275299276497466,0.2506919062736068,-0.9425343620284423
1.0,1.0,0.05179571562220414,2.6231523001476758,0.5283684946057758
1.0,0.0,-1.301584816312344,-0.6134633002570693,-1.022545340477486
1.0,0.0,-0.83435222682591,0.6675278672700603,-1.124104846621255
1.0,0.0,0.786501918401461,0.8329059104753228,1.593652440222682
1.0,1.0,0.6126718332099834,2.690836037517359,1.3793201962351762
1.0,1.0,-0.864445719147709,1.5798685095674028,0.7848421997990964
1.0,0.0,1.5953815955361386,4.484870466568395,2.915227306043741
1.0,1.0,0.9759608707505827,1.1969558310161825,3.112565572551809
1.0,1.0,1.1684525470884688,0.41428134929593474,2.243475306036208
1.0,0.0,-0.23897599096997757,0.7374254807949969,-1.7064076085921123
1.0,1.0,0.10390028750629343,2.2815713479397948,1.330290123088899
1.0,1.0,0.8460488685456734,1.8589335949376014,2.1102740916989347
1.0,1.0,0.7865100306240181,5.294656968692596,2.8872167978151246
1.0,1.0,1.4564167334161842,1.0596007890375818,2.0926148267527886
1.0,0.0,0.11181064800659667,1.1056987562338916,1.645404548388096
1.0,0.0,-1.3867367853632564,2.7484876169219987,0.34213585507506616
1.0,1.0,0.9998872492497443,2.888893389545152,1.8079775065099053
1.0,0.0,-0.06624054728491194,2.885599642896655,0.17804263853722524
1.0,1.0,-0.3638439598865501,2.8887674386899254,3.331624719605273
1.0,0.0,-0.6667922734900036,0.37057405376686403,-0.5130751766071864
1.0,1.0,0.311742668924349,3.054726359448332,1.599061644326838
1.0,1.0,0.07813661748391709,1.4346439122448982,0.22856791566693735
1.0,0.0,0.18585205639393795,1.748839376337676,-0.06532823032687496
1.0,1.0,0.8598344184189516,2.4437441964170383,2.675851112836637
1.0,0.0,-0.2915102445325966,2.632573890229809,0.7772529649415685
1.0,1.0,-1.191069971548419,2.5633085282897325,0.777614079007466
1.0,1.0,-0.25676993244790464,0.4165450382111122,1.153692769900228
1.0,1.0,-0.38089326340902185,1.0749720426908818,1.7174468893607764
1.0,1.0,-0.4212086272575726,1.437391192894888,0.5632139484355798
1.0,0.0,1.646249107202148,-0.1864852612002572,1.9765063130554543
1.0,1.0,-1.45942858820268,4.942414833279184,2.2251753356726933
1.0,1.0,1.0548828132099006,0.42464157564333904,1.2659610382882212
1.0,1.0,-0.8458652690903439,1.6574125361788892,0.26384155357138817
1.0,0.0,-1.312221927904016,0.4599915760296922,0.3572860620314578
1.0,0.0,0.25529630939775105,2.4303745095545577,-1.8981284371426295
1.0,0.0,-0.580473995482832,2.5912950636560828,-0.43186523564004964
1.0,1.0,-0.4157430902869065,1.0925602913198764,1.4649427960858044
1.0,1.0,-0.044307832179648315,3.574102528800252,1.9572765639117298
1.0,0.0,0.15107377283019788,-0.2929508549972111,-0.9480062224296263
1.0,1.0,-0.717328388478092,2.5282892842905227,0.8586153383972449
1.0,0.0,-0.643152025989008,2.8097546060034895,-0.34159401568979153
1.0,0.0,0.7235776241889187,2.7296212033854506,4.230567227715554
1.0,1.0,1.5374746069592136,0.7958021117277956,3.5960044264888644
1.0,1.0,0.5628982897417227,2.2262794494938873,2.460485321969786
1.0,1.0,-0.9397437034557904,2.1462960160963545,0.18176197504910785
1.0,1.0,0.07845365517117636,2.920429101150176,1.8875503266400637
1.0,0.0,-0.5642429571631192,1.997964994350279,1.1288437538110876
1.0,0.0,-0.1153697094714318,4.128671396822057,2.653916853923409
1.0,1.0,-0.06549245154992528,1.1585609127062673,1.0592087903878793
1.0,1.0,0.5552328999110722,2.5044451676104957,2.528008486752763
1.0,1.0,2.2346421806737315,2.6877101799082106,4.542126901296955
1.0,1.0,0.9030047548773488,2.6703365124961325,2.8016146099450787
1.0,0.0,0.9042405367424144,1.184264693479054,4.169220563014962
1.0,1.0,0.4459391520914838,3.200770619323199,1.6234296390654879
1.0,1.0,-0.6172627174665093,0.6616362458478309,1.9958650650952394
1.0,1.0,0.7308290362585422,2.872834191468579,2.2413124488942917
1.0,0.0,0.18068944656526076,2.1216759323077867,1.813315441255766
1.0,0.0,-0.5864727943646003,0.6091805698837685,1.5504526151448574
1.0,0.0,1.331351449667318,0.31696611342457803,2.592338666394274
1.0,1.0,0.16565615775611875,5.325067182537959,2.9344687014239756
1.0,1.0,-0.8946247822625382,2.8008126082123823,0.7931160528022164
1.0,1.0,-0.6952452309456749,3.3014365379245496,0.37747974328712564
1.0,1.0,1.661114883857295,4.7902212361820915,3.3493593774464157
1.0,1.0,0.5077659129156299,2.5069252336394103,1.25226929385333
1.0,1.0,-0.5036388378439092,-0.38309378226314394,1.072464719765537
1.0,0.0,-0.6625282308185707,1.9445421461818824,1.0241142127511673
1.0,0.0,-0.3098570460949083,2.333734995849464,1.2767752376443797
1.0,1.0,1.2553712200481368,2.396469143523353,3.181562990851882
1.0,0.0,-0.43740060977862655,2.1336425368482907,-0.3650253612204135
1.0,1.0,1.1068260487856858,3.1888885960606532,3.5563160064266843
1.0,1.0,1.5177058906997014,-0.6042608200741135,1.6685502678841548
1.0,0.0,-0.5748813698311106,0.5512046759668889,-1.3035368637971434
1.0,1.0,0.23010885695659505,1.0628546064403672,2.6730664116657605
1.0,1.0,1.1689947695662832,2.468675160545639,3.4183395567104813
1.0,0.0,1.0300806115809868,4.409922746207279,2.601491500434225
1.0,1.0,-0.5696586931849825,1.7419050443656914,0.466021747484175
1.0,0.0,-2.649782983075191,1.9360911935972767,-1.530416508955824
1.0,0.0,0.09260391990642076,1.0919270860300536,1.8980391283675786
1.0,1.0,1.0720369289859488,1.7843894091858208,1.6007083678409748
1.0,0.0,-0.5948737275182412,3.607859910114087,-0.7114526563127113
1.0,0.0,-0.9876843752610112,1.9130825365081887,-0.009902653622070545
1.0,1.0,0.4717527006740122,2.4048809160266176,1.6827270460530876
1.0,1.0,-1.721373321138086,3.748601202942638,0.16361913120649108
1.0,1.0,1.0352997071074848,0.606578097986417,2.478461106674315
1.0,1.0,0.5914779282222787,2.093700348621148,2.168369344701783
1.0,1.0,-0.509374297004738,2.3755907415781103,0.5580100070564393
1.0,1.0,-0.19697021227643374,4.29777429265655,2.9046577376079687
1.0,1.0,0.36952063942015845,2.391452954184652,1.4422485011377015
1.0,0.0,-1.9763898850287405,1.9410194103897327,-1.5481012712515716
1.0,0.0,1.2362342196579101,3.256289859087812,1.3487861586523961
1.0,0.0,0.47046509454117225,0.8016507857197563,1.3519544001133512
1.0,1.0,0.7250670175906884,2.2055660347431263,1.153275769411536
1.0,1.0,0.5442584314641128,2.295619364602158,2.719939298815591
1.0,0.0,0.8241850745905929,1.941998829622531,1.556579937820912
1.0,0.0,-0.5355738808121958,4.208349131866617,0.7623369944189442
1.0,1.0,1.2437385228730524,0.374412613997116,2.891126791883181
1.0,1.0,-0.2953349639552364,3.312057341097898,2.4007586619042187
1.0,1.0,-0.8569253528824954,2.3795102272331468,1.1131479479300013
1.0,1.0,-1.4413862155737325,3.5237645977266783,2.177395081662983
1.0,0.0,0.048155642401918136,2.658323803693664,3.896470063631914
1.0,0.0,0.10063590169335818,3.00174401747802,1.256889648572664
1.0,0.0,-0.6210159696086065,-0.6150170386151457,-0.39569503178408516
1.0,0.0,-0.6294915445692191,3.0835231429965146,1.7285014247489907
1.0,1.0,0.5916029784274134,3.0711394542855537,1.923844111101973
1.0,0.0,0.7477940966040113,1.197078965085319,0.4630908464401994
1.0,0.0,-0.1916254698145749,2.214445758100213,1.1270153159047702
1.0,1.0,-0.26228802866375633,1.3344264460669941,2.1145895502808747
1.0,1.0,1.617579980489598,1.4076902756632128,2.3149161292665665
1.0,1.0,0.267490256120543,1.6771179352101029,1.6812963097409013
1.0,1.0,-1.4795051855491972,-0.20603782217414324,1.430567357190479
1.0,0.0,0.8416224718597859,2.9606134608614543,2.3679886000396895
1.0,1.0,0.8347383367767832,0.2039982742155646,2.8310555480111024
1.0,0.0,-0.4764573220708216,1.5623430391457171,0.6280080381001973
1.0,1.0,-1.8869870581059676,2.652072173152355,1.606939393149209
1.0,1.0,0.777412951756264,2.929052929048972,3.2327646372574472
1.0,1.0,0.12131579974652457,-0.9522943391935312,1.0786436116689622
1.0,1.0,0.6850068195692596,5.15122532682255,2.371107301409171
1.0,1.0,-0.9222004140943144,2.6319256373987123,0.678998307734096
1.0,1.0,0.7165359370741146,2.254703933203242,2.585236023793344
1.0,0.0,0.9278391150236242,0.6908930680820109,0.43666034803564946
1.0,1.0,-0.7842763232494896,2.8164891642324896,-1.3556732077510345
1.0,1.0,-0.6482551649191933,2.504189817483057,3.5628739183952867
1.0,0.0,-0.18637212726636546,-0.9760780224572845,1.193246720966821
1.0,1.0,-1.1177435493829528,2.5879206062333613,2.1108832933607555
1.0,0.0,0.14267083749246207,3.6749041469186627,1.079374773340252
1.0,0.0,1.2891586186781538,3.3112214884498647,3.383881718396286
1.0,1.0,0.8873377387499297,1.6080377253219469,0.19689317259227535
1.0,1.0,1.2552870257801212,3.506195752879835,4.499730063911735
1.0,0.0,-0.6805045797699586,0.9271261292647592,-0.5456193117141993
1.0,1.0,-0.11699371833826128,2.9726091790555405,1.6382796761644702
1.0,0.0,-0.4678252959788676,1.473114084997654,1.190910192449707
1.0,1.0,-0.9496378320909159,2.0672225231954044,2.793178117586832
1.0,1.0,-0.6225182166283423,1.1489636789995143,2.495841657022826
1.0,1.0,0.4582962973670581,0.4619180185907159,-0.27487576122799284
1.0,1.0,-0.23775376868977136,1.170156031681997,2.3213387028865062
1.0,1.0,-0.056521154248313055,0.9506160133886232,0.183642067019542
1.0,1.0,-0.909656578657743,2.3711894376050244,-0.8208473536335793
1.0,1.0,0.47513780336206085,1.5503238999283813,2.1930801067916437
1.0,1.0,0.17632576222660834,0.5711718596329061,3.0372887130981527
1.0,0.0,-0.14858928572937796,3.1541911297340164,-0.9446241720412734
1.0,0.0,-0.42941404365946384,0.07681756534755468,0.12663823120903467
1.0,0.0,0.37638149331097015,2.1232139309342424,3.271539836861787
1.0,1.0,0.3693239025565382,0.2788661516529447,2.198736494623006
1.0,0.0,-0.4531375966008748,1.7885008909137976,1.6590627724839146
1.0,0.0,0.015556224672447772,0.6862974485442587,-0.14705888229471387
1.0,1.0,1.4472164879331997,2.0281194594744956,1.2599614220574427
1.0,0.0,0.9798130409081476,0.5696736536894069,1.7270727366053162
1.0,1.0,-0.058355595190074494,4.866587242760393,2.8723409372614412
1.0,1.0,-0.9903327181894288,1.6170711424696584,1.5253045743554945
1.0,1.0,0.5365588458938512,0.5109873618417742,0.8998338370826239
1.0,0.0,-1.1903470134618808,0.8708641408702447,0.3453778097794335
1.0,0.0,0.5352808355690493,2.8899948775922804,2.0628949853320635
1.0,1.0,1.572773263669109,-0.40382888131338124,1.4819591736744537
1.0,1.0,-0.4095807653467374,0.7554512620163023,2.2788687670432264
1.0,1.0,0.953059249301937,4.593383122559354,3.0994440627581006
1.0,0.0,0.75172424257076,4.044115164995419,1.365677972277756
1.0,0.0,-0.7325452944314419,-1.0886997165609664,-0.5976820154187064
1.0,1.0,0.20147701722073125,1.4579421580608973,-0.9458444840335569
1.0,1.0,0.7183473939864484,2.5527526743900077,1.5543388103746731
1.0,1.0,0.620220934427302,2.278602973375255,2.844618859175796
1.0,0.0,0.7680588692612728,0.9970214118576706,0.6145139103504166
1.0,0.0,0.5598487939077641,3.3794439225178983,1.2252723280843263
1.0,0.0,1.34401473208783,2.0094359532143966,2.589510068674391
1.0,1.0,-1.036214463526409,2.4030638052847424,1.8803079764739756
1.0,0.0,-0.5342901915555145,1.9468726252797135,-0.9444646496175195
1.0,1.0,-0.20342377696315395,3.1965516035918577,1.90410618083233
1.0,1.0,0.06835053500027505,2.540073606027945,3.1993350550233766
1.0,0.0,2.2906674257640747,0.8936688689261698,3.044394139966497
1.0,0.0,0.6335834394046276,1.3228129545927625,1.9899322438631775
1.0,1.0,-0.016368432397904864,2.9051729711595673,2.679373496011247
1.0,0.0,-0.4742583359507875,2.5924286255055895,1.0346288511428285
1.0,1.0,-0.21069281600963044,3.19524855434414,2.130929352826216
1.0,1.0,-0.9151865977100224,1.6330066884858245,2.2361451464387656
1.0,0.0,-1.235424215104038,0.5466555003601292,-1.4390308959621176
1.0,0.0,-1.1513517238807804,2.0438766274540123,0.25423431438970767
1.0,1.0,0.076251335133592,3.5199322183171864,1.7561591592186188
1.0,0.0,-0.4727636902899389,-1.3510357152973271,-0.7993950391418405
1.0,1.0,-0.7201090819884954,-0.306774732791784,0.037616907372137964
1.0,0.0,0.8515380359090898,3.859203015613419,1.7423220747124908
1.0,1.0,0.6706897810720014,4.444281295049831,2.000515440562317
1.0,0.0,0.25810187361765746,1.2471407785104784,1.3570453081554028
1.0,1.0,0.20303906979248326,2.19697041418652,0.3586923936291808
1.0,0.0,-0.7196644200503723,4.447874727392983,1.8943345595669938
1.0,0.0,-0.8481040968364395,1.240748189143555,-1.1687603017933201
1.0,1.0,0.08553621326449734,-1.194326879167094,1.8843078264573714
1.0,1.0,0.6437828631522251,2.931328283113379,2.906682678445524
1.0,0.0,0.20747623441040897,2.833084610948424,1.9510227700740792
1.0,1.0,0.6678433724420956,1.9065778167689968,2.1616497736172113
1.0,1.0,-0.9593948962586447,1.5304295154380467,0.18723698286474122
1.0,0.0,-0.2580870745106439,1.5581682135482904,0.4634067486533359
1.0,0.0,-1.0000446775989196,3.0944613780255144,-0.07281698507042533
1.0,1.0,2.2350539903929496,1.089709158515862,4.033874417483848
1.0,0.0,-1.2364068826563432,2.3914265456695305,-0.7816227148030889
1.0,1.0,-1.0400711764313861,4.814564701243103,2.1541400279179914
1.0,0.0,-0.5804012862182926,1.0050871974109266,2.11670800374445
1.0,0.0,0.26970568704962733,3.144219206750932,0.769528171093969
1.0,0.0,0.5897375782472407,1.4566033293006315,1.4196597531293145
1.0,1.0,0.6048208028823011,3.681422707794596,2.0871917062738987
1.0,0.0,-0.4674972253269982,3.6774438318233162,0.819461624297569
1.0,0.0,-0.5125445255889368,1.1295285131578208,1.889037736671355
1.0,1.0,-0.5335043984953176,1.2068944858808184,0.790668222544118
1.0,0.0,-0.4279768161899613,2.647184328068701,1.0986084336782589
1.0,1.0,0.30102021544160124,3.8536076888669246,0.8714780340755641
1.0,0.0,0.1854984378875283,1.1434445235460524,1.266379570857454
1.0,0.0,-0.08419492924743023,1.923695772980687,1.2284010285513087
1.0,1.0,-0.363680670566242,1.8591642125675762,2.10804644146947
1.0,0.0,-0.6325012758712066,3.3218024659763215,1.0712916341915104
1.0,0.0,0.2646059700652222,1.7919440324565354,1.9328954039088138
1.0,0.0,-0.07251490626559848,4.0088956567475815,3.0115409399732895
1.0,0.0,-0.5402193421460566,2.4595805263808534,-0.25806770482039154
1.0,1.0,-0.8298717839504051,0.9030106073571738,-0.7315576402182222
1.0,1.0,-2.381357041940206,2.1639821415357265,-0.8508463927045206
1.0,1.0,1.2588919757556705,0.7578018146443797,4.657643112909112
1.0,0.0,0.19769089736290332,2.4554751929453515,0.0028206940665951308
1.0,0.0,-0.438095674911059,2.5002212668110966,-0.5140169144492205
1.0,0.0,-0.521915481150171,4.269959672672263,0.33417127189039364
1.0,0.0,-0.3601411176370323,1.4172255857266425,0.9894693765093489
1.0,0.0,-0.30049146611326566,1.4174191519425898,0.3155900252970365
1.0,1.0,0.7802431105921854,0.891819056864021,1.083769874781014
1.0,0.0,-0.1797085909965536,1.9194738862573884,2.4101854847213966
1.0,0.0,0.20097390617523903,2.543518138554124,2.9822409392999187
1.0,0.0,-0.3992110614650167,1.0503757830837448,1.5793412947608139
1.0,0.0,1.2047732135433875,2.295141073714778,2.6376156336603147
1.0,0.0,-0.4432460394780072,3.3543411600915407,1.1842830380274876
1.0,0.0,-0.2891096364022591,3.3981998509026456,1.5082322969261743
1.0,1.0,0.0008841373798922636,1.6746627670918757,1.1280589171410196
1.0,1.0,0.394254710865317,1.702661999564869,1.2707033416596654
1.0,1.0,-0.9892921971011085,0.17896371330103023,0.2979130525951327
1.0,1.0,0.16039103276318856,4.189095516483549,1.3964139833367044
1.0,0.0,-0.8291009662325393,0.22504746806362186,1.096431659199776
1.0,0.0,0.37131651667436644,1.2142393492565642,1.3845431014716905
1.0,1.0,-0.03477247906844917,2.7440055395525422,-0.21453254724097537
1.0,0.0,-0.9091999415728632,1.1931573298311107,-1.0228394650559198
1.0,1.0,0.1781354786100403,0.5677627122128353,0.6046652900204782
1.0,0.0,-0.23162761856307215,1.185435147142303,1.3044111819270077
1.0,0.0,0.04355785880912283,3.841413306671635,1.1080681822102583
1.0,0.0,-2.2273044231704966,-0.40227641129524216,-2.659690662566372
1.0,1.0,0.7493274669651697,1.5216918466131886,1.8626645138171456
1.0,0.0,-0.7799839566031593,2.315938786624791,0.5105987060141799
1.0,0.0,0.3439425858496113,2.182590260522357,1.0090900491093517
1.0,0.0,0.2725275304438461,1.4391197233565798,1.4224527003721792
1.0,0.0,-1.7063272315204716,1.7121747494725919,0.3314009689171567
1.0,0.0,1.034838229917544,2.0413450660545442,1.033093683382437
1.0,0.0,-1.446267613563995,0.9429766174011691,0.34228287169558036
1.0,0.0,-1.367473446923324,1.6493262077338813,-1.394982433580573
1.0,0.0,0.2653730513614536,1.305839433724481,0.20703952664020508
1.0,1.0,1.0823321797096472,1.0906784203764002,2.616327918756935
1.0,0.0,-0.9546930820074988,0.9345786112532866,0.10486683082757142
1.0,0.0,-1.0758123946120943,3.3102402543088587,0.4024214717872043
1.0,1.0,-0.5612570667397514,3.5212622776809654,0.361163803139686
1.0,1.0,-1.3427817480408082,3.58366791381809,0.858855365280747
1.0,0.0,0.785190197762567,1.961487089599373,1.017453550464726
1.0,1.0,0.8988985561217837,1.4457426898097736,1.862919123726304
1.0,1.0,0.2620349548543515,2.685828925631326,3.048545367873488
1.0,0.0,1.5459144882249987,0.8933675581270459,0.9387432299461158
1.0,0.0,-0.6461547291094768,1.7744207604821274,2.1603020524907586
1.0,0.0,-0.9396748840916427,2.929074098959374,0.755799489863908
1.0,1.0,-0.7622690420925697,1.8747975648782207,2.389964307344533
1.0,0.0,-0.7352570685301079,1.651443332404271,-0.5605039062091526
1.0,1.0,0.7902885683904014,0.49315778628644713,3.890815596520965
1.0,1.0,-0.3204286120949009,0.23379252962274233,-0.25763429723125597
1.0,0.0,-1.0991536472085301,1.1090513556723716,-0.005439578840917621
1.0,1.0,-0.2696785500234873,5.146693134951949,2.0221358097811266
1.0,1.0,0.5193762037215452,4.7962349338602905,2.4719868122690793
1.0,1.0,1.0174117363721833,-0.5644493519700626,3.800627577145752
1.0,1.0,-0.6536571787782826,-0.055084850110365347,0.36075311410919364
1.0,0.0,-0.44392967353109636,0.9428766305264396,0.46548631013850256
1.0,1.0,1.421550875470234,1.2973942416383035,3.1931710514416327
1.0,1.0,-0.7260693016072416,4.462779097960037,2.159788101539284
1.0,0.0,-0.4199002698275258,3.0881317514258892,1.0204680447749148
1.0,1.0,-0.9209429257036613,3.8764032587216626,-0.25934907481827274
1.0,0.0,0.05869317220034016,2.8949810588060485,3.3696900071052536
1.0,1.0,-0.6165036011892441,2.8882062068246155,1.4557173316718721
1.0,0.0,-0.29923254132486027,3.464237392465269,2.131090587191439
1.0,1.0,0.23594703847280335,2.1046899991494845,1.9497879515262926
1.0,1.0,-0.6574818301384527,0.38070995877924174,-1.1328916113182854
1.0,0.0,0.15976321063551924,0.2395415726095096,1.5884363650709805
1.0,1.0,0.73843764549404,-0.674598442649589,1.5164071109831028
1.0,0.0,-0.6736040325585849,2.2943709473845475,1.1228115717237581
1.0,0.0,-1.0862901947836392,-0.7109271982471197,-0.2131632236386673
1.0,0.0,-0.1588150114935064,2.5539567855778436,1.6840555106856823
1.0,0.0,-0.4791047265562265,3.0529079228717784,0.04407116205221229
1.0,1.0,-0.3325488791397813,2.0493823523202574,-1.3653824502840846
1.0,0.0,-0.9703993244651764,1.0329865093110657,0.9680924282141008
1.0,1.0,0.06131223188206128,3.610147919237583,1.3202895798614664
1.0,1.0,0.6737010508197221,3.4647475514295527,4.454965188167417
1.0,1.0,0.7361097739349044,1.7303670785098946,1.1738883743818695
1.0,0.0,0.5360505860029378,3.6512559121363175,3.219982874352173
1.0,1.0,-0.07559216226208432,3.3708352940092716,3.782988266253832
1.0,0.0,-0.3501170314908422,1.5966556128218339,0.7301947403133345
1.0,0.0,0.9569808982171654,2.2473672275914125,2.82644078442663
1.0,0.0,-1.0813241815265253,3.78044091517647,0.7137979514989565
1.0,1.0,0.15035771009788487,3.6414754871607498,0.36928358924833504
1.0,1.0,1.6835821872799017,2.3092248312010666,3.090054728727156
1.0,1.0,-0.7866843840304156,0.7748141137049991,0.245282456282507
1.0,1.0,0.6671879811453532,3.014361948123205,1.6336585675751367
1.0,0.0,0.5439721101437542,3.7008406395241766,3.747616557503759
1.0,1.0,0.0265804049758962,1.5672439756346825,-0.7701895981553657
1.0,1.0,0.3030417722939772,0.382032236203911,2.3288207717574876
1.0,0.0,0.3495242100754814,3.3297820072993316,0.7563025690362871
1.0,0.0,-0.4253884013984678,0.8339371904739195,0.832519853404331
1.0,1.0,0.8913250752757091,4.9896153622674095,2.2099795842107435
1.0,0.0,-0.004465483433814754,2.199129296982487,3.1740697945588034
1.0,1.0,-0.42636899723622046,-0.4792867362680444,0.9182779240020225
1.0,0.0,-0.7473086168967035,2.26668011768024,-0.27323315413640037
1.0,1.0,-0.13059423413791613,0.7014446407415049,1.9765897400987162
1.0,1.0,0.03705000892307922,1.8965989105683176,1.4050570156461581
1.0,1.0,1.705178837931845,3.013401904853441,1.8899815226635004
1.0,0.0,0.786721166298171,-0.22027690060973404,0.33443516660673867
1.0,0.0,-0.8141714074692046,3.907144617642512,1.7869580284915787
1.0,1.0,1.014939652069665,2.468879043547584,3.414740809041792
1.0,0.0,-0.45446370672207137,1.7348954620440993,0.7248305438357474
1.0,0.0,-1.0300939021866156,2.361778080041118,-1.2865778227152496
1.0,0.0,-0.26841583371154665,1.2871298331905645,1.0133542050401283
1.0,0.0,-0.17525660659471504,3.691452899422284,0.8344776374360064
1.0,0.0,-0.09074412300485254,1.7705956816969441,-0.5975381176754607
1.0,1.0,0.2287485810660958,2.1852632806787646,4.2123003796009995
1.0,0.0,-0.8120421172352874,2.0846323335727717,0.3014382239708128
1.0,1.0,0.3722578656945318,4.595104897487181,0.9423776714482279
1.0,1.0,0.12624016078574896,2.792813176296604,2.4050227253150784
1.0,0.0,1.1731956062244926,2.8093229332361895,3.6498975360587265
1.0,0.0,0.2967869958772402,2.1826807366046106,0.3577644259964895
1.0,1.0,-0.12310938322454326,2.641729627810473,0.6483853169229546
1.0,0.0,0.28688797488858725,3.3536172903487573,-0.22336737475457324
1.0,1.0,0.9252625283419682,-1.2167191210642736,2.436168312745341
1.0,1.0,0.750591638222875,2.0712837110958153,1.7833338442498792
1.0,1.0,0.9003298877659757,2.794372091078131,2.720493559874654
1.0,1.0,-1.3029825378687607,2.419559333441449,-1.3587560526283555
1.0,1.0,0.7755360531115275,2.8505473754052018,1.0789360928554235
1.0,1.0,0.7060108226356016,-0.5208101147988589,2.0519144844449455
1.0,0.0,1.6579067671339274,2.3483480772194,3.0824182309482935
1.0,0.0,0.7610353140422651,2.7309526018162766,2.427167484358118
1.0,0.0,0.21553096037330466,1.1452182031066072,1.1181863744412495
1.0,0.0,1.0649733195438518,3.6775566514911375,2.9911769799744916
1.0,0.0,0.28208080984313794,0.8647959472771282,0.9841521247952385
1.0,0.0,0.5361768915224091,1.228843736978185,2.3326578609239106
1.0,1.0,-0.08787074111302562,2.178030887417495,0.9990945856673223
1.0,1.0,-0.8239494790993511,1.6351272908222918,-0.0416506177072784
1.0,0.0,0.08555606199531425,2.6132773852668634,2.5033111312940974
1.0,1.0,0.5693070042162002,3.5968295651150983,1.7950113679818291
1.0,1.0,0.45332595656463737,3.6064865560275736,1.7871751323828082
1.0,0.0,0.9681314346343677,1.962474462518748,1.8536505850643645
1.0,0.0,1.1003966813010573,4.024647215110093,2.6522724508433733
1.0,1.0,0.07272316659039736,0.2949354341423074,1.856305782058224
1.0,0.0,0.1773737367884214,0.8262084307735369,0.4376471578491266
1.0,0.0,-0.49766684455645294,2.916148966445232,0.9187225816208034
1.0,1.0,0.371869379899732,3.624154321201347,3.5751874789412312
1.0,0.0,0.11740881988433868,2.2830157338916575,2.1664868628928264
1.0,0.0,0.08291788073234896,2.2384243085545377,1.9577438014594248
1.0,0.0,-0.4207279991617572,1.6564075862770185,0.4086370492103568
1.0,1.0,-0.1419716776638969,3.964074403619627,2.3174765265309216
1.0,1.0,0.5941987453206348,2.725753853446151,2.8012345386007795
1.0,1.0,2.1573704834848453,4.684894068221653,3.312900475889223
1.0,1.0,0.42172419474338296,2.401061153520636,1.6665285140618944
1.0,0.0,0.85151114941426,4.0651630836752535,2.014781775105117
1.0,1.0,-0.7914876441371917,0.4873150445612131,-1.312410244751629
1.0,1.0,-0.45705238081418925,1.1061644927429994,1.5026970519559393
1.0,0.0,-1.1227184240194108,0.9914935512109675,-1.0369437403076067
1.0,1.0,-0.2271142145952456,3.4221836415649367,1.7738873312631311
1.0,1.0,1.189012035099582,0.507467160639703,3.274764820516931
1.0,1.0,0.3157839607156331,1.3635664557937872,1.4561722810651465
1.0,1.0,0.42187032817197384,-0.19764143840370485,-0.6466825498813564
1.0,1.0,0.9324395459528553,2.2102780916147644,1.1637511244820355
1.0,0.0,0.41175197581006295,1.5465210926032422,0.4953606792761124
1.0,1.0,-0.20056747379446427,2.4333867322884855,0.46280392445585383
1.0,1.0,-1.6947813334431745,0.5682285284325717,-1.8127687224305855
1.0,0.0,-0.16110984470094664,1.0554428405155143,0.5934057097867673
1.0,0.0,0.5380592914910887,1.5520417983860155,-0.3086152473949586
1.0,0.0,-0.08875205966313732,3.641642480285102,2.0603977331835552
1.0,0.0,-1.4974736736577139,1.253787375198404,1.0301306951917637
1.0,0.0,-0.5778719365127892,3.345543820683238,0.6759026581900112
1.0,0.0,-0.18095202686255488,-0.4201944702164657,0.10468812127237798
1.0,0.0,-1.1270770506716432,1.8384211599816722,0.9634657540583558
1.0,0.0,-2.131709033967342,1.043087844883766,0.1795843335676196
1.0,1.0,-1.0913717805891292,3.1384962912375016,0.24612832957443087
1.0,1.0,1.8496230583893902,1.0203579292585503,4.223847173652052
1.0,1.0,0.5012630789120398,1.297136202363455,-0.281491503408684
1.0,0.0,0.9774990657914326,0.978803242775452,2.1605587997086824
1.0,1.0,-0.6388618542016005,4.048197737340651,1.1073928059851201
1.0,0.0,0.6449816677631738,2.6932046410043444,1.1185477979314884
1.0,0.0,0.6614576049463253,0.838953848533148,2.5424707611344908
1.0,1.0,-0.17469633266902243,2.496429578170179,1.9098581315389784
1.0,1.0,0.6817258528587928,0.24305973016795068,0.8761377686507225
1.0,1.0,0.8085007482904574,1.8565282272507595,3.4998059872555896
1.0,1.0,0.6328242843697818,2.734292440493697,2.5438596397261604
1.0,1.0,0.8768101132983337,2.106044921067749,2.723749952744564
1.0,0.0,-1.3312032510961977,2.1728533313010003,0.07533970056421108
1.0,1.0,0.40551096716938745,1.463898178290518,-0.17430170209886442
1.0,1.0,0.6737200072623846,2.6371268126822502,0.2568481729068428
1.0,0.0,0.36343260158248786,-0.2008807196251201,1.0898507634632446
1.0,1.0,0.5048031513372728,3.2785197873012937,3.1828011707972137
1.0,0.0,0.4463158554289121,1.485305203788747,1.805017077016675
1.0,0.0,0.2852593069578906,3.038255321160647,1.237581839512334
1.0,0.0,-0.5433736451990994,0.5380826505207168,-0.48361497532633263
1.0,0.0,-0.3833278094362158,2.6956669095955954,0.667788336460426
1.0,1.0,-1.1344613556374146,0.41495813229239253,0.046357525422606405
1.0,1.0,-0.6239038048585556,2.185746043179782,0.5815852488659305
1.0,1.0,-0.01858247016898601,2.3269801396782315,0.7307902569986263
1.0,1.0,-1.5111974885773967,2.063031857743992,1.2389428432114276
1.0,0.0,-0.7847368864670563,0.8083560121931462,1.1554586514714265
1.0,1.0,1.7977935517965713,3.365931898977638,3.8491884125408786
1.0,0.0,-0.08060116970131614,3.426012268912384,1.5292535240470864
1.0,0.0,-1.7612438987399912,1.6178342098749328,-0.8365447601816685
1.0,1.0,-0.10843679815397034,2.3322520715942763,2.112126630494261
1.0,1.0,0.5538634396684157,4.0919364270258365,1.0885932118023258
1.0,0.0,-1.0265109842778106,1.5336503827060597,0.07179901676568035
1.0,0.0,0.26638475292369995,2.6654829244719007,1.6406761242302532
1.0,1.0,0.14200327342421898,0.6278375408660266,0.9767994416510806
1.0,1.0,-1.14458598941922,4.073447276282897,2.067265314692541
1.0,0.0,0.6295579285260535,1.7127479341318128,-0.23801195334017455
1.0,0.0,-0.15031799723993833,0.4002578651925792,0.15705507504032046
1.0,0.0,1.5115617771088923,3.6762707988026397,1.0066662484433595
1.0,0.0,0.0793472098015087,1.7570830035991418,-0.5156340942460205
1.0,0.0,-0.3873769085293959,1.409618229518773,-0.0727595450643792
1.0,1.0,-0.11424258644443633,1.265728320730781,1.0922381441176325
1.0,0.0,0.2821547580156429,2.5085376326586286,2.6429640884094683
1.0,1.0,0.7540819270546009,2.5869967136803034,3.163887526856996
1.0,1.0,0.20507096257549118,1.2658441005571535,2.3022777597941375
1.0,1.0,-1.412868240298842,1.3885632302025521,1.020996980462657
1.0,0.0,-0.6672415222065505,2.988116978494261,0.8941229681305238
1.0,1.0,1.6810529744507816,4.587782180784567,3.5954944983293555
1.0,0.0,-1.2147365532810643,3.000978754243027,-0.4426549250523155
1.0,1.0,0.1924387072081059,1.734642042165261,2.6380525983697716
1.0,1.0,-1.321621371331011,2.4100997074000357,0.5928864022057527
1.0,1.0,0.7781700034427319,1.3430081279460049,1.8543538695355977
1.0,1.0,0.37973889096850133,0.489310858644876,1.6498697567418479
1.0,1.0,-0.14362140126342632,2.2337828239983413,1.1379105778777645
1.0,1.0,1.6456730303919282,0.3389435556291396,0.17733914942218165
1.0,1.0,-1.5593625606922734,0.12357318459194944,-0.4420590990525489
1.0,0.0,-0.4608136465659551,0.349436584339303,0.5947876706232484
1.0,0.0,0.25488768426456915,2.1367085494120617,0.18959639449342824
1.0,0.0,-1.2689693183537942,1.9388741197029158,1.1341156699791592
1.0,0.0,-0.7887409029404376,3.727440929579809,1.753490088147211
1.0,0.0,0.5123394798582448,-0.17388413930851487,0.46801746254839827
1.0,0.0,-0.7708355823672244,3.5890448288032326,-0.010643705924085145
1.0,0.0,-1.676980646243977,2.6995328546000805,0.4561814587563521
1.0,0.0,-0.48066574743833257,-0.47852315307236015,-0.9409986348140381
1.0,1.0,-0.1223506521611975,1.2141288007726563,1.4573662671907446
1.0,0.0,0.8791438424284667,2.570263756593253,1.7982161520723885
1.0,1.0,-1.4103626180892572,1.4681085402440046,-0.25564809125109234
1.0,0.0,0.2370946608335485,2.920069351822434,1.975129962692471
1.0,0.0,-0.758681223174729,0.9483975185225535,-0.08829076981485978
1.0,0.0,-0.3155216238233417,0.5378741335623081,0.4852043635399161
1.0,0.0,-0.20400900491670185,0.2441174582986665,-1.004740306389015
1.0,0.0,0.3651768156855195,2.656341468338449,0.29992954217280543
1.0,0.0,0.12252112008208949,1.6316790787887474,-0.929482849193016
1.0,1.0,-0.7015995386129014,2.196174507004168,0.01577601553118546
1.0,1.0,1.2738031192476027,1.0635708969154487,2.0496304744463747
1.0,0.0,0.28377296963525656,2.3704520346264166,3.305840926230424
1.0,1.0,-0.20793888478801617,2.915989644113988,1.9571334309926685
1.0,1.0,0.14829964737660328,2.369300207641242,1.6419640861512559
1.0,0.0,-0.9471486047186843,3.025459855870876,1.0406187713828279
1.0,0.0,-1.4550573534820883,0.6314414656312759,-0.6996716673701039
1.0,1.0,2.4531871752165433,1.1542133633527705,4.265915905023784
1.0,0.0,-1.2319858369628458,-0.9100758124229236,-1.6985797006102135
1.0,0.0,-0.02331712727791288,1.258579764310041,1.0924613372567578
1.0,1.0,0.6700437095313129,2.9557868970387435,0.8313528362298801
1.0,0.0,0.26184871364987267,1.7246065735772929,3.0919748294752543
1.0,0.0,0.26792976536872026,1.8908621690450493,1.837434786857317
1.0,1.0,-0.032048060622806504,-0.36897949517755757,1.7413408402998258
1.0,0.0,0.08758688798955849,0.027017399246470397,2.4834436166596747
1.0,0.0,0.24153343726553556,1.3819947245137905,-0.42666745197999867
1.0,1.0,0.23910528161678476,2.9149197401807734,2.1145543060366867
1.0,1.0,0.3257022032566417,2.45807932125758,0.3065502080638691
1.0,1.0,-1.278435518890547,0.6322761138107762,2.8139110259023243
1.0,1.0,1.4938847004626519,2.7195424638653845,1.6231478888476556
1.0,0.0,-1.6267273535723934,1.8711688743497472,0.3648666529801765
1.0,1.0,-0.17786901292740842,2.906675785656369,2.0795227709004536
1.0,0.0,-0.2158329856006484,2.6547711166935217,1.9836420752057191
1.0,1.0,0.4330957561554189,2.7327336474676795,0.9074707765924259
1.0,0.0,0.6908149658807994,5.26436000078829,2.821941297173605
1.0,1.0,-0.7994720768407547,3.6438251706856013,1.0451825469466183
1.0,1.0,0.5829939707707356,1.7913473525291304,2.0860858198142798
1.0,1.0,0.7142333556898417,0.7757781936761246,1.2970227972930437
1.0,1.0,-1.2588692180999073,1.0331769253125829,-1.1043227689461483
1.0,1.0,1.4113433489800942,2.5466378151822044,2.4990972350494873
1.0,1.0,0.22390970483203038,2.0164010718550855,-0.3786751141206406
1.0,0.0,0.7423821127383423,0.6857898502053115,1.6775067266694548
1.0,0.0,0.42097350283446733,1.6215366642254883,2.215953236380471
1.0,0.0,1.0077460500560136,1.3672116069225073,1.3697020409154996
1.0,1.0,0.1650663644853701,2.5891850718672385,-0.17772655426093342
1.0,0.0,-1.116697602960768,2.733495235110178,0.050444329353684925
1.0,1.0,-1.2272243560779859,-0.4796071566392164,-0.48384324533141176
1.0,0.0,1.0903961638150697,-0.04132385048818055,0.6418128429273212
1.0,0.0,0.6794756694478248,2.1945323894543147,1.2326772453013637
1.0,1.0,0.0012744679403152714,-0.04891381638167802,1.8230534703627432
1.0,0.0,-1.444258431011054,1.2950058411203587,-0.5195423295250289
1.0,1.0,-0.514985614665435,1.9419078012742848,1.3663352980283163
1.0,0.0,0.5496105472000503,2.8474638196948305,3.69720018906989
1.0,1.0,-0.6155902535577806,1.2033396734378021,1.0609226131600136
1.0,0.0,0.6014997647301116,2.3610381078915115,2.3778932426515174
1.0,1.0,-0.7623559329552895,-0.15640364583415245,0.030578760657985204
1.0,1.0,0.4976594200459109,0.9824574179251033,2.1277733308611726
1.0,0.0,0.6850427885495217,2.6540758466753904,1.735688134618319
1.0,1.0,0.4225224190109762,1.8960880209117417,2.148736752265587
1.0,1.0,0.03311045410019453,3.4303820811637173,1.9796131958279723
1.0,0.0,-1.1014002590179515,3.105152519222095,1.5078800336370777
1.0,1.0,0.21697881362402205,2.1291478972072295,1.0665922245028887
1.0,0.0,0.8600455963077819,2.5378763958355877,1.0902029637318464
1.0,1.0,0.19476530891804847,3.3088114780802824,1.6812913465502866
1.0,0.0,1.7262918667099225,4.207579971014845,3.3611247035756584
1.0,0.0,-1.7366670953726717,0.9961686628272658,1.349732304258549
1.0,0.0,-2.2146892297711336,1.674343883357253,-2.110853665643844
1.0,1.0,0.5249709415186258,0.9949512421225937,1.0126802623391593
1.0,0.0,0.03642314458801649,1.1302134087650177,0.3125048898064711
1.0,0.0,-0.1270342993348585,3.2560004867175256,-0.048053307983811466
1.0,1.0,-0.35463755553486404,2.17981085431765,1.59275312543161
1.0,1.0,-0.027043202581843617,0.29161943112711164,0.7822481064371142
1.0,1.0,0.14606881848945577,2.191178882659821,2.1298972768845017
1.0,1.0,-0.5469356886422642,2.6901992594746247,1.75070673645802
1.0,0.0,-1.1218958651473114,3.676165190336964,-0.9077968048902716
1.0,0.0,-0.08766299354066776,3.588152850130171,1.9359111218043026
1.0,0.0,-0.9529387581111944,2.2106196068926676,1.4812035184067378
1.0,0.0,-1.3733765693023103,1.3404670140727046,1.2900928196056256
1.0,0.0,0.6036243945680166,1.024078108991135,0.28877081250877856
1.0,1.0,0.7520418269488104,3.850547328276016,1.8436968970628187
1.0,1.0,1.227682303924306,-0.03886177862636053,1.5502853152694656
1.0,0.0,0.3206369360400761,0.038382887048208136,0.13454066149980504
1.0,1.0,1.4325737383104316,2.7309633169223497,2.405401066817214
1.0,0.0,1.5128391652251254,1.4026758541247517,0.599287331663918
1.0,0.0,0.6015357425540071,0.8712301707063024,2.3563617250717472
1.0,0.0,-0.2875268472756817,4.228461168807774,1.2330194187316676
1.0,1.0,-0.5299582127800436,0.478894378384497,-0.6327863756728235
1.0,0.0,0.27113083818183603,2.358867016772981,0.06693815834898964
1.0,1.0,0.4246302610391186,3.065093714196518,2.1849826076527
1.0,0.0,-0.8497779027173378,2.6297806614543378,-0.09408176344160568
1.0,1.0,0.8779654135494341,2.7604839662072447,1.879266482685059
1.0,0.0,1.4823487662926798,1.2122729458887982,1.1903913035045148
1.0,1.0,1.54347200004157,3.458841980327971,3.91950985592314
1.0,1.0,-0.05876132066286793,2.4838203394242058,2.6537211050121927
1.0,0.0,0.7610042692056479,1.073879226527733,1.6373462493053563
1.0,0.0,0.0738603608047736,3.7865486055656334,1.6123721827091317
1.0,0.0,0.834606288669159,2.217854343825346,1.2614497158981537
1.0,1.0,0.13724396251787557,3.337974227080771,1.7206782215167606
1.0,0.0,0.7542341745947359,1.1468585710415085,0.10755330788451856
1.0,1.0,-1.2022096719078434,2.7333721893115523,1.7085025961006979
1.0,1.0,0.10294172412511865,4.0379189371476825,0.9165092906023233
1.0,1.0,-0.15354062847737437,2.1948500228855576,-0.37407579710670236
1.0,0.0,0.8258033216473022,2.932100670766167,2.0010275366982078
1.0,0.0,0.305836705482964,1.8666312271578822,1.293962032921519
1.0,0.0,-1.350699845169948,2.884977519930059,1.5650091925769472
1.0,0.0,-0.002518688577799799,2.342386522030401,1.2764802494559042
1.0,0.0,-0.131085318738224,0.2122385924136232,1.0250823242234082
1.0,0.0,-0.7059037027847258,1.9959494261051076,1.4922072598446812
1.0,0.0,-0.6159603703909335,1.3170674595823038,1.4658919260244452
1.0,0.0,1.7468824504843516,2.1148106677513274,3.3186461332001533
1.0,1.0,0.33250220712401846,4.002209613855591,1.881408839472884
1.0,0.0,-0.03590409159872668,1.4080824264044391,-0.36004388417497246
1.0,0.0,0.45900894085313504,1.2400954530291117,0.2647295381732421
1.0,1.0,0.6531555447321361,3.635488909434612,1.266864801896475
1.0,1.0,-1.2885258404677609,2.9124175996422608,1.3917516613918965
1.0,1.0,0.5675679312955311,1.8769814015414532,0.5675925064161325
1.0,0.0,-0.33893319690225254,0.528473113052381,0.337111739699514
1.0,0.0,0.9599756582445147,3.0175518326096116,4.587888879410332
1.0,0.0,0.45285439077671585,3.9805678118320214,3.129421731565236
1.0,1.0,0.36907444621065677,1.5717101262146431,0.6955243720560988
1.0,0.0,-0.0642972235188412,2.8252354919450093,1.8223148893395205
1.0,0.0,-0.0880779838214808,5.19881583226435,1.2953267176343
1.0,0.0,0.48004296239765526,4.838783185344594,2.1189915930235483
1.0,1.0,0.22169122430738744,2.273432209836718,2.5749498860472855
1.0,0.0,-0.3150033009376995,2.7385850055327223,2.4621578784062157
1.0,0.0,0.1250263486286429,4.624778190629488,0.2348346922827902
1.0,0.0,-0.1381251946014962,1.6824980781654606,0.48786300365081875
1.0,0.0,0.015115554630513284,2.6464030119838817,2.089053649687428
1.0,1.0,-1.1044162406254094,1.6715079430521897,-0.8476339828107124
1.0,0.0,0.5886045667371234,1.6317857334906893,1.5062311677915392
1.0,1.0,-0.4995254577933995,0.5280965638075239,1.2794031156922252
1.0,1.0,1.115179132250608,2.8699800783840255,3.5232644943694256
1.0,1.0,-1.7139568194927746,1.836982746289192,1.590175601692099
1.0,1.0,-0.5283110910486111,2.281562707489524,1.2291398297437868
1.0,0.0,0.4956597446749361,5.251035713396111,4.726159222373893
1.0,0.0,-1.6062603626947058,0.1934397470188547,-0.4843945080276468
1.0,1.0,0.12439290601602374,2.607802272797124,1.3992280351349424
1.0,1.0,1.9315418249326683,3.085987875954549,4.932328948903417
1.0,0.0,-0.5622578892903572,3.2179679101367276,0.7846501374195852
1.0,0.0,-0.14047808762142627,3.5198899971468354,1.4211034982019901
1.0,0.0,-0.6526981195613837,2.5443427536741368,0.7310183941502052
1.0,0.0,0.6431856696571739,3.558219533160987,2.6446252550330662
1.0,1.0,0.5078172742580587,3.533162713786494,3.7008585708782595
1.0,0.0,0.45562900842599713,2.1087665307917765,1.4115644223667083
1.0,1.0,0.904004359335645,2.2348934728376215,3.081244632203642
1.0,0.0,0.12533028237111124,1.5569353732545363,0.6558044301168897
1.0,0.0,-0.42004376962187123,2.3926636670390558,1.742149030759967
1.0,1.0,0.4758959973376955,3.9930913134796873,1.4267433776749416
1.0,1.0,0.5957042449208163,-1.2343212012596256,1.7971741261782568
1.0,1.0,-0.7414540576845996,1.0282318139736213,1.9892577603496098
1.0,0.0,-0.8065645889396638,1.82199308071602,0.7258261858819396
1.0,1.0,-0.004756470794859524,1.4363482185073149,1.1365337653641712
1.0,1.0,1.851899916158295,1.043882947200884,3.0044539627548588
1.0,1.0,0.1079749345496268,1.4525160774948385,1.8100257609257993
1.0,1.0,-0.35021156551031496,0.27171420750018704,1.4196358768404886
1.0,0.0,-0.8029048164182675,4.583330525501138,0.9026172832470494
1.0,0.0,-0.06744601961101448,2.76439240986634,1.7343268957413733
1.0,0.0,-0.34439491747970813,2.00019108784554,0.5117659670559205
1.0,0.0,0.39663679753081754,3.4777828606086265,1.5096237810714097
1.0,1.0,-1.0710940833944123,2.3769652754720925,1.488393808880984
1.0,1.0,-0.40462323487865254,3.251429102266337,0.6606299068799693
1.0,1.0,0.6907194684740086,4.6890316742951565,1.7289242132014528
1.0,1.0,0.32011096852500476,1.2852596668828977,3.7144063755568237
1.0,1.0,1.4526486240894474,4.153797841927271,2.5498426240875087
1.0,1.0,1.1078589428217296,0.6915741238959057,1.9772423576169933
1.0,1.0,1.5602090497909553,0.2621043640583727,2.570455935920398
1.0,1.0,0.018778617060367347,3.305922100280504,1.6388882485162086
1.0,0.0,-1.152095023219688,3.1555762108852345,-2.028357987821777
1.0,1.0,-0.07714903471636968,3.2252185641952638,4.422270096482604
1.0,0.0,-0.059966542722758254,1.6718235589967605,0.29926320838369846
1.0,1.0,0.11930229459942047,0.8761294015217631,1.7481693052928655
1.0,0.0,-0.5505053136069578,6.312467255227107,2.1320870055162375
1.0,1.0,-1.0372708671153135,1.9515522994463446,0.6811866110609301
1.0,1.0,0.5688375661741285,2.4504131591865077,2.503040331450169
1.0,0.0,0.3236627129898582,1.213760523235117,0.6679905277313734
1.0,0.0,0.04391375933360757,2.871175438198375,2.750334184691888
1.0,0.0,0.13491418793381701,1.3415412481595121,0.5973386758267105
1.0,0.0,0.5978271594831078,2.04546535964948,1.03973720731553
1.0,1.0,-0.11410177265123173,2.569300975522226,2.7185336262244326
1.0,0.0,0.6388538360956818,2.240742823951035,1.6371397847353313
1.0,1.0,1.423973236200746,1.9759342982271715,3.3594494940721287
1.0,1.0,1.900649522636871,3.280330609494719,3.494648631106591
1.0,1.0,1.5812892553817477,4.4348433678812915,3.708863082518359
1.0,0.0,0.42975443415544634,0.9271449277009022,0.2085094611145376
1.0,1.0,-0.10460665850255435,2.0337350713695885,3.5986534355099664
1.0,0.0,0.8458460407013247,2.2106579437168143,2.0005276184162466
1.0,1.0,0.03915955972087026,2.2683977103950945,1.0884213371006173
1.0,1.0,0.3973964665054731,3.620427595292973,2.783509934076407
1.0,0.0,-0.16825929434145553,3.236323578671181,2.687333907245639
1.0,1.0,0.9573465952408026,1.6673570397012392,3.010660770218824
1.0,1.0,-0.305639562830724,1.1631931240772786,0.12881962204855857
1.0,1.0,0.17653533010113096,2.7031712419407077,1.4824571841650647
1.0,1.0,0.6214261498105026,1.4444822881632866,0.7252502520232389
1.0,1.0,-0.26994681405123405,3.7760795542206207,1.8138269954345956
1.0,0.0,1.0799902592331683,3.0840069393554033,1.7226942253960784
1.0,1.0,1.277926468123651,4.091405044116377,3.0639211265103876
1.0,1.0,0.5079438197681732,-0.03543352301684344,1.9587728175381445
1.0,1.0,-0.5865207152887114,2.9217141832773406,1.0809342370215165
1.0,0.0,-0.42586086001149237,4.769884608687965,0.7150911403445926
1.0,1.0,-0.8128052620415251,1.6149069396024456,0.6462231535019051
1.0,1.0,-0.01756210167824039,4.518314059131301,2.629006685781407
1.0,0.0,-0.7619361481538676,2.5450013649132344,1.9598586592176925
1.0,0.0,-0.4860185848702311,1.6783752872741862,-0.025610894760299985
1.0,0.0,1.04143397849704,1.6542241639971875,1.1418014104259036
1.0,1.0,0.508708360736702,1.9742450068704547,2.345950254651041
1.0,1.0,-0.1240088002441942,2.071740269120073,2.29108221515049
1.0,1.0,-0.010746894516557266,0.4196021257730327,1.5670343409156369
1.0,0.0,-0.8002900313520704,1.9104920168236734,-1.1922599984997588
1.0,1.0,1.2307899701853728,2.517862557711526,2.9759026911794106
1.0,1.0,-0.1492380076570358,0.9929884983621527,-1.171777944637724
1.0,0.0,0.7252182986135283,2.831563415664232,2.245789697916357
1.0,0.0,0.8747840539960223,0.6638190265320897,1.0046544911081723
1.0,0.0,-2.146014416777072,0.7452433957499619,0.11624997527212044
1.0,1.0,0.20470727955410883,1.3021441267925098,0.81470930909838
1.0,1.0,1.2870100519688665,1.1329931279023662,2.3899686754820895
1.0,0.0,-1.2752788503295323,3.5132051321295963,1.2872774680009305
1.0,0.0,1.2044466547565855,1.9581601666748987,1.6233274451961364
1.0,1.0,0.35054219447516094,0.8153842481389906,0.5504933020071682
1.0,1.0,-0.3292986496665611,1.9248534489526834,1.3853929831045348
1.0,1.0,-0.231169880155248,2.551040834037898,3.4687292345490404
1.0,0.0,-0.6409248937492187,1.3733303934065182,0.8254662794183417
1.0,1.0,1.6664789123283972,1.8046968614351933,2.927273441557018
1.0,0.0,0.484466799352688,3.2817009640429253,2.6191160976257226
1.0,0.0,1.7152603848326158,-0.3151543983307923,2.6949625143104634
1.0,0.0,-0.4430354690148414,2.8175877549160955,-0.3381240772716053
1.0,1.0,0.621531773195074,2.5443565203511134,2.4239571686694097
1.0,0.0,-0.07219203377342501,2.698788966469011,-0.14574825757501553
1.0,1.0,-0.8891523590273427,2.748180990563066,0.7385911443326503
1.0,0.0,0.5169062911673258,3.2187503123896715,1.2618438137873804
1.0,0.0,-0.44096962306897514,0.12036980035447131,1.4842034010308014
1.0,0.0,1.1848258328095829,-0.8038342886131642,0.5700534837967197
1.0,0.0,0.2862355514845396,-0.05974367328403285,-0.4024251742958569
1.0,1.0,-0.3103236298448505,2.55402340057634,1.547581765834684
1.0,0.0,0.6696201980788141,3.350718099440846,1.6308134303694757
1.0,0.0,-0.37397685037876427,2.2059330719913497,1.1688157382153967
1.0,0.0,0.5849015194581753,-1.6264097911636035,1.3972437311995538
1.0,0.0,-0.5190996653926817,1.5289182692123586,0.5434044698044398
1.0,0.0,-0.1277314559054893,3.5089203819242973,0.5976925895959975
1.0,0.0,-1.000936379544156,0.5147234752408139,-1.707658294019482
1.0,1.0,1.3844076418214446,2.856947554960586,2.644329176937989
1.0,0.0,-0.3718911716982387,3.057705979341619,0.8979447754361621
1.0,1.0,-1.195472157093932,2.9140160638479893,1.120581428264369
1.0,1.0,0.4255886043421424,2.9817017866809277,2.0459958118712844
1.0,0.0,-1.0349951345432478,0.5981209400897292,0.7728598123537991
1.0,0.0,-1.9990830155734813,0.8631879648437875,-0.9767004971508587
1.0,1.0,0.8825515346038262,1.5942054714522569,2.1043546811280525
1.0,1.0,-1.463578294044985,1.1588911363973142,0.7757262932005036
1.0,0.0,0.49899510960732535,1.852011230511866,2.0365429629825496
1.0,0.0,-0.9696351742324688,0.9708195907237633,2.1732978318129517
1.0,0.0,-0.8620933433108562,2.400074895187043,1.2643100653693407
1.0,0.0,-1.1177759310029292,0.9963354579450345,-0.42801174534728886
1.0,0.0,-0.7964785711136334,1.041499676390362,-1.2579796531994885
1.0,1.0,-1.2639659988564373,3.8103920775421107,2.328432451087049
1.0,0.0,0.8647219255760656,-0.3189068856078259,-0.01567350747939633
1.0,1.0,0.7255883178712563,1.698814432566519,2.592267789922921
1.0,0.0,-1.312222484958389,1.307482293097162,-0.007521613195986487
1.0,0.0,1.1696898211176416,1.828558814018324,0.3839051317157989
1.0,1.0,-0.018408937120526048,4.812778529883122,1.696674539763265
1.0,1.0,1.4437512910290191,2.9733304324826175,1.6641456101844603
1.0,0.0,-0.35985918222164814,4.289057844836035,1.5647135550199052
1.0,0.0,0.16749261450188127,1.8123027985896905,0.6400027459758251
1.0,1.0,0.04548102669458473,3.5337910272569104,0.0627864426461393
1.0,1.0,0.05369360783454652,1.4647042457937234,2.375081001449232
1.0,1.0,0.10029639263345844,1.5259052498338816,1.9047041465799923
1.0,1.0,-0.45418697386692536,3.980423396255455,1.054813877245795
1.0,1.0,-0.0005484394049772821,-0.6156248744599009,-1.193616941665457
1.0,0.0,-0.0754162212311415,1.310453426277931,-0.8138556824670924
1.0,1.0,0.5139005289551661,1.684860513254605,0.6659384205121481
1.0,1.0,0.9560168583422735,0.4997529621719963,0.9180625494051189
1.0,1.0,0.7951578417288806,4.772207349027174,3.496244906728018
1.0,1.0,1.0591596749973453,1.716989993606952,2.674729287642439
1.0,1.0,0.6394120736018137,0.6664048174090669,0.05529869752979755
1.0,0.0,-1.0615622031645773,1.6035046515602571,-0.3881445104792217
1.0,0.0,-1.2658200201394165,0.45605972999633315,1.1136437222755096
1.0,1.0,-1.4697703853210997,0.6076861320444558,0.6435072306001967
1.0,0.0,-0.5150803961492333,1.9977169111897448,0.19198887756694577
1.0,0.0,-0.7534702624780582,3.459154362330275,2.008212209181848
1.0,1.0,-0.09087971023762464,1.0068934297163497,0.7219256189421832
1.0,1.0,-0.26590872807698845,3.199086193576304,-0.13175756507039815
1.0,1.0,-0.1797529515190731,2.3519949234370054,0.8047837220936712
1.0,0.0,-0.18890732637141464,1.3578622237996163,-0.3698415423708522
1.0,1.0,-0.7883545341881593,0.7386123233122048,-0.5753237844038338
1.0,1.0,0.6856794616544692,0.7693837721285857,1.9201596950347994
1.0,0.0,-0.8909592963361381,2.5300026846181667,1.5867763914713917
1.0,0.0,-0.5248461627641585,2.1139099924536318,1.1477110397390322
1.0,0.0,-0.39539252513504924,2.1119679622156626,1.5317015663427955
1.0,1.0,0.657391742205168,2.578105264586455,1.6835675941815
1.0,1.0,1.3781353529139952,2.3544592706408642,3.79835256975246
1.0,1.0,0.4599900528292309,3.550985650238532,3.30516239933742
1.0,1.0,-1.402997469549093,2.6718905492550893,0.9138573058575412
1.0,0.0,-0.0140578289261684,0.17581268911095105,0.47590090584415556
1.0,0.0,-2.103479115435415,1.9137559506629889,0.04356251054926985
1.0,0.0,-0.7801375960632119,3.8752643954918464,0.19374357298851586
1.0,1.0,0.6999736387065337,2.2999261640180175,3.7504799471269124
1.0,0.0,0.045017136425472726,3.3799121625552413,-0.04699839617916024
1.0,1.0,1.1981874861784418,1.6675535520913674,1.0127522125974369
1.0,0.0,1.3458233648142777,3.1939147482763866,1.9608183847355878
1.0,1.0,0.32467375362714884,3.1496375712735025,3.627148983377513
1.0,0.0,0.07009541292255242,3.2958705600876863,0.6507248097381031
1.0,0.0,1.6077914895009606,2.939026222466901,2.3177595459006164
1.0,1.0,-0.5313978328802436,0.9816823847261225,1.144036799938884
1.0,1.0,-0.1371695161203741,3.894923160515067,1.6392345194157134
1.0,1.0,-0.11824424192761884,4.201352056773663,2.821022223253788
1.0,0.0,-0.5765159864901165,2.491469309922631,0.7613767575386164
1.0,1.0,0.11858868507465259,1.8405960364122629,2.6057577829117005
1.0,0.0,-1.1647355021233659,1.9999514537842158,0.6283259853650903
1.0,1.0,-0.4580686844642302,5.227954385209374,1.7306103365968861
1.0,0.0,0.5884337916673934,2.5486812655604996,1.0311307589215177
1.0,1.0,0.6136191233213393,1.5639117079462483,2.5563499682955055
1.0,0.0,0.5714395077341848,1.4138558576634381,1.650626062283369
1.0,1.0,0.44845670457482256,0.8043295495109655,2.09195990641848
1.0,0.0,-1.5084823168300758,1.3060204526698163,-0.90137940550166
1.0,0.0,0.3356624464296659,3.8233492826540494,0.8830738220028608
1.0,0.0,-0.3095834748543863,1.6722858010908186,2.309432494068712
1.0,0.0,-1.8122324877318703,0.7971656973838759,-0.26634253365597754
1.0,0.0,-1.1563852945994686,2.7062052479382803,0.37327872683184493
1.0,0.0,0.47317057575145205,1.8013184583182955,1.3961574748613188
1.0,0.0,-1.4790168196486742,1.5988367771526084,0.04478306987356617
1.0,1.0,0.42342101062830634,0.35002313516044015,1.1970572847383323
1.0,0.0,-0.36830080837525814,2.157406612048771,0.004731660360785983
1.0,0.0,-0.6074235995598742,0.9400616303110982,-0.09049952839742642
1.0,1.0,0.19545093708515537,1.7785628753707576,2.3176007817055915
1.0,1.0,2.123788369523562,3.155462477439863,2.88976006405529
1.0,0.0,-0.595491894245828,2.266576850607473,-0.33014303959168423
1.0,0.0,-0.8193715098880605,1.27228701524123,1.7902049573875196
1.0,1.0,0.5946423175644018,3.815491157949091,1.003717634326362
1.0,0.0,-0.5516323126071896,-0.3043597977106789,-0.12086315022052993
1.0,1.0,-1.10941139951888,1.074459147972306,1.2012380375498841
1.0,0.0,-1.0355540054215,2.142513746621813,1.4078107941622324
1.0,0.0,-0.7599595441476019,3.2037307033950193,1.2540986465671993
1.0,0.0,0.1499299400447081,0.8909049028581577,0.8117436870067248
1.0,1.0,0.5583695957220529,-0.05242427701001384,2.00595506385653
1.0,0.0,0.6029899403844343,2.5560745434265244,0.6803849821162797
1.0,0.0,0.8307660043911774,2.6596612825567156,1.0325656391590838
1.0,1.0,0.03561188070348599,3.4645327972396363,2.238414677876858
1.0,0.0,-0.7376267753590493,1.3608458634510021,-0.25642656051282575
1.0,1.0,-0.6609361204651968,1.2045781185705575,1.3608760528309578
1.0,0.0,-0.11040079689440045,1.8738749790541958,1.865899161532576
1.0,1.0,1.0003557132294507,2.6089677054052682,1.500829139278769
1.0,1.0,0.35535336808618945,3.0744208321287547,1.2151886392479185
1.0,1.0,1.0887536893404055,2.8694873605725926,1.2835649305037435
1.0,1.0,0.8324457715270925,2.729006548199965,2.756910941766992
1.0,0.0,-1.061510299538362,1.090794521481632,-0.5659060259832936
1.0,1.0,0.7585318890514492,-0.18581935674887928,2.9619768890821137
1.0,0.0,1.6727033659420507,2.85012045366083,1.0064996554574086
1.0,0.0,-0.6405334167052849,4.4486967003506885,2.2528059937407505
1.0,1.0,0.9001649433934326,1.6676962202806722,1.9004769032147104
1.0,0.0,-0.3333651910477035,4.668112240820236,0.45166806383360303
1.0,1.0,0.05215155151677503,2.0189000452924515,2.0068737192308115
1.0,1.0,-1.5758573770451203,2.4600379438213533,0.559926791110008
1.0,1.0,1.5113505589592675,4.684019311870411,3.145757043698617
1.0,1.0,0.5648649090757125,2.1589951281483786,2.0975977054055805
1.0,0.0,0.08001185545357381,3.5139138042141314,1.8777687530386715
1.0,1.0,-0.4281997785520196,1.6754357181945925,1.417281759067373
1.0,1.0,0.2493137382543386,2.6659708457553464,2.763805260906748
1.0,1.0,-0.5371657527333396,2.483417553404437,2.683813197266703
1.0,1.0,-0.7083189431175996,1.3354647912090518,0.040903894469042856
1.0,0.0,0.18156016801955566,-1.1943644061817587,0.0870484457157441
1.0,0.0,-0.2497233845686408,1.7275014690238877,0.05402670140995014
1.0,1.0,-0.01999131016444783,-1.0249622842466317,1.0530185432860328
1.0,1.0,0.5428556106807393,1.7942202123956186,3.195936885535798
1.0,0.0,-0.6862467901170265,2.1500699391884908,1.9045895355985714
1.0,1.0,0.3530397747847227,1.7537870942991547,1.0812844584298555
1.0,0.0,-0.4814960567146978,1.4248623442099162,0.8976832750758061
1.0,1.0,-0.47688788624439826,1.8955680035553646,1.9730041680656387
1.0,0.0,0.49538288624665094,0.5751976715724343,1.3881197016522353
1.0,0.0,-0.1452708699479431,2.092489911493976,2.0799016799022283
1.0,0.0,1.3800514392969965,4.44151225772492,2.3491578070827384
1.0,0.0,1.170436869791033,2.5011856484943142,3.48557694444834
1.0,0.0,0.5160830680676589,1.458986109610891,0.5668348360703134
1.0,0.0,-1.4563817910472894,0.8598052216530717,-0.1625821481910192
1.0,0.0,-1.1443723581915528,0.06000086106037261,-0.5358177788071385
1.0,1.0,0.13173953990345014,2.4544043805599722,1.0498828555912443
1.0,0.0,1.3874247030504048,2.7863095020451083,2.86047661964977
1.0,1.0,0.5730719287506159,0.7340901532508051,1.2895582562452887
1.0,1.0,-0.6200465429579504,1.416545200872582,-0.3383400253919464
1.0,1.0,0.30407427960195693,1.1089560819077302,1.3866274342082023
1.0,1.0,-0.40014830072516844,2.8282420178639103,1.7979841687916285
1.0,1.0,0.5550358081848898,1.8983385932153702,3.1816312164533667
1.0,0.0,0.9865520430766405,2.8670156235506727,1.4186324936062873
1.0,0.0,-1.0195678031542947,5.931911327848154,0.8190162532323035
1.0,1.0,0.9400987240975736,0.7676170773529654,1.747045030903552
1.0,0.0,-0.6571240891697394,-0.4853789227237413,0.682286133611075
1.0,1.0,-0.18514938890391625,3.791285732247787,1.5429840858198571
1.0,1.0,0.9991705123654439,2.570947197754579,3.2466309211448268
1.0,1.0,-0.7112289737985202,4.263433074390646,2.4635780148151802
1.0,1.0,-1.3039313250487177,2.631440076775169,0.2888343799729105
1.0,0.0,-0.7369397866996903,0.0689309799422233,-1.2384766123313855
1.0,0.0,1.3877455929315794,0.6694241226532229,3.5060900878380545
1.0,1.0,0.44188063472683314,0.33721762775115227,1.9125069765280134
1.0,1.0,1.214569536046494,3.3167385009647656,3.1833958979676633
1.0,0.0,0.15673772326316432,2.729083353162654,1.8464535219992406
1.0,1.0,0.38465669106137795,0.7803762516208719,1.302714780738646
1.0,1.0,-0.9647181204867007,-0.5071344711249832,-0.43814911803301293
1.0,0.0,-0.9308716074593955,0.8819457836036979,-2.0517384915957027
1.0,1.0,0.970380642713213,1.6901528449114376,5.05618761044847
1.0,0.0,-0.11533987955064356,2.1959785888201626,2.7420067695649673
1.0,0.0,0.2238768122386207,3.191103918825978,0.8447850344620086
1.0,0.0,-0.6956425623988657,2.0102475902407257,0.1900913305864027
1.0,1.0,0.9850895363531254,1.1795500652166275,0.5134349540638523
1.0,1.0,0.841736870511708,2.8510758347406693,2.849134376013116
1.0,0.0,-1.1232178677800069,3.928535509943365,0.4290175283730578
1.0,1.0,-0.7925579721382836,1.701102229625318,0.19540505129517716
1.0,0.0,0.31064642061599324,2.6856880549422364,0.25401275215506525
1.0,0.0,-0.2261650075089721,2.8720901383461808,0.3431957114616536
1.0,1.0,1.4348767556380775,-0.2008723883210486,1.447309273069317
1.0,1.0,0.6880389189437651,2.3308199418047626,1.2497820788968124
1.0,1.0,-0.0683907416126599,3.342843748634832,1.8465456181725832
1.0,1.0,1.304759048077429,0.4941010728092805,0.5344981456871496
1.0,1.0,-0.3082463675454568,3.9115052632880247,1.2991474451456055
1.0,0.0,-2.1633377620051233,2.5981747110761493,-0.9098945955750265
1.0,0.0,0.14698197389201423,0.5806258631539769,0.27159336399010736
1.0,1.0,0.22277804036654855,4.130812456168398,2.212783627087523
1.0,0.0,-0.5443402995972753,-0.24715595410862878,0.34331204406103216
1.0,1.0,-1.3342065022769936,2.1660080329535054,1.1163050386546454
1.0,1.0,1.0236546476317927,2.7047429692867597,4.002617586791834
1.0,0.0,-0.8848296604785999,2.806452402718507,1.5878723789003488
1.0,1.0,0.45000675999436807,0.9985058888575153,1.3834652793309166
1.0,1.0,-1.544711244525526,1.6084675652224325,0.12892728926328295
1.0,0.0,-1.0736719953599285,2.0281261357727627,1.1303341853858766
1.0,0.0,0.25854188758155117,1.3890233386401503,0.8297997138759994
1.0,0.0,0.9654829155127843,2.492114362637926,1.2294846882855743
1.0,0.0,0.3298221507740785,1.6891033225099161,-1.1774444392002716
1.0,1.0,-0.1714501459275382,0.2220495046051485,0.525409676040484
1.0,1.0,0.8088331465808094,2.5035276983829795,1.418472466213884
1.0,0.0,-0.8564946576880614,0.4989278791995855,0.2533129419010807
1.0,0.0,0.6369637436534611,-0.5224028567629069,1.1958235409416131
1.0,0.0,-0.7918034838752243,1.3560279503135653,1.048071261988345
1.0,1.0,0.521985439495559,3.0054541175716905,2.556550566115704
1.0,0.0,0.22388029501085718,2.783972277447061,2.4972797032061855
1.0,1.0,-0.7007617396317448,3.3006724157046845,2.201098738800638
1.0,0.0,0.7176033357262651,2.094417921496382,1.4163338350612311
1.0,1.0,-0.4745390243392173,2.145619656825065,1.324602900446513
1.0,0.0,-0.7309523717503472,2.95188809523915,0.5470029893482017
1.0,1.0,-0.7547608003817323,-0.14213660747119583,1.7822592907081047
1.0,1.0,0.7930184128896123,1.7730104175860364,2.6590055687451573
1.0,1.0,0.7166159850070013,0.20589462258412938,1.048706064080752
1.0,1.0,0.3742194851434858,0.9893365603713573,1.654847281930775
1.0,0.0,-1.0120404569561172,0.7359931318239744,0.6469084835324616
1.0,0.0,-0.4973955018217099,3.174033303707598,1.0447171623870128
1.0,1.0,0.5047531850867729,2.9092770497866276,2.3054112842187777
1.0,1.0,1.6759882609425982,1.8801288310582682,1.768679337934976
1.0,1.0,-0.8188147948624411,0.6382141219526072,-0.08749344965557815
1.0,0.0,0.8012582459625385,3.3233878402329773,2.857135610326689
1.0,0.0,1.0069674735130625,1.8623306625432816,0.047164842682357655
1.0,1.0,-1.7648592506867977,2.2197083318617823,0.46623372953411596
1.0,1.0,0.15646488550898946,2.872966037172324,2.4056700017619645
1.0,1.0,0.3811927314411813,3.6387764899742585,2.7706177137897736
1.0,0.0,0.30960406069572655,3.241263071660688,1.032048298433591
1.0,1.0,-0.21732148387130912,2.8319920321303176,3.161056164016374
1.0,1.0,-0.15857002744791088,3.7497079562282374,1.4925947723408823
1.0,0.0,-0.08285450349842949,1.0253417153401008,3.2600466357685125
1.0,0.0,-0.19990198346443605,2.3960718124774125,0.7338542173139021
1.0,0.0,-1.5806604374823516,2.030581273424564,-0.6803465215060196
1.0,1.0,0.50601832242847,1.4399924951865164,2.1823063710690533
1.0,0.0,-0.509850924088123,2.5692591365947495,0.7281410615429463
1.0,1.0,-0.057632918219555185,0.635599407605155,0.7682124111022719
1.0,1.0,-1.290234803659363,-1.083959958993307,0.7449983436873064
1.0,1.0,-0.5508720013421587,2.540484789152056,2.7929409738068216
1.0,0.0,1.059871276985457,2.1533319707883485,-0.42727720692173365
1.0,1.0,0.2791441302497506,0.16021195486220718,1.4263273744534117
1.0,0.0,1.272172891929075,1.5619433794153943,1.0738743544898468
1.0,1.0,0.7169028503723145,3.142555156285301,1.5491560333205139
1.0,1.0,0.1370061193754799,3.7821940622804844,1.8483827487306865
1.0,0.0,-0.40654835534022987,1.319868757094366,1.655759469710172
1.0,1.0,-0.4603092732103392,3.1259423693087918,0.0865982628634121
1.0,1.0,-0.025602618717515513,2.172405191204325,2.4223189253893667
1.0,0.0,-1.088474890857229,1.7243653850638911,-1.4471122842188886
1.0,0.0,-1.3725545394116867,3.0302945027621684,0.40089761173639227
1.0,1.0,-0.4220419439107599,2.324079465448571,1.9790177359788166
1.0,1.0,-0.6382731950429175,2.4801058160576543,0.25594917155045405
1.0,0.0,-0.39540152688825125,3.1421128403090455,1.458050203446922
1.0,1.0,0.7081389175730153,0.9581074769457039,2.8341923447850874
1.0,1.0,0.18356103494998505,3.480107230811587,4.378795031706038
1.0,0.0,-0.8938863914459878,0.6048935249315166,-0.14512582410190375
1.0,0.0,-1.4874869719910595,0.948841388940066,0.4475327424320093
1.0,0.0,1.5219578139326746,0.6085198553189595,1.9091025786914657
1.0,0.0,-0.45149041138622215,-0.2465781850511417,-0.4158833084486165
1.0,0.0,0.2284324692454131,1.8393127667936862,1.6926301237173642
1.0,0.0,-1.0091022461376191,3.196524105846991,1.145937482394518
1.0,1.0,-0.047445810788977666,3.330747843165394,-0.5010955084246005
1.0,0.0,0.021378886844535337,3.101513859469855,1.9093381278600223
1.0,0.0,-0.14460497888863505,2.2912092064515663,1.3716380272166255
1.0,1.0,-0.639977895311167,1.4213485300850923,1.0356975641802384
1.0,1.0,0.18178683939425555,1.5670115488557552,1.0264495901250248
1.0,1.0,1.1028911363191636,2.667059769321706,2.9498951825509145
1.0,1.0,1.155995371473483,0.805640779966484,1.326980358706332
1.0,0.0,1.041746160865905,1.339760651979121,2.6030926053175603
1.0,0.0,-0.7089236354488425,2.9783256575278036,0.8125868301606447
1.0,1.0,-0.09715227352202915,0.9920655635484696,0.04648837971065478
1.0,1.0,0.21341295838339835,2.1059465581414814,1.293283808348488
1.0,1.0,0.2622671865347611,3.956193980036877,2.588530186995431
1.0,0.0,-0.5716801027647298,2.3042569601292744,0.0997184988027443
1.0,1.0,0.2802930701778501,3.0785056130721498,4.607231364321368
1.0,0.0,-0.6389108669903141,2.1037733983181037,0.5702446360185781
1.0,0.0,-0.12828527986019694,-0.34207531989187423,0.7834556595900344
1.0,0.0,-1.021973523372906,2.5679735298801196,1.415174087733263
1.0,0.0,-1.2313636637929275,1.7208134424118595,0.19357444337142973
1.0,1.0,-1.4643991248711865,1.0885109787806773,1.5314030839723787
1.0,1.0,0.6298133709676509,1.0737170871895363,2.4230764207186954
1.0,0.0,-0.2583041177127173,1.3818031949116527,0.8250286048969063
1.0,0.0,-0.08553907722263632,0.26232364007950193,1.3202310109977322
1.0,0.0,-0.1676284749593293,1.6755891189296253,-1.6784688178457192
1.0,0.0,1.0340466210227357,2.3413120904868148,2.0546815392428543
1.0,1.0,0.6155492112898722,2.8100863543078085,2.8955667805981893
1.0,1.0,0.4944472130537114,4.298428230759297,1.8098116999454779
1.0,0.0,0.2810557415220407,2.7356687081851225,1.7290426757672839
1.0,1.0,-0.07527389853012648,3.226408030810073,2.444026755366308
1.0,0.0,1.0950775384660492,0.6492323891370517,1.4151151383650342
1.0,0.0,0.22354425233582464,0.34728291423587954,0.00458934886128104
1.0,0.0,0.3269134892703143,2.4390809649642664,2.3386045475723605
1.0,1.0,0.5531068372211901,3.4843323691602297,1.8117249878965398
1.0,0.0,-0.9944368924456384,0.7746629325005696,-0.6473211270042576
1.0,1.0,0.26223921683934115,0.3197119243540385,1.0102785983028175
1.0,1.0,1.0231374964876743,3.5364584810905906,0.5036600348315212
1.0,0.0,-0.3747674399940887,4.274229117845348,4.041457089388475
1.0,1.0,0.273159594871155,1.240407987601775,2.016901902318179
1.0,0.0,-0.31657990430913735,1.4566079494697441,0.09983163409559959
1.0,1.0,-1.4217614980143187,2.0035802104045413,-0.6147298098330551
1.0,0.0,-1.2122418060432714,1.8106383043978524,1.5433788409464744
1.0,1.0,0.9824533144635075,2.5615033450527664,2.818430371704035
1.0,0.0,0.7581800373176346,1.2545752555945524,1.0634708031854354
1.0,0.0,1.4140157317006108,3.8599897575979285,4.261324821542432
1.0,1.0,-0.3619657468496468,2.8232710050925136,4.53945190340083
1.0,0.0,0.3497351989300344,3.6317657654221507,3.7040541817855552
1.0,0.0,1.094853517840815,1.6422773771441006,1.9927034975645295
1.0,0.0,0.17226354167105268,1.275489412475587,2.8362714060944447
1.0,1.0,1.072061340820226,0.19151767373641437,2.814687317938339
1.0,0.0,-0.17405276055439645,1.8892040990940906,2.637793527676638
1.0,1.0,0.5630482268899685,0.16215828649416597,1.0167888204632158
1.0,0.0,0.18292040753368516,1.1011214366246809,2.0824390066579443
1.0,0.0,-0.6049475788556077,1.0533869585781086,-0.09609305395234835
1.0,0.0,0.004920026618745514,4.450207144802654,0.40012201064295394
1.0,1.0,-0.4587790274910488,3.8125034105603754,1.062513859056894
1.0,1.0,0.4745887709758588,3.5321799055684373,1.2853276984993838
1.0,1.0,-0.571980935663687,2.3590680944045737,0.5420617410215399
1.0,1.0,0.9158915580152616,0.028081295671630535,1.4683085600295729
1.0,1.0,-0.002961610860903751,2.4691086279528527,1.5984375001348872
1.0,1.0,0.840082564203305,2.3943677974659763,3.3573612643267117
1.0,1.0,-0.6458200473822306,2.6799326943642443,0.09588234337636603
1.0,0.0,-0.10613192507057218,3.9300157078689266,1.2746392487194673
1.0,1.0,-0.24007950223667635,2.35200863262695,0.5158003124769114
1.0,1.0,0.06653079189860603,2.7977030034332344,1.3599347475807149
1.0,0.0,0.8183848806723738,2.424727811421965,2.0832123431635576
1.0,1.0,1.3106302197900415,0.38896936251644054,2.471176817076218
1.0,0.0,-0.14222893024372202,2.0104547481754986,1.7341621244022292
1.0,0.0,1.1487793919237594,3.40381158525885,1.2390880013069467
1.0,1.0,1.0483046648115502,0.37473591951699525,1.7525935845812928
1.0,1.0,-0.2367628752994689,1.7350866471468893,3.2154723687793734
1.0,0.0,0.12362800698564191,1.383221185542796,1.652520576728408
1.0,0.0,0.27899015666604043,-0.36469877865993716,1.693230725326695
1.0,1.0,0.2202332905724995,-0.6069081077722864,0.19302376753563488
1.0,0.0,0.9414826168816867,2.2538635838518357,2.146779416794933
1.0,0.0,-0.26790402092190646,1.4941677051502813,-0.8592065523342857
1.0,1.0,-0.7066273884005233,2.377219939896721,1.4167737365022308
1.0,0.0,-1.059825687429961,1.365576709573656,0.7332531910724722
1.0,1.0,0.9217748970405653,2.709797511898429,3.3443617927701803
1.0,1.0,0.13762916093168778,2.2484026460483566,2.7464716810301764
1.0,1.0,0.7912280016935181,1.6792571261354556,3.3294775833914
1.0,1.0,1.063988295042026,1.0955220605895355,3.3972467361381815
1.0,1.0,-1.2280169924923534,1.496694400378523,-0.49591605216367973
1.0,0.0,0.0222787866696999,-0.9766276780997851,-0.7617568031343935
1.0,1.0,0.7806653101942739,1.7420320504097706,1.8116567144342608
1.0,0.0,0.23651559496717206,1.3679989855308863,0.7189946648164356
1.0,0.0,0.0797141473801527,-0.2667702844466646,-0.16457773633860895
1.0,1.0,0.6511336028732777,2.4528469600080807,2.973006914224957
1.0,0.0,-0.4109117789730279,2.8643916250792025,0.13579169088828602
1.0,0.0,0.548464650955742,1.2666275579042485,2.216704452636254
1.0,1.0,1.2401765360304986,-0.045347216845171845,1.6946608434000265
1.0,0.0,0.7334354300460253,3.54396719746243,1.6107816865029352
1.0,0.0,-0.6422085122723197,1.6200577114927657,0.5675897948444398
1.0,0.0,-0.10712909567814982,3.3851903540535035,0.8194920648714303
1.0,1.0,-0.37287283544901506,2.987340705665223,2.3683145062037685
1.0,0.0,0.33626567987925327,1.220552703464997,-0.4457451678061488
1.0,0.0,-0.16954933067974398,1.4239246112806345,-0.09526903953849142
1.0,1.0,0.8139148151522688,2.760586220255699,3.481816968963824
1.0,1.0,-0.8639887462631892,2.46260443966982,0.7138484513110859
1.0,1.0,1.8452313106288398,0.29813979338358765,2.6188494738815753
1.0,0.0,-1.131934079775374,0.6728106687541116,0.49972263030669156
1.0,0.0,-0.9148432895269063,2.7532298919495775,1.0037677679072612
1.0,0.0,-0.06804738813494113,1.904942891143052,1.8152000430741153
1.0,1.0,1.4725059976993635,3.2597274291599643,4.056072860737589
1.0,1.0,0.5895191158864221,3.122368200262838,5.385484255225101
1.0,0.0,0.9367543332144678,2.3334273988398384,1.5156279735741993
1.0,0.0,0.2938695193172627,0.8806287479755427,1.8902821599543427
1.0,0.0,-0.5282529466311637,0.5821985528815032,-0.1725408516246903
1.0,0.0,0.8053133712765451,3.8275116919706687,2.835713331439642
1.0,0.0,-0.3376870880413319,2.310967716270785,2.0104780504718764
1.0,1.0,0.5687087054405481,0.8282022839563885,2.436594304408076
1.0,0.0,-1.26396849146707,0.6375864419230504,0.6333585178982991
1.0,0.0,-0.3081239983665872,2.0168300808829085,-0.020846554417308094
1.0,1.0,-0.5754571036499746,2.6545024683045026,2.3403868111896147
1.0,1.0,1.0036405545134837,0.6627777633260932,1.5350864590584175
1.0,1.0,-1.3327210098543305,2.155654195159922,-1.7041708481251425
1.0,0.0,0.19409858918505643,0.3454506361699816,1.0787133015670531
1.0,0.0,0.34414903083251047,2.2308167829787577,2.8246387070847616
1.0,0.0,0.5955143092945406,2.857061426776472,0.9171479131449106
1.0,0.0,1.3246728084203332,2.295001799210498,1.5449017551228152
1.0,0.0,-0.5419965217741107,2.27444079198205,0.7595657396644901
1.0,1.0,0.07667748589476664,2.120663918799857,1.828071572212518
1.0,1.0,0.38616557722793343,3.535573964824658,2.4761817527172134
1.0,1.0,-1.406371690032549,1.1260786765900321,-0.10067754007600577
1.0,1.0,0.043531447804263323,4.233304174241397,2.9623464954555074
1.0,1.0,0.6779463828790246,-0.3449340984306499,-0.7060577959130803
1.0,1.0,0.2618242322097013,1.8473411651588376,2.63421719784201
1.0,1.0,0.6840382643328609,1.6105163850991033,1.2513956709809668
1.0,1.0,-0.23915291063341143,0.2179692995254494,0.626616998161887
1.0,0.0,-0.5764541778300101,1.7350836976879085,0.5850457098753253
1.0,1.0,0.13037867006670273,1.0784878639632929,0.31958614376930705
1.0,1.0,-0.8088844842067087,2.004728973561957,2.93036678117076
1.0,1.0,-0.04170097646930013,3.765592539885211,1.3086405630851552
1.0,1.0,1.39899906827375,1.6882845725688809,2.5192826224288067
1.0,0.0,-0.3216855269448035,1.1908860249648479,0.7735598058361766
1.0,0.0,1.182129664648575,2.5809548026853557,-0.012391757836875072
1.0,1.0,0.232313126490454,1.6724424909639812,0.5449739043553956
1.0,0.0,-0.2877636761734322,4.644661381537,1.8721396729503814
1.0,0.0,-0.7259606437973964,3.9532753475361915,0.7045049668402853
1.0,0.0,0.9023851202397721,1.9408724022023027,2.3365118754342804
1.0,1.0,1.1352697876947277,3.57171883667151,2.8480253249327565
1.0,0.0,0.13424364378754294,1.4380834183474802,0.37024461367660033
1.0,0.0,0.8789041357960444,1.0886485051791268,2.6742384430140893
1.0,0.0,-0.25893055583455316,2.034218512397044,1.0897618294347378
1.0,0.0,0.5841486369003973,0.6740894985871404,0.10313803256396059
1.0,0.0,0.009527141959342622,2.616268814625002,0.12157207086672361
1.0,0.0,-0.9720466139300932,2.0920646480373057,-0.29955172830385846
1.0,1.0,1.2664108009340949,1.829749289456005,2.921259426638694
1.0,1.0,-0.23984850508477895,3.8231189775430963,-0.4611468443191109
1.0,1.0,-0.6249872953464995,2.2929515851613522,2.0534761481430768
1.0,0.0,2.0198469629926086,-0.48363871815068693,2.223111835535468
1.0,1.0,0.5441358430646441,4.186949501716664,2.3620817008931563
1.0,0.0,-0.4951758458400772,2.3601014618443776,0.9490109468926208
1.0,0.0,-1.6460561291174305,2.496562131273472,-0.48330034280636464
1.0,0.0,-0.18256037126838914,2.384069404421631,0.30881135674423577
1.0,0.0,0.2358692858864027,0.9847717062593677,0.13715471071124208
1.0,0.0,-1.538110232200025,3.7449416237187787,-0.5169432834826541
1.0,0.0,0.12763280665196053,3.1416536011022473,1.1725807344382047
1.0,1.0,0.35744397973489983,1.385297357287133,0.3631722658994643
1.0,1.0,0.2549125302996862,2.5040949888028305,2.4067272660386707
1.0,0.0,-0.20311427104146673,3.02379382009105,0.2618026376979027
1.0,0.0,-0.7381356548481719,1.150949857555959,-0.7246077447545196
1.0,0.0,-1.015402784009114,1.5275504454874116,-0.3513566409269757
1.0,1.0,1.8134112894561378,2.633200864799948,3.4745579464409744
1.0,1.0,0.035557149623574376,1.6966223569863574,2.270579186969268
1.0,0.0,-1.5152628185490193,3.1315748313907954,0.455226452455491
1.0,0.0,0.8852162825776186,2.5215398150854007,1.5885262838504959
1.0,1.0,1.7907198744715203,3.6291781228086855,2.9215819308056066
1.0,0.0,0.07316049540095833,2.5468582264479487,1.007858185700646
1.0,1.0,0.0011460793664635482,0.3578688137061743,-0.05278536207880946
1.0,1.0,-0.8258715415329635,1.5239273290773014,1.8629884985488339
1.0,1.0,0.42111471009370505,1.6179122109711193,0.9205945759169046
1.0,0.0,-1.309684599018226,-1.0205080938295574,-2.224990875294271
1.0,0.0,1.0968374231675009,2.0429801099862224,-1.0942164820076714
1.0,1.0,-0.25698639766803993,4.435572621843999,2.2294570284843425
1.0,0.0,0.1616545040360745,0.3132187291104189,-0.3788642181743864
1.0,1.0,-0.3304826688634793,4.469414071360422,0.7730894438826286
1.0,1.0,-0.42654441323719827,1.8334669779440154,2.0640756494959778
1.0,1.0,0.4131237748726583,1.1470342376703782,1.360803575379036
1.0,1.0,0.6606454106871495,2.6567198694160754,-1.0955390667718916
1.0,0.0,-0.2759017178155442,3.2155995521597553,-0.603025599936521
1.0,1.0,0.27410157911278044,3.8865289767112055,2.1519908782795634
1.0,0.0,-0.2928345227184681,1.7780475340542452,2.015297967910816
1.0,0.0,0.9938828703339674,0.9502054694684392,1.1404394002359952
1.0,1.0,0.9025747163991467,2.847179895668517,4.122525272282708
1.0,1.0,-0.0011490595956976102,3.570256530853738,3.4120027279895884
1.0,0.0,-1.5133638708618828,2.137971271403946,-0.5612448285534037
1.0,0.0,-0.4026494907406654,1.5492053239101966,0.07634846411645102
1.0,0.0,0.8244979674512505,1.2662515612127803,1.7628462684344066
1.0,1.0,-0.46453134748302527,3.4271412941097763,-0.1897253063637787
1.0,1.0,0.50974022114956,2.9157077520337014,1.4392118716952744
1.0,0.0,-0.14139739464948956,0.49824203474189543,0.0813240734887099
1.0,0.0,-0.6726271347817608,1.803917727137323,0.8009107025284514
1.0,1.0,1.332572896704487,1.9757985565397305,3.2406619348954444
1.0,0.0,-1.612821216565728,2.091485562186913,-0.002367194113675558
1.0,0.0,-1.3206380631377121,0.8529708190502806,-0.326511009740341
1.0,0.0,-1.3273083105495123,0.049385582941666284,0.7890245096645963
1.0,0.0,-0.6987952002343296,2.531467274600688,1.0759480378191393
1.0,0.0,0.5184946412761343,-0.4230805110093545,2.483179751572246
1.0,1.0,-0.3697645055885757,2.8086635465731344,1.615947444978168
1.0,0.0,0.2975969032663924,1.0770952093319714,1.319382656527269
1.0,0.0,1.063068053390856,1.691872517953809,2.550308146963426
1.0,0.0,0.9492949106091388,2.8375657769722427,2.464786514031232
1.0,0.0,-1.2358766326924906,0.3658820487119825,-0.9611922076884695
1.0,1.0,-0.08798907532702988,1.1739815719312903,-0.40295348837853995
1.0,1.0,-0.5581982714231271,2.3892227298303967,3.2873915434556005
1.0,1.0,-0.043388987855759065,3.4462525125145675,1.7781213308882715
1.0,1.0,0.29937647772719167,-0.6312356703255455,0.7356419262911168
1.0,1.0,-0.09992995510284797,2.133992235547614,0.6725941720485017
1.0,1.0,0.8616757993618369,0.0973057336383536,0.6126684623473928
1.0,0.0,-0.4638873794815259,0.7587103370929289,0.10055803525905466
1.0,0.0,1.4388812539762543,-0.6550604726704312,2.4013123293369807
1.0,1.0,0.9784578672459282,2.532386970126416,2.639285236299009
1.0,0.0,-0.47013182358236005,3.542713035974704,0.9318250176407323
1.0,1.0,0.5264555402267961,2.614233739462765,2.817886425939528
1.0,1.0,0.9834052527165447,1.4990339460395181,2.3541101736909265
1.0,0.0,-0.6898722912324654,2.9301852560613133,2.1256237454184945
1.0,0.0,-1.1480517245170145,0.9077602738708561,-0.22592918477342636
1.0,1.0,0.3862090660110655,4.904920019281144,2.953655577872377
1.0,1.0,0.31777220164625153,4.034883512714598,0.9797028852360559
1.0,0.0,0.30132434215833115,2.153665672971509,-0.8571251758096856
1.0,0.0,1.9839527702679978,1.235528508608331,2.511160229231459
1.0,0.0,0.19269073525558048,1.20273224691635,-0.08785224339437403
1.0,1.0,1.373153270445984,1.330817804265574,0.5111188294279672
1.0,0.0,0.3240239525467295,0.03561156209642724,2.2446884792859
1.0,1.0,0.24412358361514375,3.2592423287232712,1.9980421022169301
1.0,0.0,-0.7168653238338025,0.9872388693571432,0.2204233207756527
1.0,0.0,-1.2060098608456227,1.343401325917759,-0.19081458671500492
1.0,1.0,0.9412691460145916,2.029432938695485,1.6598831405292178
1.0,0.0,-0.019668622257303484,2.0210529905000554,1.067896657614932
1.0,0.0,1.002546335173439,2.184951147892375,2.9728409599436705
1.0,1.0,0.5801784132206859,2.594488994341887,3.0656731508236414
1.0,0.0,0.11012731912920043,0.42617641594969946,-0.1598668504331967
1.0,1.0,-1.7012536737496886,1.2947129482498778,0.10374565065081169
1.0,0.0,-0.20352625965112997,1.4291170128861137,0.2915272093958892
1.0,0.0,-0.46538158693607834,1.501041418292066,2.197377933050265
1.0,1.0,-0.6840485976566089,2.927004091518199,3.220286036610734
1.0,0.0,1.6559156756637328,0.5492306588793459,0.4815722534736846
1.0,1.0,0.14574618376232154,1.0851019138961013,0.38503663657151643
1.0,1.0,-0.642113682582891,1.8128362541598206,0.10073408941135598
1.0,0.0,0.089333447260107,-0.3570110455782374,0.10058306855425064
1.0,0.0,0.4471460323724795,-0.033470991343842904,-0.2373085653467102
1.0,0.0,-0.8593865343852782,2.0737125206857767,-0.34333316213108755
1.0,1.0,0.9318777330289411,1.7896590587993704,1.2675497343357436
1.0,1.0,0.5557874096419749,-0.736212488132173,1.3223758245357826
1.0,0.0,-0.987642123282439,2.0150280512795415,-0.21510586255604375
1.0,1.0,1.0304556296940737,3.402202011417721,2.514290480690523
1.0,1.0,-0.20785955917728471,3.775558505288102,2.3459214076862356
1.0,1.0,1.5498142744623136,1.8693452464309641,1.720243690049039
1.0,0.0,1.2678710338733121,1.6172435473733568,2.2021843892475172
1.0,1.0,-0.5062502728557694,4.655415454777131,2.027406920983039
1.0,0.0,-0.19620040092079513,2.2592155219094243,2.2265693266155298
1.0,1.0,-0.3121689572713074,2.8127369161168083,3.240290050372894
1.0,1.0,0.12972637837377998,3.100732525592266,0.5233831512182237
1.0,0.0,0.7528495291378435,1.5031270576545845,3.6462823372603106
1.0,1.0,-0.19481037448513025,2.75450975120871,1.9652013156372357
1.0,0.0,-0.013962291171202124,3.5996646868426994,0.5490110039168598
1.0,1.0,1.0589644237839981,0.8239571309610416,1.3834827874677091
1.0,0.0,-0.2952636925689743,0.6028001488436125,-0.27209141967802636
1.0,0.0,-0.16989459875512242,2.931830533496287,0.9450515728437849
1.0,1.0,-0.43653892281062173,3.5301828293292576,2.9467143721251787
1.0,0.0,-1.2937689194406208,2.5544021912232955,0.3589998566923105
1.0,0.0,-0.07241711278945864,2.329565566750964,2.1072344184334986
1.0,0.0,-0.8939020753542842,1.9533701357805555,0.1552775252433087
1.0,0.0,2.479340018444778,-0.7129948812302564,3.041325171567381
1.0,0.0,1.0042650742708787,1.0192083077064364,0.5551355777675908
1.0,0.0,-1.8854835487918138,1.3516170877154141,-0.6529996943634317
1.0,1.0,-0.9345995555803114,2.038743995869747,1.4674947243227967
1.0,1.0,-0.8195103475926059,2.639966306366034,0.22586008301676708
1.0,1.0,-0.6599088932802102,3.9680714665442363,0.8860439096942216
1.0,0.0,-0.5767487753402628,-0.16794350032995653,0.2918955722473565
1.0,0.0,-0.12235278938159536,2.303671648838294,1.2981972786489917
1.0,0.0,-0.7130695211276943,3.0424329447672447,1.2366777848839492
1.0,1.0,1.0124223595976138,0.37556174864352454,2.458401328844642
1.0,1.0,-0.7723814649553985,1.9756971179580194,2.045518363131757
1.0,1.0,-1.414149204298278,1.7939302818490672,0.7961157305527502
1.0,0.0,1.199885243808209,2.354935094140301,2.716613822772261
1.0,0.0,-0.09519454493050072,-0.13428547525717094,1.0429774546718509
1.0,0.0,0.16236036709076562,3.4129666905979565,-0.4681064021222898
1.0,0.0,-0.7003404216355833,0.6184642258621996,-0.10413298548949884
1.0,0.0,0.9591277862946364,2.2711901320288495,2.1065153958004434
1.0,0.0,0.8098596689833241,1.5234238700084142,0.7473021894898806
1.0,1.0,1.3986623922123083,-0.6619848205699488,2.089903062501003
1.0,0.0,0.22519407173290154,4.1419652958991495,0.4052838946770554
1.0,1.0,0.7544853820526647,2.023124551989529,2.0958669110208255
1.0,0.0,-0.796662443277439,1.5474899344040565,1.5394566315591787
1.0,1.0,0.7808211565812669,2.3934017421495244,1.8363966980144912
1.0,0.0,-0.15106861055119397,2.130807388961731,3.633742238585558
1.0,1.0,1.495715228348429,1.4710782544950773,2.192611785877197
1.0,0.0,0.27796616578370054,2.2872810816421425,1.962160053452087
1.0,0.0,0.8955012175900825,1.2835262229188449,0.6103273292273425
1.0,0.0,-0.21261158815883963,1.8318917152383491,0.4838929634338511
1.0,1.0,1.168160844559272,1.9196317759647419,2.1073391250067957
1.0,1.0,0.09443611749502343,1.06488354657699,-0.5410067146246176
1.0,0.0,-1.2329681027892783,5.493270131192496,-0.23461885424450668
1.0,0.0,-0.23659997584916725,2.9305645642188134,1.2914414321237984
1.0,1.0,0.0377935482294668,2.760208940187943,3.5541351257771563
1.0,0.0,-0.12568457977465192,2.8345448098705126,0.5734127717833257
1.0,1.0,0.1870887652674112,2.7007309993503688,2.091521469345751
1.0,1.0,0.4898692233670317,2.1465102552470343,1.6439453599745213
1.0,1.0,-0.4403733686359403,1.0157236486200096,0.633979309285398
1.0,1.0,0.3569887888887432,1.6148666257722644,2.832787038586056
1.0,0.0,1.0151074742764756,2.5312055590050306,3.168228806244307
1.0,0.0,-0.3619169403369266,0.887761404870558,0.37812669122301146
1.0,1.0,-0.2979030130815461,3.1294930015185676,1.7287434894197435
1.0,0.0,0.10837053990481943,3.1475169224025605,2.5820290352070328
1.0,0.0,0.7806322188645983,1.9292417275431184,1.5312186947048574
1.0,1.0,-0.6793797076212938,1.7139111464935506,2.035716748401597
1.0,0.0,-0.898145813852759,0.8413631360171347,0.5542060441537071
1.0,1.0,0.6600795152824191,0.018139412234335683,1.1398310852934164
1.0,0.0,-0.5503307991230921,0.8760105264718372,1.584752559890506
1.0,0.0,-1.0696373650059439,1.2597720228029887,-0.260803249895913
1.0,0.0,0.37534504705804683,0.98851382410445,0.8517757357073652
1.0,0.0,-1.0775923465971653,2.6157821748131713,-1.9178060821146323
1.0,0.0,-1.2812789596017276,3.137897824344511,1.3961755046500723
1.0,0.0,0.36210350552397613,2.683791123301292,2.176682549094744
1.0,1.0,0.37851660618143795,2.910374175083792,1.4032955444766935
1.0,1.0,0.20285080969616195,3.2163446924639505,1.7311639409747261
1.0,1.0,-0.08587226847531883,3.600184612759692,1.7352955390266989
1.0,0.0,-1.321897565989512,1.4068741794120125,0.939213945557178
1.0,0.0,-0.5984765748462902,2.2306658339328926,1.3050958502193954
1.0,0.0,-1.993824619762286,-0.402354694271724,-1.271855199044286
1.0,0.0,1.2309751096245078,2.4655572252410027,1.4902955247365473
1.0,1.0,-0.42174870461827296,2.1079890101356913,1.423954200672749
1.0,1.0,-0.09858672195941898,3.068544821726564,3.1026684499730313
1.0,0.0,0.42119107571550607,2.7180797412859974,0.6782728545781677
1.0,0.0,-0.5150662716997045,1.1790769030309631,-0.06854581693562611
1.0,0.0,-1.1090732796613665,1.4227292470657626,0.9009770340669341
1.0,0.0,0.306486533403567,1.4398511394708065,1.0420585079042302
1.0,1.0,-0.31957585574894976,2.4649751718381845,0.8133401990248412
1.0,1.0,-0.8471932229049373,-0.294961748635461,0.66043251206585
1.0,1.0,0.1704477833995053,2.362905128500706,1.81328918845375
1.0,1.0,-0.9362797868372665,2.5039002708467044,1.0185280722950307
1.0,0.0,-0.16109848787044356,2.3989530911243273,1.3602984585004476
1.0,1.0,0.5061252011126482,2.5857440941465,2.833005478301879
1.0,1.0,-0.24604055221059243,1.2672990846339962,1.201152485236074
1.0,0.0,-0.8537242903210941,1.6927222957625667,-0.04110814355440151
1.0,1.0,-0.14471322082915927,0.8094426041379116,0.07173346791766955
1.0,1.0,-1.2204530346579678,3.412496938818639,0.9594510177338034
1.0,0.0,-0.41364010441007454,-1.3071242356215684,-0.9914458597949662
1.0,0.0,0.01445604224361996,2.763211658325184,0.35444712447808124
1.0,0.0,-1.780970315082013,-1.2483503628695327,-1.9160256006559664
1.0,1.0,-0.43151550321738685,0.9400297248496242,2.6584311615825964
1.0,0.0,-1.929170762167774,5.146034712448528,0.0012882056032378908
1.0,1.0,0.571787708913113,2.280913815662416,2.15018244856789
1.0,0.0,0.5639892222216824,0.9253118493993462,1.1368226280130098
1.0,1.0,0.2587215694699628,3.0566968902125304,2.4436587785390564
1.0,1.0,0.12981882379188675,1.4065162797789468,2.050203362023617
1.0,1.0,-0.5071381944163429,1.858923698520295,1.2854346184154286
1.0,1.0,0.4762685746220867,2.214110310863349,1.2967283878651252
1.0,0.0,0.41395696242731894,0.2763955463631551,1.2432526552692775
1.0,0.0,0.5011532631999857,4.409513595950818,1.84135921190701
1.0,1.0,-0.5878571900458724,-0.2230363046000008,-0.19330669691328595
1.0,0.0,2.2102314514122146,3.4164993402544708,2.8878120339251536
1.0,0.0,-0.8133045998934125,-0.24161649269444085,-0.13295266327417773
1.0,0.0,1.096422440333458,2.585047419765017,2.06216133732113
1.0,1.0,0.48732972088860904,2.5418598828897094,1.496835870788285
1.0,1.0,-0.2534367402299248,0.5508532269064312,1.6123693969098536
1.0,0.0,0.1543044373669884,0.7217038898202373,-0.6558431384651634
1.0,1.0,0.07405249738228924,3.9080569961883493,1.0619383468661874
1.0,0.0,0.681158534600228,1.932294875350242,0.27030485032830454
1.0,1.0,0.4690151634458237,1.3968933865073616,2.2785915908679764
1.0,0.0,-1.1226143763187322,4.711221684125271,1.525660452978744
1.0,1.0,0.27596561909107586,1.7194150493655127,2.377658921247532
1.0,1.0,-0.2936225466467761,3.386437309871752,3.3200747002359665
1.0,0.0,0.32458175642125897,3.1294438574111965,1.2611577513791323
1.0,0.0,-0.0773797018654801,4.25299611594018,0.927746040624344
1.0,1.0,0.2840615648312196,2.28056482758014,2.380510530164663
1.0,1.0,0.5621875851129543,1.3726668618713638,0.7850944437905774
1.0,0.0,-0.24579060649171774,1.4250344704417082,-0.3618300051486969
1.0,1.0,0.11699051146338268,2.1328706685891867,1.0884021262255872
1.0,1.0,0.001029590341439457,0.25187530652421386,2.553782620024938
1.0,0.0,-1.0286007581949104,0.5701099062768189,-0.4611678164233674
1.0,0.0,0.5147719254897575,1.3173759803285336,-0.058235817864290995
1.0,1.0,0.4644979532090065,-1.3170754906731945,-0.062017871135054525
1.0,1.0,0.7833335504351754,2.2461290273239713,2.833980430287231
1.0,1.0,1.161496570927734,2.851277907906507,2.3099251064630035
1.0,1.0,1.2288961489335528,1.3675628674333746,1.6367860845004953
1.0,0.0,-0.012595697994632227,1.8924243184758627,1.3356349309794604
1.0,1.0,-0.1820754218702751,3.5232185544511436,2.374948393863666
1.0,1.0,-0.3399711504556383,2.266014777748082,2.186035837380633
1.0,1.0,-0.25455498151021183,2.886200203430216,0.7184805148757346
1.0,1.0,0.1364089946983704,1.2546681366273054,1.7276367865782314
1.0,1.0,0.9508182802132206,2.7577847083263793,1.0494428281900319
1.0,0.0,-0.6883672157532137,1.0480887857160535,0.46555849070923705
1.0,1.0,-0.2079834167370575,1.7316285717839586,2.3598873955811372
1.0,0.0,-0.05647320665958741,1.8775756511831536,2.5018181989909207
1.0,0.0,0.3912026349753106,0.8115254367133121,1.2164127040935817
1.0,1.0,-1.2631085539822773,1.6564637661784296,0.6349168211890425
1.0,0.0,-1.4067575149315223,4.266382543469041,-0.38762031859103585
1.0,0.0,-0.28305984934519823,2.3956418905503645,1.1605416772822055
1.0,1.0,1.2622716145076194,2.9413635402794465,2.156176495667407
1.0,1.0,-0.23663610184793007,3.1780033468712094,2.665656501845353
1.0,1.0,0.6120020896969761,0.7634974793756211,2.716241448665633
1.0,1.0,-0.9475115472670718,1.2895752424095432,-0.49162948793252315
1.0,1.0,-0.019725707756085314,2.215555756005132,1.2008950293854033
1.0,1.0,0.6731056215100951,1.7392051155787778,2.524550808966985
1.0,0.0,1.2016809095450496,1.6351384340461257,1.293260621314103
1.0,1.0,1.5558294754507145,2.9455918572524125,2.3797574047608623
1.0,0.0,0.519580559405252,-0.20774356380234482,1.527684322863855
1.0,1.0,-1.2347716305671679,0.7863806067704151,1.220173904122945
1.0,0.0,-1.475389162148224,2.868866430470757,0.274251943504971
1.0,1.0,-1.3698187964617072,2.6960451795224403,0.5024493298624202
1.0,0.0,-0.8534244084996949,1.3791011327263032,-0.20202802929405078
1.0,1.0,0.5641003895904506,0.8409073410991881,4.118694422283037
1.0,1.0,-0.5210782977245909,3.6615715219193286,1.7487646419972085
1.0,0.0,-0.08578553723394863,1.9215788331608934,1.1249544460839336
1.0,0.0,-0.2044897402956248,2.8834408034400547,2.1305351194801325
1.0,1.0,0.27322327419883435,4.742569279099565,2.363059717842279
1.0,1.0,-0.24461300136485004,0.13692097346182708,0.6744620224244003
1.0,0.0,-0.6607811405311219,2.22695553309087,1.573476354940305
1.0,1.0,0.23786325898774946,2.2919754453025427,3.5144573966896058
1.0,1.0,-0.19956089980444325,3.119397734801008,3.8228618097795866
1.0,0.0,0.2837141184252379,-0.16937475963237425,0.6201441299392833
1.0,1.0,-1.0129601327390962,0.8626131657505485,-0.16151651197277905
1.0,0.0,0.30474515332482155,-0.7940188629522638,1.0205528863745283
1.0,0.0,-0.48141676409545925,-0.05895915874225799,-0.8823393109306399
1.0,0.0,-0.7358680444169778,2.16341922314518,1.4475281739558645
1.0,0.0,0.6282589716137474,0.4007117923576813,0.06243952582322998
1.0,1.0,-1.3734967261507933,0.28750729603225467,1.604500780961168
1.0,0.0,0.10719874560395444,2.455140499505437,2.533091092676626
1.0,0.0,-1.329511346682063,0.5188874451102274,-1.0265509648846667
1.0,1.0,-1.6579862404741263,1.7661860940763876,0.7653704150217091
1.0,1.0,0.23529374083930568,2.932125389860113,1.37292536403619
1.0,0.0,-1.4510285281655957,-0.01915972335935634,-1.2217008245103487
1.0,0.0,-0.6862417547467536,0.6722526177590116,0.5590691292624179
1.0,0.0,0.3189369538637321,0.38531869362611704,2.099376019044634
1.0,1.0,0.5053635655922013,0.6068983174512996,1.0567209995672595
1.0,1.0,0.7165740298216811,4.195615800905594,3.549903068107859
1.0,1.0,-0.39089817379690883,2.2794668572802146,0.07264953718322498
1.0,1.0,-0.778453749598727,2.2135251513092298,2.2469236759093802
1.0,1.0,-0.06718934945331785,1.0423512041297176,1.8433649229139815
1.0,1.0,-0.15977565473499233,1.72731422851818,1.1054251400897999
1.0,1.0,0.18026441662675247,0.9889245100144679,1.1926304445844198
1.0,0.0,0.6411813382276891,0.29388515893922884,1.255048847692157
1.0,1.0,0.7604730230053085,5.978215506695375,4.283470299366452
1.0,0.0,0.5529059872943535,0.6648604136562304,0.4001066564923069
1.0,0.0,0.5791545743668118,0.7718616144571548,0.703258712282887
1.0,1.0,-1.011781311762304,3.3940648511548135,0.8436068343441204
1.0,1.0,0.8545923007415546,3.6888151624437255,2.1500533139849196
1.0,0.0,-0.7144992194662106,1.6819177247248622,0.6964362390991515
1.0,0.0,0.34056872509588354,0.6275020265513689,-0.3237571001445726
1.0,0.0,-0.3226448480657447,3.4312543605262107,0.7058115683250737
1.0,1.0,-0.38913888537771046,1.9231158429919597,2.1450502798058033
1.0,1.0,1.2140675392422444,2.0257133578383244,2.6259926145571755
1.0,0.0,0.3216392545749113,1.3357012311360799,0.6412684207897359
1.0,0.0,1.3636293548850693,0.36363679397296544,0.27045259959731616
1.0,0.0,0.4435518235735681,0.44516798861070206,0.2930386296658305
1.0,0.0,-0.30101568529098577,1.9863655179199307,0.6909161821154589
1.0,1.0,0.5951484113684087,1.6413340680546242,2.7024466931736786
1.0,1.0,0.7602272409763688,1.5716454184285957,2.914972372471859
1.0,1.0,0.3162177815546384,4.324067263901343,0.7330180539213467
1.0,1.0,0.43660085790365305,2.1002093487177094,1.0102440615345312
1.0,0.0,0.7811032180553126,1.12269854431121,-0.11078706602019617
1.0,1.0,-0.7793831983421282,2.652688069879034,2.783810669555332
1.0,0.0,0.4674368804267587,5.457546805515328,1.3477932599618638
1.0,0.0,0.32315107638494994,2.740553632309288,1.7009755233425987
1.0,1.0,-0.6757995273682166,2.1470082430230284,2.2912935328914115
1.0,0.0,-1.6994954094971209,0.7200031243189455,0.10951423789010606
1.0,1.0,0.9832362723258989,2.734109016611491,2.3277325267408444
1.0,1.0,-0.1813251714910435,3.1034067351044694,1.61404918882707
1.0,0.0,-0.45492572833486367,1.786667985689063,-0.348181954893542
1.0,1.0,0.1887472599629057,1.567966387726612,2.555382096944115
1.0,0.0,-0.04260686333251809,0.8937414581056184,2.0286009070932085
1.0,0.0,-0.6302152652310762,-0.4922185162332777,2.3577278872460607
1.0,0.0,0.5894764086081926,1.0440236264229026,1.7297026072483321
1.0,1.0,1.0533377870254081,1.715948768941884,2.471188625211679
1.0,1.0,0.06685691391017956,2.8188652313767064,1.9465426177077587
1.0,1.0,0.06880867595457912,1.5470758660897053,0.6809361354602699
1.0,0.0,2.203790577799761,0.8168314479905154,1.6255845729203326
1.0,1.0,-0.46265915966001175,3.045579268951167,2.115889393213781
1.0,0.0,0.962248375476289,0.8401788704099438,2.331382409961218
1.0,1.0,-0.06900441536807977,4.123345339508511,2.3459119151291334
1.0,0.0,-0.8914854241211759,-0.0521528745770361,-0.28856615656850826
1.0,1.0,-0.9958783768131072,4.775205280375795,4.735199183983366
1.0,1.0,0.7304302671526314,0.7835209312841274,0.5360278926243514
1.0,1.0,-1.0914248869035714,1.0677308799761482,0.4012685326955461
1.0,0.0,-0.3382607586047678,3.335323211585048,2.060739263112536
1.0,0.0,1.531145033383426,3.2219455308300713,2.7619049057679663
1.0,1.0,-0.4646115559845264,1.3668584562342336,0.6925050007774332
1.0,0.0,-0.20973320071165893,2.7251924926954487,0.8603531840260927
1.0,0.0,-0.11172365489108943,2.5526062196750683,1.9768833759904276
1.0,1.0,-0.8314018449693673,2.099222505923763,1.2640449019853754
1.0,0.0,0.22249907514564146,1.5184099108668354,2.4638198868181966
1.0,1.0,-0.12138827814364303,4.037851690361064,2.95346364163846
1.0,1.0,0.04110394779625842,1.0024381461308,1.6306764696230376
1.0,1.0,0.9098874173867044,2.1098947645367643,3.3923006440586656
1.0,0.0,-1.1926000524806502,1.5110615831159402,0.7373868697653299
1.0,0.0,0.9161156349740353,0.8203016505579626,3.2107205239235963
1.0,1.0,-1.0464918756506252,0.8138542044918999,1.5889397010084885
1.0,0.0,0.5297895316815457,0.7682810057448993,0.45219120733910234
1.0,1.0,-0.5154592340858751,4.358082974422003,0.5898810930296194
1.0,1.0,-1.0399731398270513,1.9124262310330198,0.3802905623763252
1.0,1.0,1.3028301792892711,4.170924635227225,3.247889832658099
1.0,1.0,0.5548092797794929,2.6810801592330344,0.38513619808936883
1.0,1.0,-1.5475254821393538,1.8596839224706927,0.34822759302519757
1.0,0.0,-1.9700341949041487,0.8538531463196214,-0.08151044108796668
1.0,0.0,-0.7490342146562718,1.4204456461091883,1.2096346754603893
1.0,1.0,1.210363127815714,0.9867910512696669,3.5329796813798655
1.0,1.0,-0.477585726820246,4.023744992491776,0.567259248806159
1.0,0.0,-0.21801080687179364,0.5772311212714323,2.1928107592407846
1.0,1.0,-0.6190130022133558,2.1370023165898018,2.075418712782347
1.0,0.0,-0.8362660293166075,1.3369601891981715,-0.10157998947734465
1.0,1.0,0.014886428073290103,-1.0338354866693749,0.5688078284232112
1.0,0.0,1.1753689660820639,1.1624462742917019,-0.5525027037265509
1.0,1.0,0.13351278808771294,2.003860316108245,1.7509837785856037
1.0,0.0,-0.501562737230794,0.3620168158777528,-0.5979778633859314
1.0,0.0,0.8059310532295112,1.7485895511573524,1.448114301011899
1.0,1.0,0.40942906494137954,3.32960564705455,2.574632143698661
1.0,0.0,1.0661768884739895,1.3149272770290779,1.0650155870657807
1.0,0.0,-0.5173293785442306,2.9482821489321327,-0.1615722989464885
1.0,1.0,0.5706317842442572,2.2628317803016347,2.3661940241779953
1.0,0.0,0.28154811678315017,2.1699288327921495,0.38206398252910423
1.0,0.0,-0.3001899516814504,2.3863293544772173,1.377935688452361
1.0,0.0,0.2406309600512953,2.474039783983478,0.7460875741832234
1.0,1.0,0.39477437318875735,2.3856606978149735,0.9867449096591532
1.0,1.0,-0.4536291131979186,1.256652807014775,0.32761163369405033
1.0,0.0,-1.3760085746068638,0.41489544175320736,-1.9263802177745593
1.0,0.0,0.5805223896916785,0.915536802291348,-0.6052131893584509
1.0,0.0,0.3387081697481071,1.6263870089140164,1.3081578796980124
1.0,0.0,-0.05166641901663399,3.8951037423689496,1.413281457385855
1.0,0.0,-0.1458202265293519,1.8068613181223019,0.4335500873149713
1.0,1.0,0.22700367909735136,2.8144546172815685,2.6338387433911863
1.0,0.0,0.41804252634342093,0.7741133897659045,0.5179125871834813
1.0,0.0,-0.9569743207485235,1.315608034882257,0.1786525560956933
1.0,1.0,-0.11495662409188334,0.7610632476196022,-0.47195137667008047
1.0,1.0,0.1598536321533396,4.339505162217607,3.004729415348968
1.0,0.0,0.970846968327556,0.541382454565885,1.460158799779253
1.0,0.0,-0.22536122471459608,2.8481788315256527,0.8172714349888011
1.0,1.0,0.1850835778012882,-0.8168576416005493,1.1786562917616326
1.0,0.0,-1.0964518951623021,1.4888265609028786,0.8467775400423034
1.0,1.0,-0.28138498972298776,1.2202974973417677,1.4761495297516005
1.0,0.0,-0.7383300225776858,0.5658753901200639,0.21997086906898702
1.0,0.0,-0.47165291555631617,2.342535093330619,1.772537077739475
1.0,1.0,-1.2392757609475802,3.1759381007108267,0.964259003022914
1.0,0.0,-0.8738045337407792,3.2157813074095647,0.37019753613928114
1.0,1.0,1.978511748017329,2.0033873856754036,1.8220381488162403
1.0,0.0,1.940587517929789,2.2829902249400824,2.2095185539526474
1.0,1.0,-0.9178386688973449,3.201725783044089,0.6970423093587961
1.0,1.0,-0.5424813585714326,3.2845096248975763,1.2781286432942078
1.0,1.0,0.6557909436293403,2.557381178644913,1.6002452451313456
1.0,0.0,0.9317374246495012,4.52675609813013,0.8195695297313772
1.0,0.0,0.5828147799236663,3.0879845342779766,1.8341790750616174
1.0,0.0,0.5562737463250922,0.3603808286886738,-1.220574751491383
1.0,0.0,-0.4315955938839065,1.548287874352448,1.664913627550395
1.0,1.0,-0.35331644690199937,2.780264647118848,1.102592813571185
1.0,0.0,-0.23010534416326828,1.8153395490281965,0.3357168747254822
1.0,0.0,0.6332164627567318,1.1702862766598807,-0.09290993586963503
1.0,1.0,0.5646395002252784,0.4527489213155327,1.9585007586070162
1.0,0.0,-0.330105578129513,0.10971606585575366,-1.1265288101823154
1.0,0.0,-0.6955421073085837,1.9604122315143906,0.9410883939015636
1.0,0.0,1.3341743771282615,-1.1507541356199764,1.840117797870906
1.0,1.0,0.6712929039847572,3.3364905884491898,2.5335474904543576
1.0,1.0,-0.42866594979684897,1.0762354352914973,2.6680228497963503
1.0,1.0,-0.3000898994510696,3.491491285303956,0.7513546255218778
1.0,0.0,0.06409193921945626,1.425858030526351,2.888596946178356
1.0,1.0,-0.09415115468891647,0.8725648322382629,1.6575843316031391
1.0,0.0,-0.2715504566295127,2.4402553722282487,0.7307223057547468
1.0,0.0,1.2068877492417487,0.3487613172844868,1.927695768842021
1.0,1.0,0.19648716890854362,4.740693029549654,3.511499353547575
1.0,1.0,0.30035419200062724,1.7517701404759893,1.5614216489110564
1.0,1.0,0.24116740612116003,3.079905624296649,2.405561789868335
1.0,1.0,0.4987942806930613,3.3223246507792976,1.7346952765362231
1.0,0.0,-1.042532785271665,1.3703055795125056,-0.7678302532664649
1.0,0.0,0.6072545415585915,0.52573932847481,0.9257619218883415
1.0,0.0,0.04995481268597107,0.5836304637027312,-0.5267103087844602
1.0,1.0,-0.6323011368572571,0.7608260649319294,-0.9790240769420501
1.0,0.0,2.4085830558280237,1.751270471471383,5.08657013442074
1.0,0.0,-0.62773728690923,2.8735526913553446,2.992444707584869
1.0,0.0,0.3927189646124076,2.3906445145907065,1.8478477119766155
1.0,1.0,-0.7942180109975968,1.7438841330231576,0.3378509345091978
1.0,0.0,-0.33458910846121054,1.665262091827379,2.722391344158943
1.0,1.0,-0.725703085854849,4.303032752318455,2.56062762023671
1.0,0.0,-0.07713356096917787,1.950435970433618,1.573049119269726
1.0,0.0,0.11520533304577411,-0.13454607981384692,0.0855161243322794
1.0,0.0,-0.04329832814736667,1.8156566676065875,1.3465580123755028
1.0,1.0,-0.4669552568965822,1.173424462306404,1.440282893229945
1.0,1.0,-0.10944899976606877,1.855456935606914,0.7921862152780468
1.0,0.0,-0.35072144121411536,0.6901651495788459,0.3377348380370836
1.0,1.0,0.8736773549489847,3.9806029580635167,2.756199664178789
1.0,1.0,1.0575555772469307,-1.1056832831235068,0.20197373339645974
1.0,0.0,-0.9265713237341427,2.9537013100616845,0.1336228877373692
1.0,1.0,-0.09046339374606216,4.650347034174036,2.2324944451461963
1.0,0.0,-0.3106843054778081,0.916476152733356,0.23857849418703259
1.0,0.0,-0.6643142629078999,0.6477737596294981,1.3206763503462748
1.0,0.0,0.7479028583999687,1.7232000795740072,2.2543127939748473
1.0,1.0,-0.3771489583821975,0.934247557622321,-0.13137112122816508
1.0,0.0,-0.0741628106945792,2.8828917060425097,2.5048027241196387
1.0,0.0,-0.7012692751469363,1.1009840843277856,-0.27690662423314105
1.0,1.0,0.3567198463361955,1.7113764033946588,2.080336759951491
1.0,1.0,0.9912886046339117,3.2324030858389516,2.0907103101461444
1.0,1.0,0.005438648126286971,4.331679181507771,2.754306776640071
1.0,0.0,-0.4903595462315886,1.442995183090569,0.6226191363409659
1.0,1.0,-0.9996779141833474,2.7565336198120374,0.07673724469500864
1.0,0.0,1.479145235375073,2.945370138696127,2.6859778066381144
1.0,0.0,-0.041970962385090654,-0.5387401833805563,-1.6388042542691112
1.0,0.0,-0.5947666376433423,1.8831787850686552,1.0584525859247833
1.0,0.0,0.44307423994642714,1.7035242571360785,1.6703750298249451
1.0,1.0,1.2542008308636903,1.1658993461763847,3.818174934636176
1.0,0.0,-0.5608654134276011,-1.5792183681025118,-1.448409552163245
1.0,1.0,-0.39624198673010774,3.06073412950988,1.4900540213996594
1.0,1.0,0.19444946155360798,3.3559328854316837,0.46169832877908323
1.0,1.0,0.650910899689278,6.3446919405478654,1.8617516089502113
1.0,0.0,-0.370966919385334,1.0585125602800234,-0.2810151723485026
1.0,0.0,-0.05252775327997762,2.5141569305248392,1.0113444854029827
1.0,0.0,-0.501216399409738,4.025249770608747,1.6153366945433916
1.0,1.0,0.1570256665612128,2.8895956000510847,2.9425290226568395
1.0,0.0,-0.3088004722635737,1.8872288802577084,0.24277740416215543
1.0,0.0,0.5753731731182806,2.2115319348861493,0.534369643667911
1.0,0.0,-0.7725858457116508,2.160397126587393,1.023543853184082
1.0,0.0,-0.5090889221765359,2.6890100388653617,0.26952589789439874
1.0,0.0,0.5379119044627736,1.8210860553879846,0.6001593365982346
1.0,0.0,-0.9001566806427744,-0.7532190216798194,0.2634543827607315
1.0,0.0,-0.04373986844755151,3.438296892552434,2.2062369058619606
1.0,1.0,0.13141980331191322,2.3291429442417355,1.0484779984524946
1.0,1.0,-0.28172423310991124,3.5748027020164903,-0.6902697176785819
1.0,1.0,-2.222149763063861,0.8803492555346041,0.47198682564389616
1.0,1.0,0.5246392045561258,-0.9552891540285477,-0.12428024028828699
1.0,1.0,-1.3370415610571775,2.1576928895222593,1.7037730881118314
1.0,1.0,0.43214713556362483,-0.019776114422321633,1.1578725077346843
1.0,1.0,-0.2500971751006053,2.334240915144243,2.040521486662028
1.0,0.0,0.19553741670882163,1.6693878827858968,0.5396550929729962
1.0,1.0,-1.0350949474128086,3.571342729393426,0.6127787900647178
1.0,1.0,-0.3869639609820097,3.3466231438313025,2.8348516002161857
1.0,0.0,1.3146570380955889,2.9826459230364524,3.888792471496049
1.0,1.0,0.7206246326139262,3.0766269860118705,4.954294932477575
1.0,1.0,0.8291462214583025,3.357706660076473,1.4534533074540064
1.0,1.0,-0.8606723796651825,3.1869226154005106,-0.7637756249266732
1.0,1.0,0.5124837178264937,3.10306602750281,2.325153799695122
1.0,0.0,-0.7634960770705157,2.264722984303564,0.7732486965168318
1.0,0.0,-0.033406430165841994,1.6886593250322046,1.770758103912366
1.0,0.0,0.7704288696763473,1.5691354281859908,2.1123408151134218
1.0,1.0,2.299671322200789,2.2915106351827603,2.431461989238921
1.0,0.0,1.0351580473019277,2.628640223846191,2.3774970246660034
1.0,0.0,-1.5537023431901864,1.7418048220867275,0.7340478021729115
1.0,1.0,0.7060731580787982,3.0744289446761393,0.9032180691757765
1.0,0.0,-1.460026891499722,0.5390519724879304,0.3454665842187311
1.0,1.0,-0.7855152318539214,2.370316199322874,0.5817314028826477
1.0,1.0,-0.12117180058766219,2.9339270819994043,1.4330860908686507
1.0,0.0,0.875382908875924,2.490154206672296,0.6475049838562974
1.0,0.0,-0.17683321552882067,1.6200188067111898,2.1000694108210762
1.0,1.0,-0.2945760137965179,2.150842745877634,0.3285547476157089
1.0,1.0,-0.5713988765808039,2.227939691907296,1.6869704852706886
1.0,1.0,0.35504460626334466,2.892699240620243,2.1015887307694205
1.0,0.0,0.7727332994763257,1.625115900471339,1.0247176324769844
1.0,1.0,0.09414985398553066,1.0577290872966412,1.772743674597401
1.0,0.0,0.7007618019485559,2.1280615919633807,1.6107071625632987
1.0,0.0,-1.353111858232332,3.571191409670483,-0.2029519087741939
1.0,0.0,-0.9055562599702034,2.4316530156821496,0.3444940901711791
1.0,0.0,-0.7195801273778615,2.8434797835076138,1.453920404943453
1.0,1.0,-0.347888987084884,-0.2138455173039575,-0.40829778020240104
1.0,0.0,0.12232587121370737,4.554355140570301,2.7254473342999734
1.0,0.0,0.6638165998011332,0.1806752003051777,-0.022447482149410725
1.0,1.0,-0.994596248581957,1.380955437612482,1.0866199580261597
1.0,1.0,0.3934150550916856,1.987090682722179,3.090871162884518
1.0,1.0,-0.7460873288675874,2.0103788387786676,1.7526135571843926
1.0,1.0,-2.2733312465136777,2.9794201581736948,-0.2767033080524891
1.0,1.0,-0.6808525619925854,2.7316677368750026,0.14161253674297503
1.0,0.0,0.1773535786259378,2.771745978590146,0.5989805186314074
1.0,1.0,0.20189563527053273,2.659182033454838,2.2989314659858278
1.0,0.0,-0.40731584676443267,3.0261787040231303,0.29591765859200336
1.0,1.0,-0.2547119120502478,1.0514863028341555,1.3033762682466443
1.0,0.0,0.12619647185627642,2.2252465667003163,2.7563063369934158
1.0,1.0,-0.5329624214772927,3.464170861882282,1.2759487986231837
1.0,1.0,-0.33739963842624604,1.222060529370106,0.4074987196441474
1.0,1.0,0.4254358890205343,2.385095478691262,3.5936831305877517
1.0,1.0,-1.322113697842271,1.9369618229410914,1.5151204332364936
1.0,0.0,-0.19594354129726005,1.349005074973828,-0.6138791438351792
1.0,1.0,-0.09345463748901528,0.34472917269634173,0.592013605009783
1.0,0.0,0.9679143157117853,1.6575472090573795,2.0237316690891554
1.0,0.0,0.5065495358038539,2.4599592067254474,1.7547703063585263
1.0,1.0,0.7226015871153894,1.544518816314566,1.9865130602018932
1.0,0.0,-1.4936863479389317,3.039694424479968,-0.25611225473568566
1.0,1.0,-1.6951367908535837,3.025874821432294,-0.2956788607582318
1.0,1.0,0.10672711921336597,3.400704481812641,1.4983209591764313
1.0,1.0,0.7360619405225479,1.6048658740309323,2.260236083431965
1.0,1.0,0.11387380403267691,1.756800237414983,3.032634052223512
1.0,1.0,-0.3751941306269084,3.0426827016003757,1.9411141172508821
1.0,0.0,0.10918572576210347,2.274648985397899,1.34903657486499
1.0,1.0,-0.15040320422274794,1.9496994794715605,1.4516045076120552
1.0,0.0,0.37263706479082515,0.6823515680660723,-0.399252671120752
1.0,1.0,-0.2690066278646497,1.1413752291795713,0.5955835497405607
1.0,1.0,0.33336971567355167,0.827048449261091,-0.6267673477996047
1.0,0.0,-1.2074218475235412,-0.6181725673968099,-0.12124331054267656
1.0,0.0,0.6460816018579367,2.900333884269929,4.166590350148572
1.0,0.0,0.5091035475166812,4.098112512842027,1.383892803416534
1.0,0.0,0.7935675403872586,1.2446389606420376,1.8889816839155507
1.0,0.0,-0.5974983629265882,3.2950945342726063,0.007794904906613609
1.0,0.0,-0.29235023484055017,3.143302093209387,0.22244232044855394
1.0,1.0,-1.9017538989128904,2.5082855275315215,0.47529681904739185
1.0,0.0,-1.0731378569349126,2.342037940290257,-1.2062287135661682
1.0,0.0,-0.8212445331452344,2.2141264369392304,0.6238391504769136
1.0,1.0,0.5415019502539213,4.133784450517998,2.950061761057366
1.0,0.0,-0.43835057038086767,2.690894917747218,0.09305163063704291
1.0,1.0,-0.7759699505847689,1.1220983534014304,-1.2379311110891678
1.0,0.0,-0.6405871992771515,3.56355770084957,0.5225246548261018
1.0,1.0,-0.64534589174102,1.126382375261716,0.14256111335485178
1.0,1.0,0.6050539617830305,0.5900070350271063,2.0842443731364337
1.0,1.0,0.448937089111363,3.5269350652371045,2.9707143139984975
1.0,0.0,0.13490131736885588,1.6835172224264991,0.09839808755001134
1.0,1.0,-0.673987196909925,0.46608514934474243,0.3130596906774509
1.0,1.0,-0.6715317360605532,3.677325813805125,2.4623431345755895
1.0,0.0,1.797223746024125,2.164946370358718,0.7460508373974217
1.0,1.0,0.19510813618268513,1.7825020376502165,0.033728324912306595
1.0,1.0,-0.061564680758534274,5.353210095543402,1.7427937504082676
1.0,0.0,0.87952873519305,-1.2583305153447149,0.8653710254812553
1.0,1.0,-0.18996452394544713,3.5639772440457387,1.1059946767483662
1.0,0.0,0.6537955156373931,1.3007310848430973,1.5511480515286062
1.0,1.0,0.0319779139748666,1.9290648626280373,1.8820414114527901
1.0,1.0,-0.4873342103568088,0.44353439131444183,1.8679285594937531
1.0,0.0,-0.6116251640247716,0.7128201835909572,0.1658326998375221
1.0,1.0,1.0930194325530864,2.0884904729615124,1.1968949355654566
1.0,0.0,0.9653714848829725,1.0175960060374014,1.4342296272981843
1.0,0.0,0.03277104566190886,1.4743736118750934,0.6307961585295156
1.0,1.0,-0.28524975437662775,3.2210279992106,1.6049604426823785
1.0,0.0,-0.18641463174533798,2.3006492199084208,-0.35494205244484167
1.0,0.0,0.3241921373594704,2.709963467328479,0.3674978541776701
1.0,1.0,0.06570623835268351,2.853662343091673,1.1075226677390688
1.0,1.0,-1.1630586696853105,2.1507239340757747,-0.9603760303449476
1.0,1.0,-0.6588198858432788,0.4042105807909966,2.125263168154251
1.0,1.0,0.6217690843207371,2.7684834303464276,2.627131248863333
1.0,0.0,0.30143134020722795,1.702293507774157,0.6257947692944308
1.0,1.0,0.5513474331665911,2.1329833898828587,0.1476530736389614
1.0,0.0,-1.5993264007908716,1.7140128920325124,-0.5776145609722427
1.0,0.0,-1.0454256628503387,3.2103574199349447,0.7590178889797489
1.0,0.0,-0.06934300193040892,2.896384753725057,1.294427006286118
1.0,0.0,0.19334824360566283,0.6426792993136106,2.4473853351175494
1.0,0.0,0.048652144698221156,0.6464211043951775,0.585341169045561
1.0,0.0,-0.8556117932304026,1.995729622778842,0.5707583549880864
1.0,0.0,-0.19196831753740173,2.55000988517808,0.8874950411421019
1.0,0.0,1.068044093301156,2.548353995609584,2.692268777544364
1.0,0.0,-0.6538668936875892,2.9117007526134566,2.945965963734042
1.0,1.0,-0.39809418872752683,2.2378073440765327,1.4335201792847192
1.0,1.0,-0.3298186007890377,2.430286285269855,1.6665133545379538
1.0,0.0,-1.1088739715476998,2.093824670563062,-1.3333764386265403
1.0,0.0,0.4233479765347326,2.3053522501715187,0.8534021369021753
1.0,1.0,0.19140846709832254,3.791732371213529,4.11106661419392
1.0,0.0,-0.6282971100638378,2.3612908784424995,1.911104677010666
1.0,0.0,0.4504303121570773,3.6793529899215955,0.40525306427396957
1.0,0.0,-1.097393444272732,1.851787722649226,-0.03103010256416336
1.0,1.0,-1.1236467356261004,2.9131011921701235,1.66420087458844
1.0,1.0,0.2402296653894473,1.7962498628074701,3.366258377242391
1.0,0.0,1.4934494139148424,1.5677326217795486,0.9794211014010141
1.0,0.0,-0.19649201477411937,2.431409124430451,1.5507900189789046
1.0,0.0,-0.5670344985789646,2.5226600428527117,1.5294426240852932
1.0,0.0,1.459963478938362,2.284117491750375,1.0216376953676654
1.0,1.0,0.6251634821310021,3.9655604334705292,3.1791122268526504
1.0,0.0,0.47198420153336157,0.6880024707855459,-0.8478340016857442
1.0,0.0,-0.6391669218233627,-1.5996010977541526,-1.8493599448518954
1.0,1.0,0.1656454733317845,3.2234631250503396,1.7402411396456074
1.0,0.0,-0.6334710892079394,1.0906497782174376,1.1135820872310394
1.0,1.0,-0.4788869258027777,2.714938214815824,1.4964719176220287
1.0,0.0,2.142847905523938,4.670152621987742,2.896981951629834
1.0,1.0,0.197762505479813,4.694565317727172,2.002303417206585
1.0,1.0,-0.9230751283476768,2.937224359769753,1.2641504119193943
1.0,0.0,0.6487367224861011,4.118642148252546,1.7893130207340597
1.0,1.0,0.11661211512191261,2.438897268812935,1.9922284493380231
1.0,1.0,-1.5481628152092493,1.6995935758338923,-0.7273891043036844
1.0,1.0,0.1681136923802028,4.9803844528766055,2.769842134565505
1.0,0.0,-0.1610512753598637,2.736156423027295,0.275885548238886
1.0,0.0,-1.3691247067582684,1.8703078964189248,0.3615318845789906
1.0,1.0,0.14806853258137836,2.62273724337558,0.8685946171366822
1.0,1.0,0.0696084888285009,2.2714437765114157,1.5454236876735628
1.0,0.0,0.6561648727100731,1.540182390130054,0.9343328618380211
1.0,0.0,-0.305400970218238,2.3164062724684253,1.5992432198168733
1.0,1.0,0.10536585751300162,-0.7329982856186523,2.1038859967304937
1.0,1.0,0.2689047410453239,2.068663945306599,1.9962033349454151
1.0,0.0,-0.7909865770172149,1.4315605827771332,0.7383298148936085
1.0,0.0,0.13327312829587706,1.8779875274505218,0.9848250829833253
1.0,1.0,0.806349935062154,1.4931737995146959,1.2410192431550202
1.0,0.0,-1.899969983982567,2.232037487912624,-0.4256990068210189
1.0,1.0,0.9118980263783636,3.1761271630640526,2.7614031910953076
1.0,0.0,-0.06670395071809268,1.702213594997209,1.4348780156965755
1.0,1.0,-0.40205981302668714,1.9014989136182572,-0.9950597540305941
1.0,1.0,1.1495756448786831,3.012145709215728,3.1247049079005906
1.0,1.0,-0.6197588827245463,2.1394144137180335,1.7078285872372487
1.0,1.0,-0.20364115120970155,2.4948906013657712,0.8049099216353407
1.0,1.0,-0.958807667925177,3.8977168884632434,2.1580106647515542
1.0,0.0,-0.7607340190174239,3.0205655894724606,-1.4016966838523306
1.0,0.0,0.3037841183952057,2.3284132616611664,2.2846988775175046
1.0,0.0,-0.2782116539216792,2.62555819147037,2.101272531628705
1.0,0.0,-0.05196133266498791,1.2991458130502165,0.20449222052993643
1.0,1.0,0.18841574875689607,3.763375100817603,1.7535074057535724
1.0,0.0,0.3645604099522724,2.6103154418539614,2.4661531422222605
1.0,0.0,0.09380660372418198,1.7149609937695907,1.1582175236945615
1.0,1.0,0.8341484174214119,2.4555285525506,3.1465279274765288
1.0,0.0,-0.6783482911796714,1.3368173467233289,2.469271343551122
1.0,0.0,-1.0473730014093725,1.7223549323899772,0.5791104085957317
1.0,0.0,0.5977696613486956,1.7856363996035658,3.3526069338654025
1.0,0.0,-0.6548035063491315,1.150436868724456,-0.3481083645670808
1.0,0.0,0.9632376878570157,3.5341376773670827,1.02270744908706
1.0,0.0,-1.0986416109206676,1.351864959008965,-0.36758697005941704
1.0,0.0,0.12176087783823446,-0.03378894592203219,-0.6535317880700963
1.0,1.0,-0.2882967018585543,2.0357384886906678,0.8597661420868198
1.0,1.0,1.838707238707081,1.8320750557832084,3.9702779862636675
1.0,0.0,0.08406127029413422,-0.04469816971560392,1.8476581896414581
1.0,0.0,0.17624729294976044,-0.5991980499127014,3.3980775828922405
1.0,1.0,0.2158467167129806,3.291631129866569,3.746569289299947
1.0,0.0,-0.8037401737331397,3.8410233100469275,-0.5111445743679899
1.0,1.0,-0.6686487606545535,3.2331704616174743,1.6494588049097914
1.0,0.0,-0.8093967629097442,5.674961723346204,2.1572037301007985
1.0,0.0,0.5973187736207128,3.2850645512903434,2.073119501002691
1.0,0.0,0.19455173679533722,2.391322387536798,2.1685155173222608
1.0,1.0,-0.08463427605320661,3.5541908222637737,1.0030749150808869
1.0,1.0,0.277041603905235,0.8414911670939271,0.9689107307528144
1.0,1.0,-0.31111672833026216,1.028747624997349,1.4481857052774982
1.0,1.0,0.6119841989261261,0.9240927326136386,0.6185227075249562
1.0,1.0,1.7450912169401767,1.2033982178489189,2.284643225919219
1.0,1.0,-0.031862005457436005,5.487875437807353,1.5998031470719014
1.0,0.0,0.5071934312798966,1.7203096903732074,1.8050439287874451
1.0,0.0,0.2744838310224851,0.9582805499069003,1.8971971547200401
1.0,0.0,-0.7005407815899883,2.9476111556945503,0.9717697551127176
1.0,0.0,0.5159515171195722,-1.5930863453158428,1.909268070941038
1.0,1.0,-0.7193218938912429,1.4912361586327283,0.8521967786821919
1.0,0.0,0.2905091036255818,0.6278337256214623,0.15455713877000854
1.0,1.0,0.8412819032827807,1.0273255297918902,-0.8729902584767557
