CODE,ORIG,FIRM_ID,YEAR,PRICE,QUANTITY,HP,LENGTH,WIDTH,SIZE,WEIGHT,FUEL,MPG,FUELPRICE,SEGMENT,steel_price,brand_id,model_id
10102,1,4,1995,27.5813,179,.0480319,179.1339,69.29134,1.241243,3039.647,0,40.55424,.70969,4,1,1,38
10103,1,4,1995,20.20233,4934,.0410193,161.0236,67.32284,1.084057,2511.013,0,38.55977,.70969,2,1,1,34
10104,1,4,1995,23.65143,1017,.0481811,174.8031,67.03937,1.171869,2671.586,0,35.10666,.70969,3,1,1,36
10105,1,4,1995,15.58488,22799,.0397974,167.3228,67.32284,1.126465,2588.106,0,38.55977,.70969,2,1,1,35
10201,1,19,1995,35.49563,4,.0440745,188.5827,69.68504,1.314139,3017.621,0,33.60209,.70969,4,1,2,1
10202,1,19,1995,17.6553,4920,.0475449,176.378,66.53543,1.173538,2797.357,0,36.75228,.70969,3,1,2,20
10203,1,19,1995,34.88985,5,.0521839,172.0472,67.71654,1.165044,2874.449,0,35.10666,.70969,4,1,2,70
10204,1,19,1995,38.66947,4,.0463265,175.9843,68.11024,1.198633,2698.238,0,40.55424,.70969,3,1,2,28
10205,1,19,1995,50.31481,1,.0472917,188.5827,70.07874,1.321564,3171.806,0,33.60209,.70969,4,1,2,29
10206,1,19,1995,36.06362,4,.0538854,198.0315,74.01575,1.465745,3229.075,0,32.66869,.70969,4,1,2,30
10302,1,1,1995,32.11058,48,.0490235,170.0787,64.56693,1.098146,2345.815,0,39.20243,.70969,3,1,3,146
10304,1,1,1995,47.20488,1,.0590969,185.8268,68.89764,1.280303,3248.899,0,35.63857,.70969,4,1,3,148
10305,1,1,1995,42.97568,1,.0582188,193.3071,72.83465,1.407945,3744.493,0,29.40182,.70969,4,1,3,150
10402,3,2,1995,32.19544,23,.0435918,177.9528,69.29134,1.233058,3616.96,0,29.40182,.70969,5,1,4,175
10404,3,2,1995,21.98654,2327,.0540379,171.6535,67.32284,1.15562,2442.731,0,37.33565,.70969,3,1,4,113
10405,3,2,1995,34.90997,9,.0440548,185.8268,70.86614,1.316883,2973.568,0,36.75228,.70969,4,1,4,157
10408,3,2,1995,29.1096,100,.0584718,201.5748,74.40945,1.499907,3557.269,0,31.78575,.70969,4,1,4,174
10501,1,14,1995,14.20844,41227,.0403556,138.5827,61.02362,.8456817,1486.784,0,60.31143,.70969,1,1,5,48
10502,1,14,1995,29.21269,85,.0439355,185.4331,70.47244,1.306792,3072.687,0,36.18686,.70969,4,1,5,179
10503,1,14,1995,19.16039,4539,.031144,160.2362,66.53543,1.066139,2279.736,0,53.45786,.70969,2,1,5,185
10504,1,14,1995,20.34999,3705,.0403299,174.8031,68.89764,1.204352,2638.987,0,41.61249,.70969,3,1,5,177
10505,1,14,1995,29.19638,73,.0356818,175.1969,71.25984,1.24845,3447.136,0,32.66869,.70969,5,1,5,80
10601,2,3,1995,15.07715,32797,.0345483,176.378,65.35433,1.152706,2257.709,0,44.38011,.70969,2,1,6,114
10602,2,3,1995,19.63934,4833,.037149,181.4961,67.32284,1.221883,2557.269,0,41.26572,.70969,3,1,6,43
10701,1,4,1995,28.49684,224,.0255775,127.1654,58.66142,.74597,1563.877,0,58.80365,.70969,1,1,7,60
10702,1,4,1995,22.34099,1702,.0442836,177.5591,69.29134,1.23033,2687.225,0,39.20243,.70969,3,1,7,71
10703,1,4,1995,5.045219,165473,.0287342,134.252,59.05512,.7928266,1740.088,0,38.55977,.70969,1,1,7,119
10704,1,4,1995,33.23431,86,.0386932,148.4252,63.77953,.9466489,1938.326,0,44.38011,.70969,1,1,7,131
10705,1,4,1995,20.48479,4192,.0377237,171.2598,66.92913,1.146227,2279.736,0,42.47437,.70969,2,1,7,163
10706,1,4,1995,20.74323,3576,.0402515,155.9055,66.92913,1.043462,2136.564,0,47.04292,.70969,2,1,7,165
10707,1,4,1995,12.38364,31215,.03405,145.2756,61.41732,.8922438,1674.009,0,52.26991,.70969,1,1,7,171
10708,1,4,1995,32.96662,33,.0515744,167.3228,69.29134,1.159402,2753.304,0,33.60209,.70969,4,1,7,70
10709,1,4,1995,23.08707,1075,.0346587,175.1969,72.04724,1.262245,3491.189,0,32.66869,.70969,5,1,7,170
10710,1,4,1995,19.78776,3020,.0556792,153.937,64.56693,.9939241,2334.802,0,38.69679,.70969,4,1,7,50
10711,1,4,1995,13.94243,42817,.0445352,158.2677,68.89764,1.090427,2312.775,0,42.76629,.70969,2,1,7,54
10712,1,4,1995,18.42344,6435,.0349231,164.5669,68.50394,1.127348,2290.749,0,45.23357,.70969,2,1,7,53
10801,1,5,1995,17.51324,12076,.0406082,160.3858,66.38583,1.064735,2216.3,0,41.90756,.70969,2,1,8,78
10802,1,5,1995,14.48386,35207,.0318597,147.2441,63.38583,.9333189,1883.26,0,47.04292,.70969,1,1,8,84
10803,1,5,1995,21.31808,2387,.0408849,176.378,67.32284,1.187426,2812.775,0,43.55825,.70969,3,1,8,109
10804,1,5,1995,32.16484,25,.0429712,180.315,68.11024,1.228129,2676.211,0,38.55977,.70969,4,1,8,128
10805,1,5,1995,29.4505,67,.0422326,189.7638,73.62205,1.39708,3220.264,0,35.10666,.70969,4,1,8,140
11001,2,7,1995,22.87234,1477,.0473896,183.8583,67.32284,1.237786,2764.317,0,34.08907,.70969,3,1,9,32
11002,2,7,1995,19.65304,4958,.0433585,161.6811,66.88189,1.081354,2137.203,0,42.58665,.70969,2,1,9,61
11004,2,7,1995,34.50111,12,.0643602,174.8031,69.68504,1.218116,2874.449,0,34.08907,.70969,4,1,9,123
11102,2,8,1995,16.91145,20658,.049674,172.7953,66.3189,1.145959,2545.595,0,33.38792,.70969,2,1,10,98
11103,2,8,1995,20.94734,2099,.0258528,165.748,64.17323,1.063659,3171.806,0,39.20243,.70969,4,1,10,134
11104,2,8,1995,21.11049,3268,.0493016,185.0394,69.68504,1.289448,2819.383,0,36.18686,.70969,4,1,10,155
11105,2,8,1995,15.18095,31116,.0402562,161.4173,63.77953,1.029512,2235.683,0,52.26991,.70969,1,1,10,31
11301,2,9,1995,15.57738,26081,.0353596,168.5039,66.53543,1.121148,2290.749,0,45.23357,.70969,2,1,11,142
11501,1,4,1995,22.24629,1484,.0377399,170.8661,66.92913,1.143592,2676.211,0,39.86688,.70969,3,1,12,72
11502,1,4,1995,16.60772,15279,.0308071,157.874,66.92913,1.056637,2466.96,0,37.33565,.70969,2,1,12,73
11504,1,4,1995,31.20596,38,.0457153,184.252,71.65354,1.320231,3171.806,0,31.78575,.70969,4,1,12,94
11505,1,4,1995,13.99858,37738,.0291245,134.6457,59.44882,.8004526,1751.101,0,50.04566,.70969,1,1,12,181
11601,2,10,1995,23.58695,1476,.0682845,160.6299,66.53543,1.068758,2709.251,0,32.22118,.70969,2,1,13,12
11602,2,10,1995,24.94048,572,.0459896,185.0394,68.89764,1.274878,2544.053,0,38.55977,.70969,3,1,13,18
11603,2,10,1995,28.13319,135,.0519192,166.1417,66.92913,1.111972,2561.674,0,33.12881,.70969,4,1,13,112
11604,2,10,1995,30.84162,52,.0554678,179.5276,66.92913,1.201562,2632.159,0,38.55977,.70969,4,1,13,178
11701,1,11,1995,19.15974,1467,.0473402,175.1969,66.53543,1.16568,2577.093,0,35.63857,.70969,3,1,14,4
11702,1,11,1995,51.85363,1,.0482979,176.378,67.71654,1.194371,3105.727,0,36.18686,.70969,3,1,14,55
11703,1,11,1995,59.68713,1,.0482568,187.6299,69.51968,1.304397,3108.37,0,37.08605,.70969,4,1,14,75
11704,1,11,1995,56.23029,1,.0670336,186.6142,68.50394,1.278381,3281.938,0,28.68471,.70969,4,1,14,76
11706,1,11,1995,60.74441,1,.07264,201.1811,74.01575,1.489057,4405.286,0,23.52146,.70969,4,1,14,133
11801,2,12,1995,27.14737,233,.0546988,170.8661,66.53543,1.136865,2742.291,0,39.86688,.70969,4,1,15,77
11802,2,12,1995,27.68667,197,.053622,181.8898,68.11024,1.238855,2797.357,0,34.59038,.70969,3,1,15,87
11803,2,12,1995,24.88928,601,.0484996,177.5591,66.53543,1.181397,2742.291,0,33.12881,.70969,5,1,15,156
11901,2,13,1995,25.56053,412,.0717787,177.9528,68.11024,1.21204,2786.344,0,34.08907,.70969,4,1,16,5
11902,2,13,1995,14.03841,42180,.0322194,145.6693,62.59843,.9118669,1707.048,0,49.00304,.70969,1,1,16,108
11903,2,13,1995,20.84715,2825,.0401209,173.2283,66.92913,1.159402,2367.841,0,45.23357,.70969,3,1,16,127
11904,2,13,1995,24.67336,901,.0410762,156.6929,65.74803,1.030225,2312.775,0,44.38011,.70969,2,1,16,158
11905,2,13,1995,35.87418,8,.0476105,187.7953,69.68504,1.308652,2940.529,0,32.66869,.70969,4,1,16,106
11906,2,13,1995,11.286,98457,.0381623,162.2047,66.53543,1.079236,2279.736,0,45.23357,.70969,2,1,16,41
12001,1,6,1995,18.10908,9887,.0432381,159.4488,66.53543,1.0609,2312.775,0,39.20243,.70969,2,1,17,45
12002,1,6,1995,23.35632,547,.0401615,176.7717,66.53543,1.176158,2863.436,0,38.55977,.70969,4,1,17,56
12003,1,6,1995,28.20771,292,.0320471,146.4567,62.99213,.9225619,1872.247,0,45.23357,.70969,1,1,17,68
12004,1,6,1995,34.19706,16,.0424357,188.189,70.07874,1.318805,3204.846,0,35.63857,.70969,4,1,17,117
12005,1,6,1995,24.50728,683,.0486403,174.9134,66.92913,1.17068,2796.035,0,39.62443,.70969,3,1,17,172
12006,1,6,1995,11.92085,38180,.0387299,154.3307,71.25984,1.099758,2323.789,0,47.04292,.70969,1,1,17,164
12101,1,14,1995,20.21512,9500,.0557055,140.1575,63.38583,.8883998,1795.154,0,37.93784,.70969,1,1,18,2
12102,1,14,1995,7.191175,492517,.0402959,145.6693,61.41732,.8946618,1861.234,0,45.23357,.70969,1,1,18,6
12103,1,14,1995,18.17488,7524,.0333824,157.0866,66.53543,1.045182,2246.696,0,47.04292,.70969,2,1,18,11
12104,1,14,1995,19.75686,4334,.0492,173.622,66.92913,1.162037,2500,0,39.86688,.70969,3,1,18,13
12105,1,14,1995,30.37161,55,.0458586,187.4016,70.86614,1.328043,3270.925,0,33.12881,.70969,4,1,18,16
12106,1,14,1995,26.83904,206,.0352315,175.1969,72.04724,1.262245,3491.189,0,32.66869,.70969,5,1,18,21
12107,1,14,1995,26.0154,391,.0398808,179.1339,69.29134,1.241243,2808.37,0,43.55825,.70969,3,1,18,14
12402,1,15,1995,47.01397,1,.042078,163.7795,66.92913,1.096162,2257.709,0,39.20243,.70969,2,1,19,3
12403,1,15,1995,9.968872,31833,.0371455,177.9528,67.71654,1.205034,2422.907,0,52.26991,.70969,3,1,19,8
12404,1,15,1995,16.85791,21084,.0426892,146.063,63.77953,.9315828,1874.009,0,49.00304,.70969,1,1,19,63
12405,1,15,1995,28.77767,91,.0378333,174.0157,70.47244,1.226331,2907.489,0,31.36194,.70969,5,1,19,79
12406,1,15,1995,43.84047,1,.0347823,177.1654,68.89764,1.220627,2731.278,0,37.33565,.70969,3,1,19,96
12407,1,15,1995,30.53173,50,.045078,186.2205,71.25984,1.327004,3105.727,0,33.60209,.70969,4,1,19,138
12408,1,15,1995,8.784729,300672,.0316076,135.0394,64.17323,.8665912,1740.088,0,46.12051,.70969,1,1,19,169
12409,1,15,1995,14.62006,2169,.0387299,162.2047,66.53543,1.079236,2323.789,0,45.23357,.70969,2,1,19,107
12502,1,16,1995,13.46662,61549,.0396627,138.5827,61.41732,.8511377,1890.947,0,46.25747,.70969,1,1,3,144
12503,1,16,1995,17.88816,11376,.0454,166.1417,66.14173,1.09889,2268.722,0,42.76629,.70969,2,1,3,145
12506,1,16,1995,20.5541,2013,.0438093,170.7205,66.32677,1.132334,2351.101,0,44.29319,.70969,3,1,3,147
12507,1,16,1995,22.56073,1351,.0466463,182.6772,67.32284,1.229835,2808.37,0,34.08907,.70969,3,1,3,149
12508,1,16,1995,31.48231,16,.0490811,184.6457,68.11024,1.257626,2852.423,0,35.63857,.70969,4,1,3,151
12509,1,16,1995,34.47473,7,.0443343,175.9843,76.77165,1.35106,2345.815,0,34.59038,.70969,4,1,3,110
12601,1,6,1995,26.65856,203,.0314773,182.2835,67.32284,1.227184,4129.956,0,33.60209,.70969,3,1,20,24
12602,1,6,1995,35.71561,5,.0490552,187.4016,69.68504,1.305909,3017.621,0,36.18686,.70969,4,1,20,25
12701,1,19,1995,18.75243,10231,.0296087,150,64.56693,.968504,2026.432,0,44.38011,.70969,1,1,21,92
12702,1,19,1995,6.294849,566831,.0267059,137.0079,59.05512,.8091016,1497.797,0,50.04566,.70969,1,1,21,103
12703,1,19,1995,20.42892,3271,.0374862,170.0787,65.35433,1.111538,2400.881,0,38.55977,.70969,3,1,21,166
12704,1,19,1995,17.03675,13382,.0356545,161.4173,64.56693,1.042222,2103.524,0,42.00261,.70969,2,1,21,66
12801,1,19,1995,14.37473,15372,.0280183,150,63.77953,.9566929,1927.313,0,41.26572,.70969,1,1,22,82
12802,1,19,1995,13.49023,27669,.0263613,163.7795,63.77953,1.044578,2048.458,0,39.20243,.70969,1,1,22,86
12803,1,19,1995,25.95701,977,.0271413,151.5748,64.17323,.9727044,2026.432,0,41.26572,.70969,1,1,22,83
13002,2,17,1995,14.05836,73482,.0595506,146.063,62.20472,.9085808,1696.035,0,42.00261,.70969,1,1,23,160
13003,2,17,1995,16.119,25714,.0475619,164.9606,66.53543,1.097573,2081.498,0,44.38011,.70969,2,1,23,49
13102,2,18,1995,24.54054,671,.0485382,178.3465,67.32284,1.200679,2389.868,0,42.76629,.70969,3,1,24,57
13103,2,18,1995,47.79866,1,.0598975,173.622,68.89764,1.196215,2621.145,0,36.18686,.70969,4,1,24,59
13104,2,18,1995,18.58108,7711,.0410762,166.1417,65.35433,1.085808,2312.775,0,41.26572,.70969,2,1,24,67
13105,2,18,1995,39.51701,1,.0945237,177.5591,71.25984,1.265283,3491.189,0,31.06291,.70969,4,1,24,159
13201,1,19,1995,23.27033,1127,.0495727,158.2677,67.32284,1.065503,2319.824,0,40.55424,.70969,2,1,25,89
13202,1,19,1995,21.92987,1866,.0421048,181.1024,67.71654,1.226362,2731.278,0,39.20243,.70969,3,1,25,121
13203,1,19,1995,13.22318,55956,.0263971,146.063,64.96063,.9488344,2125.463,0,46.9434,.70969,1,1,25,122
13204,1,19,1995,22.55564,1397,.038873,172.4409,66.92913,1.154132,2367.841,0,39.4715,.70969,3,1,25,173
13302,1,5,1995,23.74017,920,.0471577,173.622,66.53543,1.155202,2332.599,0,40.55424,.70969,2,1,26,147
13303,1,5,1995,35.17572,8,.0580301,183.4646,69.29134,1.27125,2929.515,0,35.63857,.70969,4,1,26,151
20102,1,4,1995,35.93767,4,.0375828,179.1339,69.29134,1.241243,3325.991,1,45.23357,.51604,4,1,1,38
20103,1,4,1995,20.06173,2820,.0337686,161.0236,67.32284,1.084057,2665.198,1,47.04292,.51604,2,1,1,34
20104,1,4,1995,25.17777,359,.0323204,174.8031,67.56693,1.181091,2812.996,1,46.12051,.51604,3,1,1,36
20105,1,4,1995,23.62966,827,.0328193,167.3228,67.32284,1.126465,2742.291,1,47.04292,.51604,2,1,1,35
20201,1,19,1995,28.92045,18,.0366386,188.5827,69.68504,1.314139,3138.767,1,51.13361,.51604,4,1,2,1
20202,1,19,1995,18.51155,2050,.0317828,176.378,66.53543,1.173538,2831.718,1,59.45468,.51604,3,1,2,20
20204,1,19,1995,40.90364,1,.0329516,175.9843,68.11024,1.198633,2731.278,1,60.31143,.51604,3,1,2,28
20205,1,19,1995,58.40795,1,.0363858,188.5827,69.68504,1.314139,3160.573,1,51.13361,.51604,4,1,2,29
20302,1,1,1995,34.9627,9,.0323004,174.4095,66.92913,1.167307,2786.344,1,53.45786,.51604,3,1,3,146
20304,1,1,1995,49.10632,1,.0356382,185.8268,68.89764,1.280303,3226.872,1,45.23357,.51604,4,1,3,148
20402,3,2,1995,28.96369,73,.031524,177.9528,72.04724,1.282101,3711.454,1,39.20243,.51604,5,1,4,175
20501,1,14,1995,16.00447,16793,.0365722,138.5827,61.02362,.8456817,1585.903,1,65.33739,.51604,1,1,5,48
20502,1,14,1995,33.14201,12,.0346325,185.4331,70.47244,1.306792,3176.211,1,48.00298,.51604,4,1,5,179
20503,1,14,1995,18.98903,4897,.031144,160.2362,66.53543,1.066139,2279.736,1,53.45786,.51604,2,1,5,185
20504,1,14,1995,21.41049,1705,.0266397,174.8031,68.89764,1.204352,2665.198,1,49.00304,.51604,3,1,5,177
20505,1,14,1995,31.99985,17,.0266888,175.1969,71.25984,1.24845,3447.136,1,38.55977,.51604,5,1,5,80
20702,1,4,1995,25.78521,329,.0391036,177.5591,69.29134,1.23033,3017.621,1,41.94792,.51604,3,1,7,71
20704,1,4,1995,23.25427,1693,.032688,148.4252,63.77953,.9466489,2202.643,1,47.04292,.51604,1,1,7,131
20705,1,4,1995,40.77018,3,.034519,171.2598,66.92913,1.146227,2665.198,1,52.94287,.51604,2,1,7,163
20706,1,4,1995,15.76731,13303,.0265856,155.9055,66.92913,1.043462,2444.934,1,48.75419,.51604,2,1,7,165
20707,1,4,1995,6.831065,412133,.0297537,145.2756,61.41732,.8922438,1949.339,1,53.6799,.51604,1,1,7,171
20709,1,4,1995,27.16015,147,.0249146,175.1969,72.04724,1.262245,3612.335,1,32.66869,.51604,5,1,7,170
20711,1,4,1995,11.37577,25828,.0268273,158.2677,68.89764,1.090427,2422.907,1,48.00298,.51604,2,1,7,54
20712,1,4,1995,20.18003,2715,.026115,164.5669,68.50394,1.127348,2488.987,1,48.00298,.51604,2,1,7,53
20801,1,5,1995,19.7564,3564,.0316313,161.6772,66.24409,1.071016,2379.956,1,51.6762,.51604,2,1,8,78
20802,1,5,1995,15.78543,17773,.0294486,147.2441,63.38583,.9333189,2037.445,1,57.36941,.51604,1,1,8,84
20803,1,5,1995,22.9835,921,.030561,176.378,67.7874,1.19562,2944.934,1,47.04292,.51604,3,1,8,109
20805,1,5,1995,31.34661,28,.0333184,189.7638,73.62205,1.39708,3451.542,1,39.20243,.51604,4,1,8,140
21501,1,4,1995,24.78477,418,.0333551,170.8661,66.92913,1.143592,2698.238,1,49.89385,.51604,3,1,12,72
21502,1,4,1995,20.80295,2338,.0319219,157.874,68.89764,1.087715,2819.383,1,47.04292,.51604,2,1,12,73
21504,1,4,1995,36.54266,3,.0379098,184.252,71.65354,1.320231,3270.925,1,39.86688,.51604,4,1,12,94
21702,1,11,1995,36.94389,2,.0308071,176.378,67.71654,1.194371,3083.7,1,44.38011,.51604,3,1,14,55
21703,1,11,1995,36.88651,1,.0334248,187.4095,69.29921,1.298733,3163.216,1,44.90113,.51604,4,1,14,75
21704,1,11,1995,55.47107,1,.0407202,187.626,69.51575,1.304296,3339.868,1,43.58085,.51604,4,1,14,76
21903,2,13,1995,22.485,1037,.0286134,173.2283,66.92913,1.159402,2621.145,1,54.70107,.51604,3,1,16,127
21904,2,13,1995,23.45501,1097,.0308145,162.9921,65.74803,1.071641,2433.921,1,52.26991,.51604,2,1,16,158
21906,2,13,1995,14.08357,26541,.0294805,162.2047,66.53543,1.079236,2544.053,1,50.04566,.51604,2,1,16,41
22001,1,6,1995,18.61168,6167,.0338868,159.4488,66.53543,1.0609,2419.824,1,51.13361,.51604,2,1,17,45
22003,1,6,1995,15.8568,15524,.0248087,146.4567,62.99213,.9225619,2015.418,1,58.80365,.51604,1,1,17,68
22004,1,6,1995,32.90325,14,.037955,188.189,70.07874,1.318805,3425.11,1,42.00261,.51604,4,1,17,117
22005,1,6,1995,23.59192,680,.0307695,172.1378,66.92913,1.152103,2664.978,1,49.38578,.51604,3,1,17,172
22101,1,14,1995,11.68146,65701,.0313476,140.1575,61.81102,.8663278,1850.22,1,63.57151,.51604,1,1,18,2
22102,1,14,1995,21.41259,2332,.0309545,145.6693,61.41732,.8946618,1938.326,1,60.31143,.51604,1,1,18,6
22103,1,14,1995,18.87006,5043,.0298463,157.0866,66.53543,1.045182,2378.855,1,51.13361,.51604,2,1,18,11
22104,1,14,1995,45.71817,1,.03632,173.622,66.53543,1.155202,2533.04,1,46.12051,.51604,3,1,18,13
22105,1,14,1995,35.62626,4,.0334047,187.4016,70.86614,1.328043,3292.952,1,48.00298,.51604,4,1,18,16
22106,1,14,1995,30.88735,27,.0254683,175.1969,72.04724,1.262245,3612.335,1,38.55977,.51604,5,1,18,21
22107,1,14,1995,5.413419,289066,.0312869,179.1339,69.29134,1.241243,2940.529,1,47.04292,.51604,3,1,18,14
22402,1,15,1995,18.55811,5826,.0286505,163.7795,66.92913,1.096162,2268.722,1,51.13361,.51604,2,1,19,3
22403,1,15,1995,13.7006,6705,.0281299,180.311,68.11024,1.228103,2524.009,1,48.43394,.51604,3,1,19,8
22404,1,15,1995,15.69649,19425,.0320761,146.063,63.77953,.9315828,2026.432,1,57.36941,.51604,1,1,19,63
22405,1,15,1995,31.49187,22,.0295941,174.0157,70.47244,1.226331,2973.568,1,42.00261,.51604,5,1,19,79
22406,1,15,1995,44.7121,1,.0289064,177.1654,68.89764,1.220627,2940.529,1,48.00298,.51604,3,1,19,96
22407,1,15,1995,34.4568,7,.033361,186.2205,71.25984,1.327004,3447.136,1,42.76629,.51604,4,1,19,138
22502,1,16,1995,15.71846,17135,.0287822,138.5827,61.41732,.8511377,1950.859,1,58.50818,.51604,1,1,3,144
22503,1,16,1995,21.54254,1692,.034147,166.1417,66.14173,1.09889,2577.093,1,54.63372,.51604,2,1,3,145
22506,1,16,1995,21.07483,1075,.034147,171.6535,66.14173,1.135346,2577.093,1,54.56402,.51604,3,1,3,147
22507,1,16,1995,29.48984,54,.0344188,182.6772,67.32284,1.229835,3050.661,1,58.80365,.51604,3,1,3,149
22508,1,16,1995,35.15739,2,.0374892,192.126,68.11024,1.308575,3147.577,1,48.00298,.51604,4,1,3,151
22701,1,19,1995,17.29468,9885,.031502,150,64.56693,.968504,2158.59,1,53.45786,.51604,1,1,21,92
22703,1,19,1995,22.64287,1046,.0330583,170.0787,65.35433,1.111538,2268.722,1,51.13361,.51604,3,1,21,166
22704,1,19,1995,18.48341,5735,.0280425,161.4173,64.56693,1.042222,2424.89,1,52.26991,.51604,2,1,21,66
23102,2,18,1995,24.76783,371,.0265136,178.3465,67.32284,1.200679,2753.304,1,54.3522,.51604,3,1,24,57
23201,1,19,1995,22.18233,1198,.0317218,158.2677,66.92913,1.059272,2489.647,1,53.41537,.51604,2,1,25,89
23202,1,19,1995,27.67504,164,.0323004,181.1024,67.71654,1.226362,2786.344,1,57.36941,.51604,3,1,25,121
23204,1,19,1995,19.02753,3307,.0261766,172.4409,66.92913,1.154132,2444.934,1,48.00298,.51604,3,1,25,173
23302,1,5,1995,27.93674,100,.0337686,169.685,65.74803,1.115646,2665.198,1,53.45786,.51604,2,1,26,147
23303,1,5,1995,35.2447,5,.0369253,191.7323,68.89764,1.32099,3303.965,1,42.00261,.51604,4,1,26,151
10103,1,4,1996,15.84231,17295,.0410193,161.0236,67.32284,1.084057,2511.013,0,38.55977,.7653,2,1.012,1,34
10104,1,4,1996,23.48092,856,.0457462,174.8031,68.11024,1.190588,2830.396,0,35.90678,.7653,3,1.012,1,36
10105,1,4,1996,20.10245,4010,.0397974,167.3228,67.32284,1.126465,2588.106,0,38.55977,.7653,2,1.012,1,35
10201,1,19,1996,25.44531,110,.0440745,188.5827,69.68504,1.314139,3017.621,0,33.60209,.7653,4,1.012,2,1
10202,1,19,1996,7.232767,146233,.0475449,176.378,66.53543,1.173538,2797.357,0,36.75228,.7653,3,1.012,2,20
10203,1,19,1996,30.08926,21,.0521839,172.0472,67.71654,1.165044,2874.449,0,35.10666,.7653,4,1.012,2,70
10204,1,19,1996,48.91126,1,.0463265,175.9843,68.11024,1.198633,2698.238,0,40.55424,.7653,3,1.012,2,28
10205,1,19,1996,55.44968,1,.0472917,188.5827,70.07874,1.321564,3171.806,0,33.60209,.7653,4,1.012,2,29
10206,1,19,1996,44.30607,1,.0550593,198.0315,74.01575,1.465745,3255.947,0,33.57331,.7653,4,1.012,2,30
10207,1,19,1996,26.0512,277,.0497807,163.3858,68.11024,1.112825,2511.013,0,39.86688,.7653,2,1.012,2,27
10302,1,1,1996,30.71613,58,.0490235,170.0787,64.56693,1.098146,2345.815,0,39.20243,.7653,3,1.012,3,146
10304,1,1,1996,55.68056,1,.0568203,185.8268,68.89764,1.280303,3379.075,0,33.53502,.7653,4,1.012,3,148
10305,1,1,1996,42.5576,1,.0582188,193.3071,72.83465,1.407945,3744.493,0,29.40182,.7653,4,1.012,3,150
10306,1,1,1996,32.45414,7,.0450086,158.2677,66.53543,1.053041,2555.066,0,39.86688,.7653,4,1.012,3,183
10402,3,2,1996,31.87532,22,.0448429,177.9528,69.29134,1.233058,3590.308,0,29.40182,.7653,5,1.012,4,175
10404,3,2,1996,21.53086,2316,.0540379,171.6535,67.32284,1.15562,2442.731,0,37.33565,.7653,3,1.012,4,113
10405,3,2,1996,40.87926,1,.0440548,185.8268,70.86614,1.316883,2973.568,0,36.75228,.7653,4,1.012,4,157
10408,3,2,1996,23.90303,483,.0584718,201.5748,74.40945,1.499907,3557.269,0,31.78575,.7653,4,1.012,4,174
10501,1,14,1996,9.576828,183214,.0387084,138.5827,61.02362,.8456817,1493.965,0,58.04901,.7653,1,1.012,5,48
10502,1,14,1996,28.42899,98,.0439355,185.4331,70.47244,1.306792,3072.687,0,36.18686,.7653,4,1.012,5,179
10503,1,14,1996,19.13301,3736,.031144,160.2362,66.53543,1.066139,2279.736,0,53.45786,.7653,2,1.012,5,185
10504,1,14,1996,20.96061,2361,.0412058,174.8031,68.89764,1.204352,2718.062,0,39.86688,.7653,3,1.012,5,177
10505,1,14,1996,29.87908,44,.0356818,175.1969,71.25984,1.24845,3447.136,0,32.66869,.7653,5,1.012,5,80
10506,1,14,1996,16.22748,18903,.0338385,146.063,62.59843,.9143313,1773.128,0,48.00298,.7653,1,1.012,5,139
10601,2,3,1996,16.20388,16184,.0345483,176.378,65.35433,1.152706,2257.709,0,44.38011,.7653,2,1.012,6,114
10602,2,3,1996,19.82696,3617,.037149,181.4961,67.32284,1.221883,2557.269,0,41.26572,.7653,3,1.012,6,43
10701,1,4,1996,22.45453,1703,.0255775,127.1654,58.66142,.74597,1563.877,0,58.80365,.7653,1,1.012,7,60
10703,1,4,1996,7.634923,29172,.0287342,134.252,59.05512,.7928266,1740.088,0,38.55977,.7653,1,1.012,7,119
10704,1,4,1996,31.77817,107,.0386932,148.4252,63.77953,.9466489,1938.326,0,44.38011,.7653,1,1.012,7,131
10705,1,4,1996,11.73366,21463,.0377237,171.2598,66.92913,1.146227,2279.736,0,47.04292,.7653,2,1.012,7,163
10708,1,4,1996,29.64029,82,.0515744,167.3228,69.29134,1.159402,2753.304,0,33.60209,.7653,4,1.012,7,70
10709,1,4,1996,22.39494,1188,.0346587,175.1969,72.04724,1.262245,3491.189,0,32.66869,.7653,5,1.012,7,170
10710,1,4,1996,24.04112,538,.0556792,153.937,64.56693,.9939241,2334.802,0,38.55977,.7653,4,1.012,7,50
10711,1,4,1996,29.93258,136,.0445352,158.2677,68.89764,1.090427,2312.775,0,42.76629,.7653,2,1.012,7,54
10712,1,4,1996,34.30009,29,.0349231,164.5669,68.50394,1.127348,2290.749,0,45.23357,.7653,2,1.012,7,53
10713,1,4,1996,8.0008,249749,.0429305,172.8346,68.50394,1.183985,2632.159,0,39.86688,.7653,2,1.012,7,104
10801,1,5,1996,17.01987,11725,.0377285,162.5984,66.14173,1.075454,2385.463,0,40.55424,.7653,2,1.012,8,78
10802,1,5,1996,25.58801,739,.036032,150.2441,64.13386,.9635733,2061.476,0,47.04292,.7653,1,1.012,8,84
10803,1,5,1996,22.35697,1231,.0408849,176.378,67.83858,1.196523,2812.775,0,43.55825,.7653,3,1.012,8,109
10804,1,5,1996,33.18596,13,.0429712,180.315,68.11024,1.228129,2676.211,0,38.55977,.7653,4,1.012,8,128
10805,1,5,1996,29.34328,57,.0438163,189.7638,73.62205,1.39708,3220.264,0,35.35147,.7653,4,1.012,8,140
10806,1,5,1996,28.52413,77,.0328365,181.4961,71.25984,1.293338,3502.203,0,34.08907,.7653,5,1.012,8,88
10807,1,5,1996,13.08308,16312,.0322367,142.5197,64.17323,.9145948,1861.234,0,49.00304,.7653,1,1.012,8,95
11001,2,7,1996,23.03514,1117,.0473896,183.8583,67.32284,1.237786,2764.317,0,34.08907,.7653,3,1.012,9,32
11002,2,7,1996,20.35689,3190,.0456018,169.685,66.53543,1.129007,2477.974,0,41.26572,.7653,2,1.012,9,61
11004,2,7,1996,35.16539,7,.0643602,174.8031,69.68504,1.218116,2874.449,0,34.08907,.7653,4,1.012,9,123
11102,2,8,1996,17.41354,13222,.0480264,174.0157,66.92913,1.164672,2665.198,0,32.66869,.7653,2,1.012,10,98
11104,2,8,1996,18.74676,5924,.0493016,185.0394,69.68504,1.289448,2819.383,0,36.18686,.7653,4,1.012,10,155
11105,2,8,1996,14.25966,38063,.0402562,161.4173,63.77953,1.029512,2235.683,0,52.26991,.7653,1,1.012,10,31
11106,2,8,1996,22.38473,2128,.0509366,170.8661,68.11024,1.163773,2709.251,0,26.72893,.7653,4,1.012,10,91
11301,2,9,1996,13.9154,44455,.0353271,169.5709,66.53543,1.128247,2283.26,0,45.23357,.7653,2,1.012,11,142
11302,2,9,1996,19.17121,5583,.0406672,184.6457,69.68504,1.286704,2852.423,0,34.59038,.7653,3,1.012,11,62
11501,1,4,1996,21.86872,1427,.0377399,170.8661,66.92913,1.143592,2676.211,0,39.86688,.7653,3,1.012,12,72
11502,1,4,1996,17.8727,7091,.0308071,157.874,66.92913,1.056637,2466.96,0,37.33565,.7653,2,1.012,12,73
11504,1,4,1996,30.22767,47,.0457153,184.252,71.65354,1.320231,3171.806,0,31.78575,.7653,4,1.012,12,94
11505,1,4,1996,14.7804,25605,.0316744,146.4567,66.53543,.974456,1894.273,0,47.04292,.7653,1,1.012,12,181
11601,2,10,1996,23.57411,961,.055778,166.6378,66.53543,1.108732,2667.181,0,33.99743,.7653,2,1.012,13,12
11602,2,10,1996,25.27001,402,.0459896,185.0394,68.89764,1.274878,2544.053,0,38.55977,.7653,3,1.012,13,18
11603,2,10,1996,28.64497,98,.0528678,166.1417,66.92913,1.111972,2561.674,0,33.12881,.7653,4,1.012,13,112
11604,2,10,1996,30.49275,45,.0554678,179.5276,66.92913,1.201562,2632.159,0,38.55977,.7653,4,1.012,13,178
11701,1,11,1996,21.62757,477,.0473402,175.1969,66.53543,1.16568,2577.093,0,35.63857,.7653,3,1.012,14,4
11702,1,11,1996,49.05378,1,.0482979,176.378,67.71654,1.194371,3105.727,0,36.18686,.7653,3,1.012,14,55
11703,1,11,1996,60.39158,1,.0469655,188.5827,70.47244,1.328988,3193.833,0,38.55977,.7653,4,1.012,14,75
11704,1,11,1996,56.76212,1,.0670336,186.6142,68.50394,1.278381,3281.938,0,28.68471,.7653,4,1.012,14,76
11706,1,11,1996,61.2275,1,.07264,201.1811,74.01575,1.489057,4405.286,0,23.52146,.7653,4,1.012,14,133
11801,2,12,1996,27.97522,123,.050182,172.3346,68.37008,1.178253,2896.256,0,40.50675,.7653,4,1.012,15,77
11802,2,12,1996,26.42465,280,.053622,181.8898,68.11024,1.238855,2797.357,0,34.59038,.7653,3,1.012,15,87
11803,2,12,1996,24.78099,491,.046252,177.5591,66.53543,1.181397,2875.551,0,33.12881,.7653,5,1.012,15,156
11804,2,12,1996,22.39291,1315,.0462035,174.4095,66.53543,1.160441,2488.987,0,43.55825,.7653,2,1.012,15,58
11901,2,13,1996,24.81005,379,.0717787,177.9528,68.11024,1.21204,2786.344,0,34.08907,.7653,4,1.012,16,5
11902,2,13,1996,13.58593,41915,.0322194,145.6693,62.59843,.9118669,1707.048,0,49.00304,.7653,1,1.012,16,108
11903,2,13,1996,20.59083,2578,.0396495,173.689,67.08268,1.165152,2445.375,0,43.91117,.7653,3,1.012,16,127
11904,2,13,1996,9.573991,42063,.0410762,156.6929,65.74803,1.030225,2312.775,0,44.38011,.7653,2,1.012,16,158
11905,2,13,1996,40.12235,1,.0476105,187.7953,69.68504,1.308652,2940.529,0,32.66869,.7653,4,1.012,16,106
11906,2,13,1996,38.61948,6,.0381623,162.2047,66.53543,1.079236,2279.736,0,45.23357,.7653,2,1.012,16,41
12001,1,6,1996,18.47731,6767,.0432381,159.4488,66.53543,1.0609,2312.775,0,40.76368,.7653,2,1.012,17,45
12002,1,6,1996,21.47533,886,.0401615,176.7717,66.53543,1.176158,2863.436,0,38.55977,.7653,4,1.012,17,56
12003,1,6,1996,28.77766,212,.031818,146.4567,62.99213,.9225619,1885.727,0,45.4477,.7653,1,1.012,17,68
12004,1,6,1996,36.13841,6,.0369004,188.189,70.07874,1.318805,3204.846,0,35.63857,.7653,4,1.012,17,117
12005,1,6,1996,23.0009,1058,.0474954,175.9843,66.92913,1.177847,2863.436,0,40.55424,.7653,3,1.012,17,172
12006,1,6,1996,11.24926,36071,.0387299,154.3307,71.25984,1.099758,2323.789,0,47.04292,.7653,1,1.012,17,164
12101,1,14,1996,23.33684,1748,.0423852,142.748,62.91339,.8980762,1795.154,0,43.37432,.7653,1,1.012,18,2
12102,1,14,1996,5.263793,785980,.0402959,145.6693,61.41732,.8946618,1861.234,0,45.23357,.7653,1,1.012,18,6
12103,1,14,1996,17.21944,9344,.0333824,157.0866,66.53543,1.045182,2246.696,0,47.04292,.7653,2,1.012,18,11
12104,1,14,1996,8.125195,99532,.0492,173.622,66.92913,1.162037,2500,0,39.86688,.7653,3,1.012,18,13
12105,1,14,1996,31.13932,30,.0435139,187.4016,70.86614,1.328043,3128.194,0,35.93916,.7653,4,1.012,18,16
12106,1,14,1996,26.39655,204,.0352315,175.1969,72.04724,1.262245,3491.189,0,32.66869,.7653,5,1.012,18,21
12107,1,14,1996,43.23916,1,.0398808,179.1339,69.29134,1.241243,2808.37,0,43.55825,.7653,3,1.012,18,14
12402,1,15,1996,10.34167,118377,.042078,163.7795,66.92913,1.096162,2257.709,0,39.20243,.7653,2,1.012,19,3
12404,1,15,1996,20.31826,4267,.0397539,145.8425,63.77953,.9301766,2012.379,0,46.80142,.7653,1,1.012,19,63
12405,1,15,1996,28.82434,72,.0378333,174.0157,70.47244,1.226331,2907.489,0,31.36194,.7653,5,1.012,19,79
12406,1,15,1996,20.01212,3255,.0347823,177.1654,68.89764,1.220627,2731.278,0,37.33565,.7653,3,1.012,19,96
12407,1,15,1996,29.46006,65,.045078,186.2205,71.25984,1.327004,3105.727,0,33.60209,.7653,4,1.012,19,138
12408,1,15,1996,7.467332,363427,.0316076,135.0394,64.17323,.8665912,1740.088,0,46.12051,.7653,1,1.012,19,169
12409,1,15,1996,25.0855,692,.0387299,162.2047,66.53543,1.079236,2323.789,0,45.23357,.7653,2,1.012,19,107
12502,1,16,1996,13.44506,50501,.039593,138.5827,61.41732,.8511377,1894.273,0,46.12051,.7653,1,1.012,3,144
12503,1,16,1996,18.30304,7696,.0454,166.1417,66.14173,1.09889,2268.722,0,42.76629,.7653,2,1.012,3,145
12506,1,16,1996,26.21107,238,.0417518,169.685,66.53543,1.129007,2466.96,0,46.12051,.7653,3,1.012,3,147
12507,1,16,1996,19.43136,2914,.0466463,182.6772,67.32284,1.229835,2808.37,0,34.08907,.7653,3,1.012,3,149
12508,1,16,1996,27.35277,53,.0490811,184.6457,68.11024,1.257626,2852.423,0,35.63857,.7653,4,1.012,3,151
12601,1,6,1996,26.3243,191,.0314773,182.2835,67.32284,1.227184,4129.956,0,33.60209,.7653,3,1.012,20,24
12602,1,6,1996,34.31964,9,.056036,187.4016,69.68504,1.305909,2997.357,0,32.52369,.7653,4,1.012,20,25
12701,1,19,1996,18.724,8166,.0296087,150,64.56693,.968504,2026.432,0,44.38011,.7653,1,1.012,21,92
12702,1,19,1996,5.022307,835822,.0267059,137.0079,59.05512,.8091016,1497.797,0,50.04566,.7653,1,1.012,21,103
12703,1,19,1996,21.33043,1830,.0387843,170.0787,65.35433,1.111538,2411.674,0,38.3817,.7653,3,1.012,21,166
12704,1,19,1996,15.52551,20548,.0338739,161.4173,64.56693,1.042222,2214.097,0,42.00261,.7653,2,1.012,21,66
12705,1,19,1996,27.28004,125,.0298343,181.8898,71.25984,1.296144,3854.625,0,35.10666,.7653,5,1.012,21,40
12803,1,19,1996,10.52655,159827,.0271413,151.5748,64.17323,.9727044,2026.432,0,41.26572,.7653,1,1.012,22,83
13002,2,17,1996,18.58857,9382,.0500735,146.063,62.20472,.9085808,1649.736,0,48.35528,.7653,1,1.012,23,160
13003,2,17,1996,16.82791,15271,.0475619,164.9606,66.53543,1.097573,2081.498,0,44.38011,.7653,2,1.012,23,49
13004,2,17,1996,10.89309,86020,.0323397,137.4016,58.66142,.8060172,1607.93,0,56.00348,.7653,1,1.012,23,42
13102,2,18,1996,25.26758,395,.0485382,178.3465,67.32284,1.200679,2389.868,0,42.76629,.7653,3,1.012,24,57
13103,2,18,1996,44.97915,1,.0598975,173.622,68.89764,1.196215,2621.145,0,36.18686,.7653,4,1.012,24,59
13104,2,18,1996,19.13007,5018,.0410762,166.1417,65.35433,1.085808,2312.775,0,41.26572,.7653,2,1.012,24,67
13105,2,18,1996,41.89882,1,.0945237,177.5591,71.25984,1.265283,3491.189,0,30.24218,.7653,4,1.012,24,159
13106,2,18,1996,17.96463,7317,.0366457,163.7795,65.35433,1.07037,2455.947,0,42.00261,.7653,2,1.012,24,120
13201,1,19,1996,23.11508,936,.047036,158.2677,67.32284,1.065503,2444.934,0,40.4253,.7653,2,1.012,25,89
13202,1,19,1996,24.78316,549,.0420947,181.5236,67.83858,1.231431,2768.282,0,39.40339,.7653,3,1.012,25,121
13203,1,19,1996,14.01129,33066,.0283343,146.063,64.96063,.9488344,2117.577,0,48.15037,.7653,1,1.012,25,122
13204,1,19,1996,19.392,3824,.0422326,172.4409,66.92913,1.154132,2367.841,0,40.55424,.7653,3,1.012,25,173
13205,1,19,1996,31.86674,16,.0299198,181.4961,71.25984,1.293338,3843.612,0,35.10666,.7653,5,1.012,25,152
13302,1,5,1996,21.58957,1364,.0460354,173.622,66.53543,1.155202,2313.656,0,41.17398,.7653,2,1.012,26,147
13303,1,5,1996,36.2058,4,.0580301,183.4646,69.29134,1.27125,2929.515,0,35.63857,.7653,4,1.012,26,151
13305,1,5,1996,28.154,140,.0435083,176.378,67.71654,1.194371,2643.172,0,39.86688,.7653,2,1.012,26,135
20103,1,4,1996,16.22,8954,.0337686,161.0236,67.32284,1.084057,2665.198,1,47.04292,.58861,2,1.012,1,34
20104,1,4,1996,25.06879,303,.0314308,174.8031,68.11024,1.190588,2863.436,1,46.12051,.58861,3,1.012,1,36
20105,1,4,1996,27.26558,189,.0328193,167.3228,67.32284,1.126465,2742.291,1,47.04292,.58861,2,1.012,1,35
20201,1,19,1996,28.36299,19,.0366386,188.5827,69.68504,1.314139,3138.767,1,51.13361,.58861,4,1.012,2,1
20202,1,19,1996,13.08287,9881,.0311908,176.378,66.53543,1.173538,2885.463,1,56.00348,.58861,3,1.012,2,20
20204,1,19,1996,47.09125,1,.0329516,175.9843,68.11024,1.198633,2731.278,1,60.31143,.58861,3,1.012,2,28
20205,1,19,1996,57.49926,1,.0366386,188.5827,69.68504,1.314139,3138.767,1,51.13361,.58861,4,1.012,2,29
20302,1,1,1996,31.67974,21,.0323004,174.4095,66.92913,1.167307,2786.344,1,53.45786,.58861,3,1.012,3,146
20304,1,1,1996,56.55846,1,.0363435,185.8268,68.89764,1.280303,3322.467,1,43.36472,.58861,4,1.012,3,148
20305,1,1,1996,36.93011,1,.0379661,196.063,73.22835,1.435737,3766.52,1,42.00261,.58861,4,1.012,3,150
20402,3,2,1996,30.96522,26,.0307468,185.0551,76.1063,1.408386,3749.339,1,39.77183,.58861,5,1.012,4,175
20501,1,14,1996,16.03128,13744,.0365722,138.5827,61.02362,.8456817,1585.903,1,65.33739,.58861,1,1.012,5,48
20502,1,14,1996,33.86281,7,.0346325,185.4331,70.47244,1.306792,3176.211,1,48.00298,.58861,4,1.012,5,179
20503,1,14,1996,17.83063,6654,.031144,160.2362,66.53543,1.066139,2279.736,1,53.45786,.58861,2,1.012,5,185
20504,1,14,1996,22.46655,868,.0266397,174.8031,68.89764,1.204352,2665.198,1,49.00304,.58861,3,1.012,5,177
20505,1,14,1996,31.22774,19,.0266888,175.1969,71.25984,1.24845,3447.136,1,38.55977,.58861,5,1.012,5,80
20506,1,14,1996,15.86329,13198,.0294212,146.063,62.59843,.9143313,1971.366,1,61.89857,.58861,1,1.012,5,139
20704,1,4,1996,15.46992,18931,.032688,148.4252,63.77953,.9466489,2202.643,1,47.04292,.58861,1,1.012,7,131
20705,1,4,1996,20.25421,2490,.034519,171.2598,66.92913,1.146227,2665.198,1,52.26991,.58861,2,1.012,7,163
20709,1,4,1996,26.27149,177,.0249146,175.1969,72.04724,1.262245,3612.335,1,32.66869,.58861,5,1.012,7,170
20711,1,4,1996,16.74475,8449,.0268273,158.2677,68.89764,1.090427,2422.907,1,48.00298,.58861,2,1.012,7,54
20712,1,4,1996,29.74074,81,.026115,164.5669,68.50394,1.127348,2488.987,1,48.00298,.58861,2,1.012,7,53
20713,1,4,1996,13.49785,28669,.0381513,172.8346,68.50394,1.183985,2621.145,1,52.26991,.58861,2,1.012,7,104
20801,1,5,1996,18.80178,4893,.035924,162.5984,66.14173,1.075454,2505.286,1,49.00304,.58861,2,1.012,8,78
20802,1,5,1996,14.93683,21477,.0294486,147.2441,63.38583,.9333189,2037.445,1,53.94582,.58861,1,1.012,8,84
20803,1,5,1996,23.56884,581,.0304721,176.8661,68.57481,1.212856,2953.524,1,47.3774,.58861,3,1.012,8,109
20805,1,5,1996,31.22037,24,.0333184,189.7638,73.62205,1.39708,3451.542,1,39.20243,.58861,4,1.012,8,140
20806,1,5,1996,32.40377,11,.0247636,181.4961,71.25984,1.293338,3634.361,1,48.00298,.58861,5,1.012,8,88
21001,2,7,1996,30.21178,32,.0354424,184.252,67.32284,1.240437,2962.555,1,58.80365,.58861,3,1.012,9,32
21501,1,4,1996,24.90733,325,.0333551,170.8661,66.92913,1.143592,2698.238,1,48.00298,.58861,3,1.012,12,72
21502,1,4,1996,21.45394,1425,.0319219,157.874,68.89764,1.087715,2819.383,1,47.04292,.58861,2,1.012,12,73
21504,1,4,1996,37.94347,1,.0379098,184.252,71.65354,1.320231,3270.925,1,39.86688,.58861,4,1.012,12,94
21604,2,10,1996,28.97408,59,.0300749,183.8583,71.65354,1.31741,3823.789,1,37.93784,.58861,5,1.012,13,178
21702,1,11,1996,36.31829,2,.0308071,176.378,67.71654,1.194371,3083.7,1,44.38011,.58861,3,1.012,14,55
21703,1,11,1996,44.09084,1,.0295411,188.5827,70.47244,1.328988,3215.859,1,47.04292,.58861,4,1.012,14,75
21704,1,11,1996,48.43195,1,.0395795,188.5827,70.47244,1.328988,3436.123,1,44.38011,.58861,4,1.012,14,76
21803,2,12,1996,25.43596,251,.0276788,177.5591,66.53543,1.181397,2962.555,1,37.33565,.58861,5,1.012,15,156
21804,2,12,1996,24.96561,315,.0349231,174.4095,66.53543,1.160441,2577.093,1,56.00348,.58861,2,1.012,15,58
21903,2,13,1996,21.29207,1535,.0302159,173.3898,67.09055,1.163282,2683.921,1,48.30761,.58861,3,1.012,16,127
21906,2,13,1996,19.81634,2747,.0294805,162.2047,66.53543,1.079236,2544.053,1,50.04566,.58861,2,1.012,16,41
22001,1,6,1996,18.78112,4607,.0333883,159.4488,66.53543,1.0609,2455.947,1,51.13361,.58861,2,1.012,17,45
22003,1,6,1996,16.06065,12551,.0278651,148.5394,62.99213,.935681,2065.308,1,55.65233,.58861,1,1.012,17,68
22004,1,6,1996,32.60347,13,.037955,188.189,70.07874,1.318805,3425.11,1,42.00261,.58861,4,1.012,17,117
22005,1,6,1996,23.36984,594,.0291984,175.9843,66.92913,1.177847,2808.37,1,51.13361,.58861,3,1.012,17,172
22101,1,14,1996,11.96413,45975,.030485,143.0984,62.34646,.892168,1902.577,1,62.42591,.58861,1,1.012,18,2
22102,1,14,1996,21.78771,1654,.0309545,145.6693,61.41732,.8946618,1938.326,1,60.31143,.58861,1,1.012,18,6
22103,1,14,1996,18.62073,4580,.0298463,157.0866,66.53543,1.045182,2378.855,1,51.13361,.58861,2,1.012,18,11
22104,1,14,1996,5.965289,168964,.03632,173.622,66.53543,1.155202,2533.04,1,46.12051,.58861,3,1.012,18,13
22105,1,14,1996,35.211,4,.0334047,187.4016,70.86614,1.328043,3292.952,1,48.00298,.58861,4,1.012,18,16
22106,1,14,1996,30.29514,29,.0254683,175.1969,72.04724,1.262245,3612.335,1,38.55977,.58861,5,1.012,18,21
22107,1,14,1996,47.15092,1,.0312869,179.1339,69.29134,1.241243,2940.529,1,47.04292,.58861,3,1.012,18,14
22402,1,15,1996,12.0545,45428,.0286505,163.7795,66.92913,1.096162,2268.722,1,51.13361,.58861,2,1.012,19,3
22404,1,15,1996,16.15864,12677,.0313339,145.8504,63.77953,.9302269,2074.427,1,57.36941,.58861,1,1.012,19,63
22405,1,15,1996,31.89126,15,.0306857,174.0157,70.47244,1.226331,2973.568,1,42.00261,.58861,5,1.012,19,79
22406,1,15,1996,23.68928,535,.0289064,177.1654,68.89764,1.220627,2940.529,1,48.00298,.58861,3,1.012,19,96
22407,1,15,1996,34.50788,5,.033361,186.2205,71.25984,1.327004,3447.136,1,42.76629,.58861,4,1.012,19,138
22409,1,15,1996,24.88552,512,.0265856,162.2047,66.53543,1.079236,2444.934,1,50.04566,.58861,2,1.012,19,107
22502,1,16,1996,14.65239,22584,.0289787,138.5827,61.41732,.8511377,1966.96,1,57.36941,.58861,1,1.012,3,144
22503,1,16,1996,20.95085,1395,.0244025,156.2992,66.14173,1.03379,3524.229,1,58.80365,.58861,2,1.012,3,145
22506,1,16,1996,29.27096,51,.0301498,170.3307,66.47244,1.13223,2852.423,1,53.45786,.58861,3,1.012,3,147
22507,1,16,1996,23.66988,358,.0346414,182.6772,67.32284,1.229835,3031.057,1,58.80365,.58861,3,1.012,3,149
22508,1,16,1996,33.67411,3,.0374892,192.126,68.11024,1.308575,3147.577,1,48.00298,.58861,4,1.012,3,151
22701,1,19,1996,16.70813,10371,.0311141,150,64.56693,.968504,2164.097,1,53.05632,.58861,1,1.012,21,92
22703,1,19,1996,22.21985,1032,.0335215,170.0787,65.35433,1.111538,2314.097,1,51.71142,.58861,3,1.012,21,166
22704,1,19,1996,19.49693,2942,.0273649,161.626,64.56693,1.043569,2465.639,1,52.11703,.58861,2,1.012,21,66
22705,1,19,1996,30.26474,27,.0230847,181.8898,71.25984,1.296144,3898.678,1,48.00298,.58861,5,1.012,21,40
22803,1,19,1996,14.84487,22669,.029202,151.5748,64.17323,.9727044,2191.63,1,54.70107,.58861,1,1.012,22,83
23102,2,18,1996,23.76112,506,.0302602,178.3465,66.62598,1.188251,2675.33,1,53.45786,.58861,3,1.012,24,57
23104,2,18,1996,19.47766,3291,.0281793,168.1102,66.53543,1.118529,2555.066,1,44.38011,.58861,2,1.012,24,67
23201,1,19,1996,22.80254,756,.0354073,158.2677,66.92913,1.059272,2541.85,1,61.89857,.58861,2,1.012,25,89
23202,1,19,1996,29.48968,68,.031672,181.7638,67.90551,1.234276,2841.63,1,58.04757,.58861,3,1.012,25,121
23203,1,19,1996,16.21411,11836,.0280734,146.063,64.96063,.9488344,2279.736,1,56.00348,.58861,1,1.012,25,122
23204,1,19,1996,17.25822,5078,.0261766,172.4409,66.92913,1.154132,2444.934,1,48.00298,.58861,3,1.012,25,173
23205,1,19,1996,32.86953,8,.0225124,181.4961,71.25984,1.293338,3997.797,1,48.00298,.58861,5,1.012,25,152
23302,1,5,1996,35.8643,6,.0337686,169.685,65.74803,1.115646,2665.198,1,53.45786,.58861,2,1.012,26,147
23303,1,5,1996,35.69285,3,.0435342,183.4646,69.29134,1.27125,3215.859,1,53.45786,.58861,4,1.012,26,151
23305,1,5,1996,17.37462,3918,.0333551,176.378,67.71654,1.194371,2698.238,1,45.23357,.58861,2,1.012,26,135
10103,1,4,1997,16.08568,13035,.0435261,161.0236,67.32284,1.084057,2534.802,0,39.11247,.80027,2,1.02,1,34
10104,1,4,1997,17.77669,4980,.0500472,174.8031,68.11024,1.190588,2797.357,0,38.55977,.80027,3,1.02,1,36
10105,1,4,1997,20.16656,3621,.0446619,167.3228,67.32284,1.126465,2614.978,0,39.61375,.80027,2,1.02,1,35
10106,1,4,1997,31.08476,53,.0531512,174.4095,68.50394,1.194773,2709.251,0,36.75228,.80027,3,1.02,1,37
10204,1,19,1997,28.64172,71,.0463265,175.9843,68.11024,1.198633,2698.238,0,40.55424,.80027,3,1.02,2,28
10205,1,19,1997,46.15199,1,.051695,188.5827,70.92126,1.337452,3108.811,0,34.66328,.80027,4,1.02,2,29
10206,1,19,1997,34.34614,4,.0580278,198.0315,74.01575,1.465745,3325.991,0,36.18686,.80027,4,1.02,2,30
10207,1,19,1997,26.27163,205,.0492066,163.3858,68.11024,1.112825,2540.308,0,39.86688,.80027,2,1.02,2,27
10302,1,1,1997,33.3112,17,.0422753,174.4095,66.53543,1.160441,2720.264,0,37.93784,.80027,3,1.02,3,146
10304,1,1,1997,55.10812,1,.0606927,187.6142,70.68504,1.326151,3179.956,0,32.43266,.80027,4,1.02,3,148
10305,1,1,1997,42.04601,1,.0616834,196.063,73.22835,1.435737,3825.991,0,26.77975,.80027,4,1.02,3,150
10306,1,1,1997,39.62602,1,.0439219,161.2992,66.98032,1.080387,2618.282,0,38.85276,.80027,4,1.02,3,183
10402,3,2,1997,31.6399,21,.0418053,186.2205,76.77165,1.429645,3755.507,0,27.03616,.80027,5,1.02,4,175
10404,3,2,1997,22.03522,1531,.0540379,171.6535,67.32284,1.15562,2442.731,0,37.33565,.80027,3,1.02,4,113
10405,3,2,1997,41.64046,1,.0440548,185.8268,70.86614,1.316883,2973.568,0,36.75228,.80027,4,1.02,4,157
10408,3,2,1997,21.13497,1068,.0584718,201.5748,74.40945,1.499907,3557.269,0,31.78575,.80027,4,1.02,4,174
10501,1,14,1997,12.43479,4084,.0328986,138.5827,61.02362,.8456817,1519.824,0,51.13361,.80027,1,1.02,5,48
10502,1,14,1997,28.62866,74,.0439355,185.4331,70.47244,1.306792,3072.687,0,36.18686,.80027,4,1.02,5,179
10503,1,14,1997,18.04337,6251,.0396965,160.2362,66.53543,1.066139,2191.63,0,43.55825,.80027,2,1.02,5,185
10504,1,14,1997,25.04569,470,.0412058,174.8031,68.89764,1.204352,2718.062,0,39.86688,.80027,3,1.02,5,177
10505,1,14,1997,28.81653,58,.0359321,175.1969,71.25984,1.24845,3423.128,0,32.66869,.80027,5,1.02,5,80
10506,1,14,1997,38.54223,8,.0338385,146.063,62.59843,.9143313,1773.128,0,48.00298,.80027,1,1.02,5,139
10507,1,14,1997,15.73908,11940,.0379035,163.7795,66.53543,1.089714,2374.449,0,37.93784,.80027,3,1.02,5,180
10601,2,3,1997,16.1401,13763,.0345483,176.378,65.35433,1.152706,2257.709,0,44.38011,.80027,2,1.02,6,114
10602,2,3,1997,28.66838,140,.037149,181.4961,67.32284,1.221883,2557.269,0,41.84196,.80027,3,1.02,6,43
10603,2,3,1997,14.54422,28392,.0386192,160.2362,65.74803,1.053522,2226.872,0,45.23357,.80027,1,1.02,6,97
10604,2,3,1997,21.38157,1822,.0391889,175.5905,66.92913,1.175212,2704.846,0,40.55424,.80027,3,1.02,6,115
10605,2,3,1997,10.45485,83110,.045914,183.8583,69.68504,1.281217,2918.502,0,40.55424,.80027,3,1.02,6,99
10701,1,4,1997,6.292216,357686,.0262169,127.1654,60.23622,.765996,1563.877,0,50.04566,.80027,1,1.02,7,60
10704,1,4,1997,19.74541,4988,.0346748,148.4252,63.77953,.9466489,1997.357,0,43.74783,.80027,1,1.02,7,131
10708,1,4,1997,27.41693,129,.0483238,167.3228,69.29134,1.159402,2753.304,0,33.60209,.80027,4,1.02,7,70
10709,1,4,1997,23.20401,686,.0346587,175.1969,72.04724,1.262245,3491.189,0,32.66869,.80027,5,1.02,7,170
10711,1,4,1997,19.45554,4365,.0445352,158.2677,68.89764,1.090427,2312.775,0,42.76629,.80027,2,1.02,7,54
10712,1,4,1997,24.7041,541,.0349231,164.5669,68.50394,1.127348,2290.749,0,45.23357,.80027,2,1.02,7,53
10713,1,4,1997,10.92534,82321,.0429305,172.8346,68.50394,1.183985,2632.159,0,39.86688,.80027,2,1.02,7,104
10801,1,5,1997,38.33721,6,.0377285,162.5984,66.14173,1.075454,2385.463,0,40.55424,.80027,2,1.02,8,78
10802,1,5,1997,15.74069,17425,.0362234,150.3937,64.17323,.9651249,2070.485,0,47.04292,.80027,1,1.02,8,84
10803,1,5,1997,21.03009,1885,.0403166,179.1339,68.89764,1.23419,2852.423,0,40.55424,.80027,3,1.02,8,109
10804,1,5,1997,29.27407,49,.0429712,180.315,68.11024,1.228129,2676.211,0,38.55977,.80027,4,1.02,8,128
10805,1,5,1997,32.30703,17,.0456484,189.7638,73.62205,1.39708,3220.264,0,35.63857,.80027,4,1.02,8,140
10806,1,5,1997,28.30979,79,.038768,181.4961,71.25984,1.293338,3466.52,0,31.71247,.80027,5,1.02,8,88
10807,1,5,1997,11.3182,81731,.0322367,142.5197,64.17323,.9145948,1861.234,0,49.00304,.80027,1,1.02,8,95
10808,1,5,1997,8.043843,94779,.0546198,156.6929,65.74803,1.030225,2288.546,0,38.55977,.80027,2,1.02,8,130
11001,2,7,1997,24.66448,433,.0459259,184.252,67.32284,1.240437,2852.423,0,35.63857,.80027,3,1.02,9,32
11002,2,7,1997,21.65307,1472,.0469426,170.0039,66.53543,1.131129,2424.449,0,47.31831,.80027,2,1.02,9,61
11004,2,7,1997,35.07318,6,.062754,178.0157,69.0433,1.229079,2948.018,0,33.69064,.80027,4,1.02,9,123
11102,2,8,1997,16.2689,16741,.0440261,174.0157,66.92913,1.164672,2656.608,0,33.40025,.80027,2,1.02,10,98
11104,2,8,1997,13.1952,29308,.0434533,185.0394,69.68504,1.289448,2876.652,0,35.10666,.80027,4,1.02,10,155
11105,2,8,1997,14.96312,23037,.0402562,161.4173,63.77953,1.029512,2235.683,0,52.26991,.80027,1,1.02,10,31
11106,2,8,1997,28.56527,200,.0509366,170.8661,68.11024,1.163773,2709.251,0,26.72893,.80027,4,1.02,10,91
11301,2,9,1997,14.86571,24278,.0352621,171.6535,66.53543,1.142104,2268.722,0,45.23357,.80027,2,1.02,11,142
11302,2,9,1997,19.07975,4806,.0406672,184.6457,69.68504,1.286704,2852.423,0,34.59038,.80027,3,1.02,11,62
11303,2,9,1997,10.84552,147989,.0416881,142.126,62.99213,.8952819,1751.101,0,37.93784,.80027,1,1.02,11,126
11501,1,4,1997,22.43565,1006,.042685,170.8661,66.92913,1.143592,2729.295,0,40.39128,.80027,3,1.02,12,72
11502,1,4,1997,17.52171,8201,.0413823,157.874,66.92913,1.056637,2488.987,0,41.26572,.80027,2,1.02,12,73
11504,1,4,1997,31.33856,24,.0457153,184.252,71.65354,1.320231,3171.806,0,31.78575,.80027,4,1.02,12,94
11505,1,4,1997,14.05802,29157,.0316744,146.4567,66.53543,.974456,1894.273,0,47.04292,.80027,1,1.02,12,181
11601,2,10,1997,23.24542,759,.0452035,166.9291,66.53543,1.11067,2544.053,0,32.09412,.80027,2,1.02,13,12
11602,2,10,1997,24.33902,493,.0448694,182.1063,67.99606,1.238251,2581.938,0,34.55735,.80027,3,1.02,13,18
11603,2,10,1997,34.31369,11,.0530903,166.1417,66.92913,1.111972,2561.674,0,34.98707,.80027,4,1.02,13,112
11604,2,10,1997,25.18132,235,.0554678,179.5276,66.92913,1.201562,2632.159,0,38.35104,.80027,4,1.02,13,178
11702,1,11,1997,34.75951,4,.0410281,176.378,67.71654,1.194371,2973.568,0,37.93784,.80027,3,1.02,14,55
11703,1,11,1997,61.37713,1,.0478502,188.5827,70.47244,1.328988,3162.996,0,38.55977,.80027,4,1.02,14,75
11704,1,11,1997,55.57372,1,.0628563,188.5827,70.47244,1.328988,3524.229,0,28.33911,.80027,4,1.02,14,76
11706,1,11,1997,62.73558,1,.07264,201.1811,74.01575,1.489057,4405.286,0,27.03616,.80027,4,1.02,14,133
11709,1,11,1997,22.3428,825,.0343115,140.5512,67.32284,.9462304,2389.868,0,34.59038,.80027,5,1.02,14,161
11710,1,11,1997,59.48499,1,.0614891,179.5276,67.71654,1.215698,3138.767,0,37.33565,.80027,4,1.02,14,64
11801,2,12,1997,27.37841,132,.0498712,172.4409,68.50394,1.181288,2907.489,0,40.55424,.80027,4,1.02,15,77
11802,2,12,1997,27.21307,174,.0570575,182.252,68.47244,1.247924,2837.665,0,35.99746,.80027,3,1.02,15,87
11803,2,12,1997,25.0008,367,.0460931,177.5591,66.53543,1.181397,2885.463,0,33.12881,.80027,5,1.02,15,156
11804,2,12,1997,22.2288,1171,.0462035,174.4095,66.75591,1.164286,2488.987,0,43.55825,.80027,2,1.02,15,58
11901,2,13,1997,25.87156,225,.0717787,177.9528,68.11024,1.21204,2786.344,0,34.08907,.80027,4,1.02,16,5
11902,2,13,1997,13.12881,42435,.0322194,145.6693,62.59843,.9118669,1707.048,0,49.00304,.80027,1,1.02,16,108
11903,2,13,1997,20.7604,1984,.03897,174.4095,67.32284,1.174174,2566.079,0,42.00261,.80027,3,1.02,16,127
11905,2,13,1997,37.6611,3,.0476105,187.7953,69.68504,1.308652,2940.529,0,32.66869,.80027,4,1.02,16,106
11906,2,13,1997,17.13412,9061,.0381623,162.2047,66.53543,1.079236,2279.736,0,45.23357,.80027,2,1.02,16,41
11907,2,13,1997,21.47178,1314,.0316669,169.685,66.53543,1.129007,3094.714,0,30.15572,.80027,5,1.02,16,143
12001,1,6,1997,18.09244,6496,.0432381,159.4488,66.53543,1.0609,2312.775,0,44.38011,.80027,2,1.02,17,45
12002,1,6,1997,17.57178,2997,.0482375,176.7717,66.53543,1.176158,2819.383,0,39.86688,.80027,4,1.02,17,56
12003,1,6,1997,30.11392,109,.0311314,146.4567,62.99213,.9225619,1927.313,0,46.12051,.80027,1,1.02,17,68
12004,1,6,1997,41.15201,1,.0424357,188.189,70.07874,1.318805,3204.846,0,35.63857,.80027,4,1.02,17,117
12005,1,6,1997,24.36411,478,.0474954,175.9843,66.92913,1.177847,2863.436,0,40.55424,.80027,3,1.02,17,172
12006,1,6,1997,5.597706,346614,.0422981,154.3307,72.44095,1.117986,2127.753,0,47.04292,.80027,1,1.02,17,164
12007,1,6,1997,27.6195,105,.0383317,183.8583,72.04724,1.324648,3678.414,0,37.33565,.80027,5,1.02,17,154
12101,1,14,1997,27.49897,321,.0376736,144.4882,62.59843,.9044734,1795.154,0,47.50946,.80027,1,1.02,18,2
12102,1,14,1997,6.911905,199471,.0402959,145.6693,61.41732,.8946618,1861.234,0,45.23357,.80027,1,1.02,18,6
12103,1,14,1997,16.51184,11464,.0358023,157.9921,66.31102,1.047662,2335.242,0,41.34841,.80027,2,1.02,18,11
12105,1,14,1997,31.90753,18,.0435306,187.4016,70.86614,1.328043,3129.295,0,35.9172,.80027,4,1.02,18,16
12106,1,14,1997,26.58283,155,.0352315,175.1969,72.04724,1.262245,3491.189,0,32.66869,.80027,5,1.02,18,21
12107,1,14,1997,24.28531,436,.0398808,179.1339,69.29134,1.241243,2808.37,0,43.55825,.80027,3,1.02,18,14
12404,1,15,1997,19.76185,4882,.0380314,145.6693,63.77953,.9290718,2103.524,0,45.23357,.80027,1,1.02,19,63
12405,1,15,1997,29.11545,51,.0355383,176.8622,71.1063,1.257602,3208.37,0,30.07321,.80027,5,1.02,19,79
12406,1,15,1997,20.87001,1840,.0347823,177.1654,68.89764,1.220627,2731.278,0,37.33565,.80027,3,1.02,19,96
12407,1,15,1997,29.94509,41,.0410833,187.4016,71.25984,1.335421,3359.031,0,29.774,.80027,4,1.02,19,138
12408,1,15,1997,6.66159,401969,.03435,135.0394,64.17323,.8665912,1740.088,0,48.86357,.80027,1,1.02,19,169
12409,1,15,1997,19.07558,3874,.0387299,162.2047,66.53543,1.079236,2323.789,0,45.23357,.80027,2,1.02,19,107
12502,1,16,1997,13.53887,40049,.039593,138.5827,61.41732,.8511377,1894.273,0,46.12051,.80027,1,1.02,3,144
12503,1,16,1997,17.42987,6771,.0314785,156.2992,66.14173,1.03379,3137.665,0,46.25747,.80027,2,1.02,3,145
12506,1,16,1997,27.60789,126,.0447947,170.0787,66.53543,1.131626,2477.974,0,46.12051,.80027,3,1.02,3,147
12507,1,16,1997,15.71738,8998,.0466463,182.6772,67.32284,1.229835,2808.37,0,34.08907,.80027,3,1.02,3,149
12508,1,16,1997,22.04371,322,.0588518,192.126,68.11024,1.308575,2973.568,0,34.08907,.80027,4,1.02,3,151
12601,1,6,1997,27.20757,108,.0322037,182.2835,67.32284,1.227184,4129.956,0,33.60209,.80027,3,1.02,20,24
12602,1,6,1997,37.98815,2,.0584191,187.4016,69.68504,1.305909,2995.595,0,32.22118,.80027,4,1.02,20,25
12603,1,6,1997,31.88545,16,.0494744,188.9764,70.47244,1.331763,3436.123,0,31.78575,.80027,4,1.02,20,23
12701,1,19,1997,24.61901,866,.0288254,150,64.56693,.968504,2081.498,0,44.38011,.80027,1,1.02,21,92
12702,1,19,1997,10.23016,104105,.0280412,137.0079,59.05512,.8091016,1497.797,0,50.04566,.80027,1,1.02,21,103
12703,1,19,1997,20.91221,2142,.0468898,170.0787,65.35433,1.111538,2483.48,0,37.28653,.80027,3,1.02,21,166
12704,1,19,1997,14.92142,22330,.0332195,162.9921,64.56693,1.05239,2257.709,0,39.86688,.80027,2,1.02,21,66
12705,1,19,1997,26.47446,148,.0298343,181.8898,71.25984,1.296144,3854.625,0,35.10666,.80027,5,1.02,21,40
12706,1,19,1997,14.03597,9482,.0262731,138.9764,64.17323,.8918563,1903.084,0,50.04566,.80027,1,1.02,21,44
12803,1,19,1997,10.85138,119988,.030114,151.5748,64.17323,.9727044,2059.471,0,42.89106,.80027,1,1.02,22,83
12804,1,19,1997,21.04996,1757,.0385328,177.5591,68.11024,1.209359,2621.145,0,42.76629,.80027,3,1.02,22,116
13002,2,17,1997,22.1911,1791,.0410466,146.063,62.20472,.9085808,1607.93,0,56.00348,.80027,1,1.02,23,160
13003,2,17,1997,16.55196,14267,.0475619,164.9606,66.53543,1.097573,2081.498,0,44.38011,.80027,2,1.02,23,49
13004,2,17,1997,18.47144,5444,.0323397,137.4016,58.66142,.8060172,1607.93,0,56.00348,.80027,1,1.02,23,42
13005,2,17,1997,6.508906,221129,.0291457,133.8583,62.20472,.8326616,1784.141,0,56.00348,.80027,1,1.02,23,176
13102,2,18,1997,25.68858,236,.0416658,178.3465,66.53543,1.186636,2544.053,0,42.76629,.80027,3,1.02,24,57
13103,2,18,1997,40.95148,1,.0667647,173.622,68.89764,1.196215,2621.145,0,36.18686,.80027,4,1.02,24,59
13104,2,18,1997,21.61762,2188,.0456073,168.1102,66.53543,1.118529,2411.894,0,36.75228,.80027,2,1.02,24,67
13105,2,18,1997,46.29498,1,.0615573,194.5236,70.56693,1.372694,3675.11,0,30.15572,.80027,4,1.02,24,159
13106,2,18,1997,15.43793,13317,.0366457,163.7795,65.35433,1.07037,2455.947,0,42.00261,.80027,2,1.02,24,120
13201,1,19,1997,22.28215,1123,.047036,158.2677,67.32284,1.065503,2444.934,0,39.86688,.80027,2,1.02,25,89
13202,1,19,1997,35.64624,11,.042037,183.8583,68.50394,1.259501,2973.568,0,40.55424,.80027,3,1.02,25,121
13203,1,19,1997,14.9726,17827,.0285236,146.063,64.96063,.9488344,2103.524,0,49.00304,.80027,1,1.02,25,122
13204,1,19,1997,8.770568,121588,.0422326,172.4409,66.92913,1.154132,2367.841,0,40.55424,.80027,3,1.02,25,173
13205,1,19,1997,32.59069,10,.032051,181.4961,71.25984,1.293338,3874.449,0,34.23195,.80027,5,1.02,25,152
13302,1,5,1997,13.81656,4406,.0404554,173.622,66.53543,1.155202,2224.67,0,44.38011,.80027,2,1.02,26,147
13303,1,5,1997,35.06476,6,.0580301,183.4646,69.29134,1.27125,2929.515,0,35.63857,.80027,4,1.02,26,151
13305,1,5,1997,48.19924,1,.0426692,176.378,67.71654,1.194371,2695.154,0,39.86688,.80027,2,1.02,26,135
13307,1,5,1997,30.92099,27,.0419384,185.8268,69.29134,1.287619,3004.405,0,29.03884,.80027,3,1.02,26,136
20103,1,4,1997,19.80974,2117,.0337686,161.0236,67.32284,1.084057,2665.198,1,47.04292,.619,2,1.02,1,34
20104,1,4,1997,27.97756,95,.0314308,174.8031,68.11024,1.190588,2863.436,1,46.12051,.619,3,1.02,1,36
20105,1,4,1997,23.56961,571,.0328193,167.3228,67.32284,1.126465,2742.291,1,47.04292,.619,2,1.02,1,35
20106,1,4,1997,21.97411,790,.0375354,174.4095,68.50394,1.194773,2797.357,1,50.04566,.619,3,1.02,1,37
20204,1,19,1997,30.58059,21,.0329516,175.9843,68.11024,1.198633,2731.278,1,60.31143,.619,3,1.02,2,28
20205,1,19,1997,43.18655,1,.0381447,188.5827,69.92913,1.318742,3157.709,1,51.48167,.619,4,1.02,2,29
20207,1,19,1997,49.37369,1,.042322,163.3858,68.11024,1.112825,2599.119,1,61.89857,.619,2,1.02,2,27
20302,1,1,1997,30.06733,36,.0320069,174.4095,66.92913,1.167307,2811.894,1,46.87697,.619,3,1.02,3,146
20304,1,1,1997,59.9697,1,.0438662,186.2362,69.30708,1.290749,3259.912,1,40.55424,.619,4,1.02,3,148
20305,1,1,1997,41.25215,1,.0379661,196.063,73.22835,1.435737,3766.52,1,39.16261,.619,4,1.02,3,150
20402,3,2,1997,30.58934,25,.0306217,186.2205,76.77165,1.429645,3755.507,1,39.86688,.619,5,1.02,4,175
20501,1,14,1997,10.35606,9827,.0365722,138.5827,61.02362,.8456817,1585.903,1,65.33739,.619,1,1.02,5,48
20502,1,14,1997,33.01878,8,.0346325,185.4331,70.47244,1.306792,3176.211,1,48.00298,.619,4,1.02,5,179
20503,1,14,1997,17.37972,6718,.031144,160.2362,66.53543,1.066139,2279.736,1,53.45786,.619,2,1.02,5,185
20504,1,14,1997,28.07528,114,.0266397,174.8031,68.89764,1.204352,2665.198,1,49.00304,.619,3,1.02,5,177
20505,1,14,1997,32.49868,9,.027269,175.1969,71.25984,1.24845,3447.136,1,38.55977,.619,5,1.02,5,80
20506,1,14,1997,41.26821,2,.0294212,146.063,62.59843,.9143313,1971.366,1,61.89857,.619,1,1.02,5,139
20507,1,14,1997,15.13586,9550,.0279132,163.7795,66.53543,1.089714,2436.123,1,44.38011,.619,3,1.02,5,180
20704,1,4,1997,15.88861,12613,.0321032,148.4252,63.77953,.9466489,2202.643,1,50.28101,.619,1,1.02,7,131
20709,1,4,1997,27.28041,93,.0249146,175.1969,72.04724,1.262245,3612.335,1,32.66869,.619,5,1.02,7,170
20711,1,4,1997,15.97154,8739,.0279423,158.2677,68.89764,1.090427,2433.26,1,48.25508,.619,2,1.02,7,54
20712,1,4,1997,19.0213,3066,.0274469,164.5669,68.50394,1.127348,2494.493,1,48.29571,.619,2,1.02,7,53
20713,1,4,1997,24.39315,548,.0381513,172.8346,68.50394,1.183985,2621.145,1,52.26991,.619,2,1.02,7,104
20801,1,5,1997,18.57762,4464,.0358736,162.5984,66.14173,1.075454,2508.811,1,49.00304,.619,2,1.02,8,78
20802,1,5,1997,15.24038,15124,.0266536,150.3937,64.17323,.9651249,2251.101,1,52.26991,.619,1,1.02,8,84
20803,1,5,1997,23.81846,428,.0300662,179.1339,68.89764,1.23419,2993.392,1,49.00304,.619,3,1.02,8,109
20806,1,5,1997,31.82889,12,.0247636,181.4961,71.25984,1.293338,3634.361,1,48.00298,.619,5,1.02,8,88
21001,2,7,1997,30.22921,26,.0354424,184.252,67.32284,1.240437,2962.555,1,58.80365,.619,3,1.02,9,32
21002,2,7,1997,23.19411,528,.0330881,170.0787,66.53543,1.131626,2599.119,1,60.31143,.619,2,1.02,9,61
21501,1,4,1997,25.42819,213,.0333551,170.8661,66.92913,1.143592,2698.238,1,48.00298,.619,3,1.02,12,72
21502,1,4,1997,21.73035,1042,.0319219,157.874,68.89764,1.087715,2819.383,1,47.04292,.619,2,1.02,12,73
21504,1,4,1997,37.98024,1,.0379098,184.252,71.65354,1.320231,3270.925,1,39.86688,.619,4,1.02,12,94
21601,2,10,1997,20.76714,1659,.0295819,170.4724,66.53543,1.134246,2433.921,1,37.33565,.619,2,1.02,13,12
21604,2,10,1997,29.00942,48,.0300749,183.8583,71.65354,1.31741,3823.789,1,37.93784,.619,5,1.02,13,178
21702,1,11,1997,36.10597,2,.0308071,176.378,67.71654,1.194371,3083.7,1,44.38011,.619,3,1.02,14,55
21703,1,11,1997,43.24697,1,.0295411,188.5827,70.47244,1.328988,3215.859,1,47.04292,.619,4,1.02,14,75
21704,1,11,1997,50.52645,1,.0395795,188.5827,70.47244,1.328988,3436.123,1,44.38011,.619,4,1.02,14,76
21803,2,12,1997,25.88615,170,.0276788,177.5591,66.53543,1.181397,2962.555,1,37.33565,.619,5,1.02,15,156
21804,2,12,1997,24.48037,323,.0349231,174.4095,66.53543,1.160441,2577.093,1,56.00348,.619,2,1.02,15,58
21903,2,13,1997,20.95832,1605,.0324286,173.622,67.32284,1.168873,2775.33,1,41.26572,.619,3,1.02,16,127
21906,2,13,1997,19.19564,2990,.0294805,162.2047,66.53543,1.079236,2544.053,1,50.04566,.619,2,1.02,16,41
21907,2,13,1997,23.42835,457,.0230068,169.685,66.53543,1.129007,3259.912,1,34.08907,.619,5,1.02,16,143
22001,1,6,1997,18.50008,4314,.0333883,159.4488,66.53543,1.0609,2455.947,1,51.13361,.619,2,1.02,17,45
22003,1,6,1997,15.2816,15047,.0288254,149.2126,62.99213,.9399219,2081.498,1,54.70107,.619,1,1.02,17,68
22004,1,6,1997,33.48272,8,.037955,188.189,70.07874,1.318805,3425.11,1,42.00261,.619,4,1.02,17,117
22005,1,6,1997,23.77213,380,.026317,175.9843,66.92913,1.177847,3115.859,1,55.33029,.619,3,1.02,17,172
22101,1,14,1997,10.96028,55173,.0300937,144.4882,62.59843,.9044734,1927.313,1,61.89857,.619,1,1.02,18,2
22102,1,14,1997,21.55902,1631,.0309545,145.6693,61.41732,.8946618,1938.326,1,60.31143,.619,1,1.02,18,6
22103,1,14,1997,17.71724,5741,.0292542,158.0551,66.29134,1.047768,2405.947,1,46.75212,.619,2,1.02,18,11
22105,1,14,1997,35.16415,3,.0334539,187.4016,70.86614,1.328043,3288.106,1,48.00298,.619,4,1.02,18,16
22106,1,14,1997,29.49916,34,.0254683,175.1969,72.04724,1.262245,3612.335,1,38.55977,.619,5,1.02,18,21
22107,1,14,1997,25.45356,216,.0312869,179.1339,69.29134,1.241243,2940.529,1,47.04292,.619,3,1.02,18,14
22404,1,15,1997,15.89264,11650,.0307396,145.6693,63.77953,.9290718,2114.537,1,57.36941,.619,1,1.02,19,63
22405,1,15,1997,31.16951,19,.0317887,176.6496,71.05905,1.255255,3431.718,1,31.54194,.619,5,1.02,19,79
22406,1,15,1997,22.37601,792,.0289064,177.1654,68.89764,1.220627,2940.529,1,48.00298,.619,3,1.02,19,96
22407,1,15,1997,34.22731,5,.0316424,186.2205,71.25984,1.327004,3634.361,1,47.04292,.619,4,1.02,19,138
22409,1,15,1997,18.86516,3275,.0265856,162.2047,66.53543,1.079236,2444.934,1,50.04566,.619,2,1.02,19,107
22503,1,16,1997,22.21639,658,.0244025,156.2992,66.14173,1.03379,3524.229,1,58.80365,.619,2,1.02,3,145
22506,1,16,1997,30.89199,23,.0301498,170.0787,66.53543,1.131626,2852.423,1,53.45786,.619,3,1.02,3,147
22507,1,16,1997,22.59304,433,.0350515,182.6772,67.32284,1.229835,2995.595,1,58.80365,.619,3,1.02,3,149
22508,1,16,1997,26.51381,33,.0384423,192.126,68.11024,1.308575,3147.577,1,45.23357,.619,4,1.02,3,151
22701,1,19,1997,15.21099,16230,.029202,150,64.56693,.968504,2191.63,1,51.13361,.619,1,1.02,21,92
22703,1,19,1997,22.74991,689,.0355304,170.0787,65.35433,1.111538,2533.04,1,54.70107,.619,3,1.02,21,166
22704,1,19,1997,18.59757,3684,.0276724,162.9921,64.56693,1.05239,2312.775,1,51.13361,.619,2,1.02,21,66
22705,1,19,1997,30.47241,20,.0230847,181.8898,71.25984,1.296144,3898.678,1,48.00298,.619,5,1.02,21,40
22803,1,19,1997,15.93456,11561,.029202,151.5748,64.17323,.9727044,2191.63,1,54.70107,.619,1,1.02,22,83
22804,1,19,1997,23.08682,565,.0323004,177.5591,68.11024,1.209359,2786.344,1,61.89857,.619,3,1.02,22,116
23102,2,18,1997,43.44634,1,.0307669,178.3465,66.53543,1.186636,2665.198,1,53.45786,.619,3,1.02,24,57
23104,2,18,1997,20.50925,1722,.0281793,168.1102,66.53543,1.118529,2555.066,1,44.38011,.619,2,1.02,24,67
23107,2,18,1997,12.98634,8757,.0333551,176.7717,67.32284,1.190077,2698.238,1,45.23357,.619,3,1.02,24,47
23201,1,19,1997,23.88995,377,.0341925,158.2677,66.92913,1.059272,2632.159,1,61.89857,.619,2,1.02,25,89
23202,1,19,1997,38.98782,2,.0309637,183.8583,68.50394,1.259501,3019.604,1,60.85759,.619,3,1.02,25,121
23203,1,19,1997,17.061,6723,.0280734,146.063,64.96063,.9488344,2279.736,1,56.00348,.619,1,1.02,25,122
23204,1,19,1997,8.245712,90007,.0261766,172.4409,66.92913,1.154132,2444.934,1,48.00298,.619,3,1.02,25,173
23205,1,19,1997,32.61678,8,.0234807,181.4961,71.25984,1.293338,3997.797,1,46.89193,.619,5,1.02,25,152
23302,1,5,1997,8.225885,62021,.0337686,169.685,65.74803,1.115646,2665.198,1,53.45786,.619,2,1.02,26,147
23303,1,5,1997,37.0415,2,.0435342,183.4646,69.29134,1.27125,3215.859,1,53.45786,.619,4,1.02,26,151
23305,1,5,1997,45.13288,1,.03228,176.378,67.71654,1.194371,2788.106,1,45.23357,.619,2,1.02,26,135
23307,1,5,1997,39.83688,1,.0331042,185.8268,69.29134,1.287619,4229.075,1,45.23357,.619,3,1.02,26,136
10103,1,4,1998,15.80334,12811,.0467639,161.0236,67.32284,1.084057,2566.079,0,39.86688,.79019,2,1.006,1,34
10105,1,4,1998,20.40796,2710,.0451015,167.3228,67.32284,1.126465,2612.775,0,39.95288,.79019,2,1.006,1,35
10106,1,4,1998,24.38438,449,.0531512,174.4095,68.50394,1.194773,2709.251,0,36.75228,.79019,3,1.006,1,37
10108,1,4,1998,26.04252,222,.0495563,185.8268,71.25984,1.324199,3127.753,0,32.22118,.79019,4,1.006,1,39
10204,1,19,1998,28.39871,65,.0463265,175.9843,68.11024,1.198633,2698.238,0,40.55424,.79019,3,1.006,2,28
10205,1,19,1998,56.90863,1,.0535071,188.5827,71.25984,1.343837,3083.7,0,35.10666,.79019,4,1.006,2,29
10206,1,19,1998,41.78191,1,.0580278,198.0315,74.01575,1.465745,3325.991,0,36.18686,.79019,4,1.006,2,30
10207,1,19,1998,25.39679,246,.0487124,163.3858,68.11024,1.112825,2566.079,0,39.86688,.79019,2,1.006,2,27
10208,1,19,1998,21.81769,287,.0678174,159.0551,69.29134,1.102114,2654.185,0,37.33565,.79019,4,1.006,2,168
10302,1,1,1998,35.59843,6,.0418289,175.5945,67.72047,1.189134,2803.084,0,38.40363,.79019,3,1.006,3,146
10304,1,1,1998,47.77039,1,.0608486,187.7953,70.86614,1.330833,3171.806,0,31.78575,.79019,4,1.006,3,148
10305,1,1,1998,34.67471,4,.061328,196.063,73.22835,1.435737,3850.44,0,26.36787,.79019,4,1.006,3,150
10306,1,1,1998,34.90073,2,.0450869,158.2677,66.53543,1.053041,2555.066,0,39.86688,.79019,4,1.006,3,183
10402,3,2,1998,31.26789,21,.0418053,186.2205,76.77165,1.429645,3755.507,0,27.03616,.79019,5,1.006,4,175
10404,3,2,1998,21.92674,1184,.0482779,171.6535,67.32284,1.15562,2442.731,0,37.33565,.79019,3,1.006,4,113
10405,3,2,1998,47.99657,1,.0440548,185.8268,70.86614,1.316883,2973.568,0,36.75228,.79019,4,1.006,4,157
10406,3,2,1998,32.99467,15,.0565052,196.4567,74.40945,1.461823,3574.89,0,29.40182,.79019,4,1.006,4,10
10408,3,2,1998,15.14363,6437,.0584718,201.5748,74.40945,1.499907,3557.269,0,31.78575,.79019,4,1.006,4,174
10502,1,14,1998,28.25522,72,.0439355,185.4331,70.47244,1.306792,3072.687,0,36.18686,.79019,4,1.006,5,179
10504,1,14,1998,11.57022,47866,.0403556,177.5315,68.89764,1.22315,2775.33,0,35.67479,.79019,3,1.006,5,177
10505,1,14,1998,28.6555,53,.036553,175.1969,71.25984,1.24845,3364.978,0,28.90502,.79019,5,1.006,5,80
10506,1,14,1998,12.70489,43820,.0338385,146.063,62.59843,.9143313,1773.128,0,47.87401,.79019,1,1.006,5,139
10507,1,14,1998,27.513,172,.0379035,163.7795,66.53543,1.089714,2374.449,0,37.93784,.79019,3,1.006,5,180
10601,2,3,1998,15.23917,16894,.0345483,176.378,65.35433,1.152706,2257.709,0,44.29486,.79019,2,1.006,6,114
10602,2,3,1998,12.74626,29243,.0381411,181.4961,67.32284,1.221883,2490.749,0,41.26572,.79019,3,1.006,6,43
10603,2,3,1998,21.82107,2237,.0386192,160.2362,65.74803,1.053522,2226.872,0,38.92541,.79019,1,1.006,6,97
10604,2,3,1998,28.54342,141,.0391889,175.5905,66.92913,1.175212,2704.846,0,35.95289,.79019,3,1.006,6,115
10605,2,3,1998,17.72054,6001,.045914,183.8583,69.68504,1.281217,2918.502,0,35.57336,.79019,3,1.006,6,99
10606,2,3,1998,5.467158,391914,.0271442,137.4016,58.66142,.8060172,1878.855,0,45.23357,.79019,1,1.006,6,105
10701,1,4,1998,5.94697,377193,.0262169,127.1654,60.23622,.765996,1563.877,0,50.04566,.79019,1,1.006,7,60
10704,1,4,1998,33.01469,41,.0286737,148.4252,63.77953,.9466489,2092.511,0,42.76629,.79019,1,1.006,7,131
10708,1,4,1998,27.4899,101,.047216,167.3228,69.29134,1.159402,2753.304,0,33.60209,.79019,4,1.006,7,70
10709,1,4,1998,23.90149,415,.0346587,175.1969,72.04724,1.262245,3491.189,0,32.66869,.79019,5,1.006,7,170
10711,1,4,1998,20.52786,2454,.0445352,158.2677,68.89764,1.090427,2312.775,0,42.76629,.79019,2,1.006,7,54
10712,1,4,1998,25.8305,308,.0349755,164.5669,68.50394,1.127348,2290.749,0,45.23357,.79019,2,1.006,7,53
10713,1,4,1998,9.489647,102289,.0429305,172.8346,68.50394,1.183985,2632.159,0,39.86688,.79019,2,1.006,7,104
10714,1,4,1998,12.50374,8479,.0323337,162.5984,63.77953,1.037045,2257.709,0,39.86688,.79019,1,1.006,7,118
10715,1,4,1998,14.63041,20170,.0242548,130.315,59.05512,.7695765,1607.93,0,46.12051,.79019,1,1.006,7,141
10801,1,5,1998,33.50132,24,.0377285,162.5984,66.14173,1.075454,2385.463,0,40.55424,.79019,2,1.006,8,78
10802,1,5,1998,12.23001,53158,.0362234,150.3937,64.17323,.9651249,2070.485,0,47.04292,.79019,1,1.006,8,84
10803,1,5,1998,20.93656,1617,.0403166,179.1339,68.89764,1.23419,2852.423,0,40.55424,.79019,3,1.006,8,109
10805,1,5,1998,22.67267,419,.0456484,189.7638,73.62205,1.39708,3220.264,0,35.63857,.79019,4,1.006,8,140
10806,1,5,1998,28.98664,52,.0420639,181.4961,71.25984,1.293338,3447.136,0,30.54735,.79019,5,1.006,8,88
10807,1,5,1998,14.42557,21694,.0322367,142.5197,64.17323,.9145948,1861.234,0,49.00304,.79019,1,1.006,8,95
10808,1,5,1998,10.24584,57070,.0546198,156.6929,65.74803,1.030225,2288.546,0,38.55977,.79019,2,1.006,8,130
10809,1,5,1998,16.93166,7748,.0421541,163.3858,66.53543,1.087095,2372.247,0,43.55825,.79019,2,1.006,8,85
10810,1,5,1998,37.55074,3,.0575112,184.6457,69.29134,1.279435,2955.947,0,31.78575,.79019,4,1.006,8,69
11001,2,7,1998,23.46958,610,.0464838,183.0079,67.59843,1.237104,2878.634,0,35.63857,.79019,3,1.006,9,32
11002,2,7,1998,21.55994,1258,.0472658,170.0787,66.53543,1.131626,2411.894,0,49.00304,.79019,2,1.006,9,61
11004,2,7,1998,34.25167,7,.0623997,178.7402,68.89764,1.231477,2964.758,0,33.60209,.79019,4,1.006,9,123
11102,2,8,1998,15.34725,20281,.042951,174.0157,66.92913,1.164672,2654.185,0,33.60209,.79019,2,1.006,10,98
11104,2,8,1998,10.24132,77605,.0440796,185.1181,70,1.295827,2885.463,0,35.10666,.79019,4,1.006,10,155
11105,2,8,1998,19.58994,3602,.0402562,161.4173,63.77953,1.029512,2235.683,0,52.26991,.79019,1,1.006,10,31
11106,2,8,1998,29.78361,112,.0509366,170.8661,68.11024,1.163773,2709.251,0,26.72893,.79019,4,1.006,10,91
11107,2,8,1998,9.818107,96485,.0305257,137.4016,58.66142,.8060172,1801.762,0,43.55825,.79019,1,1.006,10,46
11108,2,8,1998,17.11802,8110,.0284067,184.6457,71.65354,1.323052,3942.731,0,23.75905,.79019,5,1.006,10,90
11301,2,9,1998,16.82129,11445,.0362969,173.0591,67.00394,1.159564,2342.291,0,40.17054,.79019,2,1.006,11,142
11302,2,9,1998,19.41416,3410,.0406672,184.6457,69.68504,1.286704,2852.423,0,34.59038,.79019,3,1.006,11,62
11303,2,9,1998,11.26037,101201,.0416881,141.7756,62.99213,.8930746,1751.101,0,37.93784,.79019,1,1.006,11,126
11304,2,9,1998,12.46986,48621,.0356396,175.9843,67.32284,1.184776,2469.163,0,37.33565,.79019,2,1.006,11,153
11501,1,4,1998,21.81139,1208,.0470279,170.8661,66.92913,1.143592,2764.317,0,37.33565,.79019,3,1.006,12,72
11502,1,4,1998,17.18707,7828,.0413823,157.874,66.92913,1.056637,2488.987,0,41.26572,.79019,2,1.006,12,73
11504,1,4,1998,30.77961,25,.0457153,184.252,71.65354,1.320231,3171.806,0,31.78575,.79019,4,1.006,12,94
11505,1,4,1998,14.39857,20632,.0316744,146.4567,66.53543,.974456,1894.273,0,47.04292,.79019,1,1.006,12,181
11601,2,10,1998,22.8021,779,.0454158,166.6457,66.6063,1.109965,2528.194,0,28.60134,.79019,2,1.006,13,12
11602,2,10,1998,25.32351,251,.0440591,179.9213,67.32284,1.211281,2610.132,0,36.75228,.79019,3,1.006,13,18
11603,2,10,1998,38.77265,2,.0530903,166.1417,66.92913,1.111972,2561.674,0,35.63857,.79019,4,1.006,13,112
11604,2,10,1998,19.67907,1343,.0554678,179.5276,66.92913,1.201562,2632.159,0,37.33565,.79019,4,1.006,13,178
11605,2,10,1998,15.47659,12978,.0301074,149.6063,64.96063,.9718519,2092.511,0,39.20243,.79019,1,1.006,13,74
11702,1,11,1998,35.94299,2,.0410281,176.378,67.71654,1.194371,2973.568,0,37.93784,.79019,3,1.006,14,55
11703,1,11,1998,59.07692,1,.0537465,188.5827,70.47244,1.328988,3162.996,0,38.55977,.79019,4,1.006,14,75
11704,1,11,1998,54.61446,1,.06356,188.5827,70.47244,1.328988,3524.229,0,28.33911,.79019,4,1.006,14,76
11706,1,11,1998,61.09396,1,.0734503,199.9921,73.57087,1.471359,4284.802,0,25.69865,.79019,4,1.006,14,133
11709,1,11,1998,21.42443,1020,.0343115,140.5512,67.32284,.9462304,2389.868,0,34.59038,.79019,5,1.006,14,161
11710,1,11,1998,63.98112,1,.0614891,179.5276,67.71654,1.215698,3138.767,0,37.33565,.79019,4,1.006,14,64
11802,2,12,1998,27.87076,107,.0573659,182.2835,68.50394,1.248713,2841.41,0,36.75228,.79019,3,1.006,15,87
11803,2,12,1998,25.25465,275,.0456075,179.1614,67.96063,1.217592,3084.802,0,32.10595,.79019,5,1.006,15,156
11804,2,12,1998,23.0455,675,.0462035,174.4095,67.32284,1.174174,2488.987,0,43.55825,.79019,2,1.006,15,58
11901,2,13,1998,25.86551,173,.0717787,177.9528,68.11024,1.21204,2786.344,0,34.08907,.79019,4,1.006,16,5
11902,2,13,1998,13.86502,25111,.0317487,145.6693,62.59843,.9118669,1732.357,0,48.04514,.79019,1,1.006,16,108
11903,2,13,1998,21.12743,1387,.03897,174.4095,67.32284,1.174174,2566.079,0,42.00261,.79019,3,1.006,16,127
11905,2,13,1998,39.09867,1,.0476105,187.7953,69.68504,1.308652,2940.529,0,32.66869,.79019,4,1.006,16,106
11906,2,13,1998,18.25532,4536,.0381623,162.2047,66.53543,1.079236,2279.736,0,45.23357,.79019,2,1.006,16,41
11907,2,13,1998,22.09758,819,.0316669,169.685,66.53543,1.129007,3094.714,0,30.15572,.79019,5,1.006,16,143
12001,1,6,1998,16.64628,9641,.0387736,161.5197,66.88189,1.080274,2579.075,0,40.37256,.79019,2,1.006,17,45
12003,1,6,1998,30.67308,66,.0305847,147.0512,62.99213,.9263067,2084.802,0,44.79851,.79019,1,1.006,17,68
12004,1,6,1998,28.76507,56,.0418859,188.189,70.07874,1.318805,3246.916,0,34.904,.79019,4,1.006,17,117
12005,1,6,1998,24.2427,413,.0468006,175.9843,66.92913,1.177847,2905.947,0,39.23055,.79019,3,1.006,17,172
12006,1,6,1998,13.91848,7525,.042148,154.3307,72.44095,1.117986,2135.33,0,46.4851,.79019,1,1.006,17,164
12007,1,6,1998,27.40671,96,.0384261,183.8583,72.04724,1.324648,3669.383,0,36.47643,.79019,5,1.006,17,154
12101,1,14,1998,28.62203,210,.0417791,144.4882,62.59843,.9044734,1795.154,0,42.66699,.79019,1,1.006,18,2
12102,1,14,1998,14.71392,3303,.0402959,145.6693,61.41732,.8946618,1861.234,0,45.23357,.79019,1,1.006,18,6
12103,1,14,1998,16.90224,8369,.0374862,158.6614,66.14173,1.049414,2400.881,0,37.93784,.79019,2,1.006,18,11
12105,1,14,1998,31.10963,22,.0458586,187.4016,70.86614,1.328043,3270.925,0,33.12881,.79019,4,1.006,18,16
12106,1,14,1998,26.90924,111,.0352315,175.1969,72.04724,1.262245,3491.189,0,32.66869,.79019,5,1.006,18,21
12107,1,14,1998,23.3511,542,.0398808,179.1339,69.29134,1.241243,2808.37,0,43.55825,.79019,3,1.006,18,14
12108,1,14,1998,16.73383,10764,.0358421,150.7874,64.96063,.9795245,2092.511,0,44.38011,.79019,1,1.006,18,7
12404,1,15,1998,19.43163,4582,.036139,147.7008,64.07087,.9463318,2111.652,0,45.23357,.79019,1,1.006,19,63
12405,1,15,1998,28.52165,55,.0350403,177.5591,71.25984,1.265283,3281.938,0,29.774,.79019,5,1.006,19,79
12406,1,15,1998,21.25229,1408,.0394979,177.1654,68.89764,1.220627,2763.436,0,36.26273,.79019,3,1.006,19,96
12407,1,15,1998,28.91125,54,.0410833,187.4016,71.25984,1.335421,3359.031,0,29.774,.79019,4,1.006,19,138
12408,1,15,1998,7.588813,217134,.034481,135.0394,64.17323,.8665912,1740.088,0,49.00304,.79019,1,1.006,19,169
12409,1,15,1998,18.07656,5066,.0387299,162.2047,66.53543,1.079236,2323.789,0,41.76543,.79019,2,1.006,19,107
12503,1,16,1998,17.99975,5733,.0460709,156.2992,66.14173,1.03379,2235.683,0,46.12051,.79019,2,1.006,3,145
12506,1,16,1998,26.18854,169,.0447947,170.0787,66.53543,1.131626,2477.974,0,46.12051,.79019,3,1.006,3,147
12507,1,16,1998,15.0994,9224,.0466463,182.6772,67.32284,1.229835,2808.37,0,34.08907,.79019,3,1.006,3,149
12601,1,6,1998,22.96669,373,.0322037,182.2835,67.32284,1.227184,4129.956,0,33.60209,.79019,3,1.006,20,24
12603,1,6,1998,34.73719,5,.0494744,188.9764,70.47244,1.331763,3436.123,0,31.78575,.79019,4,1.006,20,23
12604,1,6,1998,30.88875,36,.046627,182.2835,67.32284,1.227184,2852.423,0,31.78575,.79019,3,1.006,20,22
12701,1,19,1998,26.87942,311,.0288254,150,64.56693,.968504,2081.498,0,44.38011,.79019,1,1.006,21,92
12702,1,19,1998,13.3154,7560,.0280412,137.0079,59.05512,.8091016,1497.797,0,50.04566,.79019,1,1.006,21,103
12703,1,19,1998,20.77682,2308,.0574684,170.0787,65.35433,1.111538,2610.132,0,36.18686,.79019,3,1.006,21,166
12704,1,19,1998,16.8325,7877,.0332195,162.9921,64.56693,1.05239,2257.709,0,39.86688,.79019,2,1.006,21,66
12705,1,19,1998,27.355,82,.0298343,181.8898,71.25984,1.296144,3854.625,0,35.10666,.79019,5,1.006,21,40
12706,1,19,1998,11.93365,48161,.0262731,138.9764,64.17323,.8918563,1903.084,0,50.04566,.79019,1,1.006,21,44
12803,1,19,1998,10.6764,111849,.0330182,151.5748,64.17323,.9727044,2059.471,0,44.38011,.79019,1,1.006,22,83
12804,1,19,1998,19.76071,2561,.0385328,177.5591,68.11024,1.209359,2621.145,0,42.76629,.79019,3,1.006,22,116
13002,2,17,1998,12.13188,46236,.0402812,143.9488,62.20472,.8954297,1638.48,0,56.00348,.79019,1,1.006,23,160
13003,2,17,1998,15.9605,15180,.0478449,162.1417,66.53543,1.078817,2069.185,0,44.38011,.79019,2,1.006,23,49
13004,2,17,1998,11.82971,41556,.0291417,142.0591,59.82677,.8498935,1784.383,0,56.00348,.79019,1,1.006,23,42
13005,2,17,1998,19.90819,2568,.0296743,134.4961,61.56693,.828051,1752.357,0,56.00348,.79019,1,1.006,23,176
13102,2,18,1998,17.77789,3037,.0416658,178.3465,66.53543,1.186636,2544.053,0,42.76629,.79019,3,1.006,24,57
13103,2,18,1998,42.02483,1,.0667647,173.622,68.89764,1.196215,2621.145,0,36.18686,.79019,4,1.006,24,59
13104,2,18,1998,17.59957,7521,.0456073,168.1102,66.53543,1.118529,2411.894,0,36.75228,.79019,2,1.006,24,67
13105,2,18,1998,44.94861,1,.0572905,196.8504,70.47244,1.387253,3700.44,0,30.15572,.79019,4,1.006,24,159
13107,2,18,1998,31.44419,33,.0417908,176.7717,67.32284,1.190077,2632.159,0,38.55977,.79019,3,1.006,24,47
13201,1,19,1998,22.4049,865,.0448932,162.5236,68.03149,1.105672,2762.335,0,38.68597,.79019,2,1.006,25,89
13202,1,19,1998,23.29914,595,.042037,183.8583,68.50394,1.259501,2973.568,0,40.55424,.79019,3,1.006,25,121
13203,1,19,1998,33.93,23,.0285236,146.063,65.33858,.9543549,2103.524,0,49.00304,.79019,1,1.006,25,122
13205,1,19,1998,32.6309,10,.0430496,181.4961,71.25984,1.293338,4041.85,0,30.15572,.79019,5,1.006,25,152
13206,1,19,1998,14.86938,2048,.0254199,138.5827,64.17323,.8893297,1966.96,0,49.00304,.79019,1,1.006,25,101
13303,1,5,1998,24.78561,157,.0580301,183.4646,69.29134,1.27125,2929.515,0,35.63857,.79019,4,1.006,26,151
13305,1,5,1998,24.17646,393,.0424127,176.378,67.71654,1.194371,2711.454,0,39.86688,.79019,2,1.006,26,135
13307,1,5,1998,31.37812,18,.0419384,185.8268,69.29134,1.287619,3004.405,0,29.03884,.79019,3,1.006,26,136
13310,1,5,1998,45.00832,1,.0518334,189.7638,72.04724,1.367196,3279.736,0,39.86688,.79019,4,1.006,26,137
20103,1,4,1998,16.62203,5059,.0337686,161.0236,67.32284,1.084057,2665.198,1,47.04292,.59658,2,1.006,1,34
20105,1,4,1998,27.1302,137,.0328193,167.3228,67.32284,1.126465,2742.291,1,47.04292,.59658,2,1.006,1,35
20106,1,4,1998,24.81926,254,.0375354,174.4095,68.50394,1.194773,2797.357,1,50.04566,.59658,3,1.006,1,37
20108,1,4,1998,35.21591,3,.0414389,185.8268,71.25984,1.324199,3281.938,1,41.26572,.59658,4,1.006,1,39
20204,1,19,1998,30.03914,22,.0329516,175.9843,68.11024,1.198633,2731.278,1,60.31143,.59658,3,1.006,2,28
20205,1,19,1998,52.80924,1,.0460135,188.5827,71.25984,1.343837,3259.912,1,53.45786,.59658,4,1.006,2,29
20206,1,19,1998,33.81419,2,.0399413,198.0315,74.01575,1.465745,3755.507,1,53.45786,.59658,4,1.006,2,30
20207,1,19,1998,47.36503,1,.042322,163.3858,68.11024,1.112825,2599.119,1,61.89857,.59658,2,1.006,2,27
20302,1,1,1998,32.6943,14,.0446296,175.9095,68.05118,1.197085,3024.449,1,49.5345,.59658,3,1.006,3,146
20304,1,1,1998,59.06112,1,.0438662,187.7953,70.86614,1.330833,3259.912,1,40.55424,.59658,4,1.006,3,148
20305,1,1,1998,37.94732,1,.0393195,196.063,73.22835,1.435737,3810.573,1,37.33565,.59658,4,1.006,3,150
20402,3,2,1998,30.83306,19,.0306217,186.2205,76.77165,1.429645,3755.507,1,39.86688,.59658,5,1.006,4,175
20502,1,14,1998,34.09407,4,.0346325,185.4331,70.47244,1.306792,3176.211,1,48.00298,.59658,4,1.006,5,179
20503,1,14,1998,18.74985,3012,.031144,160.2362,66.53543,1.066139,2279.736,1,53.45786,.59658,2,1.006,5,185
20504,1,14,1998,19.08481,2295,.0305784,177.5276,68.89764,1.223123,2859.471,1,43.51313,.59658,3,1.006,5,177
20505,1,14,1998,31.11848,14,.027269,175.1969,71.25984,1.24845,3447.136,1,35.70999,.59658,5,1.006,5,80
20506,1,14,1998,15.8363,9256,.0294212,146.063,62.59843,.9143313,1971.366,1,61.89857,.59658,1,1.006,5,139
20507,1,14,1998,23.83636,412,.0279132,163.7795,66.53543,1.089714,2436.123,1,44.38011,.59658,3,1.006,5,180
20704,1,4,1998,28.72953,121,.03178,148.4252,63.77953,.9466489,2202.643,1,52.26991,.59658,1,1.006,7,131
20709,1,4,1998,26.12632,128,.0249146,175.1969,72.04724,1.262245,3612.335,1,32.66869,.59658,5,1.006,7,170
20711,1,4,1998,16.59882,6929,.0393074,158.2677,68.89764,1.090427,2544.053,1,51.13361,.59658,2,1.006,7,54
20712,1,4,1998,18.43609,3580,.0393074,164.5669,68.50394,1.127348,2544.053,1,51.13361,.59658,2,1.006,7,53
20713,1,4,1998,24.99047,376,.0381513,172.8346,68.50394,1.183985,2621.145,1,52.26991,.59658,2,1.006,7,104
20714,1,4,1998,5.508801,293950,.0282216,162.5984,63.77953,1.037045,2444.934,1,46.12051,.59658,1,1.006,7,118
20801,1,5,1998,18.82351,3251,.0348814,162.5984,66.14173,1.075454,2505.947,1,47.96871,.59658,2,1.006,8,78
20802,1,5,1998,15.05277,13635,.0273121,149.5945,63.97244,.9569924,2196.828,1,52.26991,.59658,1,1.006,8,84
20803,1,5,1998,23.02542,501,.0300662,179.1339,68.89764,1.23419,2993.392,1,49.00304,.59658,3,1.006,8,109
20806,1,5,1998,33.3368,5,.0259443,181.4961,71.25984,1.293338,3781.718,1,46.46397,.59658,5,1.006,8,88
21001,2,7,1998,29.60462,28,.0354424,184.252,67.32284,1.240437,2962.555,1,58.80365,.59658,3,1.006,9,32
21002,2,7,1998,22.71874,537,.0330881,170.0787,66.53543,1.131626,2599.119,1,60.31143,.59658,2,1.006,9,61
21102,2,8,1998,17.95025,4268,.0251606,174.0157,66.92913,1.164672,2702.643,1,44.38011,.59658,2,1.006,10,98
21108,2,8,1998,22.10514,763,.0208933,184.6457,71.65354,1.323052,4068.282,1,25.29189,.59658,5,1.006,10,90
21501,1,4,1998,24.24996,296,.0333551,170.8661,66.92913,1.143592,2698.238,1,48.00298,.59658,3,1.006,12,72
21502,1,4,1998,20.65748,1379,.0319219,157.874,68.89764,1.087715,2819.383,1,47.04292,.59658,2,1.006,12,73
21504,1,4,1998,37.39788,1,.0379098,184.252,71.65354,1.320231,3270.925,1,39.86688,.59658,4,1.006,12,94
21601,2,10,1998,20.2382,1733,.0311048,163.752,66.53543,1.089531,2314.758,1,37.33565,.59658,2,1.006,13,12
21602,2,10,1998,26.4148,134,.0412727,179.9213,67.32284,1.211281,2786.344,1,52.26991,.59658,3,1.006,13,18
21604,2,10,1998,29.2821,35,.0300749,183.8583,71.65354,1.31741,3823.789,1,37.93784,.59658,5,1.006,13,178
21702,1,11,1998,35.53635,2,.0319717,176.378,67.71654,1.194371,3083.7,1,44.38011,.59658,3,1.006,14,55
21703,1,11,1998,42.75736,1,.0343952,188.5827,70.47244,1.328988,3215.859,1,47.04292,.59658,4,1.006,14,75
21704,1,11,1998,50.91192,1,.0515115,188.5827,70.47244,1.328988,3436.123,1,44.38011,.59658,4,1.006,14,76
21709,1,11,1998,25.59906,157,.0378333,140.5512,67.32284,.9462304,2378.855,1,50.04566,.59658,5,1.006,14,161
21803,2,12,1998,26.39569,116,.0294003,177.874,66.81496,1.188465,2994.934,1,36.66234,.59658,5,1.006,15,156
21804,2,12,1998,24.68658,242,.0349231,174.4095,66.53543,1.160441,2577.093,1,56.00348,.59658,2,1.006,15,58
21902,2,13,1998,17.77096,4045,.0292578,145.6693,62.59843,.9118669,1982.379,1,56.00348,.59658,1,1.006,16,108
21903,2,13,1998,20.40327,1689,.0324286,173.622,67.32284,1.168873,2775.33,1,41.26572,.59658,3,1.006,16,127
21906,2,13,1998,19.27767,2373,.0294805,162.2047,66.53543,1.079236,2544.053,1,50.04566,.59658,2,1.006,16,41
21907,2,13,1998,23.22204,412,.0230068,169.685,66.53543,1.129007,3259.912,1,34.08907,.59658,5,1.006,16,143
22001,1,6,1998,18.39742,3340,.0262253,161.5157,66.87795,1.080184,2659.912,1,47.71667,.59658,2,1.006,17,45
22003,1,6,1998,15.37799,12001,.029778,147.748,62.99213,.9306962,2179.934,1,54.98623,.59658,1,1.006,17,68
22004,1,6,1998,33.05051,7,.0373072,188.189,70.07874,1.318805,3484.582,1,41.15309,.59658,4,1.006,17,117
22005,1,6,1998,24.19489,258,.0260081,175.9843,66.92913,1.177847,3152.864,1,55.06733,.59658,3,1.006,17,172
22007,1,6,1998,30.13997,40,.0534118,183.8583,72.04724,1.324648,3763.216,1,26.22265,.59658,5,1.006,17,154
22101,1,14,1998,14.58977,12974,.0300937,144.4882,62.59843,.9044734,1927.313,1,61.89857,.59658,1,1.006,18,2
22102,1,14,1998,22.48186,902,.0309545,145.6693,61.41732,.8946618,1938.326,1,60.31143,.59658,1,1.006,18,6
22103,1,14,1998,19.264,2658,.0344583,158.6614,66.14173,1.049414,2526.211,1,45.1052,.59658,2,1.006,18,11
22105,1,14,1998,35.24172,3,.0339728,187.4016,70.86614,1.328043,3237.885,1,48.00298,.59658,4,1.006,18,16
22106,1,14,1998,30.03493,22,.0254683,175.1969,72.04724,1.262245,3612.335,1,38.55977,.59658,5,1.006,18,21
22107,1,14,1998,25.13364,204,.0312869,179.1339,69.29134,1.241243,2940.529,1,47.04292,.59658,3,1.006,18,14
22108,1,14,1998,12.89852,26897,.0314653,150.7874,64.96063,.9795245,2224.67,1,52.26991,.59658,1,1.006,18,7
22404,1,15,1998,15.69156,10420,.0299002,147.7913,64.08268,.9470865,2173.899,1,57.36941,.59658,1,1.006,19,63
22405,1,15,1998,30.50556,21,.0320307,177.5591,71.25984,1.265283,3590.308,1,35.24025,.59658,5,1.006,19,79
22406,1,15,1998,23.2597,498,.0340427,177.1654,68.89764,1.220627,3069.383,1,43.92511,.59658,3,1.006,19,96
22407,1,15,1998,34.98915,3,.0316424,186.2205,71.25984,1.327004,3634.361,1,47.04292,.59658,4,1.006,19,138
22409,1,15,1998,18.06775,3956,.0265856,162.2047,66.53543,1.079236,2444.934,1,44.84378,.59658,2,1.006,19,107
22503,1,16,1998,22.45962,589,.0344,156.2992,66.14173,1.03379,2500,1,58.80365,.59658,2,1.006,3,145
22506,1,16,1998,31.58041,18,.0301498,170.0787,66.53543,1.131626,2852.423,1,53.45786,.59658,3,1.006,3,147
22507,1,16,1998,19.04536,1155,.0350515,182.6772,67.32284,1.229835,2995.595,1,58.80365,.59658,3,1.006,3,149
22508,1,16,1998,29.04185,11,.0384423,192.126,68.11024,1.308575,3147.577,1,45.23357,.59658,4,1.006,3,151
22604,1,6,1998,29.42417,36,.0386741,182.2835,67.32284,1.227184,2973.568,1,43.55825,.59658,3,1.006,20,22
22701,1,19,1998,31.07388,61,.029202,150,64.56693,.968504,2191.63,1,51.13361,.59658,1,1.006,21,92
22703,1,19,1998,21.57325,955,.0355304,170.0787,65.35433,1.111538,2533.04,1,54.70107,.59658,3,1.006,21,166
22704,1,19,1998,18.57225,3066,.0276724,162.9921,64.56693,1.05239,2312.775,1,51.13361,.59658,2,1.006,21,66
22705,1,19,1998,30.93579,14,.0230847,181.8898,71.25984,1.296144,3898.678,1,48.00298,.59658,5,1.006,21,40
22706,1,19,1998,14.36497,3255,.028375,138.9764,64.17323,.8918563,2114.537,1,65.33739,.59658,1,1.006,21,44
22803,1,19,1998,15.01459,14304,.029202,151.5748,64.17323,.9727044,2191.63,1,54.70107,.59658,1,1.006,22,83
22804,1,19,1998,23.54492,380,.0323004,177.5591,68.11024,1.209359,2786.344,1,61.89857,.59658,3,1.006,22,116
23102,2,18,1998,12.92733,13176,.0307669,178.3465,66.53543,1.186636,2665.198,1,53.45786,.59658,3,1.006,24,57
23104,2,18,1998,19.69568,2032,.0281793,168.1102,66.53543,1.118529,2555.066,1,44.38011,.59658,2,1.006,24,67
23107,2,18,1998,35.74754,6,.0333551,176.7717,67.32284,1.190077,2698.238,1,45.23357,.59658,3,1.006,24,47
23201,1,19,1998,23.62538,342,.0317779,162.4724,67.98032,1.104493,2832.159,1,61.89857,.59658,2,1.006,25,89
23202,1,19,1998,24.99315,220,.03632,183.8583,68.50394,1.259501,3028.634,1,63.57151,.59658,3,1.006,25,121
23203,1,19,1998,37.88701,5,.0280734,146.063,64.96063,.9488344,2279.736,1,56.00348,.59658,1,1.006,25,122
23205,1,19,1998,32.72407,7,.0250138,181.4961,71.25984,1.293338,3997.797,1,45.23357,.59658,5,1.006,25,152
23206,1,19,1998,8.29495,29385,.0277959,138.5827,64.17323,.8893297,2158.59,1,65.33739,.59658,1,1.006,25,101
23305,1,5,1998,26.60049,106,.031897,176.378,67.71654,1.194371,2821.586,1,45.23357,.59658,2,1.006,26,135
23307,1,5,1998,39.76452,1,.0331042,185.8268,69.29134,1.287619,4229.075,1,45.23357,.59658,3,1.006,26,136
10103,1,4,1999,15.44566,11562,.0467639,161.0236,67.32284,1.084057,2566.079,0,39.86688,.84855,2,.995,1,34
10105,1,4,1999,20.92453,1827,.0434093,167.3228,67.32284,1.126465,2592.071,0,40.16642,.84855,2,.995,1,35
10106,1,4,1999,23.74243,490,.0531512,174.4095,68.50394,1.194773,2709.251,0,36.75228,.84855,3,.995,1,37
10108,1,4,1999,25.89851,194,.0495563,185.8268,71.25984,1.324199,3127.753,0,32.22118,.84855,4,.995,1,39
10204,1,19,1999,28.35587,55,.0463265,175.9843,68.11024,1.198633,2698.238,0,40.55424,.84855,3,.995,2,28
10205,1,19,1999,48.88678,1,.0525279,188.5827,71.25984,1.343837,3141.189,0,35.10666,.84855,4,.995,2,29
10206,1,19,1999,33.52012,4,.0580278,198.0315,74.01575,1.465745,3325.991,0,32.59129,.84855,4,.995,2,30
10207,1,19,1999,25.26636,215,.0487124,163.3858,68.11024,1.112825,2566.079,0,39.86688,.84855,2,.995,2,27
10208,1,19,1999,36.68086,2,.0673924,159.0551,69.29134,1.102114,2670.925,0,37.18044,.84855,4,.995,2,168
10302,1,1,1999,45.66801,1,.0628115,175.9843,68.11024,1.198633,3072.687,0,33.60209,.84855,3,.995,3,146
10304,1,1,1999,47.43726,1,.0608486,187.7953,70.86614,1.330833,3171.806,0,31.78575,.84855,4,.995,3,148
10305,1,1,1999,34.86946,3,.0603642,196.063,73.22835,1.435737,3942.731,0,25.5668,.84855,4,.995,3,150
10306,1,1,1999,35.62809,1,.0461828,158.2677,66.53543,1.053041,2555.066,0,39.86688,.84855,4,.995,3,183
10402,3,2,1999,32.21131,11,.0418053,186.2205,76.77165,1.429645,3755.507,0,27.03616,.84855,5,.995,4,175
10404,3,2,1999,21.7461,1042,.0475595,172.4134,67.32284,1.160736,2537.665,0,37.33565,.84855,3,.995,4,113
10405,3,2,1999,33.80913,6,.0447313,185.8268,70.86614,1.316883,2961.013,0,36.75228,.84855,4,.995,4,157
10406,3,2,1999,29.99175,32,.0565052,196.4567,74.40945,1.461823,3574.89,0,29.40182,.84855,4,.995,4,10
10504,1,14,1999,9.545736,75217,.0402278,177.9528,68.89764,1.226052,2784.141,0,35.10666,.84855,3,.995,5,177
10505,1,14,1999,28.4025,50,.03706,175.1969,71.25984,1.24845,3318.943,0,27.35053,.84855,5,.995,5,80
10506,1,14,1999,12.60699,37703,.0338385,146.063,62.59843,.9143313,1773.128,0,47.44238,.84855,1,.995,5,139
10507,1,14,1999,29.39814,79,.0379035,163.7795,66.53543,1.089714,2374.449,0,37.93784,.84855,3,.995,5,180
10603,2,3,1999,19.495,4001,.0386192,160.2362,65.74803,1.053522,2226.872,0,37.93784,.84855,1,.995,6,97
10604,2,3,1999,25.28105,347,.0391889,175.5905,66.92913,1.175212,2704.846,0,34.59038,.84855,3,.995,6,115
10605,2,3,1999,13.6874,21567,.045914,183.8583,69.68504,1.281217,2918.502,0,33.12881,.84855,3,.995,6,99
10606,2,3,1999,8.024195,134330,.0271442,137.4016,58.66142,.8060172,1878.855,0,45.23357,.84855,1,.995,6,105
10607,2,3,1999,14.93517,18391,.0411668,168.5039,66.92913,1.127782,2574.89,0,38.55977,.84855,2,.995,6,65
10704,1,4,1999,28.8218,137,.0289796,148.5551,63.95669,.9501094,2070.418,0,43.38152,.84855,1,.995,7,131
10708,1,4,1999,26.78987,113,.047216,167.3228,69.29134,1.159402,2753.304,0,33.60209,.84855,4,.995,7,70
10711,1,4,1999,23.1508,780,.0445352,158.2677,68.89764,1.090427,2312.775,0,42.76629,.84855,2,.995,7,54
10712,1,4,1999,26.11249,233,.0357962,164.5669,68.50394,1.127348,2290.749,0,45.23357,.84855,2,.995,7,53
10713,1,4,1999,6.664479,231743,.0429305,172.8346,68.50394,1.183985,2632.159,0,39.86688,.84855,2,.995,7,104
10714,1,4,1999,8.23266,25715,.0323337,162.5984,63.77953,1.037045,2257.709,0,39.86688,.84855,1,.995,7,118
10715,1,4,1999,19.29339,3303,.0242548,130.315,59.05512,.7695765,1607.93,0,46.12051,.84855,1,.995,7,141
10716,1,4,1999,23.86256,335,.0359708,157.0866,73.62205,1.156504,2863.436,0,32.66869,.84855,5,.995,7,111
10801,1,5,1999,14.77625,13596,.0377285,162.5984,66.14173,1.075454,2385.463,0,40.55424,.84855,2,.995,8,78
10802,1,5,1999,12.93876,33924,.0359033,150.3937,64.17323,.9651249,2088.943,0,45.83829,.84855,1,.995,8,84
10803,1,5,1999,21.14571,1211,.0403166,179.1339,68.89764,1.23419,2852.423,0,40.55424,.84855,3,.995,8,109
10806,1,5,1999,28.58838,51,.0420639,181.4961,71.25984,1.293338,3447.136,0,30.54735,.84855,5,.995,8,88
10807,1,5,1999,14.39074,17044,.0322367,142.5197,64.17323,.9145948,1861.234,0,49.00304,.84855,1,.995,8,95
10808,1,5,1999,10.73586,31388,.0546198,156.6929,65.74803,1.030225,2288.546,0,38.55977,.84855,2,.995,8,130
10809,1,5,1999,36.59142,7,.0421541,163.3858,66.53543,1.087095,2372.247,0,43.55825,.84855,2,.995,8,85
10810,1,5,1999,31.42564,19,.0575112,184.6457,69.29134,1.279435,2955.947,0,31.78575,.84855,4,.995,8,69
11001,2,7,1999,23.80465,446,.0484592,177.1654,68.89764,1.220627,3033.48,0,35.14652,.84855,3,.995,9,32
11002,2,7,1999,20.33346,1924,.0499524,170.0787,66.53543,1.131626,2411.894,0,44.62428,.84855,2,.995,9,61
11004,2,7,1999,34.32793,6,.0623997,178.7402,68.89764,1.231477,2964.758,0,33.60209,.84855,4,.995,9,123
11102,2,8,1999,16.7387,8995,.042951,174.0157,66.92913,1.164672,2654.185,0,33.60209,.84855,2,.995,10,98
11104,2,8,1999,12.70586,28892,.0465641,185.4331,71.25984,1.321393,2920.705,0,35.10666,.84855,4,.995,10,155
11105,2,8,1999,18.22414,4682,.0402562,161.4173,63.77953,1.029512,2235.683,0,52.26991,.84855,1,.995,10,31
11106,2,8,1999,28.39785,133,.0504039,170.8661,68.11024,1.163773,2737.885,0,26.72893,.84855,4,.995,10,91
11107,2,8,1999,10.88713,57177,.0305257,137.4016,58.66142,.8060172,1801.762,0,43.55825,.84855,1,.995,10,46
11108,2,8,1999,17.72682,5088,.0284067,184.6457,71.65354,1.323052,3942.731,0,23.75905,.84855,5,.995,10,90
11301,2,9,1999,11.49002,60485,.0376243,174.0157,67.32284,1.171523,2392.071,0,37.33565,.84855,2,.995,11,142
11302,2,9,1999,19.20153,3252,.0426948,184.6496,69.38976,1.281279,2716.96,0,31.4164,.84855,3,.995,11,62
11303,2,9,1999,11.39392,77932,.0416881,140.1575,62.99213,.8828818,1751.101,0,37.93784,.84855,1,.995,11,126
11304,2,9,1999,18.01373,5937,.0356396,175.9843,67.32284,1.184776,2469.163,0,37.33565,.84855,2,.995,11,153
11502,1,4,1999,16.57815,8188,.0396591,157.874,67.41338,1.064282,2597.136,0,41.26572,.84855,2,.995,12,73
11504,1,4,1999,29.84658,31,.046006,181.5315,70.69292,1.283299,3151.762,0,31.78575,.84855,4,.995,12,94
11505,1,4,1999,14.31566,17612,.0317394,146.4567,66.53543,.974456,1890.396,0,47.04292,.84855,1,.995,12,181
11506,1,4,1999,22.78055,652,.0457492,175.5905,68.50394,1.202864,2863.436,0,37.33565,.84855,3,.995,12,102
11601,2,10,1999,23.7332,413,.0464179,165.3543,66.92913,1.106702,2455.947,0,36.18686,.84855,2,.995,13,12
11602,2,10,1999,25.08467,229,.0440591,179.9213,67.32284,1.211281,2610.132,0,36.75228,.84855,3,.995,13,18
11603,2,10,1999,29.70059,35,.0550783,163.7205,66.73622,1.092609,2487.004,0,35.11504,.84855,4,.995,13,112
11605,2,10,1999,14.59349,15775,.0301074,149.6063,64.96063,.9718519,2092.511,0,39.20243,.84855,1,.995,13,74
11702,1,11,1999,34.97724,3,.0410281,176.378,67.71654,1.194371,2973.568,0,37.93784,.84855,3,.995,14,55
11703,1,11,1999,53.51536,1,.0517917,188.878,70.47244,1.331069,3282.379,0,34.90193,.84855,4,.995,14,75
11704,1,11,1999,53.69688,1,.0630673,188.9134,70.47244,1.331319,3551.762,0,29.37538,.84855,4,.995,14,76
11706,1,11,1999,66.95007,1,.0748916,198.0315,72.83465,1.442355,4085.903,0,23.75905,.84855,4,.995,14,133
11709,1,11,1999,20.23283,1422,.0343115,140.5512,67.32284,.9462304,2389.868,0,34.59038,.84855,5,.995,14,161
11710,1,11,1999,63.11768,1,.0614891,179.5276,67.71654,1.215698,3138.767,0,37.33565,.84855,4,.995,14,64
11802,2,12,1999,27.5602,101,.0568984,182.2835,68.50394,1.248713,2864.758,0,34.21303,.84855,3,.995,15,87
11803,2,12,1999,25.41942,215,.0450993,181.1024,69.68504,1.262012,3325.991,0,30.94929,.84855,5,.995,15,156
11804,2,12,1999,22.77623,632,.047143,174.8583,67.32284,1.177195,2598.899,0,45.12077,.84855,2,.995,15,58
11901,2,13,1999,27.50962,85,.0717787,177.9528,68.11024,1.21204,2786.344,0,34.08907,.84855,4,.995,16,5
11902,2,13,1999,13.73319,21953,.0322194,145.6693,62.59843,.9118669,1707.048,0,49.00304,.84855,1,.995,16,108
11903,2,13,1999,20.20536,1757,.0398748,175.4567,67.32284,1.181224,2611.674,0,41.56396,.84855,3,.995,16,127
11905,2,13,1999,36.69005,2,.0476105,187.7953,69.68504,1.308652,2940.529,0,32.66869,.84855,4,.995,16,106
11906,2,13,1999,17.69317,4783,.0381623,162.2047,66.53543,1.079236,2279.736,0,45.23357,.84855,2,.995,16,41
11907,2,13,1999,21.05841,1067,.0316669,169.685,66.53543,1.129007,3094.714,0,30.15572,.84855,5,.995,16,143
12001,1,6,1999,17.33977,5748,.0378333,161.811,66.92913,1.082987,2643.172,0,39.86688,.84855,2,.995,17,45
12003,1,6,1999,29.8601,75,.0303174,147.2441,62.99213,.9275219,2143.987,0,44.46989,.84855,1,.995,17,68
12004,1,6,1999,27.88208,67,.0396553,188.8543,70.01968,1.322352,3460.573,0,31.91817,.84855,4,.995,17,117
12005,1,6,1999,23.97665,363,.0436261,175.9843,66.92913,1.177847,3117.401,0,37.37183,.84855,3,.995,17,172
12006,1,6,1999,9.815368,37660,.0385726,154.3307,72.44095,1.117986,2333.26,0,42.76629,.84855,1,.995,17,164
12007,1,6,1999,6.503018,117766,.0395148,183.8583,72.04724,1.324648,3568.282,0,29.03884,.84855,5,.995,17,154
12008,1,6,1999,46.15456,1,.0332087,169.685,68.50394,1.162409,3072.687,0,34.59038,.84855,5,.995,17,184
12101,1,14,1999,6.723936,285841,.0417791,144.4882,62.59843,.9044734,1795.154,0,42.00261,.84855,1,.995,18,2
12103,1,14,1999,17.27794,5822,.0374862,158.6614,66.14173,1.049414,2400.881,0,37.93784,.84855,2,.995,18,11
12106,1,14,1999,26.58008,109,.0362728,175.1969,72.04724,1.262245,3390.969,0,30.36437,.84855,5,.995,18,21
12107,1,14,1999,22.73208,657,.0446824,179.1339,69.29134,1.241243,2870.705,0,39.90002,.84855,3,.995,18,14
12108,1,14,1999,22.16816,1279,.0358421,150.7874,64.96063,.9795245,2092.511,0,44.38011,.84855,1,.995,18,7
12404,1,15,1999,22.98404,1083,.0354687,148.4252,64.17323,.9524924,2114.537,0,45.23357,.84855,1,.995,19,63
12405,1,15,1999,28.62152,47,.0399672,177.5591,71.25984,1.265283,3281.938,0,31.31268,.84855,5,.995,19,79
12406,1,15,1999,20.72003,1559,.0430672,177.1654,68.89764,1.220627,2786.344,0,37.33565,.84855,3,.995,19,96
12407,1,15,1999,30.51772,22,.0410833,187.4016,71.25984,1.335421,3359.031,0,29.774,.84855,4,.995,19,138
12408,1,15,1999,10.90463,29258,.034481,135.0394,64.17323,.8665912,1740.088,0,49.00304,.84855,1,.995,19,169
12409,1,15,1999,17.89167,5137,.0436524,170.0118,66.53543,1.131181,2386.123,0,41.0554,.84855,2,.995,19,107
12503,1,16,1999,33.95488,21,.0460709,156.2992,66.14173,1.03379,2235.683,0,46.12051,.84855,2,.995,3,145
12506,1,16,1999,31.14041,25,.0447947,170.0787,66.53543,1.131626,2477.974,0,46.12051,.84855,3,.995,3,147
12507,1,16,1999,9.662501,52433,.0466463,182.6772,67.32284,1.229835,2808.37,0,34.08907,.84855,3,.995,3,149
12510,1,16,1999,16.1994,4865,.047128,186.6142,69.68504,1.300421,3182.819,0,33.60209,.84855,3,.995,3,19
12511,1,16,1999,14.02583,6689,.058,157.0866,66.53543,1.045182,2500,0,40.55424,.84855,2,.995,3,9
12603,1,6,1999,35.31524,3,.0494744,188.9764,70.47244,1.331763,3436.123,0,31.78575,.84855,4,.995,20,23
12604,1,6,1999,26.03606,164,.046627,182.2835,67.32284,1.227184,2852.423,0,31.78575,.84855,3,.995,20,22
12701,1,19,1999,20.07879,2733,.0282567,151.0433,64.56693,.9752403,2123.392,0,44.38011,.84855,1,.995,21,92
12703,1,19,1999,21.62992,1138,.0488548,173.3071,67.70079,1.173303,2688.987,0,36.60643,.84855,3,.995,21,166
12704,1,19,1999,35.52021,10,.0328922,163.2992,64.56693,1.054373,2280.176,0,40.67697,.84855,2,.995,21,66
12705,1,19,1999,27.9296,52,.0298343,181.8898,71.25984,1.296144,3854.625,0,35.10666,.84855,5,.995,21,40
12706,1,19,1999,10.58707,36944,.0262731,138.9764,64.17323,.8918563,1903.084,0,50.04566,.84855,1,.995,21,44
12707,1,19,1999,14.43358,3357,.0372131,164.5669,68.50394,1.127348,2687.225,0,39.20243,.84855,2,.995,21,100
12803,1,19,1999,11.77515,56477,.0330182,151.5748,64.17323,.9727044,2059.471,0,44.38011,.84855,1,.995,22,83
12804,1,19,1999,19.88523,1992,.0385328,177.5591,68.11024,1.209359,2621.145,0,42.76629,.84855,3,.995,22,116
13002,2,17,1999,16.45457,8351,.0407147,145.1575,62.20472,.9029481,1621.035,0,56.00348,.84855,1,.995,23,160
13003,2,17,1999,17.18089,7269,.0478022,162.5669,66.53543,1.081646,2071.035,0,44.38011,.84855,2,.995,23,49
13004,2,17,1999,9.685781,73051,.0280187,143.9488,60.29921,.8680001,1855.903,0,56.00348,.84855,1,.995,23,42
13005,2,17,1999,18.94007,2863,.0341991,134.7441,61.3189,.8262359,1780.396,0,56.00348,.84855,1,.995,23,176
13103,2,18,1999,41.62474,1,.0644769,173.2205,68.79527,1.191675,2595.815,0,36.40135,.84855,4,.995,24,59
13104,2,18,1999,17.35845,6877,.0456073,168.1102,66.53543,1.118529,2411.894,0,36.75228,.84855,2,.995,24,67
13105,2,18,1999,45.54697,1,.0572905,196.8504,70.47244,1.387253,3700.44,0,30.15572,.84855,4,.995,24,159
13107,2,18,1999,25.13502,210,.0417908,176.7717,67.32284,1.190077,2632.159,0,38.55977,.84855,3,.995,24,47
13108,2,18,1999,15.44528,11651,.0376488,142.126,65.35433,.9288549,1806.167,0,47.04292,.84855,1,.995,24,182
13201,1,19,1999,40.34189,1,.044685,162.9921,68.11024,1.110143,2797.357,0,38.55977,.84855,2,.995,25,89
13202,1,19,1999,23.32137,484,.042037,183.8583,68.50394,1.259501,2973.568,0,40.55424,.84855,3,.995,25,121
13203,1,19,1999,27.10375,198,.0285236,146.063,64.96063,.9488344,2103.524,0,49.00304,.84855,1,.995,25,122
13205,1,19,1999,32.23555,10,.0430496,181.4961,71.25984,1.293338,4041.85,0,30.15572,.84855,5,.995,25,152
13206,1,19,1999,11.96866,11697,.0254199,138.5827,64.17323,.8893297,1966.96,0,49.00304,.84855,1,.995,25,101
13207,1,19,1999,12.95696,16816,.038377,172.0472,68.11024,1.171818,2605.727,0,39.20243,.84855,2,.995,25,52
13208,1,19,1999,13.58948,14399,.0424472,160.6299,68.11024,1.094054,2709.251,0,38.55977,.84855,2,.995,25,51
13305,1,5,1999,23.17426,506,.0426782,176.378,67.71654,1.194371,2711.454,0,39.86688,.84855,2,.995,26,135
13307,1,5,1999,31.42399,15,.0422733,185.8268,69.29134,1.287619,3006.388,0,29.43346,.84855,3,.995,26,136
13310,1,5,1999,35.01151,3,.0512267,189.7638,72.04724,1.367196,3279.736,0,39.64447,.84855,4,.995,26,137
20103,1,4,1999,18.68475,2086,.0365977,161.0236,67.32284,1.084057,2704.846,1,48.79768,.65052,2,.995,1,34
20105,1,4,1999,24.96574,260,.0362985,167.3228,67.32284,1.126465,2742.291,1,48.9093,.65052,2,.995,1,35
20106,1,4,1999,25.76718,137,.0375354,174.4095,68.50394,1.194773,2797.357,1,50.04566,.65052,3,.995,1,37
20108,1,4,1999,35.87514,2,.0414389,185.8268,71.25984,1.324199,3281.938,1,41.26572,.65052,4,.995,1,39
20204,1,19,1999,30.80301,14,.0384326,175.9843,68.11024,1.198633,2731.278,1,62.71887,.65052,3,.995,2,28
20205,1,19,1999,53.57473,1,.0460135,188.5827,71.25984,1.343837,3259.912,1,53.45786,.65052,4,.995,2,29
20206,1,19,1999,33.30276,2,.0419904,198.0315,74.01575,1.465745,3572.247,1,44.9552,.65052,4,.995,2,30
20207,1,19,1999,46.38187,1,.042322,163.3858,68.11024,1.112825,2599.119,1,61.89857,.65052,2,.995,2,27
20302,1,1,1999,43.57758,1,.0449047,175.9843,68.11024,1.198633,3028.634,1,50.04566,.65052,3,.995,3,146
20304,1,1,1999,50.55275,1,.0530387,187.7953,70.86614,1.330833,3469.163,1,41.26572,.65052,4,.995,3,148
20305,1,1,1999,33.6091,3,.0456481,196.063,73.22835,1.435737,4030.837,1,34.59038,.65052,4,.995,3,150
20402,3,2,1999,30.6786,16,.0306217,186.2205,76.77165,1.429645,3755.507,1,39.86688,.65052,5,.995,4,175
20502,1,14,1999,33.74403,4,.0346325,185.4331,70.47244,1.306792,3176.211,1,48.00298,.65052,4,.995,5,179
20504,1,14,1999,18.50746,2221,.0311433,177.9528,68.89764,1.226052,2889.868,1,42.76629,.65052,3,.995,5,177
20505,1,14,1999,30.96994,13,.027269,175.1969,71.25984,1.24845,3447.136,1,35.10666,.65052,5,.995,5,80
20506,1,14,1999,15.59647,8524,.0294462,146.063,62.59843,.9143313,1969.692,1,60.68018,.65052,1,.995,5,139
20507,1,14,1999,24.82518,243,.0279132,163.7795,66.53543,1.089714,2436.123,1,44.38011,.65052,3,.995,5,180
20704,1,4,1999,28.71809,103,.0313051,148.5354,63.9252,.9495157,2206.608,1,51.95013,.65052,1,.995,7,131
20709,1,4,1999,20.8946,614,.0249146,175.1969,72.04724,1.262245,3612.335,1,32.66869,.65052,5,.995,7,170
20711,1,4,1999,19.38956,2086,.0393074,158.2677,68.89764,1.090427,2544.053,1,51.13361,.65052,2,.995,7,54
20712,1,4,1999,19.70367,1931,.0393074,164.5669,68.50394,1.127348,2544.053,1,51.13361,.65052,2,.995,7,53
20713,1,4,1999,22.07868,784,.0387597,172.8346,68.50394,1.183985,2651.982,1,51.62856,.65052,2,.995,7,104
20714,1,4,1999,8.762163,54983,.0282216,162.5984,63.77953,1.037045,2444.934,1,46.12051,.65052,1,.995,7,118
20716,1,4,1999,33.36753,8,.0347956,157.0866,73.62205,1.156504,3017.621,1,42.76629,.65052,5,.995,7,111
20801,1,5,1999,15.49333,8302,.0281488,162.5984,66.14173,1.075454,2486.784,1,42.00261,.65052,2,.995,8,78
20802,1,5,1999,14.68002,13571,.0288856,147.8346,63.53543,.9392738,2077.159,1,51.2015,.65052,1,.995,8,84
20803,1,5,1999,23.76795,296,.0300662,179.1339,68.89764,1.23419,2993.392,1,49.00304,.65052,3,.995,8,109
20806,1,5,1999,33.00567,5,.0275152,181.4961,71.25984,1.293338,3997.797,1,44.38011,.65052,5,.995,8,88
20809,1,5,1999,22.18883,737,.0339087,171.6535,66.53543,1.142104,2654.185,1,58.80365,.65052,2,.995,8,85
21001,2,7,1999,28.39873,40,.0328532,177.1654,68.89764,1.220627,3196.035,1,46.12051,.65052,3,.995,9,32
21002,2,7,1999,23.80382,273,.0330881,170.0787,66.53543,1.131626,2599.119,1,60.31143,.65052,2,.995,9,61
21102,2,8,1999,17.99428,3440,.0251606,174.0157,66.92913,1.164672,2702.643,1,44.38011,.65052,2,.995,10,98
21108,2,8,1999,22.92105,437,.0208933,184.6457,71.65354,1.323052,4068.282,1,25.29189,.65052,5,.995,10,90
21502,1,4,1999,22.54268,492,.0319219,157.874,68.89764,1.087715,2819.383,1,47.04292,.65052,2,.995,12,73
21504,1,4,1999,36.73414,1,.0379098,184.252,71.65354,1.320231,3270.925,1,39.86688,.65052,4,.995,12,94
21506,1,4,1999,25.93645,124,.0363893,175.5905,68.50394,1.202864,2885.463,1,51.13361,.65052,3,.995,12,102
21601,2,10,1999,20.70636,1155,.0323687,161.4409,66.63386,1.075743,2364.537,1,40.40724,.65052,2,.995,13,12
21602,2,10,1999,25.51399,164,.0412727,179.9213,67.32284,1.211281,2786.344,1,52.26991,.65052,3,.995,13,18
21702,1,11,1999,37.14256,1,.0330771,176.378,67.71654,1.194371,3083.7,1,44.38011,.65052,3,.995,14,55
21703,1,11,1999,44.41591,1,.0399198,188.9882,70.47244,1.331846,3362.996,1,48.03042,.65052,4,.995,14,75
21704,1,11,1999,49.32896,1,.0521532,188.7874,70.47244,1.330431,3493.172,1,43.11671,.65052,4,.995,14,76
21709,1,11,1999,26.61867,82,.0378333,140.5512,67.32284,.9462304,2378.855,1,50.04566,.65052,5,.995,14,161
21802,2,12,1999,27.29389,97,.0490032,182.2835,68.50394,1.248713,2775.33,1,36.75228,.65052,3,.995,15,87
21803,2,12,1999,25.93825,170,.0450993,181.1024,69.68504,1.262012,3325.991,1,30.94929,.65052,5,.995,15,156
21804,2,12,1999,24.95738,176,.0345306,174.878,66.76772,1.16762,2606.388,1,56.00348,.65052,2,.995,15,58
21902,2,13,1999,17.38369,3947,.0292578,145.6693,62.59843,.9118669,1982.379,1,56.00348,.65052,1,.995,16,108
21903,2,13,1999,20.71631,1199,.0319144,175.0905,67.32284,1.178759,2820.044,1,41.76247,.65052,3,.995,16,127
21906,2,13,1999,19.65026,1694,.0294805,168.7283,66.53543,1.122641,2544.053,1,50.04566,.65052,2,.995,16,41
21907,2,13,1999,23.25068,334,.0230068,169.685,66.53543,1.129007,3259.912,1,34.08907,.65052,5,.995,16,143
22001,1,6,1999,18.29937,2825,.0248968,161.811,66.92913,1.082987,2731.278,1,46.12051,.65052,2,.995,17,45
22003,1,6,1999,15.68923,9801,.0370428,147.2441,62.99213,.9275219,2213.656,1,56.00348,.65052,1,.995,17,68
22004,1,6,1999,31.46054,12,.0348633,189.0157,70.03937,1.323854,3728.855,1,38.06677,.65052,4,.995,17,117
22005,1,6,1999,23.54997,298,.0275103,175.9843,66.92913,1.177847,3111.454,1,50.52293,.65052,3,.995,17,172
22007,1,6,1999,18.60658,1829,.0533961,183.8583,72.04724,1.324648,3764.317,1,25.84776,.65052,5,.995,17,154
22008,1,6,1999,40.47894,1,.0247362,169.685,68.50394,1.162409,3314.978,1,42.76629,.65052,5,.995,17,184
22101,1,14,1999,18.07615,3300,.0300937,144.4882,62.59843,.9044734,1927.313,1,61.89857,.65052,1,.995,18,2
22102,1,14,1999,6.79505,38077,.0309545,145.6693,61.41732,.8946618,1938.326,1,60.31143,.65052,1,.995,18,6
22103,1,14,1999,19.40105,2028,.0353766,158.6614,66.14173,1.049414,2544.053,1,50.42005,.65052,2,.995,18,11
22105,1,14,1999,34.98238,2,.0339728,187.4016,70.86614,1.328043,3237.885,1,48.00298,.65052,4,.995,18,16
22106,1,14,1999,30.3648,16,.0255477,175.1969,72.04724,1.262245,3601.101,1,35.65965,.65052,5,.995,18,21
22107,1,14,1999,26.03115,114,.0330418,179.1339,69.29134,1.241243,3193.833,1,50.86491,.65052,3,.995,18,14
22108,1,14,1999,38.32214,4,.0314653,150.7874,64.96063,.9795245,2224.67,1,52.26991,.65052,1,.995,18,7
22404,1,15,1999,16.00641,7436,.0296583,148.4252,64.17323,.9524924,2191.63,1,57.36941,.65052,1,.995,19,63
22405,1,15,1999,31.4561,11,.0320307,177.5591,71.25984,1.265283,3590.308,1,36.18686,.65052,5,.995,19,79
22406,1,15,1999,23.05754,476,.0366386,177.1654,68.89764,1.220627,3138.767,1,42.00261,.65052,3,.995,19,96
22407,1,15,1999,34.69921,3,.0316424,186.2205,71.25984,1.327004,3634.361,1,47.04292,.65052,4,.995,19,138
22409,1,15,1999,18.23248,2954,.0263036,162.2047,66.53543,1.079236,2471.145,1,47.78647,.65052,2,.995,19,107
22503,1,16,1999,40.22375,1,.0344,156.2992,66.14173,1.03379,2500,1,58.80365,.65052,2,.995,3,145
22506,1,16,1999,35.14147,4,.0301498,170.0787,66.53543,1.131626,2852.423,1,53.45786,.65052,3,.995,3,147
22507,1,16,1999,11.02878,14600,.0350515,182.6772,67.32284,1.229835,2995.595,1,58.80365,.65052,3,.995,3,149
22510,1,16,1999,23.88711,210,.035464,186.6142,69.68504,1.300421,3270.925,1,49.00304,.65052,3,.995,3,19
22511,1,16,1999,11.77749,10100,.0376763,157.0866,66.53543,1.045182,2654.185,1,57.36941,.65052,2,.995,3,9
22604,1,6,1999,29.39412,30,.0386741,182.2835,67.32284,1.227184,2973.568,1,43.55825,.65052,3,.995,20,22
22701,1,19,1999,36.89343,5,.029413,151.1417,64.56693,.9758759,2241.63,1,54.57288,.65052,1,.995,21,92
22703,1,19,1999,21.97614,649,.0333143,173.563,67.88976,1.178315,2701.542,1,55.74466,.65052,3,.995,21,166
22704,1,19,1999,32.10451,24,.0277532,163.3701,64.56693,1.05483,2375.11,1,53.94335,.65052,2,.995,21,66
22705,1,19,1999,30.88623,12,.0230847,181.8898,71.25984,1.296144,3898.678,1,48.00298,.65052,5,.995,21,40
22706,1,19,1999,7.389289,42272,.028375,138.9764,64.17323,.8918563,2114.537,1,65.33739,.65052,1,.995,21,44
22707,1,19,1999,5.103159,239358,.0243087,164.5669,68.50394,1.127348,2797.357,1,56.00348,.65052,2,.995,21,100
22803,1,19,1999,15.34612,10149,.029202,151.5748,64.17323,.9727044,2191.63,1,54.70107,.65052,1,.995,22,83
22804,1,19,1999,21.93863,636,.0323004,177.5591,68.11024,1.209359,2786.344,1,61.89857,.65052,3,.995,22,116
23003,2,17,1999,18.04234,3772,.0330583,164.9606,66.53543,1.097573,2268.722,1,44.38011,.65052,2,.995,23,49
23104,2,18,1999,20.04489,1431,.0281793,168.1102,66.53543,1.118529,2555.066,1,44.38011,.65052,2,.995,24,67
23107,2,18,1999,24.45346,232,.0333551,176.7717,67.32284,1.190077,2698.238,1,45.23357,.65052,3,.995,24,47
23201,1,19,1999,41.77137,1,.0315035,162.9921,68.11024,1.110143,2856.828,1,61.89857,.65052,2,.995,25,89
23202,1,19,1999,24.83919,199,.0370231,183.8583,68.50394,1.259501,3001.101,1,61.35446,.65052,3,.995,25,121
23203,1,19,1999,32.32927,23,.0280734,146.063,64.96063,.9488344,2279.736,1,56.00348,.65052,1,.995,25,122
23205,1,19,1999,33.4858,4,.0250138,181.4961,71.25984,1.293338,3997.797,1,45.23357,.65052,5,.995,25,152
23206,1,19,1999,7.57764,63590,.0277959,138.5827,64.17323,.8893297,2158.59,1,65.33739,.65052,1,.995,25,101
23207,1,19,1999,18.53293,1765,.0320471,172.0472,68.11024,1.171818,2808.37,1,56.00348,.65052,2,.995,25,52
23208,1,19,1999,11.63968,16048,.032688,160.6299,68.11024,1.094054,2753.304,1,61.89857,.65052,2,.995,25,51
23305,1,5,1999,27.53495,58,.0330286,176.378,67.71654,1.194371,2821.586,1,48.83112,.65052,2,.995,26,135
23307,1,5,1999,39.78368,1,.0342475,185.8268,69.29134,1.287619,4087.885,1,45.4398,.65052,3,.995,26,136
23310,1,5,1999,35.68316,2,.0426864,189.7638,72.04724,1.367196,3279.736,1,43.88741,.65052,4,.995,26,137
10103,1,4,2000,16.42541,6716,.0467639,161.0236,67.32284,1.084057,2566.079,0,39.86688,1.0423,2,1.028,1,34
10105,1,4,2000,20.43309,1779,.0457815,167.3228,67.32284,1.126465,2621.145,0,39.86688,1.0423,2,1.028,1,35
10106,1,4,2000,24.95252,235,.0531512,174.4095,68.50394,1.194773,2709.251,0,36.75228,1.0423,3,1.028,1,37
10108,1,4,2000,25.51223,189,.0495563,185.8268,71.25984,1.324199,3127.753,0,32.22118,1.0423,4,1.028,1,39
10204,1,19,2000,29.12611,32,.0463265,175.9843,68.11024,1.198633,2698.238,0,40.55424,1.0423,3,1.028,2,28
10205,1,19,2000,49.09279,1,.0535071,188.5827,71.25984,1.343837,3083.7,0,35.10666,1.0423,4,1.028,2,29
10206,1,19,2000,32.76922,5,.0580278,198.0315,74.01575,1.465745,3325.991,0,31.78575,1.0423,4,1.028,2,30
10207,1,19,2000,25.73297,143,.0487124,163.3858,68.11024,1.112825,2566.079,0,39.86688,1.0423,2,1.028,2,27
10208,1,19,2000,37.6802,1,.0619091,159.0551,69.29134,1.102114,2907.489,0,35.10666,1.0423,4,1.028,2,168
10209,1,19,2000,25.26188,126,.0380447,150.3937,65.74803,.988809,1971.366,0,50.04566,1.0423,1,1.028,2,26
10302,1,1,2000,45.739,1,.0681562,175.9843,68.11024,1.198633,3111.233,0,33.84431,1.0423,3,1.028,3,146
10304,1,1,2000,47.5814,1,.0605689,187.7953,70.86614,1.330833,3184.802,0,31.8706,1.0423,4,1.028,3,148
10305,1,1,2000,35.34521,2,.0599124,196.063,73.22835,1.435737,3972.467,0,25.75521,1.0423,4,1.028,3,150
10306,1,1,2000,36.51038,1,.0461828,158.2677,66.53543,1.053041,2555.066,0,39.86688,1.0423,4,1.028,3,183
10402,3,2,2000,31.95177,10,.0418053,186.2205,76.77165,1.429645,3755.507,0,27.03616,1.0423,5,1.028,4,175
10404,3,2,2000,22.95777,504,.0477328,174.4095,67.32284,1.174174,2786.344,0,37.33565,1.0423,3,1.028,4,113
10405,3,2,2000,35.67484,3,.0447274,185.8268,70.86614,1.316883,2973.568,0,36.75228,1.0423,4,1.028,4,157
10406,3,2,2000,27.59078,65,.0565052,196.4567,74.40945,1.461823,3574.89,0,29.40182,1.0423,4,1.028,4,10
10407,3,2,2000,27.72693,59,.0459581,168.5039,66.92913,1.127782,3046.256,0,33.60209,1.0423,2,1.028,4,129
10504,1,14,2000,14.65632,3798,.0402278,177.9528,68.89764,1.226052,2784.141,0,35.10666,1.0423,3,1.028,5,177
10506,1,14,2000,13.09322,25324,.0338385,146.063,62.59843,.9143313,1773.128,0,44.38011,1.0423,1,1.028,5,139
10507,1,14,2000,35.20831,8,.0386335,163.874,66.58268,1.091117,2390.749,0,38.45072,1.0423,3,1.028,5,180
10603,2,3,2000,17.32906,7386,.0386192,160.2362,65.74803,1.053522,2226.872,0,37.93784,1.0423,1,1.028,6,97
10604,2,3,2000,25.46241,271,.0405562,176.5669,66.92913,1.181747,2613.656,0,37.81038,1.0423,3,1.028,6,115
10605,2,3,2000,13.37003,19866,.045914,183.8583,69.68504,1.281217,2918.502,0,33.12881,1.0423,3,1.028,6,99
10606,2,3,2000,9.381579,69761,.0271442,137.4016,58.66142,.8060172,1878.855,0,45.23357,1.0423,1,1.028,6,105
10607,2,3,2000,14.61801,17324,.0411668,168.5039,66.92913,1.127782,2574.89,0,38.55977,1.0423,2,1.028,6,65
10608,2,3,2000,20.11298,1436,.034978,171.2598,68.89764,1.17994,2801.762,0,32.66869,1.0423,5,1.028,6,162
10704,1,4,2000,32.29911,37,.0316744,149.6063,65.35433,.977742,1894.273,0,49.00304,1.0423,1,1.028,7,131
10708,1,4,2000,27.63622,64,.047216,167.3228,69.29134,1.159402,2753.304,0,33.60209,1.0423,4,1.028,7,70
10711,1,4,2000,23.33187,669,.0445352,158.2677,68.89764,1.090427,2312.775,0,42.76629,1.0423,2,1.028,7,54
10712,1,4,2000,25.21103,273,.0357962,164.5669,68.50394,1.127348,2290.749,0,45.23357,1.0423,2,1.028,7,53
10713,1,4,2000,5.212035,333607,.043394,172.8346,68.50394,1.183985,2632.159,0,39.86688,1.0423,2,1.028,7,104
10714,1,4,2000,6.801826,30101,.0323337,162.5984,63.77953,1.037045,2257.709,0,39.86688,1.0423,1,1.028,7,118
10715,1,4,2000,18.09641,4032,.0242548,130.315,59.05512,.7695765,1607.93,0,46.12051,1.0423,1,1.028,7,141
10716,1,4,2000,23.37049,341,.0359708,157.0866,73.62205,1.156504,2863.436,0,32.66869,1.0423,5,1.028,7,111
10801,1,5,2000,7.911548,110966,.0377285,162.5984,66.14173,1.075454,2385.463,0,40.55424,1.0423,2,1.028,8,78
10802,1,5,2000,15.31673,12727,.0343592,150.3937,64.17323,.9651249,2182.819,0,40.55424,1.0423,1,1.028,8,84
10803,1,5,2000,21.57743,819,.0403166,179.1339,68.89764,1.23419,2852.423,0,40.55424,1.0423,3,1.028,8,109
10807,1,5,2000,12.11762,29086,.0322367,142.5197,64.17323,.9145948,1861.234,0,49.00304,1.0423,1,1.028,8,95
10808,1,5,2000,11.93725,20057,.0546198,156.6929,65.74803,1.030225,2288.546,0,38.55977,1.0423,2,1.028,8,130
10809,1,5,2000,41.41385,1,.0421541,163.3858,66.53543,1.087095,2372.247,0,43.55825,1.0423,2,1.028,8,85
10810,1,5,2000,30.45508,24,.0575112,184.6457,69.29134,1.279435,2955.947,0,31.78575,1.0423,4,1.028,8,69
11001,2,7,2000,22.99348,516,.0473655,177.1654,68.89764,1.220627,3103.524,0,34.08907,1.0423,3,1.028,9,32
11002,2,7,2000,20.46784,1562,.0518265,170.0787,66.53543,1.131626,2411.894,0,42.00261,1.0423,2,1.028,9,61
11004,2,7,2000,35.6965,2,.0623997,178.7402,68.89764,1.231477,2964.758,0,33.60209,1.0423,4,1.028,9,123
11102,2,8,2000,16.18796,9268,.0422679,174.4803,67.063,1.170117,2669.163,0,34.26437,1.0423,2,1.028,10,98
11104,2,8,2000,9.428053,70449,.0465641,185.4331,71.25984,1.321393,2920.705,0,35.10666,1.0423,4,1.028,10,155
11105,2,8,2000,13.9133,22148,.0425701,165.3543,65.74803,1.087172,2236.123,0,41.78027,1.0423,1,1.028,10,31
11106,2,8,2000,31.59612,37,.0493323,170.8661,68.11024,1.163773,2797.357,0,26.72893,1.0423,4,1.028,10,91
11107,2,8,2000,14.06615,15360,.0305257,137.4016,58.66142,.8060172,1801.762,0,43.55825,1.0423,1,1.028,10,46
11109,2,8,2000,17.92682,4174,.035285,184.6457,72.44095,1.337591,3825.991,0,32.22118,1.0423,5,1.028,10,167
11301,2,9,2000,11.25563,53406,.0376243,174.0157,67.32284,1.171523,2392.071,0,37.33565,1.0423,2,1.028,11,142
11302,2,9,2000,18.81306,3244,.0431672,186.2205,69.68504,1.297678,2687.225,0,30.15572,1.0423,3,1.028,11,62
11303,2,9,2000,15.49202,13085,.0405836,140.1575,62.99213,.8828818,1751.101,0,37.93784,1.0423,1,1.028,11,126
11304,2,9,2000,16.7351,8809,.0356396,175.9843,67.32284,1.184776,2469.163,0,37.33565,1.0423,2,1.028,11,153
11306,2,9,2000,19.14851,2861,.047094,179.9213,67.71654,1.218364,2951.542,0,31.36194,1.0423,5,1.028,11,93
11307,2,9,2000,9.238346,146267,.0426169,165.748,65.74803,1.089761,2299.56,0,39.20243,1.0423,1,1.028,11,132
11505,1,4,2000,14.35474,14149,.0316744,146.4567,66.53543,.974456,1894.273,0,47.04292,1.0423,1,1.028,12,181
11506,1,4,2000,23.79271,337,.0451198,175.5905,68.50394,1.202864,2854.846,0,37.33565,1.0423,3,1.028,12,102
11601,2,10,2000,22.64726,482,.0401583,165.3543,66.92913,1.106702,2389.868,0,37.04283,1.0423,2,1.028,13,12
11602,2,10,2000,25.42063,162,.0440591,179.9213,67.32284,1.211281,2610.132,0,36.75228,1.0423,3,1.028,13,18
11603,2,10,2000,29.30511,38,.0620098,156.2992,66.14173,1.03379,2257.709,0,33.60209,1.0423,4,1.028,13,112
11605,2,10,2000,15.1314,10172,.0301074,149.6063,64.96063,.9718519,2092.511,0,39.20243,1.0423,1,1.028,13,74
11606,2,10,2000,22.85534,393,.0326313,168.8976,66.92913,1.130417,3524.229,0,33.60209,1.0423,5,1.028,13,124
11702,1,11,2000,35.00732,2,.0404732,177.4843,67.71654,1.201862,3135.903,0,35.90405,1.0423,3,1.028,14,55
11703,1,11,2000,54.95694,1,.0496334,189.3701,70.47244,1.334537,3425.11,0,30.39891,1.0423,4,1.028,14,75
11704,1,11,2000,52.57304,1,.0628762,189.3701,70.47244,1.334537,3562.555,0,31.05266,1.0423,4,1.028,14,76
11706,1,11,2000,66.64146,1,.0748916,198.0315,72.83465,1.442355,4085.903,0,23.75905,1.0423,4,1.028,14,133
11709,1,11,2000,21.81992,576,.0343115,140.5512,67.32284,.9462304,2389.868,0,34.59038,1.0423,5,1.028,14,161
11710,1,11,2000,63.1016,1,.0614891,179.5276,67.71654,1.215698,3138.767,0,35.60566,1.0423,4,1.028,14,64
11802,2,12,2000,28.73093,50,.0564901,182.2835,68.50394,1.248713,2885.463,0,32.22118,1.0423,3,1.028,15,87
11803,2,12,2000,24.30039,288,.0450993,181.1024,69.68504,1.262012,3325.991,0,30.94929,1.0423,5,1.028,15,156
11804,2,12,2000,22.82391,507,.0463987,175.9843,67.32284,1.184776,2683.48,0,43.16577,1.0423,2,1.028,15,58
11901,2,13,2000,18.38241,1568,.0717787,177.9528,68.11024,1.21204,2786.344,0,34.08907,1.0423,4,1.028,16,5
11902,2,13,2000,14.34351,13775,.0322841,145.6693,62.59843,.9118669,1727.07,0,48.39209,1.0423,1,1.028,16,108
11903,2,13,2000,20.57487,1289,.0419077,177.9528,67.32284,1.198028,2720.264,0,40.55424,1.0423,3,1.028,16,127
11905,2,13,2000,46.50354,1,.0461986,190.8071,69.88583,1.333471,3030.396,0,32.43892,1.0423,4,1.028,16,106
11906,2,13,2000,17.3437,4376,.0344547,165.5276,66.86221,1.106754,2596.916,0,43.17765,1.0423,2,1.028,16,41
11907,2,13,2000,21.19793,821,.0316669,169.685,66.53543,1.129007,3094.714,0,30.15572,1.0423,5,1.028,16,143
12001,1,6,2000,16.93457,5616,.0378081,161.811,66.92913,1.082987,2644.934,0,40.19662,1.0423,2,1.028,17,45
12003,1,6,2000,32.83195,22,.0309972,147.7087,63.25984,.9344026,2151.454,0,44.52208,1.0423,1,1.028,17,68
12004,1,6,2000,29.56537,27,.0417204,192.5197,69.68504,1.341574,3551.982,0,32.20044,1.0423,4,1.028,17,117
12005,1,6,2000,24.86749,201,.0440188,176.0827,66.92913,1.178506,3120.485,0,37.86272,1.0423,3,1.028,17,172
12006,1,6,2000,8.876985,63610,.038631,154.3307,72.44095,1.117986,2329.736,0,42.76629,1.0423,1,1.028,17,164
12008,1,6,2000,25.39239,142,.037613,169.685,68.50394,1.162409,3093.612,0,34.52134,1.0423,5,1.028,17,184
12009,1,6,2000,8.79818,81545,.0259429,137.7953,63.77953,.8788517,2235.683,0,42.00261,1.0423,1,1.028,17,33
12101,1,14,2000,6.357072,275397,.0417791,144.4882,62.59843,.9044734,1795.154,0,42.00261,1.0423,1,1.028,18,2
12103,1,14,2000,16.14933,7878,.0372131,158.6614,66.14173,1.049414,2418.502,0,36.62181,1.0423,2,1.028,18,11
12106,1,14,2000,26.76205,85,.0377138,175.1969,72.04724,1.262245,3331.938,0,29.49066,1.0423,5,1.028,18,21
12107,1,14,2000,22.43413,642,.0466084,179.1339,69.29134,1.241243,2896.476,0,38.55977,1.0423,3,1.028,18,14
12108,1,14,2000,21.41248,1462,.0358421,150.7874,64.96063,.9795245,2092.511,0,44.38011,1.0423,1,1.028,18,7
12109,1,14,2000,31.20489,16,.0499244,191.7323,70.86614,1.358733,3204.846,0,32.66869,1.0423,4,1.028,18,17
12404,1,15,2000,27.96224,143,.0354687,148.4252,64.17323,.9524924,2114.537,0,45.23357,1.0423,1,1.028,19,63
12405,1,15,2000,29.3412,29,.0426577,177.5591,71.25984,1.265283,3281.938,0,32.22118,1.0423,5,1.028,19,79
12406,1,15,2000,20.32812,1518,.0430672,177.1654,68.89764,1.220627,2786.344,0,37.33565,1.0423,3,1.028,19,96
12407,1,15,2000,29.99334,22,.0410833,187.4016,71.25984,1.335421,3359.031,0,29.774,1.0423,4,1.028,19,138
12408,1,15,2000,9.339386,32611,.034481,135.0394,64.17323,.8665912,1740.088,0,49.00304,1.0423,1,1.028,19,169
12409,1,15,2000,18.14591,3943,.0456073,173.2283,66.53543,1.152582,2411.894,0,41.26572,1.0423,2,1.028,19,107
12503,1,16,2000,5.937182,120006,.0460709,156.2992,66.14173,1.03379,2235.683,0,46.12051,1.0423,2,1.028,3,145
12506,1,16,2000,6.294593,112612,.0447947,170.0787,66.53543,1.131626,2477.974,0,46.12051,1.0423,3,1.028,3,147
12510,1,16,2000,20.76077,909,.047128,186.6142,69.68504,1.300421,3182.819,0,33.60209,1.0423,3,1.028,3,19
12511,1,16,2000,37.96595,5,.058,157.0866,66.53543,1.045182,2500,0,40.55424,1.0423,2,1.028,3,9
12512,1,16,2000,29.10762,42,.0419373,171.6535,66.53543,1.142104,2599.119,0,42.00261,1.0423,3,1.028,3,15
12603,1,6,2000,34.9649,3,.0494744,188.9764,70.47244,1.331763,3436.123,0,31.78575,1.0423,4,1.028,20,23
12604,1,6,2000,26.74038,98,.046627,182.2835,67.32284,1.227184,2852.423,0,31.78575,1.0423,3,1.028,20,22
12701,1,19,2000,23.76192,621,.0275709,152.3622,64.56693,.983756,2176.211,0,44.38011,1.0423,1,1.028,21,92
12703,1,19,2000,21.46973,958,.046026,174.4095,68.50394,1.194773,2715.859,0,36.75228,1.0423,3,1.028,21,166
12704,1,19,2000,20.5358,1413,.0330492,163.7795,64.56693,1.057474,2321.145,0,41.79809,1.0423,2,1.028,21,66
12705,1,19,2000,26.94895,68,.0305912,182.0512,71.25984,1.297294,3759.251,0,33.45726,1.0423,5,1.028,21,40
12706,1,19,2000,8.057849,64330,.0262731,138.9764,64.17323,.8918563,1903.084,0,51.13361,1.0423,1,1.028,21,44
12707,1,19,2000,14.13276,14290,.0376797,164.5669,68.50394,1.127348,2690.308,0,40.11916,1.0423,2,1.028,21,100
12803,1,19,2000,7.931252,176277,.0314338,151.5748,64.17323,.9727044,2059.471,0,43.55503,1.0423,1,1.028,22,83
12804,1,19,2000,19.58297,1864,.0385328,177.5591,68.11024,1.209359,2621.145,0,42.76629,1.0423,3,1.028,22,116
12805,1,19,2000,13.97921,23171,.0287449,155.9055,64.56693,1.006634,2365.639,0,42.76629,1.0423,1,1.028,22,81
13002,2,17,2000,21.2548,1400,.0410466,146.063,62.20472,.9085808,1607.93,0,56.00348,1.0423,1,1.028,23,160
13003,2,17,2000,16.66272,7518,.0475619,164.9606,66.53543,1.097573,2081.498,0,44.38011,1.0423,2,1.028,23,49
13004,2,17,2000,13.054,4240,.0323397,137.4016,58.66142,.8060172,1607.93,0,56.00348,1.0423,1,1.028,23,42
13005,2,17,2000,23.78771,597,.0375265,135.2165,62.74803,.8484572,1902.974,0,49.8674,1.0423,1,1.028,23,176
13103,2,18,2000,41.59789,1,.0577818,170.4724,68.11024,1.161092,2422.907,0,37.93784,1.0423,4,1.028,24,59
13104,2,18,2000,18.89372,2888,.046686,169.1063,66.53543,1.125156,2356.167,0,38.6599,1.0423,2,1.028,24,67
13105,2,18,2000,46.00231,1,.0572905,196.8504,70.47244,1.387253,3700.44,0,30.15572,1.0423,4,1.028,24,159
13107,2,18,2000,23.34351,379,.0417105,176.8819,67.32284,1.190819,2637.225,0,38.79508,1.0423,3,1.028,24,47
13108,2,18,2000,15.8562,7948,.0376488,142.126,65.35433,.9288549,1806.167,0,47.04292,1.0423,1,1.028,24,182
13109,2,18,2000,36.03302,2,.046442,187.0079,70.47244,1.31789,3359.031,0,29.40182,1.0423,5,1.028,24,125
13201,1,19,2000,36.44138,6,.0550971,162.9921,68.11024,1.110143,2722.467,0,37.93784,1.0423,2,1.028,25,89
13202,1,19,2000,21.9144,772,.043116,183.9291,68.50394,1.259987,2885.242,0,36.75228,1.0423,3,1.028,25,121
13203,1,19,2000,30.67175,41,.0285236,147.0551,64.29921,.9455528,2103.524,0,49.00304,1.0423,1,1.028,25,122
13206,1,19,2000,13.60968,3753,.0254199,138.5827,64.17323,.8893297,1966.96,0,49.00304,1.0423,1,1.028,25,101
13207,1,19,2000,14.26275,9080,.038377,172.0472,68.11024,1.171818,2605.727,0,39.20243,1.0423,2,1.028,25,52
13208,1,19,2000,14.61475,8964,.0425163,160.6299,67.71654,1.08773,2704.846,0,34.08907,1.0423,2,1.028,25,51
13305,1,5,2000,24.06333,293,.0449943,176.9449,67.71654,1.19821,2711.454,0,39.62443,1.0423,2,1.028,26,135
13307,1,5,2000,32.07431,9,.0461919,185.8268,69.29134,1.287619,3030.837,0,35.10666,1.0423,3,1.028,26,136
13310,1,5,2000,35.19011,2,.0426864,189.7638,72.04724,1.367196,3279.736,0,36.75228,1.0423,4,1.028,26,137
20103,1,4,2000,18.43932,1884,.0393967,161.0236,67.32284,1.084057,2665.198,1,50.04566,.82787,2,1.028,1,34
20105,1,4,2000,26.32352,127,.0382892,167.3228,67.32284,1.126465,2742.291,1,50.04566,.82787,2,1.028,1,35
20106,1,4,2000,25.0654,153,.0375354,174.4095,68.50394,1.194773,2797.357,1,50.04566,.82787,3,1.028,1,37
20108,1,4,2000,35.80981,2,.0414389,185.8268,71.25984,1.324199,3281.938,1,41.26572,.82787,4,1.028,1,39
20204,1,19,2000,30.09575,17,.0404921,175.9843,68.11024,1.198633,2791.41,1,57.02586,.82787,3,1.028,2,28
20205,1,19,2000,55.77464,1,.0460135,188.5827,71.25984,1.343837,3259.912,1,53.45786,.82787,4,1.028,2,29
20206,1,19,2000,32.47149,3,.0481957,198.0315,74.01575,1.465745,3569.824,1,43.34554,.82787,4,1.028,2,30
20207,1,19,2000,46.77512,1,.042322,163.3858,68.11024,1.112825,2599.119,1,61.89857,.82787,2,1.028,2,27
20209,1,19,2000,26.43189,70,.0343939,150.3937,65.74803,.988809,2180.617,1,50.04566,.82787,1,1.028,2,26
20302,1,1,2000,45.66877,1,.0449047,175.9843,68.11024,1.198633,3028.634,1,50.04566,.82787,3,1.028,3,146
20304,1,1,2000,52.00692,1,.0530387,187.7953,70.86614,1.330833,3469.163,1,41.26572,.82787,4,1.028,3,148
20305,1,1,2000,32.68856,3,.0456481,196.063,73.22835,1.435737,4030.837,1,34.59038,.82787,4,1.028,3,150
20402,3,2,2000,30.84151,13,.0306217,186.2205,76.77165,1.429645,3755.507,1,39.86688,.82787,5,1.028,4,175
20504,1,14,2000,15.56717,5254,.0304403,177.9528,68.89764,1.226052,2956.608,1,44.34163,.82787,3,1.028,5,177
20505,1,14,2000,31.54174,8,.0280695,175.1969,71.25984,1.24845,3514.317,1,36.86402,.82787,5,1.028,5,80
20506,1,14,2000,14.87995,9952,.0295865,146.063,62.59843,.9143313,1960.352,1,54.70107,.82787,1,1.028,5,139
20507,1,14,2000,26.59498,113,.0278972,163.9016,66.59843,1.091559,2454.405,1,44.77804,.82787,3,1.028,5,180
20704,1,4,2000,33.99271,13,.0267059,149.6063,65.35433,.977742,2246.696,1,49.00304,.82787,1,1.028,7,131
20709,1,4,2000,19.88325,650,.0249146,175.1969,72.04724,1.262245,3612.335,1,32.66869,.82787,5,1.028,7,170
20711,1,4,2000,19.64012,1480,.0412727,158.2677,68.89764,1.090427,2544.053,1,57.36941,.82787,2,1.028,7,54
20712,1,4,2000,24.96807,263,.0412727,164.5669,68.50394,1.127348,2544.053,1,57.36941,.82787,2,1.028,7,53
20713,1,4,2000,16.88625,3908,.0392346,172.8346,68.50394,1.183985,2676.211,1,51.13361,.82787,2,1.028,7,104
20714,1,4,2000,14.06549,2574,.0282216,162.5984,63.77953,1.037045,2444.934,1,46.12051,.82787,1,1.028,7,118
20716,1,4,2000,34.84819,4,.0347956,157.0866,73.62205,1.156504,3017.621,1,42.76629,.82787,5,1.028,7,111
20801,1,5,2000,11.22874,14137,.0281488,162.5984,66.14173,1.075454,2486.784,1,42.00261,.82787,2,1.028,8,78
20802,1,5,2000,14.28835,13532,.0287421,150.3937,64.17323,.9651249,2248.899,1,49.17104,.82787,1,1.028,8,84
20803,1,5,2000,23.5587,266,.0300662,179.1339,68.89764,1.23419,2993.392,1,49.00304,.82787,3,1.028,8,109
20806,1,5,2000,31.94304,7,.0283766,181.4961,71.25984,1.293338,3918.722,1,44.58284,.82787,5,1.028,8,88
20809,1,5,2000,34.04926,10,.0339087,171.6535,66.53543,1.142104,2654.185,1,58.80365,.82787,2,1.028,8,85
21001,2,7,2000,28.79202,28,.0328532,177.1654,68.89764,1.220627,3196.035,1,46.12051,.82787,3,1.028,9,32
21002,2,7,2000,22.65348,372,.0330881,170.0787,66.53543,1.131626,2599.119,1,60.31143,.82787,2,1.028,9,61
21102,2,8,2000,17.57901,3384,.0251606,174.0157,66.92913,1.164672,2702.643,1,44.38011,.82787,2,1.028,10,98
21108,2,8,2000,22.96724,350,.0208933,184.6457,71.65354,1.323052,4068.282,1,25.29189,.82787,5,1.028,10,90
21504,1,4,2000,37.53706,1,.0379098,184.252,71.65354,1.320231,3270.925,1,39.86688,.82787,4,1.028,12,94
21506,1,4,2000,25.89,104,.0363893,175.5905,68.50394,1.202864,2885.463,1,51.13361,.82787,3,1.028,12,102
21601,2,10,2000,21.62623,603,.0323772,169.685,66.92913,1.135687,2779.736,1,53.45786,.82787,2,1.028,13,12
21602,2,10,2000,26.48141,80,.0367291,179.9213,67.32284,1.211281,2786.344,1,52.26991,.82787,3,1.028,13,18
21606,2,10,2000,29.9652,14,.0273593,170.4646,66.98425,1.141844,3419.383,1,48.56594,.82787,5,1.028,13,124
21702,1,11,2000,37.07993,1,.0381235,177.2244,67.71654,1.200102,3107.269,1,46.25383,.82787,3,1.028,14,55
21703,1,11,2000,50.90143,1,.0408314,189.3701,70.47244,1.334537,3502.203,1,49.00304,.82787,4,1.028,14,75
21704,1,11,2000,54.55241,1,.0538783,189.3701,70.47244,1.334537,3656.388,1,39.86688,.82787,4,1.028,14,76
21706,1,11,2000,35.09947,1,.0576142,198.0315,72.83465,1.442355,4339.207,1,33.60209,.82787,4,1.028,14,133
21709,1,11,2000,25.72852,100,.0378333,140.5512,67.32284,.9462304,2378.855,1,50.04566,.82787,5,1.028,14,161
21802,2,12,2000,28.47914,47,.0490032,182.2835,68.50394,1.248713,2775.33,1,36.75228,.82787,3,1.028,15,87
21803,2,12,2000,24.9829,213,.0450993,181.1024,69.68504,1.262012,3325.991,1,30.94929,.82787,5,1.028,15,156
21804,2,12,2000,25.3892,119,.0339924,175.9843,67.32284,1.184776,2698.458,1,55.62207,.82787,2,1.028,15,58
21902,2,13,2000,15.74167,6689,.0292578,145.6693,62.59843,.9118669,1982.379,1,56.00348,.82787,1,1.028,16,108
21903,2,13,2000,21.85687,584,.0309545,177.9528,67.32284,1.198028,2907.489,1,42.76629,.82787,3,1.028,16,127
21906,2,13,2000,19.22956,1882,.0360926,165.8425,66.83858,1.108468,2823.568,1,50.04566,.82787,2,1.028,16,41
21907,2,13,2000,22.91989,317,.0230068,169.685,66.53543,1.129007,3259.912,1,34.08907,.82787,5,1.028,16,143
22001,1,6,2000,18.31764,2345,.0264678,161.811,66.92913,1.082987,2742.952,1,47.47494,.82787,2,1.028,17,45
22003,1,6,2000,15.70521,7086,.0308704,147.5354,63.15748,.9317966,2240.529,1,56.14517,.82787,1,1.028,17,68
22004,1,6,2000,33.91079,3,.0352358,196.063,69.68504,1.366266,3689.427,1,39.10142,.82787,4,1.028,17,117
22005,1,6,2000,23.34575,289,.0312221,176.1102,66.92913,1.17869,3202.864,1,49.49281,.82787,3,1.028,17,172
22008,1,6,2000,30.14757,13,.025423,169.685,68.50394,1.162409,3333.48,1,42.76629,.82787,5,1.028,17,184
22101,1,14,2000,8.014793,57098,.0300937,144.4882,62.59843,.9044734,1927.313,1,61.89857,.82787,1,1.028,18,2
22103,1,14,2000,19.77699,1370,.0353766,158.6614,66.14173,1.049414,2544.053,1,54.70107,.82787,2,1.028,18,11
22106,1,14,2000,29.36234,21,.0281165,175.1969,72.04724,1.262245,3467.181,1,36.95554,.82787,5,1.028,18,21
22107,1,14,2000,26.5919,73,.0335618,179.1339,69.29134,1.241243,3277.533,1,52.26991,.82787,3,1.028,18,14
22108,1,14,2000,28.47065,92,.0314653,150.7874,64.96063,.9795245,2224.67,1,52.26991,.82787,1,1.028,18,7
22109,1,14,2000,35.22579,2,.0402241,191.7323,70.86614,1.358733,3381.057,1,42.76629,.82787,4,1.028,18,17
22404,1,15,2000,15.68714,7011,.0296583,148.4252,64.17323,.9524924,2191.63,1,57.36941,.82787,1,1.028,19,63
22405,1,15,2000,30.64089,13,.0316012,177.5591,71.25984,1.265283,3539.427,1,37.14697,.82787,5,1.028,19,79
22406,1,15,2000,22.99196,366,.0346565,177.1654,68.89764,1.220627,2885.463,1,51.13361,.82787,3,1.028,19,96
22407,1,15,2000,34.81839,2,.0316424,186.2205,71.25984,1.327004,3634.361,1,47.04292,.82787,4,1.028,19,138
22409,1,15,2000,17.67465,3070,.0262311,162.2047,66.53543,1.079236,2477.974,1,49.00304,.82787,2,1.028,19,107
22506,1,16,2000,6.960914,45820,.0301498,170.0787,66.53543,1.131626,2852.423,1,53.45786,.82787,3,1.028,3,147
22510,1,16,2000,31.93413,11,.035464,186.6142,69.68504,1.300421,3270.925,1,49.00304,.82787,3,1.028,3,19
22511,1,16,2000,21.76197,584,.0376763,157.0866,66.53543,1.045182,2654.185,1,57.36941,.82787,2,1.028,3,9
22512,1,16,2000,28.72703,26,.0351372,171.6535,66.53543,1.142104,2874.449,1,54.70107,.82787,3,1.028,3,15
22604,1,6,2000,30.06209,18,.0386741,182.2835,67.32284,1.227184,2973.568,1,43.55825,.82787,3,1.028,20,22
22701,1,19,2000,37.04145,4,.0296276,152.3622,64.56693,.983756,2295.154,1,58.80365,.82787,1,1.028,21,92
22703,1,19,2000,22.4586,428,.0328193,174.4095,68.50394,1.194773,2742.291,1,56.00348,.82787,3,1.028,21,166
22704,1,19,2000,18.47466,2079,.0278377,163.7795,64.56693,1.057474,2442.731,1,57.36941,.82787,2,1.028,21,66
22705,1,19,2000,30.88161,10,.0248354,181.9803,71.25984,1.296789,3852.643,1,47.12869,.82787,5,1.028,21,40
22706,1,19,2000,6.50315,47226,.028375,138.9764,64.17323,.8918563,2114.537,1,65.33739,.82787,1,1.028,21,44
22707,1,19,2000,18.40319,2123,.0243087,164.5669,68.50394,1.127348,2797.357,1,56.00348,.82787,2,1.028,21,100
22803,1,19,2000,12.13837,23945,.029202,151.5748,64.17323,.9727044,2191.63,1,54.70107,.82787,1,1.028,22,83
22804,1,19,2000,22.80599,354,.0323004,177.5591,68.11024,1.209359,2786.344,1,61.89857,.82787,3,1.028,22,116
22805,1,19,2000,19.52291,1758,.0260452,155.3583,64.51575,1.002305,2457.269,1,58.25171,.82787,1,1.028,22,81
23003,2,17,2000,18.17155,2915,.0330583,164.9606,66.53543,1.097573,2268.722,1,44.38011,.82787,2,1.028,23,49
23104,2,18,2000,19.88035,1285,.0288508,169.1732,66.53543,1.125601,2495.595,1,43.82281,.82787,2,1.028,24,67
23107,2,18,2000,24.37218,201,.0345381,177.0669,67.32284,1.192065,2750.44,1,46.1196,.82787,3,1.028,24,47
23201,1,19,2000,39.29512,1,.0329251,162.9921,68.11024,1.110143,2733.48,1,57.36941,.82787,2,1.028,25,89
23202,1,19,2000,25.44597,135,.0391305,183.9331,68.50394,1.260014,2914.097,1,54.53619,.82787,3,1.028,25,121
23203,1,19,2000,30.70162,34,.0299856,147.2441,64.17323,.9449129,2134.361,1,61.89857,.82787,1,1.028,25,122
23205,1,19,2000,32.58733,5,.0299818,181.6339,71.25984,1.29432,3698.238,1,45.08013,.82787,5,1.028,25,152
23206,1,19,2000,13.34243,4627,.0277959,138.5827,64.17323,.8893297,2158.59,1,65.33739,.82787,1,1.028,25,101
23207,1,19,2000,20.7724,651,.0320471,172.0472,68.11024,1.171818,2808.37,1,56.00348,.82787,2,1.028,25,52
23208,1,19,2000,12.73702,8699,.032688,160.6299,68.11024,1.094054,2753.304,1,61.89857,.82787,2,1.028,25,51
23305,1,5,2000,27.64219,45,.0343938,176.8386,67.71654,1.19749,2821.586,1,52.46695,.82787,2,1.028,26,135
23307,1,5,2000,40.69564,1,.0461919,185.8268,69.29134,1.287619,3030.837,1,47.04292,.82787,3,1.028,26,136
