risk_aversion,drug_tolerance,beta,risk_error,prescribing_prob,addict_risk_aversion,addict_drug_tolerance,addict_risk_aversion_growth,search_cost,prescriptions,consumption,V0,V1
low,low,0.94,0.05407224921597903,0.9349965549237308,0.2,0.3,0.25407224921597904,1.0325017225381345,3.0,0.9010931429197108,75.42546203643542,75.42546203643542
high,low,0.94,-0.016726731682714286,0.9673627851478727,0.8,0.3,0.7832732683172857,1.0163186074260637,3.0,1.648895995616534,75.42546203643542,75.42546203643542
low,low,0.94,-0.06734227799407064,0.2693288425160517,0.2,0.3,0.13265772200592937,1.365335578741974,3.0,0.9000560921496665,75.42546203643542,75.42546203643542
low,low,0.94,-0.041291669933516024,0.42637231832711264,0.2,0.3,0.158708330066484,1.2868138408364436,3.0,0.9001295729461292,75.42546203643542,75.42546203643542
high,high,0.94,-0.15526051127379772,0.4753358045892875,0.8,0.7,0.6447394887262023,1.2623320977053563,7.0,5.629296221413334,75.42546203643542,75.42546203643542
low,high,0.94,-0.025264261854448123,0.6122294759129621,0.2,0.7,0.17473573814555188,1.193885262043519,7.0,4.9001944783610005,75.42546203643542,75.42546203643542
low,low,0.94,-0.004567953790837027,0.32519679232100596,0.2,0.3,0.195432046209163,1.337401603839497,3.0,0.9003812771121801,75.42546203643542,75.42546203643542
low,high,0.94,-0.019706249790539167,0.7395469992465923,0.2,0.7,0.18029375020946084,1.1302265003767038,7.0,4.900215312303829,75.42546203643542,75.42546203643542
high,low,0.94,0.0929691171251118,0.9393919032367894,0.8,0.3,0.8929691171251118,1.0303040483816053,3.0,1.794357092527174,75.42546203643542,75.42546203643542
high,low,0.94,0.03841066882083958,0.8956641927228854,0.8,0.3,0.8384106688208396,1.0521679036385572,3.0,1.7441236042705395,75.42546203643542,75.42546203643542
low,high,0.94,-0.04409354684522122,0.6629748424064105,0.2,0.7,0.1559064531547788,1.1685125787967947,7.0,4.900107635082862,75.42546203643542,75.42546203643542
high,high,0.94,0.06929344169219304,0.5765965264951272,0.8,0.7,0.8692934416921931,1.2117017367524365,7.0,5.9170767679956615,75.42546203643542,75.42546203643542
low,high,0.94,0.12048771973452033,0.14745000057688917,0.2,0.7,0.32048771973452034,1.4262749997115554,7.0,4.9048223667413335,75.42546203643542,75.42546203643542
low,high,0.94,0.13633493482996448,0.3877842228845254,0.2,0.7,0.33633493482996446,1.3061078885577373,7.0,4.905621328298258,75.42546203643542,75.42546203643542
high,low,0.94,0.07394319279492102,0.20360938478126167,0.8,0.3,0.873943192794921,1.3981953076093692,3.0,2.0814676788807716,75.42546203643542,75.42546203643542
low,low,0.94,0.023989893368551517,0.7019009428350791,0.2,0.3,0.22398989336855152,1.1490495285824605,3.0,0.9006478595483854,75.42546203643542,75.42546203643542
high,low,0.94,0.024522352001410203,0.4304911288982697,0.8,0.3,0.8245223520014102,1.284754435550865,3.0,1.9094229337695066,75.42546203643542,75.42546203643542
high,low,0.94,-0.18654604042729153,0.41059589559231735,0.8,0.3,0.6134539595727085,1.2947020522038413,3.0,1.6029060864384852,75.42546203643542,75.42546203643542
low,high,0.94,-0.0240334697591613,0.7310374822840342,0.2,0.7,0.17596653024083872,1.134481258857983,7.0,4.900191402532081,75.42546203643542,75.42546203643542
low,high,0.94,-0.031672049882750096,0.7496947207869368,0.2,0.7,0.1683279501172499,1.1251526396065317,7.0,4.900152052167945,75.42546203643542,75.42546203643542
high,low,0.94,0.05645479517631696,0.9473921378000631,0.8,0.3,0.8564547951763171,1.0263039310999684,3.0,1.7455835955235024,75.42546203643542,75.42546203643542
low,low,0.94,0.03493385708626174,0.8153907828779976,0.2,0.3,0.23493385708626174,1.092304608561001,3.0,0.9007817570571293,75.42546203643542,75.42546203643542
low,low,0.94,0.09300237501190513,0.4026867850081399,0.2,0.3,0.2930023750119051,1.29865660749593,3.0,0.9028044650548963,75.42546203643542,75.42546203643542
high,low,0.94,0.23447010253766343,0.12352681974303337,0.8,0.3,1.0344701025376635,1.4382365901284833,3.0,2.400471541504581,75.42546203643542,75.42546203643542
high,low,0.94,-0.07595050405387392,0.8654426552969335,0.8,0.3,0.7240494959461261,1.0672786723515333,3.0,1.6128335802997498,75.42546203643542,75.42546203643542
low,low,0.94,0.08190749893551116,0.6764541869328707,0.2,0.3,0.28190749893551115,1.1617729065335647,3.0,0.902068494578578,75.42546203643542,75.42546203643542
low,high,0.94,0.06401069068734176,0.26212227050835957,0.2,0.7,0.2640106906873418,1.3689388647458203,7.0,4.901755867012741,75.42546203643542,75.42546203643542
low,high,0.94,0.12209477435643912,0.7901467411354148,0.2,0.7,0.32209477435643913,1.1049266294322926,7.0,4.903830467968896,75.42546203643542,75.42546203643542
low,low,0.94,0.15494963352996216,0.8491208991364901,0.2,0.3,0.35494963352996217,1.0754395504317549,3.0,0.9060592610660481,75.42546203643542,75.42546203643542
high,low,0.94,-0.05329523914908846,0.1510541076713977,0.8,0.3,0.7467047608509116,1.424472946164301,3.0,1.8887587865479338,75.42546203643542,75.42546203643542
low,low,0.94,-0.11781170423076831,0.3264568278390799,0.2,0.3,0.0821882957692317,1.33677158608046,3.0,0.9000050131082373,75.42546203643542,75.42546203643542
high,low,0.94,0.12136755548840093,0.32239103124675594,0.8,0.3,0.921367555488401,1.338804484376622,3.0,2.108532411951262,75.42546203643542,75.42546203643542
low,high,0.94,-0.07787011806897881,0.4439405157465671,0.2,0.7,0.1221298819310212,1.2780297421267164,7.0,4.9000347256710555,75.42546203643542,75.42546203643542
low,low,0.94,-0.11646933216846121,0.6798731546976493,0.2,0.3,0.0835306678315388,1.1600634226511755,3.0,0.9000047174955765,75.42546203643542,75.42546203643542
low,high,0.94,0.03324099636926971,0.43070333653966986,0.2,0.7,0.2332409963692697,1.2846483317301651,7.0,4.900886765313882,75.42546203643542,75.42546203643542
high,high,0.94,-0.1076285203263344,0.1719852189437544,0.8,0.7,0.6923714796736656,1.4140073905281227,7.0,5.7930497266777055,75.42546203643542,75.42546203643542
high,high,0.94,0.03988860525465007,0.6328244314571355,0.8,0.7,0.8398886052546501,1.1835877842714322,7.0,5.851650731438971,75.42546203643542,75.42546203643542
high,high,0.94,-0.06325901213833995,0.6607428866967753,0.8,0.7,0.7367409878616601,1.1696285566516123,7.0,5.698346642541622,75.42546203643542,75.42546203643542
low,low,0.94,-0.07081728006962491,0.6832471131920017,0.2,0.3,0.1291827199303751,1.1583764434039991,3.0,0.9000416746382656,75.42546203643542,75.42546203643542
low,low,0.94,-0.15702036302807387,0.9364335134189065,0.2,0.3,0.04297963697192614,1.0317832432905467,3.0,0.900000151322039,75.42546203643542,75.42546203643542
high,high,0.94,0.12020674233635031,0.3283066084070384,0.8,0.7,0.9202067423363504,1.3358466957964807,7.0,6.103963676073702,75.42546203643542,75.42546203643542
high,low,0.94,0.058227517618881036,0.4281887377911222,0.8,0.3,0.858227517618881,1.285905631104439,3.0,1.9622142964040115,75.42546203643542,75.42546203643542
low,low,0.94,-0.08018787399112048,0.08169693622872343,0.2,0.3,0.11981212600887953,1.4591515318856383,3.0,0.9000360250231305,75.42546203643542,75.42546203643542
high,low,0.94,-0.0013570504226674592,0.1623846885282766,0.8,0.3,0.7986429495773326,1.4188076557358618,3.0,1.971184675032798,75.42546203643542,75.42546203643542
low,low,0.94,0.06360941615984793,0.1418357641874064,0.2,0.3,0.26360941615984795,1.429082117906297,3.0,0.9018191218116964,75.42546203643542,75.42546203643542
low,high,0.94,-0.053075921741953115,0.022244534064087884,0.2,0.7,0.1469240782580469,1.4888777329679561,7.0,4.900101935136515,75.42546203643542,75.42546203643542
high,high,0.94,-0.018042195788406393,0.7106189809368979,0.8,0.7,0.7819578042115937,1.144690509531551,7.0,5.741719193087148,75.42546203643542,75.42546203643542
high,low,0.94,0.008731009538665796,0.3613395482211158,0.8,0.3,0.8087310095386658,1.3193302258894422,3.0,1.9118325166921148,75.42546203643542,75.42546203643542
high,low,0.94,-0.17152063271646584,0.7955486862631128,0.8,0.3,0.6284793672835343,1.1022256568684436,3.0,1.5167857007694998,75.42546203643542,75.42546203643542
high,low,0.94,0.14248390141734554,0.12554204090212318,0.8,0.3,0.9424839014173456,1.4372289795489384,3.0,2.2346530751588336,75.42546203643542,75.42546203643542
high,high,0.94,0.019952143022064925,0.3207223238695107,0.8,0.7,0.819952143022065,1.3396388380652446,7.0,5.945257666209696,75.42546203643542,75.42546203643542
high,low,0.94,0.07801494732501832,0.5248313098489482,0.8,0.3,0.8780149473250184,1.237584345075526,3.0,1.9518460825731767,75.42546203643542,75.42546203643542
high,high,0.94,0.09914005680874532,0.5622794217280034,0.8,0.7,0.8991400568087453,1.2188602891359983,7.0,5.967181063369301,75.42546203643542,75.42546203643542
high,low,0.94,-0.08505579668142915,0.059237776193368896,0.8,0.3,0.7149442033185709,1.4703811119033157,3.0,1.8666518843681545,75.42546203643542,75.42546203643542
high,high,0.94,-0.08281669062039725,0.7400513778305827,0.8,0.7,0.7171833093796028,1.1299743110847087,7.0,5.6457723673902676,75.42546203643542,75.42546203643542
high,high,0.94,-0.011614947635797788,0.44232506587040066,0.8,0.7,0.7883850523642023,1.2788374670647997,7.0,5.850032207064514,75.42546203643542,75.42546203643542
low,high,0.94,0.06242567911833376,0.1991164774778914,0.2,0.7,0.26242567911833375,1.4004417612610542,7.0,4.901742997249576,75.42546203643542,75.42546203643542
high,high,0.94,-0.11703391519390048,0.0794260030213324,0.8,0.7,0.6829660848060995,1.4602869984893339,7.0,5.806644728316643,75.42546203643542,75.42546203643542
low,low,0.94,-0.06680495897342807,0.7409813289584896,0.2,0.3,0.13319504102657193,1.1295093355207553,3.0,0.9000473511035002,75.42546203643542,75.42546203643542
low,high,0.94,0.05295937373129516,0.7869278986115003,0.2,0.7,0.2529593737312952,1.1065360506942499,7.0,4.901146091930161,75.42546203643542,75.42546203643542
high,high,0.94,-0.01353579736917633,0.8085723216813362,0.8,0.7,0.7864642026308237,1.095713839159332,7.0,5.711513682360974,75.42546203643542,75.42546203643542
high,low,0.94,0.11499301276486829,0.3308591302394639,0.8,0.3,0.9149930127648683,1.334570434880268,3.0,2.09430079562167,75.42546203643542,75.42546203643542
low,low,0.94,0.004059165454696361,0.1398241417441466,0.2,0.3,0.20405916545469638,1.4300879291279267,3.0,0.9005059915588339,75.42546203643542,75.42546203643542
low,high,0.94,-0.08478206247904946,0.7337252117977652,0.2,0.7,0.11521793752095055,1.1331373941011174,7.0,4.900023008221819,75.42546203643542,75.42546203643542
low,low,0.94,-0.0876831823788476,0.3711927880063576,0.2,0.3,0.1123168176211524,1.3144036059968212,3.0,0.9000234937687849,75.42546203643542,75.42546203643542
low,high,0.94,0.0741609646541674,0.8988975629263284,0.2,0.7,0.2741609646541674,1.0505512185368358,7.0,4.901627216459082,75.42546203643542,75.42546203643542
low,high,0.94,-0.04309761232057038,0.0964320690154028,0.2,0.7,0.15690238767942963,1.4517839654922986,7.0,4.900138054242788,75.42546203643542,75.42546203643542
high,high,0.94,0.02980150245636993,0.03617264152392885,0.8,0.7,0.82980150245637,1.4819136792380356,7.0,6.073655607221555,75.42546203643542,75.42546203643542
low,low,0.94,0.06841092284075374,0.8340145774813238,0.2,0.3,0.26841092284075374,1.082992711259338,3.0,0.9015087818809578,75.42546203643542,75.42546203643542
low,low,0.94,0.034041961662168274,0.6983072528358851,0.2,0.3,0.23404196166216829,1.1508463735820573,3.0,0.9008081388799498,75.42546203643542,75.42546203643542
high,low,0.94,0.11145616204475364,0.4898582771617471,0.8,0.3,0.9114561620447537,1.2550708614191264,3.0,2.0177327563119163,75.42546203643542,75.42546203643542
low,low,0.94,-0.05118179612308074,0.09552294067530798,0.2,0.3,0.14881820387691927,1.452238529662346,3.0,0.9001060030223652,75.42546203643542,75.42546203643542
high,high,0.94,-0.109949149658681,0.9563793363688512,0.8,0.7,0.6900508503413191,1.0218103318155745,7.0,5.542645778270889,75.42546203643542,75.42546203643542
low,high,0.94,0.092134238117379,0.8539516187966243,0.2,0.7,0.29213423811737904,1.073024190601688,7.0,4.902283083572561,75.42546203643542,75.42546203643542
high,high,0.94,-0.05051596654064248,0.6151152967803032,0.8,0.7,0.7494840334593575,1.1924423516098483,7.0,5.731553841167643,75.42546203643542,75.42546203643542
low,low,0.94,-0.0960302651814714,0.7836236846608697,0.2,0.3,0.10396973481852861,1.1081881576695651,3.0,0.9000134631965544,75.42546203643542,75.42546203643542
low,high,0.94,-0.15271501774821652,0.7090929019697217,0.2,0.7,0.047284982251783486,1.1454535490151392,7.0,4.900000270765691,75.42546203643542,75.42546203643542
high,low,0.94,-0.034951728572778985,0.6400136271211003,0.8,0.3,0.7650482714272211,1.1799931864394497,3.0,1.7442878653955112,75.42546203643542,75.42546203643542
high,low,0.94,-0.07652663139651368,0.5332456733723728,0.8,0.3,0.7234733686034863,1.2333771633138135,3.0,1.7229512124389066,75.42546203643542,75.42546203643542
high,high,0.94,0.035094287964288234,0.4095421582827541,0.8,0.7,0.8350942879642883,1.295228920858623,7.0,5.933989014140202,75.42546203643542,75.42546203643542
low,high,0.94,-0.07776125596046915,0.41891246535974136,0.2,0.7,0.12223874403953086,1.2905437673201292,7.0,4.900035222253049,75.42546203643542,75.42546203643542
low,low,0.94,0.02945030996323186,0.9913971553292732,0.2,0.3,0.22945030996323187,1.0043014223353635,3.0,0.9006387153026882,75.42546203643542,75.42546203643542
low,low,0.94,-0.09873634918370816,0.14816812515406597,0.2,0.3,0.10126365081629185,1.425915937422967,3.0,0.9000151831480557,75.42546203643542,75.42546203643542
low,high,0.94,-0.03987664626214578,0.48057311992794716,0.2,0.7,0.16012335373785425,1.2597134400360264,7.0,4.900132600496872,75.42546203643542,75.42546203643542
low,high,0.94,0.2005054472069969,0.3569143961599719,0.2,0.7,0.4005054472069969,1.321542801920014,7.0,4.913618314819122,75.42546203643542,75.42546203643542
low,low,0.94,-0.12043280336945766,0.7898642423846722,0.2,0.3,0.07956719663054235,1.105067878807664,3.0,0.9000035241893962,75.42546203643542,75.42546203643542
high,low,0.94,0.04450791655770075,0.15911111210776807,0.8,0.3,0.8445079165577007,1.420444443946116,3.0,2.049949870645362,75.42546203643542,75.42546203643542
high,high,0.94,-0.14642548210038553,0.036330538845241844,0.8,0.7,0.6535745178996145,1.4818347305773791,7.0,5.770800477264242,75.42546203643542,75.42546203643542
low,high,0.94,-0.07934032571188743,0.35186567934935475,0.2,0.7,0.12065967428811258,1.3240671603253227,7.0,4.900033862635624,75.42546203643542,75.42546203643542
high,low,0.94,-0.004166874818992869,0.4604660049014665,0.8,0.3,0.7958331251810071,1.2697669975492667,3.0,1.8544464129135103,75.42546203643542,75.42546203643542
low,high,0.94,-0.05300104783620818,0.6271097426781902,0.2,0.7,0.14699895216379183,1.186445128660905,7.0,4.90008143645359,75.42546203643542,75.42546203643542
low,low,0.94,0.00493840050054215,0.3162639001738118,0.2,0.3,0.20493840050054216,1.3418680499130942,3.0,0.9004850946935964,75.42546203643542,75.42546203643542
high,high,0.94,0.02975130334510851,0.5413050649851134,0.8,0.7,0.8297513033451086,1.2293474675074432,7.0,5.873552956473552,75.42546203643542,75.42546203643542
high,low,0.94,-0.1689436584333862,0.6650532116596697,0.8,0.3,0.6310563415666138,1.1674733941701652,3.0,1.5566472976678305,75.42546203643542,75.42546203643542
low,high,0.94,-0.0994077117399889,0.6921395857788954,0.2,0.7,0.10059228826001111,1.1539302071105522,7.0,4.900011885103824,75.42546203643542,75.42546203643542
low,low,0.94,-0.08920856649340435,0.9625167464245432,0.2,0.3,0.11079143350659566,1.0187416267877283,3.0,0.9000170057175076,75.42546203643542,75.42546203643542
high,low,0.94,-0.1046204767960878,0.8852523919157984,0.8,0.3,0.6953795232039123,1.0573738040421008,3.0,1.5714380040788756,75.42546203643542,75.42546203643542
low,low,0.94,0.15978450665753025,0.9876799444981478,0.2,0.3,0.35978450665753026,1.0061600277509262,3.0,0.9060656779352707,75.42546203643542,75.42546203643542
low,low,0.94,0.07659969672619132,0.9821134412420214,0.2,0.3,0.27659969672619134,1.0089432793789892,3.0,0.901633522985291,75.42546203643542,75.42546203643542
high,low,0.94,-0.035002449261906564,0.37424222320524925,0.8,0.3,0.7649975507380935,1.3128788883973754,3.0,1.8392900473872622,75.42546203643542,75.42546203643542
low,low,0.94,0.02883148444200457,0.2944730913895899,0.2,0.3,0.22883148444200457,1.352763454305205,3.0,0.9008487909717571,75.42546203643542,75.42546203643542
low,low,0.94,-0.055629691064477085,0.05092201157387244,0.2,0.3,0.14437030893552294,1.4745389942130638,3.0,0.9000924795464241,75.42546203643542,75.42546203643542
low,high,0.94,-0.04920708727754584,0.5990753556042844,0.2,0.7,0.15079291272245418,1.2004623221978579,7.0,4.900093595115489,75.42546203643542,75.42546203643542
high,low,0.94,0.23561497578827,0.24944175437104732,0.8,0.3,1.03561497578827,1.3752791228144763,3.0,2.336774967673618,75.42546203643542,75.42546203643542
low,low,0.94,0.11716489846090856,0.2059967509907572,0.2,0.3,0.31716489846090856,1.3970016245046213,3.0,0.9044835549278096,75.42546203643542,75.42546203643542
low,high,0.94,-0.031184446129592553,0.4041390768417331,0.2,0.7,0.16881555387040745,1.2979304615791334,7.0,4.900177956442427,75.42546203643542,75.42546203643542
low,low,0.94,-0.017020358164609752,0.3000543844380479,0.2,0.3,0.18297964183539026,1.349972807780976,3.0,0.9002769101574317,75.42546203643542,75.42546203643542
low,high,0.94,-0.04331499853313911,0.8443524459270133,0.2,0.7,0.1566850014668609,1.0778237770364933,7.0,4.900101785259924,75.42546203643542,75.42546203643542
low,low,0.94,-0.18164400371712755,0.6484791416050557,0.2,0.3,0.01835599628287246,1.1757604291974721,3.0,0.90000000245024,75.42546203643542,75.42546203643542
low,low,0.94,-0.10064058006542005,0.5351996939710659,0.2,0.3,0.09935941993457996,1.232400153014467,3.0,0.9000119343008194,75.42546203643542,75.42546203643542
low,low,0.94,-0.037315581810649666,0.0008524975504065058,0.2,0.3,0.16268441818935034,1.4995737512247969,3.0,0.9001708825130442,75.42546203643542,75.42546203643542
high,low,0.94,-0.07117380814746485,0.4584845544669993,0.8,0.3,0.7288261918525352,1.2707577227665003,3.0,1.7557417523499335,75.42546203643542,75.42546203643542
low,low,0.94,0.010714445058177416,0.698100005265746,0.2,0.3,0.21071444505817744,1.1509499973671269,3.0,0.9004781101898904,75.42546203643542,75.42546203643542
low,low,0.94,-0.013729422064052456,0.5986090950233395,0.2,0.3,0.18627057793594756,1.2006954524883302,3.0,0.9002692490477382,75.42546203643542,75.42546203643542
high,high,0.94,0.007714800902815071,0.9604483554515545,0.8,0.7,0.8077148009028151,1.0197758222742228,7.0,5.680867346906991,75.42546203643542,75.42546203643542
high,low,0.94,0.016059485094992134,0.21940529618677318,0.8,0.3,0.8160594850949922,1.3902973519066135,3.0,1.9783505564727324,75.42546203643542,75.42546203643542
high,low,0.94,0.03210667205472396,0.12033371851345465,0.8,0.3,0.832106672054724,1.4398331407432727,3.0,2.0442895212119296,75.42546203643542,75.42546203643542
low,high,0.94,0.09411787185089289,0.4285872640715922,0.2,0.7,0.2941178718508929,1.2857063679642038,7.0,4.902829755217545,75.42546203643542,75.42546203643542
high,low,0.94,0.041146807630767626,0.46838288933004746,0.8,0.3,0.8411468076307677,1.2658085553349763,3.0,1.9196656233820277,75.42546203643542,75.42546203643542
low,high,0.94,0.1312246733796893,0.7384683097095097,0.2,0.7,0.3312246733796893,1.1307658451452451,7.0,4.904508022600472,75.42546203643542,75.42546203643542
high,high,0.94,0.09273063912543418,0.6558116206759822,0.8,0.7,0.8927306391254343,1.172094189662009,7.0,5.917098616212142,75.42546203643542,75.42546203643542
high,low,0.94,-0.11789979269534573,0.9103968600155724,0.8,0.3,0.6821002073046543,1.0448015699922137,3.0,1.5476554783111562,75.42546203643542,75.42546203643542
low,high,0.94,-0.02683599410321887,0.6273475038772595,0.2,0.7,0.17316400589678113,1.1863262480613703,7.0,4.900184710787385,75.42546203643542,75.42546203643542
low,high,0.94,0.024001762041489325,0.6057296294387121,0.2,0.7,0.22400176204148933,1.197135185280644,7.0,4.900675150149877,75.42546203643542,75.42546203643542
low,high,0.94,0.10233849957921473,0.7498238865252136,0.2,0.7,0.30233849957921477,1.1250880567373933,7.0,4.902842194415701,75.42546203643542,75.42546203643542
low,high,0.94,0.1632538340221743,0.9181853840450908,0.2,0.7,0.3632538340221743,1.0409073079774547,7.0,4.906583594773115,75.42546203643542,75.42546203643542
high,low,0.94,-0.005174813271167029,0.053471619135953885,0.8,0.3,0.7948251867288331,1.473264190432023,3.0,2.0056563355694124,75.42546203643542,75.42546203643542
high,low,0.94,0.08544553326303223,0.7472458615088133,0.8,0.3,0.8854455332630322,1.1263770692455934,3.0,1.867466898704502,75.42546203643542,75.42546203643542
low,low,0.94,-0.008124360914047075,0.12224390169509891,0.2,0.3,0.19187563908595293,1.4388780491524504,3.0,0.9003742167166253,75.42546203643542,75.42546203643542
high,high,0.94,-0.11165303547856045,0.3511551684726919,0.8,0.7,0.6883469645214396,1.324422415763654,7.0,5.7303970057902065,75.42546203643542,75.42546203643542
high,low,0.94,-0.0354503777318352,0.8372545701807924,0.8,0.3,0.7645496222681648,1.0813727149096037,3.0,1.67309435991242,75.42546203643542,75.42546203643542
low,low,0.94,0.24727184003486316,0.6867033803117744,0.2,0.3,0.4472718400348632,1.1566483098441127,3.0,0.920704231173594,75.42546203643542,75.42546203643542
low,high,0.94,-0.05704515803099677,0.7078061624614511,0.2,0.7,0.14295484196900324,1.1460969187692744,7.0,4.90006842513986,75.42546203643542,75.42546203643542
low,low,0.94,0.1457979161151422,0.565963830329733,0.2,0.3,0.3457979161151422,1.2170180848351335,3.0,0.906017400123948,75.42546203643542,75.42546203643542
low,low,0.94,-0.18866269886211093,0.3157334703908473,0.2,0.3,0.011337301137889083,1.3421332648045763,3.0,0.9000000002513876,75.42546203643542,75.42546203643542
low,high,0.94,-0.11719928531477407,0.9345042729180651,0.2,0.7,0.08280071468522594,1.0327478635409675,7.0,4.900004019432428,75.42546203643542,75.42546203643542
low,high,0.94,0.12863394731587705,0.009044744665797855,0.2,0.7,0.32863394731587703,1.4954776276671011,7.0,4.905732473249568,75.42546203643542,75.42546203643542
high,high,0.94,-0.10295216743418467,0.9347175252651361,0.8,0.7,0.6970478325658154,1.0326412373674319,7.0,5.5576997708105385,75.42546203643542,75.42546203643542
high,low,0.94,-0.035491253080043944,0.6091602082602764,0.8,0.3,0.7645087469199561,1.1954198958698619,3.0,1.7545717912616503,75.42546203643542,75.42546203643542
low,high,0.94,0.023040142522174546,0.7683966764310546,0.2,0.7,0.22304014252217455,1.1158016617844728,7.0,4.9006158886114735,75.42546203643542,75.42546203643542
low,low,0.94,-0.08666358576142032,0.06597017341387301,0.2,0.3,0.1133364142385797,1.4670149132930634,3.0,0.900027433541118,75.42546203643542,75.42546203643542
low,low,0.94,0.08520088572144974,0.021992289093463624,0.2,0.3,0.28520088572144975,1.489003855453268,3.0,0.9028096367311358,75.42546203643542,75.42546203643542
low,high,0.94,0.06285932173105473,0.08666331714271969,0.2,0.7,0.26285932173105475,1.45666834142864,7.0,4.901828005913111,75.42546203643542,75.42546203643542
high,high,0.94,0.033543295844332376,0.5623537754020235,0.8,0.7,0.8335432958443324,1.2188231122989883,7.0,5.870735438455889,75.42546203643542,75.42546203643542
low,low,0.94,0.03303381607423539,0.18854006471801976,0.2,0.3,0.2330338160742354,1.40572996764099,3.0,0.9009660434020347,75.42546203643542,75.42546203643542
low,low,0.94,-0.11976287877460219,0.7858551067347275,0.2,0.3,0.08023712122539782,1.1070724466326363,3.0,0.9000036817367675,75.42546203643542,75.42546203643542
low,high,0.94,-0.05741970372663424,0.633941523738684,0.2,0.7,0.14258029627336577,1.183029238130658,7.0,4.900069709672478,75.42546203643542,75.42546203643542
high,low,0.94,-0.1110315106736511,0.9201486575963947,0.8,0.3,0.6889684893263489,1.0399256712018026,3.0,1.5527569409436484,75.42546203643542,75.42546203643542
low,low,0.94,0.1445506513081922,0.1579639895422421,0.2,0.3,0.3445506513081922,1.421018005228879,3.0,0.9069002520816347,75.42546203643542,75.42546203643542
low,low,0.94,0.10759432505253877,0.461503065920149,0.2,0.3,0.3075943250525388,1.2692484670399256,3.0,0.9034949280638489,75.42546203643542,75.42546203643542
high,low,0.94,-0.008678085999100906,0.4177003764177617,0.8,0.3,0.7913219140008991,1.291149811791119,3.0,1.8636473406512217,75.42546203643542,75.42546203643542
high,high,0.94,-0.036227193035008425,0.9977509967262781,0.8,0.7,0.7637728069649916,1.0011245016368608,7.0,5.614814461731534,75.42546203643542,75.42546203643542
high,high,0.94,-0.029863502265825806,0.08976372886876183,0.8,0.7,0.7701364977341743,1.455118135565619,7.0,5.949803183780309,75.42546203643542,75.42546203643542
low,low,0.94,-0.06004928748168789,0.3239203138496626,0.2,0.3,0.13995071251831212,1.3380398430751688,3.0,0.9000718364091186,75.42546203643542,75.42546203643542
low,high,0.94,0.0747846644741736,0.574137138915368,0.2,0.7,0.2747846644741736,1.212931430542316,7.0,4.9019001973456255,75.42546203643542,75.42546203643542
high,low,0.94,-0.07751856986174463,0.505311481764109,0.8,0.3,0.7224814301382554,1.2473442591179456,3.0,1.730844393732881,75.42546203643542,75.42546203643542
low,high,0.94,-0.019168114425482576,0.6429342224636276,0.2,0.7,0.18083188557451743,1.1785328887681863,7.0,4.900227885535758,75.42546203643542,75.42546203643542
high,high,0.94,0.11430638783018054,0.4113705514079945,0.8,0.7,0.9143063878301806,1.2943147242960027,7.0,6.057189766316608,75.42546203643542,75.42546203643542
high,high,0.94,-0.005297907608120578,0.8629251954862847,0.8,0.7,0.7947020923918795,1.0685374022568577,7.0,5.701761456000689,75.42546203643542,75.42546203643542
high,low,0.94,0.029543352127735668,0.18528636261640674,0.8,0.3,0.8295433521277357,1.4073568186917966,3.0,2.0141741566142803,75.42546203643542,75.42546203643542
high,high,0.94,0.01481271811648362,0.4732825787707834,0.8,0.7,0.8148127181164837,1.2633587106146082,7.0,5.878022684378475,75.42546203643542,75.42546203643542
high,low,0.94,0.10807595542962677,0.6216918739468589,0.8,0.3,0.9080759554296268,1.1891540630265705,3.0,1.9541219202298166,75.42546203643542,75.42546203643542
high,low,0.94,0.013271270201539582,0.9133773140480166,0.8,0.3,0.8132712702015397,1.0433113429759917,3.0,1.7057646629091305,75.42546203643542,75.42546203643542
high,low,0.94,0.23346595599288567,0.2440224578559691,0.8,0.3,1.0334659559928858,1.3779887710720153,3.0,2.3358725636549513,75.42546203643542,75.42546203643542
high,low,0.94,0.03857940776425478,0.4653606287637556,0.8,0.3,0.8385794077642548,1.2673196856181221,3.0,1.9169893921153809,75.42546203643542,75.42546203643542
low,high,0.94,-0.19742244903473785,0.9550548647656737,0.2,0.7,0.0025775509652621598,1.022472567617163,7.0,4.900000000000116,75.42546203643542,75.42546203643542
high,low,0.94,-0.13773207369686996,0.7548655155145181,0.8,0.3,0.6622679263031301,1.122567242242741,3.0,1.570663263886682,75.42546203643542,75.42546203643542
high,high,0.94,0.0956348743144274,0.6467372702597797,0.8,0.7,0.8956348743144275,1.17663136487011,7.0,5.925189538435818,75.42546203643542,75.42546203643542
high,high,0.94,-0.08870134509145505,0.6232564822911385,0.8,0.7,0.7112986549085449,1.1883717588544307,7.0,5.676278050848154,75.42546203643542,75.42546203643542
high,high,0.94,-0.003199650676631397,0.1479074356507908,0.8,0.7,0.7968003493233686,1.4260462821746045,7.0,5.97354564746971,75.42546203643542,75.42546203643542
high,high,0.94,0.05748134744680661,0.5765954258636258,0.8,0.7,0.8574813474468066,1.211702287068187,7.0,5.899831418418127,75.42546203643542,75.42546203643542
high,high,0.94,-0.024150226881522935,0.5245736250302321,0.8,0.7,0.7758497731184771,1.237713187484884,7.0,5.801243333134687,75.42546203643542,75.42546203643542
low,low,0.94,0.004583889978359878,0.9352580801770283,0.2,0.3,0.20458388997835988,1.0323709599114859,3.0,0.9003699925163474,75.42546203643542,75.42546203643542
high,low,0.94,0.09335197976694493,0.10127900280079183,0.8,0.3,0.8933519797669449,1.449360498599604,3.0,2.1587940340938134,75.42546203643542,75.42546203643542
high,low,0.94,0.12961894863255274,0.1476530103068393,0.8,0.3,0.9296189486325528,1.4261734948465803,3.0,2.2018278861713467,75.42546203643542,75.42546203643542
high,high,0.94,0.0603590064339534,0.8519510703464037,0.8,0.7,0.8603590064339535,1.074024464826798,7.0,5.789946318488536,75.42546203643542,75.42546203643542
low,low,0.94,-0.1923565620867514,0.6310837466688829,0.2,0.3,0.0076434379132486185,1.1844581266655585,3.0,0.9000000000309003,75.42546203643542,75.42546203643542
low,low,0.94,-0.19740550301614138,0.06735931570530951,0.2,0.3,0.002594496983858635,1.4663203421473452,3.0,0.9000000000001723,75.42546203643542,75.42546203643542
high,low,0.94,-0.08619897437804375,0.5618933303863667,0.8,0.3,0.7138010256219562,1.2190533348068167,3.0,1.6998235114104112,75.42546203643542,75.42546203643542
low,high,0.94,0.1356305666616243,0.3577708650387387,0.2,0.7,0.3356305666616243,1.3211145674806306,7.0,4.90562662552803,75.42546203643542,75.42546203643542
low,low,0.94,0.04385574145903092,0.6605241532698997,0.2,0.3,0.24385574145903094,1.1697379233650502,3.0,0.9010086802016353,75.42546203643542,75.42546203643542
low,high,0.94,0.020204148684237564,0.2055978731545136,0.2,0.7,0.22020414868423757,1.3972010634227432,7.0,4.900723413138358,75.42546203643542,75.42546203643542
low,high,0.94,0.08033973998043734,0.7686854649787488,0.2,0.7,0.2803397399804374,1.1156572675106255,7.0,4.901931764273103,75.42546203643542,75.42546203643542
low,high,0.94,-0.09618786103268788,0.5677222794844051,0.2,0.7,0.10381213896731213,1.2161388602577974,7.0,4.900014663034729,75.42546203643542,75.42546203643542
high,low,0.94,0.11900853094578562,0.24406846955144423,0.8,0.3,0.9190085309457856,1.3779657652242778,3.0,2.1399034159289316,75.42546203643542,75.42546203643542
high,high,0.94,-0.12181215665173001,0.9733718289932853,0.8,0.7,0.67818784334827,1.0133140855033573,7.0,5.523636578884837,75.42546203643542,75.42546203643542
high,high,0.94,-0.12090294719529514,0.09284594963669257,0.8,0.7,0.6790970528047049,1.4535770251816538,7.0,5.796092530318638,75.42546203643542,75.42546203643542
high,high,0.94,0.11392460748669833,0.5239951778807087,0.8,0.7,0.9139246074866983,1.2380024110596457,7.0,6.006265717577717,75.42546203643542,75.42546203643542
high,high,0.94,-0.1954605135847538,0.6918124069925088,0.8,0.7,0.6045394864152462,1.1540937965037457,7.0,5.515207962090855,75.42546203643542,75.42546203643542
high,low,0.94,0.03255230129634856,0.6202931039071069,0.8,0.3,0.8325523012963486,1.1898534480464464,3.0,1.8462543314377724,75.42546203643542,75.42546203643542
low,high,0.94,-0.029038127903164093,0.6106185333955567,0.2,0.7,0.17096187209683592,1.1946907333022216,7.0,4.900174482477581,75.42546203643542,75.42546203643542
low,high,0.94,0.053498536293222376,0.9044148824448436,0.2,0.7,0.2534985362932224,1.0477925587775783,7.0,4.901096863513282,75.42546203643542,75.42546203643542
low,low,0.94,-0.10679203533776759,0.8927983741544527,0.2,0.3,0.09320796466223243,1.0536008129227736,3.0,0.9000074120991479,75.42546203643542,75.42546203643542
low,high,0.94,-0.03177819311758141,0.5303925565181654,0.2,0.7,0.1682218068824186,1.2348037217409173,7.0,4.900166344864287,75.42546203643542,75.42546203643542
high,low,0.94,-0.07625311758774055,0.7152234229624342,0.8,0.3,0.7237468824122595,1.1423882885187828,3.0,1.6626005684403737,75.42546203643542,75.42546203643542
low,high,0.94,0.08655388947410597,0.4011228749003657,0.2,0.7,0.286553889474106,1.2994385625498173,7.0,4.902510656448221,75.42546203643542,75.42546203643542
low,high,0.94,-0.05877308342737991,0.272358613186525,0.2,0.7,0.1412269165726201,1.3638206934067374,7.0,4.900076620443554,75.42546203643542,75.42546203643542
high,low,0.94,-0.04123362348118033,0.9142814530295291,0.8,0.3,0.7587663765188197,1.0428592734852353,3.0,1.638517523012364,75.42546203643542,75.42546203643542
low,high,0.94,0.1494778640628005,0.8412129033684219,0.2,0.7,0.3494778640628005,1.079393548315789,7.0,4.905627016408178,75.42546203643542,75.42546203643542
high,low,0.94,-0.09091031612117717,0.8772480190301862,0.8,0.3,0.7090896838788229,1.061375990484907,3.0,1.5906304429149565,75.42546203643542,75.42546203643542
low,low,0.94,0.02129012649146692,0.616008990892112,0.2,0.3,0.22129012649146693,1.1919955045539439,3.0,0.9006325353516191,75.42546203643542,75.42546203643542
low,high,0.94,-0.26388102281443454,0.7454400540497755,0.2,0.7,-0.06388102281443453,1.1272799729751122,7.0,4.899998800801443,75.42546203643542,75.42546203643542
low,high,0.94,-0.11007229383516957,0.9605614238239951,0.2,0.7,0.08992770616483044,1.0197192880880024,7.0,4.900005997195589,75.42546203643542,75.42546203643542
high,low,0.94,0.04156706194273804,0.16729048811920122,0.8,0.3,0.8415670619427381,1.4163547559403993,3.0,2.0416499364814045,75.42546203643542,75.42546203643542
low,low,0.94,0.15180628762104217,0.8096476555452023,0.2,0.3,0.35180628762104216,1.095176172227399,3.0,0.9059020375961511,75.42546203643542,75.42546203643542
low,low,0.94,0.0010525822565295914,0.5012445044305175,0.2,0.3,0.2010525822565296,1.2493777477847412,3.0,0.9004104327842093,75.42546203643542,75.42546203643542
high,high,0.94,0.08780403030052253,0.7659794827224214,0.8,0.7,0.8878040303005226,1.1170102586387893,7.0,5.862617055091686,75.42546203643542,75.42546203643542
low,low,0.94,-0.18251231564586282,0.07253124292103186,0.2,0.3,0.017487684354137195,1.463734378539484,3.0,0.900000002393998,75.42546203643542,75.42546203643542
low,low,0.94,0.12977020956659266,0.6538358895721165,0.2,0.3,0.32977020956659264,1.1730820552139418,3.0,0.9045749409470316,75.42546203643542,75.42546203643542
high,high,0.94,0.048063031833625536,0.11470680705315739,0.8,0.7,0.8480630318336255,1.4426465964734212,7.0,6.074073053896676,75.42546203643542,75.42546203643542
high,high,0.94,-0.014659684776024412,0.6874134545520446,0.8,0.7,0.7853403152239756,1.1562932727239776,7.0,5.754850882658143,75.42546203643542,75.42546203643542
low,low,0.94,-0.09418910986903023,0.3086560414675712,0.2,0.3,0.10581089013096978,1.3456719792662144,3.0,0.9000178480612929,75.42546203643542,75.42546203643542
high,low,0.94,0.048110498185845445,0.4684864337906002,0.8,0.3,0.8481104981858455,1.2657567831046999,3.0,1.9301864000555726,75.42546203643542,75.42546203643542
high,high,0.94,0.08611282820280311,0.16460943212761103,0.8,0.7,0.8861128282028031,1.4176952839361945,7.0,6.118832916383985,75.42546203643542,75.42546203643542
low,high,0.94,-0.21631131456281422,0.9634428471636445,0.2,0.7,-0.016311314562814205,1.0182785764181776,7.0,4.899999998824259,75.42546203643542,75.42546203643542
high,low,0.94,0.0013513012030986452,0.4912894929408895,0.8,0.3,0.8013513012030987,1.2543552535295552,3.0,1.8510409914342354,75.42546203643542,75.42546203643542
high,high,0.94,-0.23268909673668042,0.8945194787674702,0.8,0.7,0.5673109032633197,1.052740260616265,7.0,5.418319616135542,75.42546203643542,75.42546203643542
high,low,0.94,0.005110234511577377,0.4606215463593045,0.8,0.3,0.8051102345115774,1.2696892268203477,3.0,1.8683149095410458,75.42546203643542,75.42546203643542
low,high,0.94,0.03203854894303528,0.037391717779824085,0.2,0.7,0.2320385489430353,1.481304141110088,7.0,4.900996425748666,75.42546203643542,75.42546203643542
high,high,0.94,-0.08748125792193524,0.7944218540026892,0.8,0.7,0.7125187420780648,1.1027890729986554,7.0,5.62191791590075,75.42546203643542,75.42546203643542
high,low,0.94,-0.053664516496337904,0.17507257050208547,0.8,0.3,0.7463354835036622,1.4124637147489572,3.0,1.8798168695739494,75.42546203643542,75.42546203643542
high,low,0.94,0.034057784371579546,0.43263647515782166,0.8,0.3,0.8340577843715796,1.2836817624210892,3.0,1.9231811867748019,75.42546203643542,75.42546203643542
low,high,0.94,-0.027293521700679637,0.6767078082413523,0.2,0.7,0.17270647829932037,1.1616460958793238,7.0,4.900178491269921,75.42546203643542,75.42546203643542
high,low,0.94,0.13452595645248452,0.20225102657891036,0.8,0.3,0.9345259564524846,1.398874486710545,3.0,2.1853398130513293,75.42546203643542,75.42546203643542
low,high,0.94,-0.033182928188226664,0.2678360824771324,0.2,0.7,0.16681707181177335,1.3660819587614337,7.0,4.900176473388192,75.42546203643542,75.42546203643542
high,high,0.94,0.08070025675951416,0.6170770785973456,0.8,0.7,0.8807002567595142,1.1914614607013272,7.0,5.916518186074618,75.42546203643542,75.42546203643542
low,low,0.94,-0.0013626011456799095,0.19197275602216424,0.2,0.3,0.1986373988543201,1.4040136219889179,3.0,0.9004341866030281,75.42546203643542,75.42546203643542
low,high,0.94,-0.03339596914114904,0.28569785683922133,0.2,0.7,0.16660403085885098,1.3571510715803894,7.0,4.900174203034985,75.42546203643542,75.42546203643542
high,high,0.94,-0.012695239185093238,0.6968769297941143,0.8,0.7,0.7873047608149069,1.151561535102943,7.0,5.7540154881842005,75.42546203643542,75.42546203643542
low,high,0.94,-0.1344693219516081,0.8211599997109613,0.2,0.7,0.06553067804839191,1.0894200001445193,7.0,4.900001316493296,75.42546203643542,75.42546203643542
high,high,0.94,0.05140130496641676,0.42042477988366456,0.8,0.7,0.8514013049664169,1.2897876100581678,7.0,5.954838785584265,75.42546203643542,75.42546203643542
high,high,0.94,0.2726234336648277,0.841041782435534,0.8,0.7,1.0726234336648277,1.079479108782233,7.0,6.078347386223625,75.42546203643542,75.42546203643542
low,high,0.94,-0.045140627633707776,0.3983488181262905,0.2,0.7,0.15485937236629224,1.3008255909368547,7.0,4.90011585280305,75.42546203643542,75.42546203643542
high,high,0.94,-0.14413260858016094,0.0011638054907920914,0.8,0.7,0.6558673914198391,1.4994180972546038,7.0,5.784999034934092,75.42546203643542,75.42546203643542
high,high,0.94,-0.05058247448945048,0.9518097753020665,0.8,0.7,0.7494175255105495,1.0240951123489668,7.0,5.614077090136151,75.42546203643542,75.42546203643542
high,low,0.94,0.16109111027690975,0.7172349842183089,0.8,0.3,0.9610911102769097,1.1413825078908455,3.0,1.9861427629418564,75.42546203643542,75.42546203643542
high,high,0.94,0.03992301364383061,0.19148621546771472,0.8,0.7,0.8399230136438307,1.4042568922661427,7.0,6.0291351191132145,75.42546203643542,75.42546203643542
high,high,0.94,0.003999116222369427,0.8158936897750578,0.8,0.7,0.8039991162223695,1.092053155112471,7.0,5.731406168060965,75.42546203643542,75.42546203643542
low,low,0.94,0.04983460842344422,0.10314100081092603,0.2,0.3,0.24983460842344424,1.448429499594537,3.0,0.9014098092519274,75.42546203643542,75.42546203643542
high,low,0.94,0.08418777346763325,0.6569223085056073,0.8,0.3,0.8841877734676333,1.1715388457471962,3.0,1.904470819979893,75.42546203643542,75.42546203643542
low,high,0.94,0.01612028483765937,0.03786154200781755,0.2,0.7,0.21612028483765938,1.4810692289960912,7.0,4.900698317644055,75.42546203643542,75.42546203643542
low,high,0.94,0.047952203233627685,0.7447465269283831,0.2,0.7,0.2479522032336277,1.1276267365358086,7.0,4.90105683021889,75.42546203643542,75.42546203643542
high,low,0.94,-0.08672277934122968,0.4579522703332276,0.8,0.3,0.7132772206587703,1.2710238648333863,3.0,1.7331566175334145,75.42546203643542,75.42546203643542
low,low,0.94,0.03308725854185973,0.6681490164012457,0.2,0.3,0.23308725854185974,1.165925491799377,3.0,0.9008021645540566,75.42546203643542,75.42546203643542
high,high,0.94,-0.19438290114203235,0.5719007089729029,0.8,0.7,0.6056170988579677,1.2140496455135485,7.0,5.548610697265337,75.42546203643542,75.42546203643542
low,high,0.94,-0.04106466477244886,0.7308893789045501,0.2,0.7,0.15893533522755116,1.134555310547725,7.0,4.900115060957646,75.42546203643542,75.42546203643542
low,high,0.94,-6.027360167082838e-05,0.44073678738657474,0.2,0.7,0.1999397263983292,1.2796316063067126,7.0,4.900408865461762,75.42546203643542,75.42546203643542
low,low,0.94,-0.03784034817140769,0.7921959381518604,0.2,0.3,0.16215965182859232,1.1039020309240697,3.0,0.9001237783098988,75.42546203643542,75.42546203643542
low,low,0.94,0.004708929617506384,0.7678196796295631,0.2,0.3,0.2047089296175064,1.1160901601852184,3.0,0.9004012205939954,75.42546203643542,75.42546203643542
high,low,0.94,-0.024560919139162724,0.739294279672926,0.8,0.3,0.7754390808608373,1.130352860163537,3.0,1.7225241228920904,75.42546203643542,75.42546203643542
high,low,0.94,0.04483722209989896,0.5959360582167493,0.8,0.3,0.844837222099899,1.2020319708916254,3.0,1.8736039311226327,75.42546203643542,75.42546203643542
low,low,0.94,-0.11607291833161466,0.7952098246453682,0.2,0.3,0.08392708166838535,1.1023950876773159,3.0,0.9000045903719729,75.42546203643542,75.42546203643542
high,high,0.94,0.04427062139669832,0.515170628882014,0.8,0.7,0.8442706213966984,1.242414685558993,7.0,5.905468970721018,75.42546203643542,75.42546203643542
low,high,0.94,0.10987566380290946,0.5324764708943476,0.2,0.7,0.3098756638029095,1.2337617645528263,7.0,4.903525077401795,75.42546203643542,75.42546203643542
low,low,0.94,0.18548630812120107,0.7038756804019808,0.2,0.3,0.3854863081212011,1.1480621597990095,3.0,0.9097726014769053,75.42546203643542,75.42546203643542
low,low,0.94,-0.09134100219896209,0.4324190335836453,0.2,0.3,0.10865899780103792,1.2837904832081772,3.0,0.9000194456572803,75.42546203643542,75.42546203643542
low,low,0.94,-0.14565326286081956,0.9162953805894258,0.2,0.3,0.05434673713918045,1.0418523097052872,3.0,0.9000004939392459,75.42546203643542,75.42546203643542
high,low,0.94,0.053823104381178294,0.2996603223271487,0.8,0.3,0.8538231043811784,1.3501698388364256,3.0,2.00814931005348,75.42546203643542,75.42546203643542
low,low,0.94,-0.010897659262453674,0.9712509605406588,0.2,0.3,0.18910234073754634,1.0143745197296705,3.0,0.9002452917009244,75.42546203643542,75.42546203643542
high,low,0.94,-0.17041276063250987,0.8879608957140661,0.8,0.3,0.6295872393674902,1.056019552142967,3.0,1.4922319804380244,75.42546203643542,75.42546203643542
high,low,0.94,-0.12831577878160663,0.7913472703454062,0.8,0.3,0.6716842212183934,1.104326364827297,3.0,1.5715121477119358,75.42546203643542,75.42546203643542
low,low,0.94,-0.046125052345557166,0.3271891192983698,0.2,0.3,0.15387494765444285,1.336405440350815,3.0,0.9001152863331228,75.42546203643542,75.42546203643542
high,high,0.94,-0.05486499139816704,0.7665323037280738,0.8,0.7,0.745135008601833,1.1167338481359632,7.0,5.673113737141385,75.42546203643542,75.42546203643542
low,low,0.94,-0.08584099153182663,0.0005089921569699785,0.2,0.3,0.11415900846817338,1.499745503921515,3.0,0.900029078266256,75.42546203643542,75.42546203643542
low,low,0.94,-0.16550066336206606,0.1497807149961653,0.2,0.3,0.03449933663793395,1.4251096425019174,3.0,0.9000000696469336,75.42546203643542,75.42546203643542
low,low,0.94,0.09073961360495339,0.8672544991728741,0.2,0.3,0.2907396136049534,1.066372750413563,3.0,0.9022152874308764,75.42546203643542,75.42546203643542
low,high,0.94,0.031035904062816883,0.4169156716179049,0.2,0.7,0.2310359040628169,1.2915421641910476,7.0,4.900850170382985,75.42546203643542,75.42546203643542
high,high,0.94,-0.01706202583110447,0.9528325943894159,0.8,0.7,0.7829379741688955,1.023583702805292,7.0,5.653845869891875,75.42546203643542,75.42546203643542
high,high,0.94,0.1194072458320703,0.29894661235010245,0.8,0.7,0.9194072458320703,1.3505266938249487,7.0,6.115872610181379,75.42546203643542,75.42546203643542
high,high,0.94,-0.02256787535597109,0.7347137435995301,0.8,0.7,0.777432124644029,1.132643128200235,7.0,5.726839465172232,75.42546203643542,75.42546203643542
high,low,0.94,0.00232562878709355,0.18964559126028657,0.8,0.3,0.8023256287870936,1.4051772043698567,3.0,1.9670123035246196,75.42546203643542,75.42546203643542
low,low,0.94,0.022935080595531093,0.560909165315302,0.2,0.3,0.2229350805955311,1.219545417342349,3.0,0.9006715680808058,75.42546203643542,75.42546203643542
low,high,0.94,0.03798814620970281,0.912221805108517,0.2,0.7,0.23798814620970282,1.0438890974457415,7.0,4.900796949848383,75.42546203643542,75.42546203643542
low,low,0.94,0.11293341374164514,0.0077876700542465205,0.2,0.3,0.3129334137416452,1.4961061649728769,3.0,0.9044897494045474,75.42546203643542,75.42546203643542
low,high,0.94,-0.23686243758169678,0.4280979160032906,0.2,0.7,-0.03686243758169677,1.2859510419983546,7.0,4.899999912472467,75.42546203643542,75.42546203643542
high,high,0.94,-0.08928926187361624,0.23929518162579722,0.8,0.7,0.7107107381263837,1.3803524091871013,7.0,5.800753740237363,75.42546203643542,75.42546203643542
high,high,0.94,0.19647701931249917,0.9307754570920876,0.8,0.7,0.9964770193124992,1.0346122714539563,7.0,5.93005813081262,75.42546203643542,75.42546203643542
low,low,0.94,-0.12554542092172477,0.42893679651326033,0.2,0.3,0.07445457907827524,1.2855316017433698,3.0,0.9000029413033721,75.42546203643542,75.42546203643542
low,high,0.94,0.10715341640594084,0.0931129774782602,0.2,0.7,0.30715341640594085,1.45344351126087,7.0,4.903973515474234,75.42546203643542,75.42546203643542
high,low,0.94,-0.07240982720679515,0.44607691206027755,0.8,0.3,0.7275901727932049,1.2769615439698612,3.0,1.7580969322643978,75.42546203643542,75.42546203643542
high,low,0.94,-0.12785973969720885,0.37674441225121746,0.8,0.3,0.6721402603027912,1.3116277938743912,3.0,1.6982436974662503,75.42546203643542,75.42546203643542
high,low,0.94,-0.024866084672322576,0.8559006654893161,0.8,0.3,0.7751339153276775,1.072049667255342,3.0,1.6797148950678495,75.42546203643542,75.42546203643542
high,low,0.94,0.0453818607652288,0.7164897819662023,0.8,0.3,0.8453818607652288,1.141755109016899,3.0,1.825527057781572,75.42546203643542,75.42546203643542
low,low,0.94,-0.03402293986481641,0.11489266325633196,0.2,0.3,0.1659770601351836,1.442553668371834,3.0,0.9001817072764533,75.42546203643542,75.42546203643542
low,high,0.94,0.017250608644312656,0.8366248236214584,0.2,0.7,0.21725060864431267,1.0816875881892707,7.0,4.9005234881505055,75.42546203643542,75.42546203643542
low,high,0.94,0.007388944154317645,0.48603081422489824,0.2,0.7,0.20738894415431766,1.256984592887551,7.0,4.9004822341444845,75.42546203643542,75.42546203643542
high,low,0.94,-0.1821788483205653,0.005341189957713377,0.8,0.3,0.6178211516794347,1.4973294050211434,3.0,1.7201547780502247,75.42546203643542,75.42546203643542
high,high,0.94,-0.14869826740172384,0.09100194106593074,0.8,0.7,0.6513017325982762,1.4544990294670346,7.0,5.751022862913111,75.42546203643542,75.42546203643542
low,high,0.94,-0.059583421581032726,0.321851557971104,0.2,0.7,0.1404165784189673,1.339074221014448,7.0,4.900073096499638,75.42546203643542,75.42546203643542
high,high,0.94,0.01908958312481078,0.6107814428166476,0.8,0.7,0.8190895831248108,1.1946092785916762,7.0,5.830872364083628,75.42546203643542,75.42546203643542
high,low,0.94,0.12271723508221444,0.06480507427247428,0.8,0.3,0.9227172350822145,1.467597462863763,3.0,2.2272194672876724,75.42546203643542,75.42546203643542
low,low,0.94,0.07604971065997794,0.3448936680592455,0.2,0.3,0.27604971065997796,1.3275531659703772,3.0,0.9021280822244209,75.42546203643542,75.42546203643542
low,low,0.94,0.10421990728192146,0.49218206596638925,0.2,0.3,0.3042199072819215,1.2539089670168053,3.0,0.903267413930601,75.42546203643542,75.42546203643542
low,high,0.94,0.0252609739840465,0.22672100831475195,0.2,0.7,0.22526097398404651,1.386639495842624,7.0,4.900804254230496,75.42546203643542,75.42546203643542
low,high,0.94,-0.06771925790525152,0.6782644230674606,0.2,0.7,0.1322807420947485,1.1608677884662697,7.0,4.90004701818645,75.42546203643542,75.42546203643542
high,high,0.94,0.12259759805092074,0.7655638692945734,0.8,0.7,0.9225975980509208,1.1172180653527133,7.0,5.910190660706812,75.42546203643542,75.42546203643542
low,low,0.94,-0.04989739499049417,0.9482304222918074,0.2,0.3,0.15010260500950584,1.0258847888540963,3.0,0.9000781699326129,75.42546203643542,75.42546203643542
low,high,0.94,-0.1440381901775748,0.8632183908308065,0.2,0.7,0.05596180982242521,1.0683908045845967,7.0,4.900000586393162,75.42546203643542,75.42546203643542
high,low,0.94,-0.020939499243934612,0.5017004858628175,0.8,0.3,0.7790605007560655,1.2491497570685912,3.0,1.8142784639054514,75.42546203643542,75.42546203643542
low,high,0.94,-0.029011838002413578,0.6174008709986165,0.2,0.7,0.17098816199758643,1.1912995645006919,7.0,4.900174121020125,75.42546203643542,75.42546203643542
low,high,0.94,-0.002508268924851192,0.7338795479611735,0.2,0.7,0.1974917310751488,1.1330602260194134,7.0,4.900340406290882,75.42546203643542,75.42546203643542
low,low,0.94,0.10666424455908703,0.9688430593837989,0.2,0.3,0.30666424455908703,1.0155784703081006,3.0,0.9027544138780785,75.42546203643542,75.42546203643542
high,high,0.94,0.15774039927571834,0.9496244938573347,0.8,0.7,0.9577403992757184,1.0251877530713327,7.0,5.871321872458105,75.42546203643542,75.42546203643542
low,low,0.94,-0.1583943213118986,0.2729176928871119,0.2,0.3,0.041605678688101416,1.3635411535564441,3.0,0.900000169993104,75.42546203643542,75.42546203643542
high,high,0.94,0.11528258139834896,0.5290856179169082,0.8,0.7,0.915282581398349,1.235457191041546,7.0,6.0060422025352915,75.42546203643542,75.42546203643542
low,high,0.94,0.025036342475360424,0.45885027683933655,0.2,0.7,0.22503634247536045,1.2705748615803318,7.0,4.9007332693995105,75.42546203643542,75.42546203643542
high,low,0.94,0.13870877073444463,0.42794443636096047,0.8,0.3,0.9387087707344447,1.2860277818195198,3.0,2.0882667510098294,75.42546203643542,75.42546203643542
low,low,0.94,0.10514299910096657,0.9583847966609644,0.2,0.3,0.3051429991009666,1.0208076016695178,3.0,0.9027006042537178,75.42546203643542,75.42546203643542
high,high,0.94,-0.05448334969567033,0.03858922885333804,0.8,0.7,0.7455166503043297,1.480705385573331,7.0,5.9257472002173905,75.42546203643542,75.42546203643542
high,low,0.94,0.09421189416336431,0.9663909184946765,0.8,0.3,0.8942118941633643,1.0168045407526618,3.0,1.7841745901681527,75.42546203643542,75.42546203643542
low,low,0.94,-0.12811408597058332,0.7671446411892635,0.2,0.3,0.07188591402941669,1.1164276794053682,3.0,0.9000021431353071,75.42546203643542,75.42546203643542
high,low,0.94,-0.15485213146632593,0.30347115196486263,0.8,0.3,0.6451478685336741,1.3482644240175687,3.0,1.6795593029812876,75.42546203643542,75.42546203643542
low,high,0.94,-0.05119919023244218,0.8890775228064253,0.2,0.7,0.14880080976755783,1.0554612385967874,7.0,4.9000769961060096,75.42546203643542,75.42546203643542
high,high,0.94,-0.018009156170742398,0.13306027074282112,0.8,0.7,0.7819908438292577,1.4334698646285895,7.0,5.954121453950391,75.42546203643542,75.42546203643542
high,low,0.94,0.12916926163625148,0.2704773647171782,0.8,0.3,0.9291692616362515,1.3647613176414108,3.0,2.1450169018527028,75.42546203643542,75.42546203643542
high,high,0.94,-0.11160667131618707,0.8768472926928988,0.8,0.7,0.688393328683813,1.0615763536535505,7.0,5.565651710368001,75.42546203643542,75.42546203643542
low,high,0.94,-0.11113771530071621,0.43469979079399135,0.2,0.7,0.0888622846992838,1.2826501046030043,7.0,4.900007107151544,75.42546203643542,75.42546203643542
high,high,0.94,0.01449155175179298,0.3271041533481326,0.8,0.7,0.814491551751793,1.3364479233259337,7.0,5.9340946004947766,75.42546203643542,75.42546203643542
high,low,0.94,0.0911221426879279,0.8414724340081877,0.8,0.3,0.8911221426879279,1.0792637829959062,3.0,1.8344351090882154,75.42546203643542,75.42546203643542
low,low,0.94,-0.006940402505062617,0.7247349685321643,0.2,0.3,0.1930595974949374,1.1376325157339178,3.0,0.9003051117821146,75.42546203643542,75.42546203643542
high,high,0.94,0.09168589744275843,0.26521534153466075,0.8,0.7,0.8916858974427585,1.3673923292326697,7.0,6.0848353740411625,75.42546203643542,75.42546203643542
low,low,0.94,0.025815076133952133,0.7100941593691426,0.2,0.3,0.22581507613395213,1.1449529203154287,3.0,0.9006722832584345,75.42546203643542,75.42546203643542
low,high,0.94,0.08938862189381327,0.04188444574565631,0.2,0.7,0.2893886218938133,1.4790577771271718,7.0,4.903001873573369,75.42546203643542,75.42546203643542
low,low,0.94,0.10042020139869606,0.8038069711000648,0.2,0.3,0.3004202013986961,1.0980965144499675,3.0,0.9026871145322978,75.42546203643542,75.42546203643542
high,low,0.94,-0.023842977402962002,0.4615731300601221,0.8,0.3,0.776157022597038,1.2692134349699389,3.0,1.8246378125508351,75.42546203643542,75.42546203643542
low,high,0.94,-0.08701527508394419,0.7515133289968038,0.2,0.7,0.11298472491605582,1.1242433355015982,7.0,4.9000206994585085,75.42546203643542,75.42546203643542
high,low,0.94,0.19396615396713723,0.49898968643110053,0.8,0.3,0.9939661539671373,1.2505051567844498,3.0,2.1410805867434375,75.42546203643542,75.42546203643542
high,low,0.94,-0.13284680421434408,0.553344940201807,0.8,0.3,0.667153195785656,1.2233275298990964,3.0,1.6376064617182875,75.42546203643542,75.42546203643542
low,high,0.94,0.16167118981466133,0.8407453255985615,0.2,0.7,0.36167118981466134,1.0796273372007192,7.0,4.906681030390011,75.42546203643542,75.42546203643542
high,high,0.94,0.0932962541009407,0.6075973589367779,0.8,0.7,0.8932962541009407,1.196201320531611,7.0,5.938840011967686,75.42546203643542,75.42546203643542
high,low,0.94,-0.175885523798204,0.45376659278146936,0.8,0.3,0.624114476201796,1.2731167036092654,3.0,1.606233860930543,75.42546203643542,75.42546203643542
high,low,0.94,-0.0917908296228039,0.4306037513536858,0.8,0.3,0.7082091703771961,1.2846981243231572,3.0,1.734647357129785,75.42546203643542,75.42546203643542
high,low,0.94,-0.02082514888322443,0.6683317915904844,0.8,0.3,0.7791748511167756,1.1658341042047577,3.0,1.7534545811918014,75.42546203643542,75.42546203643542
high,high,0.94,0.19094525006905858,0.2490607118867706,0.8,0.7,0.9909452500690586,1.3754696440566148,7.0,6.259919137755059,75.42546203643542,75.42546203643542
high,low,0.94,-0.061584759405393076,0.6341789291166957,0.8,0.3,0.738415240594607,1.182910535441652,3.0,1.7097066657166853,75.42546203643542,75.42546203643542
low,high,0.94,0.05948353028093431,0.9307537649181368,0.2,0.7,0.2594835302809343,1.0346231175409315,7.0,4.901217113746329,75.42546203643542,75.42546203643542
low,high,0.94,-0.057749447512284835,0.8641714994470148,0.2,0.7,0.14225055248771518,1.0679142502764927,7.0,4.900062202263824,75.42546203643542,75.42546203643542
high,low,0.94,0.1449710909821839,0.4255528012308175,0.8,0.3,0.9449710909821839,1.2872235993845913,3.0,2.0992981024409136,75.42546203643542,75.42546203643542
high,high,0.94,-0.03193177000701461,0.015405698637861676,0.8,0.7,0.7680682299929854,1.4922971506810692,7.0,5.973013192780003,75.42546203643542,75.42546203643542
high,high,0.94,-0.04150981462157132,0.10961746974067599,0.8,0.7,0.7584901853784287,1.4451912651296621,7.0,5.922969734489147,75.42546203643542,75.42546203643542
high,high,0.94,0.006040533809524799,0.8252286753050877,0.8,0.7,0.8060405338095249,1.0873856623474563,7.0,5.730481007299733,75.42546203643542,75.42546203643542
low,low,0.94,-0.102664295246636,0.8849247238212067,0.2,0.3,0.097335704753364,1.0575376380893966,3.0,0.9000092396755552,75.42546203643542,75.42546203643542
high,low,0.94,-0.0790943877759675,0.9807534710329091,0.8,0.3,0.7209056122240325,1.0096232644835454,3.0,1.570667648534199,75.42546203643542,75.42546203643542
low,low,0.94,0.12128568309648693,0.3355489439129201,0.2,0.3,0.321285683096487,1.33222552804354,3.0,0.9045607326813041,75.42546203643542,75.42546203643542
high,low,0.94,0.1625909738696163,0.09433805438334375,0.8,0.3,0.9625909738696163,1.4528309728083282,3.0,2.2852154322593097,75.42546203643542,75.42546203643542
high,high,0.94,-0.0747191483643385,0.4271139805418619,0.8,0.7,0.7252808516356616,1.286443009729069,7.0,5.761039977718274,75.42546203643542,75.42546203643542
high,high,0.94,0.11263826707464948,0.8753410920257877,0.8,0.7,0.9126382670746496,1.0623294539871062,7.0,5.847616395926297,75.42546203643542,75.42546203643542
high,high,0.94,-0.07797324062820087,0.568994839399051,0.8,0.7,0.7220267593717992,1.2155025803004744,7.0,5.708998100557656,75.42546203643542,75.42546203643542
high,high,0.94,-0.04493332928045424,0.5419202651110762,0.8,0.7,0.7550666707195458,1.2290398674444618,7.0,5.7650627199497775,75.42546203643542,75.42546203643542
low,low,0.94,-0.31992747224626106,0.01948816075618698,0.2,0.3,-0.11992747224626105,1.4902559196219065,3.0,0.8999630295909612,75.42546203643542,75.42546203643542
low,high,0.94,-0.1750275743484563,0.7971330416077667,0.2,0.7,0.0249724256515437,1.1014334791961167,7.0,4.900000010696997,75.42546203643542,75.42546203643542
low,high,0.94,-0.06255457001436542,0.24841815542381995,0.2,0.7,0.13744542998563458,1.37579092228809,7.0,4.900067484488569,75.42546203643542,75.42546203643542
high,low,0.94,-0.038034568226132937,0.15475080146752362,0.8,0.3,0.7619654317738671,1.4226245992662383,3.0,1.9127666700221604,75.42546203643542,75.42546203643542
high,low,0.94,-0.0882347014658459,0.04581172335969719,0.8,0.3,0.7117652985341542,1.4770941383201515,3.0,1.8656709967873812,75.42546203643542,75.42546203643542
high,low,0.94,-0.017125543856754907,0.6525857823231056,0.8,0.3,0.7828744561432451,1.1737071088384472,3.0,1.7643206492983985,75.42546203643542,75.42546203643542
high,low,0.94,0.017992795509744072,0.08202008095621394,0.8,0.3,0.8179927955097441,1.458989959521893,3.0,2.0349824638190257,75.42546203643542,75.42546203643542
low,low,0.94,-0.08965257176132296,0.9279361517225123,0.2,0.3,0.11034742823867705,1.036031924138744,3.0,0.9000169505665137,75.42546203643542,75.42546203643542
low,low,0.94,0.07709520587343283,0.4066511041182823,0.2,0.3,0.27709520587343284,1.296674447940859,3.0,0.9021182441348852,75.42546203643542,75.42546203643542
high,high,0.94,-0.11272115164334771,0.6295135807601954,0.8,0.7,0.6872788483566523,1.1852432096199024,7.0,5.641692177753355,75.42546203643542,75.42546203643542
low,high,0.94,-0.038993626776334944,0.058418547885314975,0.2,0.7,0.16100637322366507,1.4707907260573425,7.0,4.900159135187259,75.42546203643542,75.42546203643542
high,high,0.94,-0.0013985325322031245,0.19671009772898795,0.8,0.7,0.7986014674677969,1.401644951135506,7.0,5.958158309850816,75.42546203643542,75.42546203643542
low,high,0.94,-0.14869874237608469,0.7016792044493954,0.2,0.7,0.051301257623915325,1.1491603977753022,7.0,4.900000408338857,75.42546203643542,75.42546203643542
low,high,0.94,0.06093737123257618,0.2278254796566075,0.2,0.7,0.2609373712325762,1.3860872601716963,7.0,4.901676764173564,75.42546203643542,75.42546203643542
high,high,0.94,0.08014429501018645,0.8797857319147785,0.8,0.7,0.8801442950101865,1.0601071340426107,7.0,5.803737087032859,75.42546203643542,75.42546203643542
high,low,0.94,-0.1567519424338535,0.7527297090638699,0.8,0.3,0.6432480575661466,1.123635145468065,3.0,1.5472892866922896,75.42546203643542,75.42546203643542
low,high,0.94,0.020869122842342314,0.829427953218883,0.2,0.7,0.22086912284234234,1.0852860233905586,7.0,4.90057045217747,75.42546203643542,75.42546203643542
high,high,0.94,0.0346881274357755,0.24657162327971083,0.8,0.7,0.8346881274357756,1.3767141883601446,7.0,5.998371064852579,75.42546203643542,75.42546203643542
high,low,0.94,0.14813684811737513,0.4791536462414989,0.8,0.3,0.9481368481173752,1.2604231768792507,3.0,2.079248036929953,75.42546203643542,75.42546203643542
high,low,0.94,0.07451822901694664,0.6529426900117937,0.8,0.3,0.8745182290169466,1.173528654994103,3.0,1.8924411923946924,75.42546203643542,75.42546203643542
low,high,0.94,-0.013013922489120536,0.45170457139588394,0.2,0.7,0.18698607751087948,1.274147714302058,7.0,4.900291250135501,75.42546203643542,75.42546203643542
low,high,0.94,-0.024324076768376758,0.40410306428477616,0.2,0.7,0.17567592323162326,1.2979484678576119,7.0,4.900217179421994,75.42546203643542,75.42546203643542
low,low,0.94,-0.08659369878247308,0.4761874341220429,0.2,0.3,0.11340630121752693,1.2619062829389787,3.0,0.9000236708052753,75.42546203643542,75.42546203643542
low,high,0.94,0.061648686482510054,0.4188997056876199,0.2,0.7,0.26164868648251005,1.29055014715619,7.0,4.90158258730977,75.42546203643542,75.42546203643542
high,low,0.94,-0.12781628900154637,0.6063970935537156,0.8,0.3,0.6721837109984536,1.1968014532231421,3.0,1.6284203795880363,75.42546203643542,75.42546203643542
high,high,0.94,0.09937983892747329,0.23515752959885217,0.8,0.7,0.8993798389274733,1.382421235200574,7.0,6.110791410137089,75.42546203643542,75.42546203643542
low,low,0.94,0.132269938425437,0.6123103815042764,0.2,0.3,0.332269938425437,1.1938448092478617,3.0,0.9048350740568013,75.42546203643542,75.42546203643542
low,high,0.94,-0.08989098860407901,0.23882722247797206,0.2,0.7,0.110109011395921,1.380586388761014,7.0,4.9000223448737,75.42546203643542,75.42546203643542
low,low,0.94,0.0646379189525189,0.8714737498405001,0.2,0.3,0.2646379189525189,1.06426312507975,3.0,0.901381367959232,75.42546203643542,75.42546203643542
low,high,0.94,-0.10210875195684793,0.060661744203221235,0.2,0.7,0.09789124804315208,1.4696691278983893,7.0,4.900013211097533,75.42546203643542,75.42546203643542
high,high,0.94,-0.0334996714953223,0.24330880003976396,0.8,0.7,0.7665003285046778,1.378345599980118,7.0,5.88854980746604,75.42546203643542,75.42546203643542
low,high,0.94,0.09314789325787931,0.4349185393684155,0.2,0.7,0.2931478932578793,1.2825407303157923,7.0,4.9027765471524445,75.42546203643542,75.42546203643542
low,high,0.94,0.1648778558914537,0.8857297442518482,0.2,0.7,0.3648778558914537,1.057135127874076,7.0,4.906837038736629,75.42546203643542,75.42546203643542
low,low,0.94,-0.025121912790081954,0.9286657631229581,0.2,0.3,0.17487808720991804,1.0356671184385209,3.0,0.9001693936632011,75.42546203643542,75.42546203643542
low,low,0.94,0.16978892313520766,0.25439750258688765,0.2,0.3,0.36978892313520767,1.3728012487065562,3.0,0.9094924245777214,75.42546203643542,75.42546203643542
high,low,0.94,0.004846983582492623,0.4807876266988762,0.8,0.3,0.8048469835824926,1.259606186650562,3.0,1.8602325773013564,75.42546203643542,75.42546203643542
high,high,0.94,0.1364774252024424,0.5552721593313443,0.8,0.7,0.9364774252024425,1.222363920334328,7.0,6.026087567062012,75.42546203643542,75.42546203643542
high,high,0.94,-0.048213519333050486,0.2167822370654343,0.8,0.7,0.7517864806669495,1.391608881467283,7.0,5.874171301262573,75.42546203643542,75.42546203643542
low,low,0.94,-0.14672317995679474,0.6235048338189562,0.2,0.3,0.053276820043205275,1.188247583090522,3.0,0.9000005100331621,75.42546203643542,75.42546203643542
low,low,0.94,-0.008061816978862844,0.5314210752710935,0.2,0.3,0.19193818302113716,1.2342894623644534,3.0,0.9003215317894159,75.42546203643542,75.42546203643542
low,low,0.94,-0.007385302690286377,0.5038922872422179,0.2,0.3,0.19261469730971365,1.248053856378891,3.0,0.9003308875596019,75.42546203643542,75.42546203643542
high,low,0.94,-0.05341460770807162,0.280935354241973,0.8,0.3,0.7465853922919284,1.3595323228790135,3.0,1.843493467819893,75.42546203643542,75.42546203643542
high,low,0.94,-0.03844371941462587,0.0452091381001104,0.8,0.3,0.7615562805853742,1.4773954309499449,3.0,1.9510521301319674,75.42546203643542,75.42546203643542
high,high,0.94,0.14793259931137892,0.5341497320876331,0.8,0.7,0.947932599311379,1.2329251339561835,7.0,6.053210345016313,75.42546203643542,75.42546203643542
low,high,0.94,-0.16459670973916732,0.5089859388945134,0.2,0.7,0.03540329026083269,1.2455070305527434,7.0,4.90000006927305,75.42546203643542,75.42546203643542
high,high,0.94,-0.1480686135742418,0.2325455103155507,0.8,0.7,0.6519313864257582,1.3837272448422246,7.0,5.710593010602776,75.42546203643542,75.42546203643542
high,low,0.94,0.01825094735996533,0.5103479298748858,0.8,0.3,0.8182509473599654,1.244826035062557,3.0,1.8687613613995495,75.42546203643542,75.42546203643542
low,low,0.94,-0.07251272143582844,0.693419478744479,0.2,0.3,0.12748727856417158,1.1532902606277604,3.0,0.9000388394326031,75.42546203643542,75.42546203643542
high,high,0.94,0.14608690433703317,0.8756148411268181,0.8,0.7,0.9460869043370332,1.062192579436591,7.0,5.891099031838672,75.42546203643542,75.42546203643542
low,high,0.94,-0.14089223787066854,0.6455119655708368,0.2,0.7,0.05910776212933147,1.1772440172145817,7.0,4.900000849354664,75.42546203643542,75.42546203643542
high,high,0.94,0.022022934358040314,0.060954712484004636,0.8,0.7,0.8220229343580403,1.4695226437579976,7.0,6.050220756780968,75.42546203643542,75.42546203643542
low,low,0.94,0.10422004446776151,0.6101103938066645,0.2,0.3,0.3042200444677615,1.1949448030966678,3.0,0.9031137731700707,75.42546203643542,75.42546203643542
low,high,0.94,0.04113266938942252,0.910233399568974,0.2,0.7,0.24113266938942252,1.044883300215513,7.0,4.900851820441219,75.42546203643542,75.42546203643542
low,low,0.94,0.06717057451014549,0.3625980404361768,0.2,0.3,0.2671705745101455,1.3187009797819116,3.0,0.9017951033218506,75.42546203643542,75.42546203643542
low,low,0.94,-0.25149458502904987,0.04186258582593938,0.2,0.3,-0.051494585029049855,1.4790687070870303,3.0,0.8999994644547615,75.42546203643542,75.42546203643542
high,high,0.94,-0.06792471351432981,0.3747731712043283,0.8,0.7,0.7320752864856702,1.3126134143978359,7.0,5.788856230357709,75.42546203643542,75.42546203643542
high,high,0.94,-0.17941542995619253,0.11237916200284914,0.8,0.7,0.6205845700438075,1.4438104189985754,7.0,5.695264118691299,75.42546203643542,75.42546203643542
low,high,0.94,-0.0999435575449904,0.18607693249418622,0.2,0.7,0.10005644245500961,1.406961533752907,7.0,4.900014109366366,75.42546203643542,75.42546203643542
low,low,0.94,0.02235774040174522,0.6352716904226118,0.2,0.3,0.22235774040174522,1.182364154788694,3.0,0.9006427062383972,75.42546203643542,75.42546203643542
low,low,0.94,0.20187248417908915,0.39514054350976735,0.2,0.3,0.40187248417908916,1.3024297282451163,3.0,0.9136519804585046,75.42546203643542,75.42546203643542
low,high,0.94,-0.164744093332735,0.5181765950115371,0.2,0.7,0.035255906667265025,1.2409117024942313,7.0,4.9000000675927815,75.42546203643542,75.42546203643542
low,high,0.94,0.2037951095563243,0.09641841506762117,0.2,0.7,0.4037951095563243,1.4517907924661895,7.0,4.915585089899315,75.42546203643542,75.42546203643542
high,high,0.94,0.09724734212025316,0.5413410161532732,0.8,0.7,0.8972473421202531,1.2293294919233633,7.0,5.973516011244322,75.42546203643542,75.42546203643542
low,low,0.94,0.060634177011791135,0.1693609417342573,0.2,0.3,0.26063417701179115,1.4153195291328713,3.0,0.9017022028779135,75.42546203643542,75.42546203643542
low,high,0.94,0.08469974389411059,0.7168710979321935,0.2,0.7,0.28469974389411057,1.1415644510339034,7.0,4.902135186517659,75.42546203643542,75.42546203643542
low,low,0.94,-0.0194695126560651,0.8135867465898903,0.2,0.3,0.1805304873439349,1.0932066267050549,3.0,0.9002096307693842,75.42546203643542,75.42546203643542
high,low,0.94,0.11745291328360684,0.7677171734682439,0.8,0.3,0.9174529132836069,1.116141413265878,3.0,1.9021874329731145,75.42546203643542,75.42546203643542
low,low,0.94,0.21565465522693034,0.2763094623840372,0.2,0.3,0.41565465522693035,1.3618452688079814,3.0,0.9168962766047697,75.42546203643542,75.42546203643542
high,high,0.94,0.19114131129159495,0.182296505918646,0.8,0.7,0.991141311291595,1.408851747040677,7.0,6.293268336864032,75.42546203643542,75.42546203643542
low,low,0.94,0.19137130246766837,0.8779395845599656,0.2,0.3,0.3913713024676684,1.0610302077200173,3.0,0.9097425498461595,75.42546203643542,75.42546203643542
high,low,0.94,0.1259105329124815,0.23667229821627855,0.8,0.3,0.9259105329124815,1.3816638508918606,3.0,2.1549131660615757,75.42546203643542,75.42546203643542
high,high,0.94,-0.04975941852169765,0.8169620055518699,0.8,0.7,0.7502405814783024,1.091518997224065,7.0,5.662135144388803,75.42546203643542,75.42546203643542
low,low,0.94,-0.000814378519299819,0.36048834741802627,0.2,0.3,0.19918562148070018,1.319755826290987,3.0,0.9004137933557761,75.42546203643542,75.42546203643542
low,high,0.94,0.21227355544183327,0.5040686424862993,0.2,0.7,0.4122735554418333,1.2479656787568503,7.0,4.9148638062232255,75.42546203643542,75.42546203643542
low,high,0.94,0.1790750368239113,0.7374885257047464,0.2,0.7,0.3790750368239113,1.1312557371476268,7.0,4.9088549624505395,75.42546203643542,75.42546203643542
high,low,0.94,0.17022967265672273,0.8903569382954932,0.8,0.3,0.9702296726567228,1.0548215308522533,3.0,1.915715726321202,75.42546203643542,75.42546203643542
low,high,0.94,-0.01734554958761709,0.016681116209775637,0.2,0.7,0.18265445041238293,1.4916594418951121,7.0,4.900303264079784,75.42546203643542,75.42546203643542
high,low,0.94,0.0005182765136825567,0.5291861991983675,0.8,0.3,0.8005182765136826,1.2354069004008164,3.0,1.8354575562054283,75.42546203643542,75.42546203643542
high,high,0.94,-0.007296398238831853,0.5320966636734954,0.8,0.7,0.7927036017611682,1.2339516681632523,7.0,5.82296809524018,75.42546203643542,75.42546203643542
high,low,0.94,-0.10057939217140698,0.22242831606934954,0.8,0.3,0.699420607828593,1.3887858419653252,3.0,1.7882972359886251,75.42546203643542,75.42546203643542
low,high,0.94,0.11842832150091548,0.0724226293031145,0.2,0.7,0.3184283215009155,1.4637886853484428,7.0,4.904792220844554,75.42546203643542,75.42546203643542
high,high,0.94,-0.09042464375114292,0.9690146255375405,0.8,0.7,0.7095753562488571,1.0154926872312298,7.0,5.561340249981485,75.42546203643542,75.42546203643542
low,high,0.94,0.18123596023742317,0.6991709149132181,0.2,0.7,0.3812359602374232,1.150414542543391,7.0,4.909264535665732,75.42546203643542,75.42546203643542
low,low,0.94,-0.038362465685263386,0.4114064389584563,0.2,0.3,0.16163753431473663,1.294296780520772,3.0,0.9001428055070116,75.42546203643542,75.42546203643542
high,low,0.94,-0.024486760830024563,0.6068503269327437,0.8,0.3,0.7755132391699755,1.1965748365336282,3.0,1.770815971776519,75.42546203643542,75.42546203643542
high,high,0.94,0.057161571009415414,0.9529622157373535,0.8,0.7,0.8571615710094155,1.0235188921313232,7.0,5.744158948325335,75.42546203643542,75.42546203643542
high,low,0.94,-0.16846822283680038,0.31234554408703885,0.8,0.3,0.6315317771631996,1.3438272279564805,3.0,1.656549670437234,75.42546203643542,75.42546203643542
low,low,0.94,0.1523439430031104,0.757930775713632,0.2,0.3,0.35234394300311045,1.121034612143184,3.0,0.9060876976162973,75.42546203643542,75.42546203643542
high,low,0.94,-0.013037291613149074,0.9974042648034126,0.8,0.3,0.786962708386851,1.0012978675982938,3.0,1.642174421407696,75.42546203643542,75.42546203643542
low,high,0.94,0.09797255178669567,0.7740762148825838,0.2,0.7,0.2979725517866957,1.1129618925587081,7.0,4.902614337156926,75.42546203643542,75.42546203643542
high,low,0.94,0.024723186835285446,0.3892161403774741,0.8,0.3,0.8247231868352854,1.3053919298112628,3.0,1.9259499613732862,75.42546203643542,75.42546203643542
low,high,0.94,0.053063041447044705,0.4708444656359396,0.2,0.7,0.2530630414470447,1.2645777671820302,7.0,4.901312469315432,75.42546203643542,75.42546203643542
low,low,0.94,0.01180537990533898,0.5324835546297985,0.2,0.3,0.211805379905339,1.2337582226851007,3.0,0.9005259143191849,75.42546203643542,75.42546203643542
low,low,0.94,0.02749397703547808,0.8459289026588782,0.2,0.3,0.22749397703547808,1.077035548670561,3.0,0.9006562654688187,75.42546203643542,75.42546203643542
high,low,0.94,0.024257235631066673,0.010208090763739075,0.8,0.3,0.8242572356310667,1.4948959546181304,3.0,2.0740576614381183,75.42546203643542,75.42546203643542
low,high,0.94,-0.0466963394695855,0.9621438656561355,0.2,0.7,0.1533036605304145,1.0189280671719323,7.0,4.900086279208016,75.42546203643542,75.42546203643542
low,low,0.94,-0.07572680858927304,0.8186145432665757,0.2,0.3,0.12427319141072697,1.090692728366712,3.0,0.9000323288067238,75.42546203643542,75.42546203643542
low,high,0.94,0.052888859112167765,0.5087322495128077,0.2,0.7,0.2528888591121678,1.245633875243596,7.0,4.901288364934747,75.42546203643542,75.42546203643542
low,high,0.94,-0.036491208481788794,0.6453731096879982,0.2,0.7,0.1635087915182112,1.1773134451560008,7.0,4.900137593414229,75.42546203643542,75.42546203643542
high,low,0.94,-0.036368695843006935,0.9112075506792406,0.8,0.3,0.7636313041569931,1.0443962246603797,3.0,1.6455382803004532,75.42546203643542,75.42546203643542
high,high,0.94,-0.17382053888394547,0.6170576959069985,0.8,0.7,0.6261794611160546,1.1914711520465007,7.0,5.5636774394286865,75.42546203643542,75.42546203643542
low,high,0.94,-0.118840631421385,0.7663370857644588,0.2,0.7,0.08115936857861501,1.1168314571177707,7.0,4.900003932610511,75.42546203643542,75.42546203643542
low,low,0.94,0.05948003072603795,0.8287753349712073,0.2,0.3,0.259480030726038,1.0856123325143963,3.0,0.9012770105102377,75.42546203643542,75.42546203643542
low,high,0.94,0.07943632526780015,0.5191150787977161,0.2,0.7,0.27943632526780016,1.240442460601142,7.0,4.902113444906892,75.42546203643542,75.42546203643542
low,low,0.94,-0.04683843137718882,0.08766036884082695,0.2,0.3,0.1531615686228112,1.4561698155795866,3.0,0.9001227329159045,75.42546203643542,75.42546203643542
high,high,0.94,0.06778917810582123,0.20549304619396846,0.8,0.7,0.8677891781058212,1.3972534769030158,7.0,6.070288631901146,75.42546203643542,75.42546203643542
high,high,0.94,0.20438799513714168,0.8401638225452742,0.8,0.7,1.0043879951371417,1.079918088727363,7.0,5.985844678273069,75.42546203643542,75.42546203643542
low,high,0.94,-0.16809226766156693,0.799845820073918,0.2,0.7,0.03190773233843308,1.100077089963041,7.0,4.900000036383361,75.42546203643542,75.42546203643542
low,high,0.94,0.0637163675746352,0.7962792822701108,0.2,0.7,0.26371636757463524,1.1018603588649447,7.0,4.901405438947935,75.42546203643542,75.42546203643542
high,low,0.94,-0.041940683803472545,0.33471304544626124,0.8,0.3,0.7580593161965274,1.3326434772768694,3.0,1.8426337055782804,75.42546203643542,75.42546203643542
low,low,0.94,0.06690944130193667,0.575587290887142,0.2,0.3,0.26690944130193667,1.212206354556429,3.0,0.901642087281689,75.42546203643542,75.42546203643542
high,high,0.94,0.08142019592640935,0.08572028540625865,0.8,0.7,0.8814201959264094,1.4571398572968706,7.0,6.144457255858249,75.42546203643542,75.42546203643542
high,low,0.94,-0.06204226785595756,0.05795858471947268,0.8,0.3,0.7379577321440425,1.4710207076402637,3.0,1.9061393760372034,75.42546203643542,75.42546203643542
high,high,0.94,0.06372099828137057,0.20969925189858385,0.8,0.7,0.8637209982813706,1.395150374050708,7.0,6.061683624462064,75.42546203643542,75.42546203643542
low,high,0.94,-0.0653127137210639,0.9195555347585371,0.2,0.7,0.1346872862789361,1.0402222326207315,7.0,4.9000461061804,75.42546203643542,75.42546203643542
low,high,0.94,0.07779305322375535,0.2816816004867756,0.2,0.7,0.27779305322375536,1.3591591997566121,7.0,4.902248418938537,75.42546203643542,75.42546203643542
low,high,0.94,0.055423750526465615,0.6607166178535131,0.2,0.7,0.2554237505264656,1.1696416910732435,7.0,4.901271625499127,75.42546203643542,75.42546203643542
low,high,0.94,0.09208820974177612,0.2651516712626403,0.2,0.7,0.29208820974177613,1.3674241643686798,7.0,4.902907189788606,75.42546203643542,75.42546203643542
low,low,0.94,-0.10558951903011152,0.3874415253675503,0.2,0.3,0.0944104809698885,1.3062792373162249,3.0,0.9000097979918676,75.42546203643542,75.42546203643542
high,low,0.94,0.03898265107977786,0.8156014462966122,0.8,0.3,0.8389826510797779,1.092199276851694,3.0,1.7769869079924283,75.42546203643542,75.42546203643542
high,high,0.94,0.07223917492542868,0.7311985788653776,0.8,0.7,0.8722391749254287,1.134400710567311,7.0,5.856226940433946,75.42546203643542,75.42546203643542
high,low,0.94,-0.08399420218144706,0.31995124637283967,0.8,0.3,0.716005797818553,1.3400243768135802,3.0,1.7825887199304595,75.42546203643542,75.42546203643542
low,low,0.94,0.013459387864333587,0.8560425683307774,0.2,0.3,0.2134593878643336,1.0719787158346112,3.0,0.9004750753104891,75.42546203643542,75.42546203643542
low,high,0.94,-0.029261645730286685,0.5524158824095341,0.2,0.7,0.17073835426971332,1.223792058795233,7.0,4.900177567338665,75.42546203643542,75.42546203643542
high,low,0.94,0.034520071886837506,0.8165889539272005,0.8,0.3,0.8345200718868375,1.0917055230363997,3.0,1.770766055619196,75.42546203643542,75.42546203643542
high,low,0.94,-0.14743563905721757,0.5434267655484654,0.8,0.3,0.6525643609427825,1.2282866172257674,3.0,1.6204086346467093,75.42546203643542,75.42546203643542
low,high,0.94,0.042623407831060056,0.2499938433812693,0.2,0.7,0.24262340783106007,1.3750030783093654,7.0,4.901156024830838,75.42546203643542,75.42546203643542
high,low,0.94,-0.03183889943163936,0.666351927252929,0.8,0.3,0.7681611005683607,1.1668240363735354,3.0,1.73911359128364,75.42546203643542,75.42546203643542
high,low,0.94,0.049879531786361196,0.7421637936613743,0.8,0.3,0.8498795317863612,1.1289181031693127,3.0,1.821211073573473,75.42546203643542,75.42546203643542
low,low,0.94,-0.09806605331385726,0.24063441922869788,0.2,0.3,0.10193394668614275,1.379682790385651,3.0,0.9000151835542333,75.42546203643542,75.42546203643542
low,low,0.94,-0.028373324363285116,0.571867254464879,0.2,0.3,0.1716266756367149,1.2140663727675605,3.0,0.9001807866603507,75.42546203643542,75.42546203643542
low,low,0.94,0.14083627962958825,0.03878018907518199,0.2,0.3,0.3408362796295883,1.480609905462409,3.0,0.9068103546950772,75.42546203643542,75.42546203643542
high,high,0.94,0.0452770755577707,0.9690562603929428,0.8,0.7,0.8452770755577708,1.0154718698035285,7.0,5.723032074989266,75.42546203643542,75.42546203643542
low,high,0.94,-0.029215612691112364,0.9160555723701508,0.2,0.7,0.17078438730888765,1.0419722138149246,7.0,4.900151389922955,75.42546203643542,75.42546203643542
high,high,0.94,-0.10885240183244943,0.20918967808397326,0.8,0.7,0.6911475981675506,1.3954051609580134,7.0,5.779354172845493,75.42546203643542,75.42546203643542
low,high,0.94,-0.05126646351038914,0.09974146426762753,0.2,0.7,0.14873353648961088,1.4501292678661861,7.0,4.900105548299356,75.42546203643542,75.42546203643542
low,low,0.94,0.05727451543177661,0.410038439876772,0.2,0.3,0.2572745154317766,1.294980780061614,3.0,0.9014596447420422,75.42546203643542,75.42546203643542
high,high,0.94,-0.22332303937292083,0.561769805231486,0.8,0.7,0.5766769606270792,1.219115097384257,7.0,5.512647210758352,75.42546203643542,75.42546203643542
low,low,0.94,0.1759154249684518,0.21909146446000038,0.2,0.3,0.3759154249684518,1.3904542677699998,3.0,0.9104377632523208,75.42546203643542,75.42546203643542
high,high,0.94,-0.08830916066725542,0.9431600999492679,0.8,0.7,0.7116908393327446,1.0284199500253661,7.0,5.572256039376407,75.42546203643542,75.42546203643542
low,low,0.94,0.02248922041374206,0.7001363045787051,0.2,0.3,0.22248922041374208,1.1499318477106475,3.0,0.9006269269991597,75.42546203643542,75.42546203643542
low,low,0.94,0.07695283429786248,0.4287579665417762,0.2,0.3,0.2769528342978625,1.2856210167291118,3.0,0.9020947974354115,75.42546203643542,75.42546203643542
low,high,0.94,-0.001006961983262477,0.21504321930234593,0.2,0.7,0.19899303801673754,1.3924783903488271,7.0,4.900434488089999,75.42546203643542,75.42546203643542
low,high,0.94,0.0990890672876424,0.5344577374259428,0.2,0.7,0.2990890672876424,1.2327711312870286,7.0,4.902950428860765,75.42546203643542,75.42546203643542
low,low,0.94,0.1017421486607809,0.1555274057245708,0.2,0.3,0.3017421486607809,1.4222362971377147,3.0,0.9035575552288184,75.42546203643542,75.42546203643542
high,high,0.94,0.1354356373452165,0.23606506248578385,0.8,0.7,0.9354356373452165,1.3819674687571082,7.0,6.171350238905078,75.42546203643542,75.42546203643542
high,low,0.94,-0.14392147200356026,0.7581267549463022,0.8,0.3,0.6560785279964398,1.120936622526849,3.0,1.5618747889971056,75.42546203643542,75.42546203643542
low,low,0.94,0.03457849933167638,0.02248434953392131,0.2,0.3,0.2345784993316764,1.4887578252330393,3.0,0.9010574627440162,75.42546203643542,75.42546203643542
low,high,0.94,-0.11489203015602596,0.33667349721052253,0.2,0.7,0.08510796984397405,1.3316632513947386,7.0,4.900005946282939,75.42546203643542,75.42546203643542
low,low,0.94,-0.11495768738880492,0.055269868998422345,0.2,0.3,0.08504231261119509,1.4723650655007887,3.0,0.9000065492386047,75.42546203643542,75.42546203643542
low,low,0.94,0.005783146734720541,0.678874912435009,0.2,0.3,0.20578314673472056,1.1605625437824956,3.0,0.9004282699174362,75.42546203643542,75.42546203643542
low,high,0.94,-0.0237623288259569,0.5195684381877567,0.2,0.7,0.1762376711740431,1.2402157809061216,7.0,4.900210858435538,75.42546203643542,75.42546203643542
low,high,0.94,0.09434905505733582,0.7807184623655167,0.2,0.7,0.29434905505733583,1.1096407688172416,7.0,4.902451859806607,75.42546203643542,75.42546203643542
low,low,0.94,-0.20645158493195737,0.10175385857574293,0.2,0.3,-0.006451584931957355,1.4491230707121285,3.0,0.8999999999838028,75.42546203643542,75.42546203643542
high,high,0.94,-0.04799443278583165,0.7897715521961255,0.8,0.7,0.7520055672141683,1.1051142239019374,7.0,5.673897579684479,75.42546203643542,75.42546203643542
low,low,0.94,0.04034469898016105,0.8688845575932682,0.2,0.3,0.24034469898016106,1.065557721203366,3.0,0.9008545740865311,75.42546203643542,75.42546203643542
low,low,0.94,0.3013003138321345,0.7440617103513304,0.2,0.3,0.5013003138321346,1.1279691448243347,3.0,0.9357097740570055,75.42546203643542,75.42546203643542
high,low,0.94,-0.05901757755535697,0.44003082240115143,0.8,0.3,0.7409824224446431,1.2799845887994243,3.0,1.7799634281031134,75.42546203643542,75.42546203643542
low,low,0.94,-0.037352742533290975,0.3720750246603154,0.2,0.3,0.16264725746670905,1.3139624876698424,3.0,0.9001495604248215,75.42546203643542,75.42546203643542
low,low,0.94,-0.0008464806426785472,0.8923933083738618,0.2,0.3,0.19915351935732145,1.0538033458130691,3.0,0.9003301410289616,75.42546203643542,75.42546203643542
high,low,0.94,0.00847282159315354,0.020445764990054793,0.8,0.3,0.8084728215931536,1.4897771175049725,3.0,2.0420972357375473,75.42546203643542,75.42546203643542
high,low,0.94,0.02751641429510945,0.9291575735487306,0.8,0.3,0.8275164142951095,1.0354212132256346,3.0,1.71721782280722,75.42546203643542,75.42546203643542
high,high,0.94,0.011127523596069942,0.6459690228166206,0.8,0.7,0.81112752359607,1.1770154885916897,7.0,5.80603213366442,75.42546203643542,75.42546203643542
high,low,0.94,0.031039390817861702,0.7727995658248673,0.8,0.3,0.8310393908178617,1.1136002170875663,3.0,1.7836012445925062,75.42546203643542,75.42546203643542
high,high,0.94,0.03046236662655293,0.13893806156614197,0.8,0.7,0.8304623666265529,1.430530969216929,7.0,6.034089187905495,75.42546203643542,75.42546203643542
low,high,0.94,0.08581736626026541,0.30397537967918165,0.2,0.7,0.28581736626026544,1.3480123101604091,7.0,4.9025712062977576,75.42546203643542,75.42546203643542
low,high,0.94,-0.13543335595197836,0.3869401509620849,0.2,0.7,0.06456664404802165,1.3065299245189577,7.0,4.9000014660893205,75.42546203643542,75.42546203643542
low,high,0.94,0.013571933191954107,0.7422878181587435,0.2,0.7,0.2135719331919541,1.1288560909206282,7.0,4.9005016022484265,75.42546203643542,75.42546203643542
low,low,0.94,-0.018805166987933084,0.4663471153084483,0.2,0.3,0.18119483301206693,1.2668264423457758,3.0,0.9002474264734588,75.42546203643542,75.42546203643542
high,high,0.94,-0.22999865089401894,0.6092146212661729,0.8,0.7,0.5700013491059811,1.1953926893669136,7.0,5.492045998245322,75.42546203643542,75.42546203643542
low,low,0.94,-0.0470982843673517,0.60768972850909,0.2,0.3,0.15290171563264832,1.196155135745455,3.0,0.9000999653063995,75.42546203643542,75.42546203643542
high,high,0.94,0.12056435760978364,0.44823704781424745,0.8,0.7,0.9205643576097837,1.2758814760928763,7.0,6.050477228386452,75.42546203643542,75.42546203643542
low,high,0.94,-0.17156694818583407,0.6815735791216757,0.2,0.7,0.028433051814165944,1.1592132104391621,7.0,4.900000021541736,75.42546203643542,75.42546203643542
low,low,0.94,-0.15317875837223807,0.06521496382707892,0.2,0.3,0.04682124162776194,1.4673925180864607,3.0,0.9000003301877311,75.42546203643542,75.42546203643542
low,low,0.94,0.1679178740915964,0.07027827399825348,0.2,0.3,0.3679178740915964,1.4648608630008733,3.0,0.909875311683138,75.42546203643542,75.42546203643542
low,high,0.94,0.08722818385254792,0.48124929403742767,0.2,0.7,0.28722818385254795,1.2593753529812861,7.0,4.902462013616124,75.42546203643542,75.42546203643542
high,high,0.94,-0.2226700844900083,0.7949452844939566,0.8,0.7,0.5773299155099918,1.1025273577530217,7.0,5.454842157889638,75.42546203643542,75.42546203643542
low,high,0.94,-0.2424324325173878,0.39073321803202365,0.2,0.7,-0.04243243251738779,1.3046333909839882,7.0,4.899999820535672,75.42546203643542,75.42546203643542
high,low,0.94,-0.1780732201749412,0.33390597982488146,0.8,0.3,0.6219267798250588,1.3330470100875593,3.0,1.6362402174039556,75.42546203643542,75.42546203643542
low,high,0.94,0.07576694222554771,0.7684560067499814,0.2,0.7,0.2757669422255477,1.1157719966250093,7.0,4.901779452809994,75.42546203643542,75.42546203643542
high,low,0.94,-0.041612065133794035,0.7356801884951155,0.8,0.3,0.758387934866206,1.1321599057524423,3.0,1.7012573747436504,75.42546203643542,75.42546203643542
high,high,0.94,-0.13164646392225196,0.23157173108176554,0.8,0.7,0.6683535360777481,1.3842141344591172,7.0,5.73649065252954,75.42546203643542,75.42546203643542
low,low,0.94,0.08829963428393885,0.0554106797386581,0.2,0.3,0.28829963428393884,1.472294660130671,3.0,0.9029323458721632,75.42546203643542,75.42546203643542
low,high,0.94,0.019281164250011987,0.5807453303687082,0.2,0.7,0.21928116425001198,1.2096273348156459,7.0,4.90061327919835,75.42546203643542,75.42546203643542
low,low,0.94,0.061324238931144096,0.10325476112096887,0.2,0.3,0.2613242389311441,1.4483726194395157,3.0,0.9017651384586564,75.42546203643542,75.42546203643542
high,high,0.94,-0.06123952302312355,0.5835573570503936,0.8,0.7,0.7387604769768765,1.2082213214748032,7.0,5.727515356218626,75.42546203643542,75.42546203643542
low,low,0.94,0.018037662868451706,0.5337959220660029,0.2,0.3,0.21803766286845172,1.2331020389669987,3.0,0.9006076543439543,75.42546203643542,75.42546203643542
high,low,0.94,-0.10143996456101678,0.1298839671100387,0.8,0.3,0.6985600354389833,1.4350580164449807,3.0,1.8164823997614188,75.42546203643542,75.42546203643542
low,high,0.94,-0.07699653126347127,0.10003452593459605,0.2,0.7,0.12300346873652875,1.4499827370327019,7.0,4.900040827202791,75.42546203643542,75.42546203643542
low,high,0.94,-0.021950533220281128,0.1501288928120067,0.2,0.7,0.1780494667797189,1.4249355535939967,7.0,4.900254975592504,75.42546203643542,75.42546203643542
low,high,0.94,0.1514510197043525,0.14482192654794435,0.2,0.7,0.35145101970435255,1.4275890367260278,7.0,4.90765468357368,75.42546203643542,75.42546203643542
high,low,0.94,-0.13962937119335142,0.655289869255593,0.8,0.3,0.6603706288066487,1.1723550653722035,3.0,1.5979010479397648,75.42546203643542,75.42546203643542
high,high,0.94,-0.024959713901063607,0.6994086231759393,0.8,0.7,0.7750402860989365,1.1502956884120303,7.0,5.73649786867859,75.42546203643542,75.42546203643542
high,low,0.94,0.09696654633277506,0.996281457499323,0.8,0.3,0.8969665463327751,1.0018592712503385,3.0,1.7745346646621174,75.42546203643542,75.42546203643542
low,low,0.94,0.011891541408792618,0.8632428625827544,0.2,0.3,0.21189154140879263,1.068378568708623,3.0,0.9004563449710825,75.42546203643542,75.42546203643542
low,low,0.94,-0.0597121674469481,0.9225848084712879,0.2,0.3,0.1402878325530519,1.0387075957643561,3.0,0.9000564408225797,75.42546203643542,75.42546203643542
low,high,0.94,0.013806895365828737,0.9966962325726367,0.2,0.7,0.21380689536582875,1.0016518837136816,7.0,4.900447533292523,75.42546203643542,75.42546203643542
high,low,0.94,-0.16344442473202803,0.3346286047390662,0.8,0.3,0.636555575267972,1.3326856976304668,3.0,1.6577451140720247,75.42546203643542,75.42546203643542
low,high,0.94,-0.16059109779190023,0.38550063885684527,0.2,0.7,0.03940890220809978,1.3072496805715774,7.0,4.900000124259679,75.42546203643542,75.42546203643542
low,high,0.94,-0.05141699481293508,0.19616902398933667,0.2,0.7,0.14858300518706494,1.4019154880053317,7.0,4.900101523720239,75.42546203643542,75.42546203643542
low,low,0.94,0.17119817856591435,0.3642796114433261,0.2,0.3,0.37119817856591436,1.317860194278337,3.0,0.9092874935027891,75.42546203643542,75.42546203643542
high,high,0.94,-0.10888325045817211,0.456624040613804,0.8,0.7,0.6911167495418279,1.271687979693098,7.0,5.701345567937437,75.42546203643542,75.42546203643542
high,high,0.94,-0.00241845110322195,0.2731947250200343,0.8,0.7,0.7975815488967781,1.3634026374899828,7.0,5.927644738397417,75.42546203643542,75.42546203643542
low,high,0.94,-0.1321367336303139,0.23088637294658354,0.2,0.7,0.06786326636968612,1.3845568135267081,7.0,4.90000199289573,75.42546203643542,75.42546203643542
high,low,0.94,-0.03476349073823214,0.920664857907381,0.8,0.3,0.7652365092617679,1.0396675710463095,3.0,1.6441133569249,75.42546203643542,75.42546203643542
low,low,0.94,0.10026340435063588,0.5785008401613552,0.2,0.3,0.3002634043506359,1.2107495799193224,3.0,0.9029550603068486,75.42546203643542,75.42546203643542
high,high,0.94,-0.21986917625569946,0.5143078039077085,0.8,0.7,0.5801308237443006,1.2428460980461458,7.0,5.529252253683412,75.42546203643542,75.42546203643542
high,high,0.94,-0.08725181463753084,0.8220751646339549,0.8,0.7,0.7127481853624692,1.0889624176830226,7.0,5.613153539420789,75.42546203643542,75.42546203643542
high,high,0.94,-0.08401251336916588,0.2792955514504607,0.8,0.7,0.7159874866308342,1.3603522242747697,7.0,5.795948736358207,75.42546203643542,75.42546203643542
high,high,0.94,0.11635404420633251,0.517399287863681,0.8,0.7,0.9163540442063326,1.2413003560681595,7.0,6.012899650650842,75.42546203643542,75.42546203643542
high,high,0.94,-0.009322653896852223,0.49776049863932514,0.8,0.7,0.7906773461031478,1.2511197506803375,7.0,5.832820324365844,75.42546203643542,75.42546203643542
low,low,0.94,-0.01991697743623056,0.7981665828751554,0.2,0.3,0.18008302256376946,1.1009167085624223,3.0,0.9002085058862616,75.42546203643542,75.42546203643542
low,high,0.94,0.03360704504296979,0.6056396661872384,0.2,0.7,0.2336070450429698,1.1971801669063808,7.0,4.90083289296378,75.42546203643542,75.42546203643542
high,low,0.94,0.0015017252022960243,0.3765449105576495,0.8,0.3,0.8015017252022961,1.3117275447211751,3.0,1.8947735176228564,75.42546203643542,75.42546203643542
high,high,0.94,0.10433776138136491,0.48104254108595357,0.8,0.7,0.904337761381365,1.2594787294570233,7.0,6.010718918975339,75.42546203643542,75.42546203643542
low,high,0.94,-0.017162007511586804,0.6140883263979579,0.2,0.7,0.1828379924884132,1.1929558368010211,7.0,4.900243756714423,75.42546203643542,75.42546203643542
low,high,0.94,-0.047043702157140044,0.46161867450147065,0.2,0.7,0.15295629784285997,1.2691906627492646,7.0,4.900106258501087,75.42546203643542,75.42546203643542
low,high,0.94,-0.1622772437048465,0.3582543592118864,0.2,0.7,0.03772275629515351,1.3208728203940567,7.0,4.900000100896962,75.42546203643542,75.42546203643542
low,low,0.94,-0.0636137408294048,0.43744028565055426,0.2,0.3,0.13638625917059521,1.2812798571747228,3.0,0.9000604640295561,75.42546203643542,75.42546203643542
high,high,0.94,-0.06620414107560484,0.07675462466787952,0.8,0.7,0.7337958589243953,1.4616226876660603,7.0,5.892668741188455,75.42546203643542,75.42546203643542
high,high,0.94,0.07746776445109525,0.20434707766161198,0.8,0.7,0.8774677644510953,1.397826461169194,7.0,6.0871134373430476,75.42546203643542,75.42546203643542
low,high,0.94,-0.029120080696063436,0.6547415728604328,0.2,0.7,0.1708799193039366,1.1726292135697836,7.0,4.90017085034527,75.42546203643542,75.42546203643542
low,high,0.94,-0.17803119981038518,0.43768308569108827,0.2,0.7,0.021968800189614834,1.2811584571544559,7.0,4.900000006555933,75.42546203643542,75.42546203643542
low,high,0.94,-0.012765942064665001,0.8879338863436137,0.2,0.7,0.187234057935335,1.056033056828193,7.0,4.900242997475941,75.42546203643542,75.42546203643542
high,low,0.94,0.19471055915665447,0.6517596022295187,0.8,0.3,0.9947105591566545,1.1741201988852406,3.0,2.066362289293311,75.42546203643542,75.42546203643542
low,low,0.94,-0.027946235739064004,0.5346257242284194,0.2,0.3,0.172053764260936,1.2326871378857902,3.0,0.9001858547898142,75.42546203643542,75.42546203643542
high,high,0.94,-0.06332167346091598,0.27965229441578254,0.8,0.7,0.736678326539084,1.3601738527921088,7.0,5.828307347859071,75.42546203643542,75.42546203643542
high,high,0.94,0.009001624301447955,0.5173947169698407,0.8,0.7,0.809001624301448,1.2413026415150796,7.0,5.852389111520129,75.42546203643542,75.42546203643542
low,high,0.94,0.07339381522278753,0.914469094797395,0.2,0.7,0.27339381522278755,1.0427654526013024,7.0,4.901592685633043,75.42546203643542,75.42546203643542
high,low,0.94,-0.08217645753571891,0.23343254075108466,0.8,0.3,0.7178235424642812,1.3832837296244578,3.0,1.8139730519782664,75.42546203643542,75.42546203643542
high,low,0.94,0.11151558278072363,0.588841850431544,0.8,0.3,0.9115155827807236,1.2055790747842279,3.0,1.9737441809490834,75.42546203643542,75.42546203643542
low,low,0.94,-0.02446467863724423,0.6718980949514877,0.2,0.3,0.1755353213627558,1.1640509525242562,3.0,0.9001939968079301,75.42546203643542,75.42546203643542
low,high,0.94,0.12785484142766154,0.8993995576143444,0.2,0.7,0.3278548414276615,1.0503002211928278,7.0,4.90397851924605,75.42546203643542,75.42546203643542
high,low,0.94,0.01945245845239787,0.8652810583286746,0.8,0.3,0.8194524584523979,1.0673594708356626,3.0,1.7321764303102674,75.42546203643542,75.42546203643542
low,low,0.94,0.03933990584029776,0.025964820581972026,0.2,0.3,0.23933990584029777,1.4870175897090139,3.0,0.9011678624232167,75.42546203643542,75.42546203643542
low,high,0.94,0.13252633809740685,0.4245541727661777,0.2,0.7,0.33252633809740684,1.287722913616911,7.0,4.905235433798014,75.42546203643542,75.42546203643542
high,high,0.94,-0.037042780013134734,0.11435140933556265,0.8,0.7,0.7629572199868653,1.4428242953322186,7.0,5.928818300067964,75.42546203643542,75.42546203643542
low,high,0.94,0.001804726117232494,0.4540383315651709,0.2,0.7,0.2018047261172325,1.2729808342174145,7.0,4.900426067619195,75.42546203643542,75.42546203643542
high,high,0.94,-0.06400743432235402,0.3118707528038658,0.8,0.7,0.735992565677646,1.344064623598067,7.0,5.816245669037028,75.42546203643542,75.42546203643542
low,low,0.94,-0.007528828948927674,0.45921648262345915,0.2,0.3,0.19247117105107234,1.2703917586882705,3.0,0.900335556851818,75.42546203643542,75.42546203643542
high,low,0.94,-0.08840625879340328,0.34350179737478836,0.8,0.3,0.7115937412065968,1.3282491013126059,3.0,1.7680998481474717,75.42546203643542,75.42546203643542
low,low,0.94,0.041472829331635805,0.1842040250958863,0.2,0.3,0.24147282933163583,1.4078979874520567,3.0,0.9011558794481289,75.42546203643542,75.42546203643542
low,low,0.94,0.15161053566911617,0.8383396138215268,0.2,0.3,0.35161053566911615,1.0808301930892366,3.0,0.9058085384332356,75.42546203643542,75.42546203643542
high,low,0.94,0.05296588741077638,0.7121443075158,0.8,0.3,0.8529658874107764,1.1439278462421,3.0,1.8376984767597104,75.42546203643542,75.42546203643542
high,high,0.94,0.13369635176110345,0.3889291538360208,0.8,0.7,0.9336963517611034,1.3055354230819896,7.0,6.098245308823354,75.42546203643542,75.42546203643542
high,high,0.94,0.06472025809348624,0.8497022638707764,0.8,0.7,0.8647202580934863,1.0751488680646117,7.0,5.796526526119459,75.42546203643542,75.42546203643542
high,high,0.94,-0.13666195872371012,0.0036261447649850176,0.8,0.7,0.6633380412762899,1.4981869276175075,7.0,5.796880606778924,75.42546203643542,75.42546203643542
low,low,0.94,-0.0015326892869302066,0.07496411709857576,0.2,0.3,0.1984673107130698,1.4625179414507121,3.0,0.9004503458106964,75.42546203643542,75.42546203643542
high,high,0.94,0.05266128162036457,0.5567567649305456,0.8,0.7,0.8526612816203646,1.2216216175347272,7.0,5.900938484616665,75.42546203643542,75.42546203643542
low,low,0.94,-0.06597236150333378,0.7734492909837939,0.2,0.3,0.1340276384966662,1.113275354508103,3.0,0.900048147575496,75.42546203643542,75.42546203643542
low,low,0.94,0.0882369786183838,0.08575147628973767,0.2,0.3,0.2882369786183838,1.4571242618551312,3.0,0.9028989790254389,75.42546203643542,75.42546203643542
high,low,0.94,0.050849292820439984,0.10016582162622345,0.8,0.3,0.8508492928204401,1.4499170891868882,3.0,2.0848379918938207,75.42546203643542,75.42546203643542
low,high,0.94,0.23283862778496936,0.9222332094821829,0.2,0.7,0.4328386277849694,1.0388833952589085,7.0,4.915783265516716,75.42546203643542,75.42546203643542
low,high,0.94,-0.0033226561612635474,0.041661986289918795,0.2,0.7,0.19667734383873647,1.4791690068550407,7.0,4.9004353008053245,75.42546203643542,75.42546203643542
high,low,0.94,-0.21426622848126153,0.38701708041430327,0.8,0.3,0.5857337715187385,1.3064914597928483,3.0,1.5694712113066966,75.42546203643542,75.42546203643542
low,low,0.94,-0.1334445716203196,0.6661186780814292,0.2,0.3,0.0665554283796804,1.1669406609592854,3.0,0.9000015239341037,75.42546203643542,75.42546203643542
low,high,0.94,-0.08899742901141358,0.1357548188612877,0.2,0.7,0.11100257098858643,1.4321225905693562,7.0,4.9000241348933775,75.42546203643542,75.42546203643542
high,high,0.94,0.055222041207682676,0.24216412319863678,0.8,0.7,0.8552220412076827,1.3789179384006816,7.0,6.034062599246315,75.42546203643542,75.42546203643542
high,high,0.94,-0.1276994634469236,0.06252855629161846,0.8,0.7,0.6723005365530764,1.4687357218541908,7.0,5.794124468754727,75.42546203643542,75.42546203643542
low,low,0.94,0.006167271637689163,0.2497862121823926,0.2,0.3,0.20616727163768916,1.3751068939088036,3.0,0.900512194696761,75.42546203643542,75.42546203643542
high,low,0.94,0.13798837826881954,0.554859614515476,0.8,0.3,0.9379883782688196,1.2225701927422619,3.0,2.0285495319357434,75.42546203643542,75.42546203643542
low,high,0.94,-0.09004294044366236,0.558606658257965,0.2,0.7,0.10995705955633765,1.2206966708710176,7.0,4.9000196210998475,75.42546203643542,75.42546203643542
high,high,0.94,0.14090652175849114,0.9750080045323131,0.8,0.7,0.9409065217584912,1.0124959977338435,7.0,5.83826693895822,75.42546203643542,75.42546203643542
high,low,0.94,-0.03242982416770869,0.5744942075850975,0.8,0.3,0.7675701758322914,1.2127528962074512,3.0,1.7713044560819875,75.42546203643542,75.42546203643542
low,high,0.94,-0.24451750245991036,0.41896654674525036,0.2,0.7,-0.044517502459910346,1.290516726627375,7.0,4.899999774359218,75.42546203643542,75.42546203643542
high,high,0.94,0.03650802478464135,0.22408614938538518,0.8,0.7,0.8365080247846414,1.3879569253073074,7.0,6.010359538371529,75.42546203643542,75.42546203643542
low,low,0.94,0.0823286866924509,0.33007875091206085,0.2,0.3,0.2823286866924509,1.3349606245439696,3.0,0.9023946579924708,75.42546203643542,75.42546203643542
high,low,0.94,-0.0488779832684999,0.032505528873737255,0.8,0.3,0.7511220167315001,1.4837472355631314,3.0,1.9375237285066584,75.42546203643542,75.42546203643542
high,high,0.94,-0.02686973748599805,0.25975486567043937,0.8,0.7,0.773130262514002,1.3701225671647803,7.0,5.893288165269127,75.42546203643542,75.42546203643542
low,high,0.94,0.06175503707838603,0.03435964270806002,0.2,0.7,0.26175503707838604,1.48282017864597,7.0,4.901822064414303,75.42546203643542,75.42546203643542
low,high,0.94,-0.07900378140357674,0.8364985066596031,0.2,0.7,0.12099621859642327,1.0817507466701985,7.0,4.900028053444489,75.42546203643542,75.42546203643542
high,low,0.94,0.18871090459735487,0.9634247942163755,0.8,0.3,0.9887109045973549,1.0182876028918122,3.0,1.903938505270285,75.42546203643542,75.42546203643542
high,high,0.94,0.10604455792219135,0.5492460528838776,0.8,0.7,0.9060445579221914,1.225376973558061,7.0,5.983195034052487,75.42546203643542,75.42546203643542
low,high,0.94,0.014098112628515295,0.028458034653140785,0.2,0.7,0.2140981126285153,1.4857709826734296,7.0,4.9006683686427674,75.42546203643542,75.42546203643542
high,high,0.94,0.13765633984807996,0.7198123205137498,0.8,0.7,0.93765633984808,1.140093839743125,7.0,5.9519502884905675,75.42546203643542,75.42546203643542
low,low,0.94,-0.10558022620246202,0.43883363314888624,0.2,0.3,0.09441977379753799,1.280583183425557,3.0,0.9000096099819653,75.42546203643542,75.42546203643542
low,high,0.94,0.1734828667261969,0.960643069258493,0.2,0.7,0.3734828667261969,1.0196784653707536,7.0,4.90740997368598,75.42546203643542,75.42546203643542
high,high,0.94,-0.16683078785914218,0.6907638122903703,0.8,0.7,0.6331692121408579,1.1546180938548147,7.0,5.552135879987896,75.42546203643542,75.42546203643542
low,low,0.94,-0.07524364493112276,0.2025790495486196,0.2,0.3,0.12475635506887725,1.3987104752256903,3.0,0.9000422708728996,75.42546203643542,75.42546203643542
high,high,0.94,-0.0181939901503465,0.29836907211248975,0.8,0.7,0.7818060098496535,1.350815463943755,7.0,5.893046944507944,75.42546203643542,75.42546203643542
high,high,0.94,0.04589032031090486,0.13038242142973155,0.8,0.7,0.8458903203109049,1.4348087892851342,7.0,6.063956091413576,75.42546203643542,75.42546203643542
high,low,0.94,-0.022103277724345748,0.08767619920216074,0.8,0.3,0.7778967222756543,1.4561619003989197,3.0,1.9638051556438076,75.42546203643542,75.42546203643542
high,high,0.94,-0.0644911865568535,0.29014208797747665,0.8,0.7,0.7355088134431466,1.3549289560112616,7.0,5.822893050195545,75.42546203643542,75.42546203643542
low,high,0.94,-0.16052558896842417,0.7545709266495566,0.2,0.7,0.03947441103157584,1.1227145366752218,7.0,4.900000107608763,75.42546203643542,75.42546203643542
high,low,0.94,-0.04592120702298277,0.7588176749186739,0.8,0.3,0.7540787929770173,1.120591162540663,3.0,1.6874411424461604,75.42546203643542,75.42546203643542
high,low,0.94,-0.02354808506191961,0.3224243442688628,0.8,0.3,0.7764519149380804,1.3387878278655685,3.0,1.8757868516414238,75.42546203643542,75.42546203643542
high,high,0.94,0.22914389049092182,0.7369006003615824,0.8,0.7,1.0291438904909218,1.1315496998192087,7.0,6.0729209919855,75.42546203643542,75.42546203643542
high,high,0.94,-0.02462846584093986,0.943284334942521,0.8,0.7,0.7753715341590601,1.0283578325287395,7.0,5.648223899883343,75.42546203643542,75.42546203643542
high,high,0.94,0.055993238435356134,0.1422207497619279,0.8,0.7,0.8559932384353561,1.428889625119036,7.0,6.076485558745029,75.42546203643542,75.42546203643542
low,low,0.94,-0.1510382532234349,0.5515021336669436,0.2,0.3,0.04896174677656512,1.2242489331665283,3.0,0.9000003444722576,75.42546203643542,75.42546203643542
low,high,0.94,-0.00942610827212966,0.531756207414513,0.2,0.7,0.19057389172787034,1.2341218962927436,7.0,4.900310223770475,75.42546203643542,75.42546203643542
high,low,0.94,0.04628008977236194,0.11868091339365217,0.8,0.3,0.846280089772362,1.440659543303174,3.0,2.06937556525469,75.42546203643542,75.42546203643542
high,low,0.94,0.0620228423808053,0.9397581826758596,0.8,0.3,0.8620228423808054,1.0301209086620702,3.0,1.7556313133442205,75.42546203643542,75.42546203643542
high,high,0.94,0.05501729706053765,0.7697966879098859,0.8,0.7,0.8550172970605376,1.115101656045057,7.0,5.816817905651472,75.42546203643542,75.42546203643542
low,high,0.94,-0.03053963313670819,0.3340412094612185,0.2,0.7,0.16946036686329183,1.3329793952693907,7.0,4.900186279107148,75.42546203643542,75.42546203643542
high,low,0.94,0.03839674921130687,0.1497343476137999,0.8,0.3,0.8383967492113069,1.4251328261931,3.0,2.043318749908906,75.42546203643542,75.42546203643542
low,high,0.94,0.016513726100330715,0.1568452821575873,0.2,0.7,0.21651372610033073,1.4215773589212064,7.0,4.9006763907634525,75.42546203643542,75.42546203643542
high,low,0.94,0.12925907100945405,0.45368973528794976,0.8,0.3,0.9292590710094542,1.273155132356025,3.0,2.061588587799121,75.42546203643542,75.42546203643542
low,low,0.94,0.06551054554889023,0.1614971165413327,0.2,0.3,0.26551054554889025,1.4192514417293336,3.0,0.901872700038517,75.42546203643542,75.42546203643542
low,low,0.94,-0.12372169281463324,0.6121233675459341,0.2,0.3,0.07627830718536677,1.193938316227033,3.0,0.9000030830965245,75.42546203643542,75.42546203643542
high,high,0.94,0.27634982074739683,0.3636097706129374,0.8,0.7,1.076349820747397,1.3181951146935313,7.0,6.345178531273932,75.42546203643542,75.42546203643542
high,low,0.94,-0.08959579972707382,0.5947956976463965,0.8,0.3,0.7104042002729263,1.2026021511768017,3.0,1.684339120830463,75.42546203643542,75.42546203643542
low,low,0.94,-0.13515798459892664,0.7400097290667788,0.2,0.3,0.06484201540107337,1.1299951354666107,3.0,0.9000012952663973,75.42546203643542,75.42546203643542
low,high,0.94,-0.02832107718519919,0.4312895614472855,0.2,0.7,0.17167892281480082,1.2843552192763572,7.0,4.900191544661933,75.42546203643542,75.42546203643542
high,low,0.94,-0.12752019468030332,0.4609291788418144,0.8,0.3,0.6724798053196968,1.2695354105790928,3.0,1.6731146049477745,75.42546203643542,75.42546203643542
high,high,0.94,-0.09671681267679205,0.26139942205477174,0.8,0.7,0.7032831873232079,1.3693002889726142,7.0,5.781884062246538,75.42546203643542,75.42546203643542
low,low,0.94,0.059334389141331545,0.5742103641171804,0.2,0.3,0.25933438914133156,1.2128948179414099,3.0,0.9014227339417189,75.42546203643542,75.42546203643542
low,high,0.94,0.0004332728565110131,0.5353577996773037,0.2,0.7,0.20043327285651102,1.232321100161348,7.0,4.9003986327494875,75.42546203643542,75.42546203643542
high,low,0.94,0.01658653541286392,0.8117467078437519,0.8,0.3,0.816586535412864,1.094126646078124,3.0,1.7493180679457645,75.42546203643542,75.42546203643542
low,low,0.94,0.006369600106839255,0.35983904144403733,0.2,0.3,0.20636960010683927,1.3200804792779812,3.0,0.9004941161194698,75.42546203643542,75.42546203643542
low,low,0.94,-0.04707244329697501,0.7605545404464905,0.2,0.3,0.152927556703025,1.1197227297767547,3.0,0.9000936567846666,75.42546203643542,75.42546203643542
low,low,0.94,0.01031190887673164,0.45356589015265014,0.2,0.3,0.21031190887673165,1.273217054923675,3.0,0.9005238678827826,75.42546203643542,75.42546203643542
low,low,0.94,-0.24313474465570845,0.8999903797691365,0.2,0.3,-0.043134744655708435,1.0500048101154318,3.0,0.8999998432067197,75.42546203643542,75.42546203643542
high,low,0.94,-0.0446696864169461,0.19120764208156193,0.8,0.3,0.7553303135830539,1.404396178959219,3.0,1.8889191396353728,75.42546203643542,75.42546203643542
high,high,0.94,0.01329037145727679,0.5200672660298895,0.8,0.7,0.8132903714572768,1.2399663669850551,7.0,5.857672339517542,75.42546203643542,75.42546203643542
low,low,0.94,-0.149542861506099,0.9782307681704715,0.2,0.3,0.050457138493901016,1.0108846159147642,3.0,0.9000003306090014,75.42546203643542,75.42546203643542
high,low,0.94,0.03228590288543505,0.7526292979799908,0.8,0.3,0.8322859028854351,1.1236853510100047,3.0,1.7932754380183387,75.42546203643542,75.42546203643542
high,high,0.94,0.11877554908954531,0.4677653065774182,0.8,0.7,0.9187755490895454,1.266117346711291,7.0,6.038900399375104,75.42546203643542,75.42546203643542
low,high,0.94,0.07590198497927318,0.7789829831048114,0.2,0.7,0.2759019849792732,1.1105085084475943,7.0,4.90177539918216,75.42546203643542,75.42546203643542
high,low,0.94,-0.04089545242194217,0.9178944784796459,0.8,0.3,0.7591045475780579,1.0410527607601772,3.0,1.6376489552664304,75.42546203643542,75.42546203643542
low,high,0.94,-0.02955448257025713,0.39960345633380157,0.2,0.7,0.17044551742974287,1.300198271833099,7.0,4.900187041296924,75.42546203643542,75.42546203643542
low,high,0.94,-0.12560104479036424,0.596373672072696,0.2,0.7,0.07439895520963577,1.201813163963652,7.0,4.900002739498963,75.42546203643542,75.42546203643542
high,low,0.94,0.03449054338351507,0.7783831349138114,0.8,0.3,0.8344905433835151,1.1108084325430942,3.0,1.7859637289558736,75.42546203643542,75.42546203643542
high,high,0.94,0.005686563513721666,0.9416286557882083,0.8,0.7,0.8056865635137217,1.0291856721058958,7.0,5.685599833434085,75.42546203643542,75.42546203643542
low,high,0.94,0.07948370757537587,0.20749449218832017,0.2,0.7,0.2794837075753759,1.39625275390584,7.0,4.902380929423904,75.42546203643542,75.42546203643542
high,high,0.94,-0.005783368372070427,0.19999818532605196,0.8,0.7,0.7942166316279297,1.400000907336974,7.0,5.949668196386335,75.42546203643542,75.42546203643542
low,low,0.94,-0.13009858652086154,0.658258410429914,0.2,0.3,0.06990141347913847,1.170870794785043,3.0,0.9000019540639024,75.42546203643542,75.42546203643542
low,high,0.94,0.12099188329833449,0.3198861110847797,0.2,0.7,0.3209918832983345,1.34005694445761,7.0,4.904566605631318,75.42546203643542,75.42546203643542
low,low,0.94,-0.12081333651173648,0.03438619912326346,0.2,0.3,0.07918666348826353,1.4828069004383684,3.0,0.9000046168399645,75.42546203643542,75.42546203643542
high,high,0.94,-0.10374543169743507,0.11722032134918148,0.8,0.7,0.6962545683025649,1.4413898393254092,7.0,5.816730178485145,75.42546203643542,75.42546203643542
low,high,0.94,0.0015108970634013972,0.35171934983846564,0.2,0.7,0.20151089706340142,1.324140325080767,7.0,4.900439973676453,75.42546203643542,75.42546203643542
high,high,0.94,0.17597023799382935,0.848195274847631,0.8,0.7,0.9759702379938294,1.0759023625761845,7.0,5.943682926316412,75.42546203643542,75.42546203643542
high,low,0.94,-0.027952203802190073,0.6943740011765565,0.8,0.3,0.7720477961978099,1.1528129994117218,3.0,1.7342843551184925,75.42546203643542,75.42546203643542
high,high,0.94,-0.042039309113197136,0.9796696930761601,0.8,0.7,0.757960690886803,1.0101651534619198,7.0,5.614415283389398,75.42546203643542,75.42546203643542
high,high,0.94,0.020351595238648296,0.29739589672141364,0.8,0.7,0.8203515952386483,1.3513020516392933,7.0,5.955000024769604,75.42546203643542,75.42546203643542
high,low,0.94,-0.01885649572664298,0.7824818372107687,0.8,0.3,0.7811435042733571,1.1087590813946155,3.0,1.7142367912643182,75.42546203643542,75.42546203643542
high,low,0.94,-0.07972042215883623,0.8940055675597532,0.8,0.3,0.7202795778411638,1.0529972162201233,3.0,1.5987206840448676,75.42546203643542,75.42546203643542
low,high,0.94,0.01556697134775657,0.9435451958432511,0.2,0.7,0.21556697134775657,1.0282274020783744,7.0,4.90047863039412,75.42546203643542,75.42546203643542
high,low,0.94,0.09348001434868125,0.11396869405964072,0.8,0.3,0.8934800143486813,1.4430156529701796,3.0,2.1535079573235363,75.42546203643542,75.42546203643542
low,low,0.94,-0.19201887969303483,0.5227529027118905,0.2,0.3,0.007981120306965184,1.2386235486440547,3.0,0.9000000000401105,75.42546203643542,75.42546203643542
high,low,0.94,-0.12821351615227156,0.4410700638092345,0.8,0.3,0.6717864838477285,1.2794649680953827,3.0,1.6781574442530074,75.42546203643542,75.42546203643542
low,high,0.94,0.043408558669166764,0.44365908009394095,0.2,0.7,0.24340855866916677,1.2781704599530295,7.0,4.901092114063857,75.42546203643542,75.42546203643542
low,low,0.94,0.2375010637726821,0.7424474338756955,0.2,0.3,0.4375010637726821,1.1287762830621522,3.0,0.9180927025154036,75.42546203643542,75.42546203643542
low,high,0.94,0.007506055455219142,0.28648772586920923,0.2,0.7,0.20750605545521916,1.3567561370653953,7.0,4.9005219821705,75.42546203643542,75.42546203643542
high,high,0.94,0.108246912938081,0.6037187816362354,0.8,0.7,0.908246912938081,1.1981406091818823,7.0,5.962337962434643,75.42546203643542,75.42546203643542
high,high,0.94,0.0002463370317307752,0.8705444113666734,0.8,0.7,0.8002463370317309,1.0647277943166633,7.0,5.705875977425704,75.42546203643542,75.42546203643542
high,low,0.94,-0.02416991038853741,0.6642281460996144,0.8,0.3,0.7758300896114626,1.1678859269501927,3.0,1.7503715052604991,75.42546203643542,75.42546203643542
low,low,0.94,-0.010905070766977916,0.045086940413958554,0.2,0.3,0.1890949292330221,1.4774565297930207,3.0,0.900357202201304,75.42546203643542,75.42546203643542
high,high,0.94,0.17245901670989428,0.5486446556801204,0.8,0.7,0.9724590167098943,1.2256776721599398,7.0,6.083628487267378,75.42546203643542,75.42546203643542
low,low,0.94,0.09864755625624477,0.7842354665964554,0.2,0.3,0.2986475562562448,1.1078822667017723,3.0,0.9026320154718644,75.42546203643542,75.42546203643542
low,low,0.94,0.017313096371319347,0.551703877330907,0.2,0.3,0.21731309637131935,1.2241480613345466,3.0,0.9005932851095683,75.42546203643542,75.42546203643542
high,low,0.94,0.06080941776208509,0.784729064401729,0.8,0.3,0.8608094177620851,1.1076354677991356,3.0,1.8183973378111937,75.42546203643542,75.42546203643542
low,low,0.94,-0.08905338029387518,0.41494042412129784,0.2,0.3,0.11094661970612484,1.2925297879393511,3.0,0.9000217275588399,75.42546203643542,75.42546203643542
high,low,0.94,-0.0034355193099391023,0.10162568320633691,0.8,0.3,0.7965644806900609,1.4491871583968314,3.0,1.990562721734772,75.42546203643542,75.42546203643542
low,low,0.94,0.05976317613796239,0.13808077604785374,0.2,0.3,0.2597631761379624,1.430959611976073,3.0,0.9016924478877375,75.42546203643542,75.42546203643542
high,high,0.94,-0.14629153102672285,0.8051937492841086,0.8,0.7,0.6537084689732772,1.0974031253579457,7.0,5.545054385168411,75.42546203643542,75.42546203643542
low,low,0.94,-0.18089860158233972,0.3197857588866988,0.2,0.3,0.019101398417660287,1.3401071205566506,3.0,0.9000000034077311,75.42546203643542,75.42546203643542
low,high,0.94,-0.14202877226080532,0.4824444196340747,0.2,0.7,0.05797122773919469,1.2587777901829627,7.0,4.900000824160056,75.42546203643542,75.42546203643542
low,high,0.94,-0.10338748243731372,0.7939978619375424,0.2,0.7,0.0966125175626863,1.1030010690312289,7.0,4.900009284166697,75.42546203643542,75.42546203643542
low,high,0.94,-0.12159128144669742,0.9983321576185078,0.2,0.7,0.07840871855330259,1.000833921190746,7.0,4.900002966086397,75.42546203643542,75.42546203643542
high,high,0.94,-0.08801210395289545,0.6722775672510779,0.8,0.7,0.7119878960471046,1.163861216374461,7.0,5.661188046423304,75.42546203643542,75.42546203643542
high,low,0.94,-0.0020235221567215054,0.25002064890095455,0.8,0.3,0.7979764778432785,1.3749896755495228,3.0,1.9370198019214722,75.42546203643542,75.42546203643542
low,high,0.94,-0.04070161506034423,0.6005880168000807,0.2,0.7,0.15929838493965578,1.1997059915999597,7.0,4.900123064188224,75.42546203643542,75.42546203643542
low,high,0.94,0.12962036789765105,0.4986700906515035,0.2,0.7,0.32962036789765103,1.2506649546742483,7.0,4.904866437828223,75.42546203643542,75.42546203643542
low,high,0.94,0.050282733626665604,0.1842736804731886,0.2,0.7,0.25028273362666564,1.4078631597634057,7.0,4.901382658390654,75.42546203643542,75.42546203643542
high,low,0.94,0.1858512166318547,0.7701873653534033,0.8,0.3,0.9858512166318547,1.1149063173232983,3.0,1.9952231050832134,75.42546203643542,75.42546203643542
low,high,0.94,-0.042389245590964644,0.480170326727002,0.2,0.7,0.15761075440903538,1.259914836636499,7.0,4.900122537898839,75.42546203643542,75.42546203643542
high,low,0.94,-0.0714051127668233,0.15207249052273808,0.8,0.3,0.7285948872331768,1.423963754738631,3.0,1.8585319295365532,75.42546203643542,75.42546203643542
high,low,0.94,-0.1680798069363341,0.28902057306461093,0.8,0.3,0.631920193063666,1.3554897134676946,3.0,1.6637021584258491,75.42546203643542,75.42546203643542
high,low,0.94,0.1162136184219525,0.9394439882294622,0.8,0.3,0.9162136184219526,1.030278005885269,3.0,1.8235286167314126,75.42546203643542,75.42546203643542
low,high,0.94,0.21505314372379258,0.034849396073480476,0.2,0.7,0.4150531437237926,1.4825753019632597,7.0,4.918261451716712,75.42546203643542,75.42546203643542
high,low,0.94,0.005892307485731893,0.47840264912930575,0.8,0.3,0.8058923074857319,1.260798675435347,3.0,1.8627022941789755,75.42546203643542,75.42546203643542
low,high,0.94,0.09778630922230282,0.4916820825015379,0.2,0.7,0.2977863092223028,1.254158958749231,7.0,4.902936812502188,75.42546203643542,75.42546203643542
high,high,0.94,0.04996134383612374,0.7639749096631826,0.8,0.7,0.8499613438361238,1.1180125451684086,7.0,5.812421782768057,75.42546203643542,75.42546203643542
high,low,0.94,0.03284748402769916,0.6697289699827986,0.8,0.3,0.8328474840276991,1.1651355150086007,3.0,1.8270075857524795,75.42546203643542,75.42546203643542
high,low,0.94,0.0821166227071587,0.3861836916477709,0.8,0.3,0.8821166227071587,1.3069081541761145,3.0,2.017255690242181,75.42546203643542,75.42546203643542
low,low,0.94,0.02049637115117272,0.8181702772803313,0.2,0.3,0.22049637115117274,1.0909148613598343,3.0,0.9005685885242485,75.42546203643542,75.42546203643542
low,high,0.94,-0.1213248617019092,0.8750141133705778,0.2,0.7,0.07867513829809081,1.062492943314711,7.0,4.900003202680601,75.42546203643542,75.42546203643542
high,low,0.94,-0.045746920930213174,0.1593823278313301,0.8,0.3,0.7542530790697869,1.420308836084335,3.0,1.8983415665665226,75.42546203643542,75.42546203643542
low,low,0.94,0.04510090460358506,0.04041105833716363,0.2,0.3,0.24510090460358508,1.4797944708314181,3.0,0.9013089587810481,75.42546203643542,75.42546203643542
low,high,0.94,0.009178187469436936,0.5519362527300926,0.2,0.7,0.20917818746943695,1.2240318736349538,7.0,4.900490201577487,75.42546203643542,75.42546203643542
high,low,0.94,-0.12909648097144533,0.047955322627486585,0.8,0.3,0.6709035190285547,1.4760223386862568,3.0,1.7962269879599684,75.42546203643542,75.42546203643542
high,low,0.94,0.026891936422273322,0.08852737199310912,0.8,0.3,0.8268919364222733,1.4557363140034454,3.0,2.0478725275441416,75.42546203643542,75.42546203643542
high,high,0.94,0.08462126220672442,0.3533902165015913,0.8,0.7,0.8846212622067244,1.3233048917492043,7.0,6.035289535851689,75.42546203643542,75.42546203643542
high,low,0.94,0.016942504162983978,0.793836575358072,0.8,0.3,0.816942504162984,1.103081712320964,3.0,1.7567360663309368,75.42546203643542,75.42546203643542
high,high,0.94,-0.03233087788295356,0.6000703192527304,0.8,0.7,0.7676691221170465,1.1999648403736347,7.0,5.762255774752921,75.42546203643542,75.42546203643542
low,low,0.94,-0.011404823529670738,0.6868106835387151,0.2,0.3,0.18859517647032928,1.1565946582306426,3.0,0.9002759523437928,75.42546203643542,75.42546203643542
low,low,0.94,-0.09278191046209139,0.022391983702816254,0.2,0.3,0.10721808953790862,1.4888040081485918,3.0,0.9000210949184989,75.42546203643542,75.42546203643542
low,high,0.94,0.0763377538734506,0.9249783924142073,0.2,0.7,0.2763377538734506,1.0375108037928964,7.0,4.901671836274265,75.42546203643542,75.42546203643542
low,high,0.94,-0.1395438404593264,0.12753540808093422,0.2,0.7,0.0604561595406736,1.4362322959595328,7.0,4.900001159918472,75.42546203643542,75.42546203643542
low,high,0.94,-0.14251526068593423,0.9608878046733729,0.2,0.7,0.05748473931406578,1.0195560976633136,7.0,4.900000639991133,75.42546203643542,75.42546203643542
low,low,0.94,-0.12392520351183733,0.6460667456702893,0.2,0.3,0.07607479648816268,1.1769666271648553,3.0,0.9000029989425401,75.42546203643542,75.42546203643542
high,low,0.94,0.1512620039661065,0.5539363092831223,0.8,0.3,0.9512620039661066,1.2230318453584388,3.0,2.0489812804173617,75.42546203643542,75.42546203643542
low,low,0.94,0.10473162391880562,0.6374625735079092,0.2,0.3,0.30473162391880565,1.1812687132460453,3.0,0.9031041044877053,75.42546203643542,75.42546203643542
high,high,0.94,-0.02238954774859458,0.5954904011993123,0.8,0.7,0.7776104522514055,1.2022547994003439,7.0,5.777908252234486,75.42546203643542,75.42546203643542
low,high,0.94,-0.05203705652663176,0.43655267615783966,0.2,0.7,0.14796294347336825,1.2817236619210801,7.0,4.900090899022574,75.42546203643542,75.42546203643542
high,high,0.94,-0.005796928783732753,0.4762455117685097,0.8,0.7,0.7942030712162673,1.261877244115745,7.0,5.846088059544016,75.42546203643542,75.42546203643542
low,high,0.94,0.03281158687475589,0.7564927189988103,0.2,0.7,0.2328115868747559,1.1217536405005948,7.0,4.9007672209316615,75.42546203643542,75.42546203643542
high,high,0.94,-0.06095948258701757,0.05494895548652445,0.8,0.7,0.7390405174129825,1.4725255222567377,7.0,5.909016207084449,75.42546203643542,75.42546203643542
low,low,0.94,-0.1351159267844276,0.1657551126696919,0.2,0.3,0.06488407321557241,1.417122443665154,3.0,0.9000016296633723,75.42546203643542,75.42546203643542
low,low,0.94,0.10772871584343009,0.011526798822412032,0.2,0.3,0.3077287158434301,1.494236600588794,3.0,0.904123438225504,75.42546203643542,75.42546203643542
low,high,0.94,0.07461166502101285,0.19344264403446365,0.2,0.7,0.27461166502101286,1.4032786779827682,7.0,4.902191486669259,75.42546203643542,75.42546203643542
low,low,0.94,-0.010622885144524105,0.7829639610110943,0.2,0.3,0.1893771148554759,1.1085180194944528,3.0,0.900270010240894,75.42546203643542,75.42546203643542
high,high,0.94,-0.09125735149463239,0.7422612051167063,0.8,0.7,0.7087426485053676,1.1288693974416468,7.0,5.634098622017199,75.42546203643542,75.42546203643542
high,high,0.94,0.06284881863447615,0.9533674953611536,0.8,0.7,0.8628488186344762,1.0233162523194232,7.0,5.750997447952354,75.42546203643542,75.42546203643542
low,high,0.94,-0.003331595177682876,0.9734688611897515,0.2,0.7,0.19666840482231712,1.0132655694051242,7.0,4.900298123534715,75.42546203643542,75.42546203643542
low,high,0.94,-0.13569182681571904,0.9901497250411824,0.2,0.7,0.06430817318428098,1.0049251374794088,7.0,4.900001105260306,75.42546203643542,75.42546203643542
low,high,0.94,0.08922180677495355,0.7943889094883274,0.2,0.7,0.28922180677495357,1.1028055452558363,7.0,4.902231794049893,75.42546203643542,75.42546203643542
high,low,0.94,0.04143003651638205,0.7978711254945656,0.8,0.3,0.841430036516382,1.1010644372527172,3.0,1.7873301727332784,75.42546203643542,75.42546203643542
low,low,0.94,-0.060617474221367346,0.27020303282030744,0.2,0.3,0.13938252577863267,1.3648984835898463,3.0,0.9000718029028426,75.42546203643542,75.42546203643542
high,high,0.94,0.07713666731969956,0.24706987081493337,0.8,0.7,0.8771366673196996,1.3764650645925334,7.0,6.068420790941777,75.42546203643542,75.42546203643542
low,low,0.94,0.038123423839867006,0.4745216943761984,0.2,0.3,0.238123423839867,1.2627391528119007,3.0,0.9009667723890615,75.42546203643542,75.42546203643542
high,high,0.94,-0.07375096369163835,0.3175139746000567,0.8,0.7,0.7262490363083617,1.3412430126999717,7.0,5.799216844916261,75.42546203643542,75.42546203643542
high,high,0.94,0.05988852273948014,0.7684856187718787,0.8,0.7,0.8598885227394801,1.1157571906140606,7.0,5.823894506401154,75.42546203643542,75.42546203643542
low,high,0.94,-0.20352238542290968,0.37763380578634353,0.2,0.7,-0.0035223854229096685,1.3111830971068281,7.0,4.899999999999289,75.42546203643542,75.42546203643542
low,low,0.94,-0.08721597146988484,0.9257036677220478,0.2,0.3,0.11278402853011517,1.037148166138976,3.0,0.9000189268708728,75.42546203643542,75.42546203643542
low,low,0.94,0.09813239057153579,0.7725077515699175,0.2,0.3,0.2981323905715358,1.1137461242150413,3.0,0.902623203711674,75.42546203643542,75.42546203643542
low,low,0.94,0.10833149551792765,0.9240367732149016,0.2,0.3,0.30833149551792766,1.0379816133925492,3.0,0.9028925382298427,75.42546203643542,75.42546203643542
high,low,0.94,-0.20937791035505682,0.4506144015678971,0.8,0.3,0.5906220896449432,1.2746927992160515,3.0,1.5599980307841346,75.42546203643542,75.42546203643542
high,low,0.94,0.045449973069526334,0.2632850639190918,0.8,0.3,0.8454499730695264,1.368357468040454,3.0,2.009326684850112,75.42546203643542,75.42546203643542
high,high,0.94,-0.08481926756073305,0.23325065721076077,0.8,0.7,0.7151807324392669,1.3833746713946196,7.0,5.809828584023044,75.42546203643542,75.42546203643542
high,low,0.94,0.07644008831235832,0.7606371136773226,0.8,0.3,0.8764400883123584,1.1196814431613387,3.0,1.8495050370930302,75.42546203643542,75.42546203643542
low,low,0.94,0.20039976826833247,0.18748358855188418,0.2,0.3,0.40039976826833246,1.406258205724058,3.0,0.9144721867126672,75.42546203643542,75.42546203643542
low,low,0.94,0.055497584769683556,0.17230992596291983,0.2,0.3,0.25549758476968354,1.41384503701854,3.0,0.9015393444389946,75.42546203643542,75.42546203643542
high,high,0.94,0.029181216385030274,0.4372393554970959,0.8,0.7,0.8291812163850303,1.2813803222514522,7.0,5.913887735400392,75.42546203643542,75.42546203643542
low,low,0.94,-0.04434732614861425,0.6479522290674745,0.2,0.3,0.15565267385138576,1.1760238854662628,3.0,0.9001074481816153,75.42546203643542,75.42546203643542
low,high,0.94,0.07133691111796973,0.29548268683578616,0.2,0.7,0.27133691111796976,1.3522586565821069,7.0,4.901988859727721,75.42546203643542,75.42546203643542
low,high,0.94,0.13154603146569316,0.07561790973238258,0.2,0.7,0.33154603146569317,1.4621910451338087,7.0,4.905857648254041,75.42546203643542,75.42546203643542
high,high,0.94,-0.1310778892759745,0.004411843936484416,0.8,0.7,0.6689221107240255,1.4977940780317578,7.0,5.8060904404552085,75.42546203643542,75.42546203643542
low,low,0.94,-0.17121169005662548,0.09227463987918394,0.2,0.3,0.02878830994337453,1.453862680060408,3.0,0.900000028747775,75.42546203643542,75.42546203643542
low,high,0.94,0.003328859305482849,0.1802644978948047,0.2,0.7,0.20332885930548286,1.4098677510525977,7.0,4.90048997452192,75.42546203643542,75.42546203643542
high,low,0.94,0.04389888501782362,0.2311044955130921,0.8,0.3,0.8438988850178236,1.384447752243454,3.0,2.019797740573754,75.42546203643542,75.42546203643542
high,low,0.94,0.06088319721500956,0.7533648436377011,0.8,0.3,0.8608831972150096,1.1233175781811495,3.0,1.8314999675592678,75.42546203643542,75.42546203643542
high,low,0.94,0.046972990090661755,0.3488308096864301,0.8,0.3,0.8469729900906618,1.3255845951567848,3.0,1.9770711658418678,75.42546203643542,75.42546203643542
high,low,0.94,-0.01866743436927975,0.34189546880007005,0.8,0.3,0.7813325656307203,1.329052265599965,3.0,1.876308268647402,75.42546203643542,75.42546203643542
low,low,0.94,-0.1925836014259339,0.33391064484552113,0.2,0.3,0.007416398574066119,1.3330446775772393,3.0,0.9000000000299094,75.42546203643542,75.42546203643542
high,low,0.94,0.046918916975757674,0.7275212396605643,0.8,0.3,0.8469189169757577,1.136239380169718,3.0,1.8231496916699068,75.42546203643542,75.42546203643542
high,low,0.94,-0.05491446982852691,0.2865283484519694,0.8,0.3,0.7450855301714732,1.3567358257740154,3.0,1.8391889077690307,75.42546203643542,75.42546203643542
high,low,0.94,-0.03990608978551952,0.3813003971828508,0.8,0.3,0.7600939102144805,1.3093498014085747,3.0,1.8292653698483843,75.42546203643542,75.42546203643542
low,low,0.94,0.16639795180172626,0.3921015416471889,0.2,0.3,0.3663979518017263,1.3039492291764057,3.0,0.9086104503777647,75.42546203643542,75.42546203643542
low,low,0.94,-0.04275950843425824,0.00463604635604753,0.2,0.3,0.15724049156574177,1.4976819768219762,3.0,0.9001439599104124,75.42546203643542,75.42546203643542
low,high,0.94,-0.05682909533919729,0.552998726109701,0.2,0.7,0.14317090466080273,1.2235006369451495,7.0,4.9000736000391925,75.42546203643542,75.42546203643542
low,high,0.94,-0.10731516011310299,0.9329966590753442,0.2,0.7,0.09268483988689702,1.0335016704623279,7.0,4.900007068946634,75.42546203643542,75.42546203643542
high,high,0.94,-0.04492399099316928,0.7384989361414181,0.8,0.7,0.7550760090068308,1.130750531929291,7.0,5.695893834340761,75.42546203643542,75.42546203643542
low,low,0.94,0.09775850003146996,0.18482064852035962,0.2,0.3,0.29775850003147,1.4075896757398203,3.0,0.9032945561431961,75.42546203643542,75.42546203643542
high,low,0.94,0.07107587857992907,0.7037106578282323,0.8,0.3,0.8710758785799291,1.1481446710858838,3.0,1.8661990340947097,75.42546203643542,75.42546203643542
low,high,0.94,-0.013737668244663699,0.1937242147242606,0.2,0.7,0.18626233175533632,1.4031378926378697,7.0,4.900314575959824,75.42546203643542,75.42546203643542
high,low,0.94,0.07937192769933948,0.6777937833838426,0.8,0.3,0.8793719276993395,1.1611031083080787,3.0,1.888750086535673,75.42546203643542,75.42546203643542
low,low,0.94,0.1060406422083081,0.9134754423297762,0.2,0.3,0.3060406422083081,1.0432622788351118,3.0,0.9028008446945721,75.42546203643542,75.42546203643542
low,high,0.94,0.011912104420268813,0.7362978588049163,0.2,0.7,0.2119121044202688,1.1318510705975418,7.0,4.900483691112492,75.42546203643542,75.42546203643542
high,low,0.94,-0.15909758759946543,0.20551293033751183,0.8,0.3,0.6409024124005346,1.3972435348312442,3.0,1.7012388365356277,75.42546203643542,75.42546203643542
low,high,0.94,-0.05826081544194303,0.2601070094547203,0.2,0.7,0.14173918455805698,1.36994649527264,7.0,4.900078370615044,75.42546203643542,75.42546203643542
high,high,0.94,0.08504754096086317,0.1895909322467546,0.8,0.7,0.8850475409608632,1.4052045338766228,7.0,6.106279068817258,75.42546203643542,75.42546203643542
high,low,0.94,-0.021425436510508166,0.945230102376188,0.8,0.3,0.7785745634894918,1.027384948811906,3.0,1.6513779787738736,75.42546203643542,75.42546203643542
low,high,0.94,-0.15445861959873586,0.4079788027757565,0.2,0.7,0.04554138040126415,1.2960105986121218,7.0,4.9000002538864385,75.42546203643542,75.42546203643542
low,low,0.94,0.016550978718650352,0.5027375784878908,0.2,0.3,0.21655097871865037,1.2486312107560547,3.0,0.9005946137405673,75.42546203643542,75.42546203643542
low,low,0.94,0.14598401143560222,0.55042961524969,0.2,0.3,0.3459840114356022,1.224785192375155,3.0,0.9060721162238504,75.42546203643542,75.42546203643542
low,high,0.94,-0.050569666872055746,0.3206703825732232,0.2,0.7,0.14943033312794426,1.3396648087133884,7.0,4.900099813658068,75.42546203643542,75.42546203643542
high,high,0.94,0.019150846184383973,0.8762107005523325,0.8,0.7,0.819150846184384,1.0618946497238337,7.0,5.72753484167337,75.42546203643542,75.42546203643542
low,high,0.94,0.040593554562895595,0.7357967365539703,0.2,0.7,0.2405935545628956,1.1321016317230148,7.0,4.900912652313389,75.42546203643542,75.42546203643542
high,low,0.94,0.18222745806971696,0.1253166895041039,0.8,0.3,0.982227458069717,1.437341655247948,3.0,2.3054813923966773,75.42546203643542,75.42546203643542
low,low,0.94,-0.054363846495944335,0.9173957111601879,0.2,0.3,0.14563615350405568,1.041302144419906,3.0,0.9000682217353919,75.42546203643542,75.42546203643542
low,low,0.94,-0.08576271255241999,0.9290327016619202,0.2,0.3,0.11423728744758002,1.03548364916904,3.0,0.9000201457136643,75.42546203643542,75.42546203643542
low,high,0.94,0.20717411580085865,0.880216728611057,0.2,0.7,0.40717411580085866,1.0598916356944714,7.0,4.911862118948386,75.42546203643542,75.42546203643542
high,low,0.94,-0.21762588533679886,0.4042170338278198,0.8,0.3,0.5823741146632012,1.2978914830860901,3.0,1.5602994896339069,75.42546203643542,75.42546203643542
low,low,0.94,0.19959735913646898,0.7161158506264589,0.2,0.3,0.399597359136469,1.1419420746867706,3.0,0.9116347517640858,75.42546203643542,75.42546203643542
high,high,0.94,-0.05546883451891781,0.3505966248316672,0.8,0.7,0.7445311654810822,1.3247016875841664,7.0,5.8161607707131795,75.42546203643542,75.42546203643542
high,low,0.94,0.03867632828198964,0.26192898509116136,0.8,0.3,0.8386763282819897,1.3690355074544194,3.0,1.9987722780694557,75.42546203643542,75.42546203643542
low,high,0.94,-0.04946017932782484,0.2919731539891597,0.2,0.7,0.15053982067217517,1.3540134230054202,7.0,4.900104683911472,75.42546203643542,75.42546203643542
low,low,0.94,0.22211709132167773,0.010797727133911583,0.2,0.3,0.42211709132167774,1.4946011364330443,3.0,0.9200304170879584,75.42546203643542,75.42546203643542
high,high,0.94,-0.053581100949353415,0.555610772310811,0.8,0.7,0.7464188990506466,1.2221946138445945,7.0,5.747946885362056,75.42546203643542,75.42546203643542
high,low,0.94,-0.043284593763296346,0.002668344334952777,0.8,0.3,0.7567154062367037,1.4986658278325236,3.0,1.957719533466913,75.42546203643542,75.42546203643542
high,low,0.94,0.07371312911497123,0.7389738036624703,0.8,0.3,0.8737131291149712,1.1305130981687648,3.0,1.8549632870585921,75.42546203643542,75.42546203643542
high,low,0.94,0.07140110740720046,0.03533812423896732,0.8,0.3,0.8714011074072006,1.4823309378805163,3.0,2.1480092587366464,75.42546203643542,75.42546203643542
high,low,0.94,0.07484419395141742,0.8796512598629159,0.8,0.3,0.8748441939514174,1.060174370068542,3.0,1.7969963859172844,75.42546203643542,75.42546203643542
low,low,0.94,-0.02459391649927523,0.6835836410481131,0.2,0.3,0.17540608350072479,1.1582081794759436,3.0,0.9001923135505276,75.42546203643542,75.42546203643542
low,low,0.94,0.024658096670320467,0.17390299299390233,0.2,0.3,0.22465809667032047,1.413048503503049,3.0,0.9008086627629224,75.42546203643542,75.42546203643542
low,high,0.94,-0.08520164219808346,0.41926935528976506,0.2,0.7,0.11479835780191655,1.2903653223551175,7.0,4.900025727113391,75.42546203643542,75.42546203643542
low,low,0.94,-0.13957635314652334,0.34478349814827425,0.2,0.3,0.060423646853476676,1.3276082509258629,3.0,0.9000010693124174,75.42546203643542,75.42546203643542
high,low,0.94,-0.10209209303437328,0.49150665022515994,0.8,0.3,0.6979079069656268,1.25424667488742,3.0,1.7000748278234292,75.42546203643542,75.42546203643542
high,low,0.94,0.11171591123679957,0.40331324638634114,0.8,0.3,0.9117159112367996,1.2983433768068293,3.0,2.0566820193920226,75.42546203643542,75.42546203643542
high,high,0.94,-0.20946741777312827,0.6114947770560951,0.8,0.7,0.5905325822268718,1.1942526114719525,7.0,5.518231358917183,75.42546203643542,75.42546203643542
low,low,0.94,-0.06514473606030707,0.9783734674431214,0.2,0.3,0.13485526393969294,1.0108132662784393,3.0,0.9000450827552192,75.42546203643542,75.42546203643542
high,high,0.94,0.07949021519653736,0.5526074369197194,0.8,0.7,0.8794902151965374,1.2236962815401404,7.0,5.942227205377508,75.42546203643542,75.42546203643542
low,low,0.94,0.07757391128753294,0.8071671455378422,0.2,0.3,0.27757391128753295,1.096416427231079,3.0,0.9018066280929857,75.42546203643542,75.42546203643542
high,low,0.94,-0.07853797425854486,0.6844659818428606,0.8,0.3,0.7214620257414552,1.1577670090785697,3.0,1.6698179194113498,75.42546203643542,75.42546203643542
high,high,0.94,0.0037235398160441707,0.5888366459098671,0.8,0.7,0.8037235398160442,1.2055816770450665,7.0,5.817444917666725,75.42546203643542,75.42546203643542
high,low,0.94,-0.006061840094783059,0.7490074110180931,0.8,0.3,0.793938159905217,1.1254962944909535,3.0,1.7434850995013862,75.42546203643542,75.42546203643542
high,high,0.94,0.1333297699957767,0.9114964734374714,0.8,0.7,0.9333297699957768,1.0442517632812642,7.0,5.857963838359562,75.42546203643542,75.42546203643542
low,high,0.94,-0.1234860259862939,0.44861148290730724,0.2,0.7,0.0765139740137061,1.2756942585463464,7.0,4.900003345418055,75.42546203643542,75.42546203643542
high,high,0.94,0.11705449558506745,0.19734057317391696,0.8,0.7,0.9170544955850675,1.4013297134130416,7.0,6.157576059281146,75.42546203643542,75.42546203643542
high,high,0.94,0.023705798761702757,0.9305616308503648,0.8,0.7,0.8237057987617028,1.0347191845748176,7.0,5.711965647456548,75.42546203643542,75.42546203643542
low,low,0.94,0.11032942005871237,0.8110067913216484,0.2,0.3,0.3103294200587124,1.0944966043391757,3.0,0.9031501350113985,75.42546203643542,75.42546203643542
low,high,0.94,-0.1208025001957534,0.3065264206456658,0.2,0.7,0.0791974998042466,1.3467367896771671,7.0,4.900004196044464,75.42546203643542,75.42546203643542
high,high,0.94,-0.06790786580333347,0.8856966988692085,0.8,0.7,0.7320921341966666,1.0571516505653957,7.0,5.6158869869262436,75.42546203643542,75.42546203643542
low,high,0.94,0.043315320656599106,0.6210172188105756,0.2,0.7,0.2433153206565991,1.1894913905947122,7.0,4.901014398460595,75.42546203643542,75.42546203643542
low,low,0.94,-0.04071161011668667,0.915952301488441,0.2,0.3,0.15928838988331334,1.0420238492557794,3.0,0.9001068558419886,75.42546203643542,75.42546203643542
low,low,0.94,-0.055895418993412285,0.814726199803542,0.2,0.3,0.14410458100658774,1.092636900098229,3.0,0.9000678992220392,75.42546203643542,75.42546203643542
low,low,0.94,0.10156198730945552,0.7982283810629768,0.2,0.3,0.30156198730945555,1.1008858094685117,3.0,0.9027455240795123,75.42546203643542,75.42546203643542
high,high,0.94,-0.016050262000084543,0.49704665781835133,0.8,0.7,0.7839497379999155,1.2514766710908243,7.0,5.823172868667554,75.42546203643542,75.42546203643542
low,high,0.94,-0.196000798874079,0.4306914897279519,0.2,0.7,0.003999201125921004,1.284654255136024,7.0,4.900000000001314,75.42546203643542,75.42546203643542
low,high,0.94,-0.008662085980071746,0.10987047314661047,0.2,0.7,0.19133791401992828,1.4450647634266947,7.0,4.900370588967372,75.42546203643542,75.42546203643542
low,low,0.94,-0.017878922946673963,0.39115631312648946,0.2,0.3,0.18212107705332606,1.3044218434367552,3.0,0.9002613479590679,75.42546203643542,75.42546203643542
high,low,0.94,-0.023197147035033578,0.2815686961969306,0.8,0.3,0.7768028529649664,1.3592156519015348,3.0,1.8912355786527983,75.42546203643542,75.42546203643542
high,high,0.94,-0.0441825549012915,0.717434243446441,0.8,0.7,0.7558174450987085,1.1412828782767794,7.0,5.704293282687115,75.42546203643542,75.42546203643542
low,high,0.94,0.03199614234151172,0.8566578591132291,0.2,0.7,0.23199614234151172,1.0716710704433854,7.0,4.900720220244082,75.42546203643542,75.42546203643542
high,high,0.94,0.028636377532888554,0.8543934051692202,0.8,0.7,0.8286363775328885,1.0728032974153898,7.0,5.748154740156251,75.42546203643542,75.42546203643542
high,high,0.94,-0.05026764650688063,0.5239530296091222,0.8,0.7,0.7497323534931194,1.238023485195439,7.0,5.7636975724537525,75.42546203643542,75.42546203643542
high,high,0.94,-0.03458488754588902,0.8872518694848219,0.8,0.7,0.765415112454111,1.056374065257589,7.0,5.656291155168215,75.42546203643542,75.42546203643542
low,low,0.94,0.025597401909072667,0.987103517941528,0.2,0.3,0.22559740190907268,1.006448241029236,3.0,0.9005881145366227,75.42546203643542,75.42546203643542
high,low,0.94,-0.09267863829518147,0.417074637503285,0.8,0.3,0.7073213617048186,1.2914626812483574,3.0,1.737727609579364,75.42546203643542,75.42546203643542
high,high,0.94,-0.19179965598000434,0.7730516136375101,0.8,0.7,0.6082003440199957,1.1134741931812449,7.0,5.498051360563585,75.42546203643542,75.42546203643542
high,low,0.94,-0.04122221886367955,0.9715013799434724,0.8,0.3,0.7587777811363206,1.014249310028264,3.0,1.6182704131600476,75.42546203643542,75.42546203643542
low,high,0.94,-0.06081437753069305,0.8637277466899858,0.2,0.7,0.13918562246930696,1.0681361266550071,7.0,4.900055795411421,75.42546203643542,75.42546203643542
low,high,0.94,-0.09743033825576423,0.16571415242221965,0.2,0.7,0.10256966174423578,1.4171429237888902,7.0,4.900016088230098,75.42546203643542,75.42546203643542
high,low,0.94,-0.02848078367279321,0.5243392603730037,0.8,0.3,0.7715192163272069,1.2378303698134983,3.0,1.7950443764243804,75.42546203643542,75.42546203643542
high,low,0.94,0.11851874174078916,0.7201685413034102,0.8,0.3,0.9185187417407892,1.1399157293482949,3.0,1.9250210262435272,75.42546203643542,75.42546203643542
low,low,0.94,0.06581023844088456,0.2515247423223804,0.2,0.3,0.2658102384408846,1.3742376288388098,3.0,0.9018235612757296,75.42546203643542,75.42546203643542
low,high,0.94,-0.022906237316953557,0.3988349534913105,0.2,0.7,0.17709376268304644,1.3005825232543446,7.0,4.900226544874543,75.42546203643542,75.42546203643542
high,high,0.94,-0.05543615227411206,0.6628916797922436,0.8,0.7,0.744563847725888,1.1685541601038782,7.0,5.708213829393568,75.42546203643542,75.42546203643542
low,high,0.94,-0.13345365542780296,0.22344213786063993,0.2,0.7,0.06654634457219705,1.3882789310696801,7.0,4.900001811747851,75.42546203643542,75.42546203643542
high,low,0.94,-0.04621609271625568,0.9620519561068496,0.8,0.3,0.7537839072837443,1.0189740219465753,3.0,1.6156846273038181,75.42546203643542,75.42546203643542
low,low,0.94,0.13013557020442212,0.18892372817898073,0.2,0.3,0.33013557020442214,1.4055381359105097,3.0,0.9055119368283859,75.42546203643542,75.42546203643542
low,high,0.94,-0.08257609450457198,0.11279031799060613,0.2,0.7,0.11742390549542803,1.4436048410046969,7.0,4.900032227820338,75.42546203643542,75.42546203643542
high,low,0.94,-0.0697263260206859,0.478431800332796,0.8,0.3,0.7302736739793141,1.260784099833602,3.0,1.751133685780454,75.42546203643542,75.42546203643542
high,low,0.94,-0.09909495779935257,0.40201750855175433,0.8,0.3,0.7009050422006475,1.2989912457241228,3.0,1.7330675242419114,75.42546203643542,75.42546203643542
high,low,0.94,-0.03910172803316179,0.0005477072221045098,0.8,0.3,0.7608982719668382,1.4997261463889477,3.0,1.9657864888697139,75.42546203643542,75.42546203643542
high,low,0.94,0.0348194738027654,0.2235350526644374,0.8,0.3,0.8348194738027654,1.3882324736677814,3.0,2.007778452387437,75.42546203643542,75.42546203643542
high,low,0.94,0.011358647793234485,0.22498685886497372,0.8,0.3,0.8113586477932345,1.3875065705675131,3.0,1.9684424515866012,75.42546203643542,75.42546203643542
low,high,0.94,-0.13391359026687882,0.3110415795329635,0.2,0.7,0.06608640973312119,1.3444792102335184,7.0,4.900001694786064,75.42546203643542,75.42546203643542
high,high,0.94,0.1477575136282533,0.6752524929714339,0.8,0.7,0.9477575136282533,1.162373753514283,7.0,5.986969455041851,75.42546203643542,75.42546203643542
high,low,0.94,-0.08288991105264631,0.5493462850203658,0.8,0.3,0.7171100889473537,1.225326857489817,3.0,1.708600943029416,75.42546203643542,75.42546203643542
high,low,0.94,-0.052908657732502445,0.5532615710531769,0.8,0.3,0.7470913422674976,1.2233692144734116,3.0,1.7497177235874264,75.42546203643542,75.42546203643542
high,high,0.94,-0.1650231041771888,0.31615573852876255,0.8,0.7,0.6349768958228112,1.3419221307356186,7.0,5.660632222713413,75.42546203643542,75.42546203643542
high,low,0.94,-0.02267777450202457,0.8073049015352874,0.8,0.3,0.7773222254979755,1.0963475492323562,3.0,1.700201952765056,75.42546203643542,75.42546203643542
high,low,0.94,-0.007311231966702302,0.03729553834957766,0.8,0.3,0.7926887680332978,1.4813522308252112,3.0,2.0079922342438623,75.42546203643542,75.42546203643542
high,low,0.94,-0.08033272379700093,0.7529454802483447,0.8,0.3,0.7196672762029991,1.1235272598758277,3.0,1.6447290731040436,75.42546203643542,75.42546203643542
low,low,0.94,0.04568776561980648,0.4496128296867865,0.2,0.3,0.2456877656198065,1.2751935851566067,3.0,0.901141546936266,75.42546203643542,75.42546203643542
high,high,0.94,-0.11229440270640788,0.7499549547361907,0.8,0.7,0.6877055972935922,1.1250225226319046,7.0,5.6045542125101155,75.42546203643542,75.42546203643542
high,low,0.94,-0.017392611063627342,0.21390451603110938,0.8,0.3,0.7826073889363727,1.3930477419844454,3.0,1.9254061800693398,75.42546203643542,75.42546203643542
high,low,0.94,0.09968800124145007,0.5226733792447325,0.8,0.3,0.8996880012414501,1.2386633103776337,3.0,1.9853459361887682,75.42546203643542,75.42546203643542
low,high,0.94,0.06728620068454064,0.1536049583630329,0.2,0.7,0.2672862006845407,1.4231975208184835,7.0,4.9019415468183105,75.42546203643542,75.42546203643542
low,low,0.94,0.07859833723838947,0.5188773611335488,0.2,0.3,0.27859833723838945,1.2405613194332257,3.0,0.9020821443569172,75.42546203643542,75.42546203643542
high,low,0.94,-0.03836769744854843,0.9278606117585475,0.8,0.3,0.7616323025514516,1.0360696941207261,3.0,1.6371751119239728,75.42546203643542,75.42546203643542
low,high,0.94,0.2254980409685221,0.8337315407973107,0.2,0.7,0.4254980409685221,1.0831342296013446,7.0,4.915106717409587,75.42546203643542,75.42546203643542
low,low,0.94,-0.04664401298560968,0.7273567405146126,0.2,0.3,0.15335598701439032,1.1363216297426937,3.0,0.9000963840011391,75.42546203643542,75.42546203643542
high,high,0.94,0.16324218057530637,0.7495763258458629,0.8,0.7,0.9632421805753064,1.1252118370770685,7.0,5.973751188278808,75.42546203643542,75.42546203643542
low,high,0.94,0.006227231301390159,0.3381294689961468,0.2,0.7,0.20622723130139017,1.3309352655019266,7.0,4.900496463115871,75.42546203643542,75.42546203643542
high,high,0.94,0.1312762663747766,0.35578535136494416,0.8,0.7,0.9312762663747767,1.3221073243175279,7.0,6.10952508545191,75.42546203643542,75.42546203643542
low,low,0.94,0.03270202593494062,0.22282641575180562,0.2,0.3,0.23270202593494063,1.388586792124097,3.0,0.9009474882909987,75.42546203643542,75.42546203643542
low,high,0.94,-0.09174064499978639,0.07447750426262967,0.2,0.7,0.10825935500021362,1.462761247868685,7.0,4.900021752071527,75.42546203643542,75.42546203643542
low,high,0.94,-0.03634141340506901,0.7628026013999426,0.2,0.7,0.163658586594931,1.1185986993000288,7.0,4.900131331314388,75.42546203643542,75.42546203643542
high,low,0.94,0.11483885213178242,0.7377990688984968,0.8,0.3,0.9148388521317825,1.1311004655507517,3.0,1.9120033066127329,75.42546203643542,75.42546203643542
low,high,0.94,0.17998076574543545,0.41109284438961746,0.2,0.7,0.3799807657454355,1.2944535778051913,7.0,4.910254029163193,75.42546203643542,75.42546203643542
high,high,0.94,-0.14830392070695528,0.6561146669333215,0.8,0.7,0.6516960792930447,1.1719426665333392,7.0,5.586219019631594,75.42546203643542,75.42546203643542
low,high,0.94,-0.17498257379790907,0.08136466613431781,0.2,0.7,0.025017426202090937,1.4593176669328412,7.0,4.900000014300886,75.42546203643542,75.42546203643542
high,high,0.94,-0.2137452296868165,0.5412734141735539,0.8,0.7,0.5862547703131835,1.229363292913223,7.0,5.5306497508581405,75.42546203643542,75.42546203643542
low,high,0.94,-0.020298451877210633,0.7275938419692857,0.2,0.7,0.17970154812278938,1.1362030790153572,7.0,4.900212919312221,75.42546203643542,75.42546203643542
high,low,0.94,-0.17410822194219475,0.879791746576449,0.8,0.3,0.6258917780578053,1.0601041267117755,3.0,1.4901638223553881,75.42546203643542,75.42546203643542
high,low,0.94,0.07332375401506445,0.49876319507693523,0.8,0.3,0.8733237540150645,1.2506184024615323,3.0,1.955829777137917,75.42546203643542,75.42546203643542
high,high,0.94,-0.009254812196842738,0.943841953883917,0.8,0.7,0.7907451878031573,1.0280790230580414,7.0,5.666605966287801,75.42546203643542,75.42546203643542
low,high,0.94,-0.13325023911548356,0.5153945635280054,0.2,0.7,0.06674976088451645,1.2423027182359974,7.0,4.900001646175018,75.42546203643542,75.42546203643542
high,low,0.94,0.09146663333929307,0.015265238743565335,0.8,0.3,0.8914666333392931,1.4923673806282174,3.0,2.1927278753293735,75.42546203643542,75.42546203643542
high,high,0.94,0.057972183060956466,0.38452486176343126,0.8,0.7,0.8579721830609565,1.3077375691182844,7.0,5.979846711003113,75.42546203643542,75.42546203643542
low,high,0.94,-0.18292850359165344,0.5651206541856859,0.2,0.7,0.01707149640834657,1.217439672907157,7.0,4.900000001765246,75.42546203643542,75.42546203643542
high,high,0.94,-0.04868498125006612,0.18570671954610773,0.8,0.7,0.7513150187499339,1.4071466402269461,7.0,5.884276114416689,75.42546203643542,75.42546203643542
high,low,0.94,-0.16780263934219708,0.32686897227144474,0.8,0.3,0.632197360657803,1.3365655138642776,3.0,1.6534528833934021,75.42546203643542,75.42546203643542
low,low,0.94,-0.05509030843724412,0.40068675705430956,0.2,0.3,0.1449096915627559,1.2996566214728453,3.0,0.9000830454387823,75.42546203643542,75.42546203643542
high,low,0.94,0.18435801718944483,0.4763953944635173,0.8,0.3,0.9843580171894448,1.2618023027682415,3.0,2.1371793689228897,75.42546203643542,75.42546203643542
low,high,0.94,-0.09021804535391638,0.7869451310835457,0.2,0.7,0.10978195464608363,1.1065274344582272,7.0,4.900017644809795,75.42546203643542,75.42546203643542
high,low,0.94,-0.12273379084881764,0.760084331977888,0.8,0.3,0.6772662091511824,1.119957834011056,3.0,1.5880990081121085,75.42546203643542,75.42546203643542
low,low,0.94,0.24963360814789637,0.860475730160148,0.2,0.3,0.4496336081478964,1.069762134919926,3.0,0.9196598884164838,75.42546203643542,75.42546203643542
low,low,0.94,-0.011781942754443206,0.3484728749229089,0.2,0.3,0.1882180572455568,1.3257635625385455,3.0,0.9003131644896075,75.42546203643542,75.42546203643542
high,low,0.94,-0.21550249336290725,0.22423231331705373,0.8,0.3,0.5844975066370928,1.387883843341473,3.0,1.6093024315899065,75.42546203643542,75.42546203643542
high,high,0.94,0.07651984669483167,0.619981606590944,0.8,0.7,0.8765198466948317,1.190009196704528,7.0,5.909258719926899,75.42546203643542,75.42546203643542
high,high,0.94,-0.00028474579101873336,0.3492171114492645,0.8,0.7,0.7997152542089813,1.3253914442753678,7.0,5.902336136333426,75.42546203643542,75.42546203643542
high,high,0.94,0.04233227985934801,0.8776141657575307,0.8,0.7,0.842332279859348,1.0611929171212346,7.0,5.756344766092291,75.42546203643542,75.42546203643542
low,high,0.94,0.038697242470044906,0.6781472080850132,0.2,0.7,0.23869724247004492,1.1609263959574934,7.0,4.900899583943669,75.42546203643542,75.42546203643542
high,low,0.94,-0.14673737535443485,0.9732184745780134,0.8,0.3,0.6532626246455652,1.0133907627109933,3.0,1.4951640707965401,75.42546203643542,75.42546203643542
low,high,0.94,0.04430059808398235,0.34204865988506494,0.2,0.7,0.24430059808398236,1.3289756700574675,7.0,4.901156484139941,75.42546203643542,75.42546203643542
low,high,0.94,0.21199321561802661,0.41843045598437556,0.2,0.7,0.4119932156180266,1.2907847720078123,7.0,4.915321601251839,75.42546203643542,75.42546203643542
high,low,0.94,0.15417649991963397,0.8612765374343645,0.8,0.3,0.954176499919634,1.0693617312828176,3.0,1.9084643112758424,75.42546203643542,75.42546203643542
high,high,0.94,0.07858954904931664,0.5292486677945095,0.8,0.7,0.8785895490493167,1.2353756661027453,7.0,5.95082787276747,75.42546203643542,75.42546203643542
high,low,0.94,-3.163590468336879e-06,0.9674807846240803,0.8,0.3,0.7999968364095317,1.0162596076879598,3.0,1.668891396500056,75.42546203643542,75.42546203643542
high,low,0.94,-0.04273718313630692,0.03577950228850468,0.8,0.3,0.7572628168636931,1.4821102488557476,3.0,1.9469810018956808,75.42546203643542,75.42546203643542
high,high,0.94,0.028674395597729965,0.5696944714251738,0.8,0.7,0.82867439559773,1.2151527642874131,7.0,5.86075085459353,75.42546203643542,75.42546203643542
high,high,0.94,0.1323390138980289,0.16821242448705342,0.8,0.7,0.932339013898029,1.4158937877564732,7.0,6.197173292660388,75.42546203643542,75.42546203643542
low,high,0.94,-0.09085743697925851,0.23949240943728545,0.2,0.7,0.1091425630207415,1.3802537952813574,7.0,4.900021376159977,75.42546203643542,75.42546203643542
low,low,0.94,-0.030840464450213156,0.6994458865170854,0.2,0.3,0.16915953554978685,1.1502770567414573,3.0,0.9001593253487606,75.42546203643542,75.42546203643542
high,high,0.94,0.0532825583186464,0.8155816344696954,0.8,0.7,0.8532825583186464,1.0922091827651523,7.0,5.79571925273266,75.42546203643542,75.42546203643542
low,low,0.94,-0.01689515000980705,0.03937572481270679,0.2,0.3,0.18310484999019297,1.4803121375936465,3.0,0.9003046860280123,75.42546203643542,75.42546203643542
high,low,0.94,-0.06742144682243444,0.4181485445524111,0.8,0.3,0.7325785531775656,1.2909257277237944,3.0,1.7749213340485492,75.42546203643542,75.42546203643542
high,high,0.94,0.025420653521626257,0.15332712490771305,0.8,0.7,0.8254206535216263,1.4233364375461435,7.0,6.019829056008673,75.42546203643542,75.42546203643542
low,high,0.94,-0.06346336909877336,0.5817651513955238,0.2,0.7,0.13653663090122664,1.2091174243022382,7.0,4.90005737390249,75.42546203643542,75.42546203643542
low,high,0.94,0.032201414565032664,0.801145094058078,0.2,0.7,0.23220141456503268,1.0994274529709611,7.0,4.900742148617572,75.42546203643542,75.42546203643542
low,high,0.94,0.17647290860409617,0.797521384129669,0.2,0.7,0.3764729086040962,1.1012393079351654,7.0,4.908328184764683,75.42546203643542,75.42546203643542
low,high,0.94,-0.0311976740976084,0.23496543843535922,0.2,0.7,0.1688023259023916,1.3825172807823205,7.0,4.900189479705272,75.42546203643542,75.42546203643542
low,low,0.94,-0.015280957217784802,0.9713906223521387,0.2,0.3,0.1847190427822152,1.0143046888239307,3.0,0.9002181357161779,75.42546203643542,75.42546203643542
low,high,0.94,-0.13546739061503624,0.5621457538009049,0.2,0.7,0.06453260938496377,1.2189271230995475,7.0,4.900001364186891,75.42546203643542,75.42546203643542
low,low,0.94,-0.16030502457649817,0.18206628072585562,0.2,0.3,0.03969497542350184,1.4089668596370721,3.0,0.900000138860417,75.42546203643542,75.42546203643542
low,low,0.94,-0.02198345324020694,0.35629775636222816,0.2,0.3,0.17801654675979306,1.321851121818886,3.0,0.9002363112539513,75.42546203643542,75.42546203643542
low,high,0.94,-0.11115370262241198,0.16936336982922207,0.2,0.7,0.08884629737758803,1.415318315085389,7.0,4.900007835212767,75.42546203643542,75.42546203643542
high,high,0.94,0.08289667280756105,0.33583330439354775,0.8,0.7,0.8828966728075611,1.3320833478032261,7.0,6.040036482551193,75.42546203643542,75.42546203643542
low,high,0.94,-0.0529043624193838,0.6030599614161073,0.2,0.7,0.14709563758061622,1.1984700192919464,7.0,4.900082532716431,75.42546203643542,75.42546203643542
high,low,0.94,-0.16548858296058513,0.4525414081624628,0.8,0.3,0.6345114170394149,1.2737292959187685,3.0,1.6213174503874588,75.42546203643542,75.42546203643542
high,high,0.94,-0.023088987610448888,0.2879006356093846,0.8,0.7,0.7769110123895512,1.3560496821953076,7.0,5.889098852587752,75.42546203643542,75.42546203643542
high,high,0.94,-0.016306018518006025,0.16174736760333208,0.8,0.7,0.783693981481994,1.419126316198334,7.0,5.946415570063737,75.42546203643542,75.42546203643542
low,low,0.94,0.06299439301573971,0.15961902532570815,0.2,0.3,0.26299439301573974,1.420190487337146,3.0,0.9017868127672635,75.42546203643542,75.42546203643542
low,high,0.94,-0.039342692349647955,0.6215379170487538,0.2,0.7,0.16065730765035205,1.189231041475623,7.0,4.90012728248916,75.42546203643542,75.42546203643542
low,low,0.94,0.03155397067107278,0.6085646021072137,0.2,0.3,0.2315539706710728,1.1957176989463931,3.0,0.9007959573930279,75.42546203643542,75.42546203643542
low,high,0.94,0.0602004789498398,0.9896542862904646,0.2,0.7,0.26020047894983983,1.0051728568547678,7.0,4.901198895170611,75.42546203643542,75.42546203643542
low,high,0.94,-0.1247867366387071,0.8357014842280588,0.2,0.7,0.07521326336129291,1.0821492578859706,7.0,4.9000026047097,75.42546203643542,75.42546203643542
low,low,0.94,0.1250308104920213,0.9228219694055332,0.2,0.3,0.3250308104920213,1.0385890152972335,3.0,0.9037676137999027,75.42546203643542,75.42546203643542
low,low,0.94,-0.020957824008523744,0.693564800098371,0.2,0.3,0.17904217599147626,1.1532175999508145,3.0,0.9002121719651669,75.42546203643542,75.42546203643542
high,high,0.94,0.013986285874341135,0.46287432371450354,0.8,0.7,0.8139862858743412,1.2685628381427483,7.0,5.880806521178968,75.42546203643542,75.42546203643542
high,low,0.94,-0.04768290613188719,0.8999285813640581,0.8,0.3,0.7523170938681129,1.0500357093179709,3.0,1.6357075805780625,75.42546203643542,75.42546203643542
low,high,0.94,0.02353571897845525,0.4672446140091949,0.2,0.7,0.22353571897845526,1.2663776929954025,7.0,4.900706802209636,75.42546203643542,75.42546203643542
low,low,0.94,-0.04859628284178037,0.07565258069926273,0.2,0.3,0.15140371715821965,1.4621737096503686,3.0,0.9001163273031496,75.42546203643542,75.42546203643542
low,low,0.94,0.059088057886843494,0.1679379679922932,0.2,0.3,0.2590880578868435,1.4160310160038534,3.0,0.9016531404167496,75.42546203643542,75.42546203643542
low,high,0.94,-0.07389053011645283,0.45433715967751453,0.2,0.7,0.12610946988354718,1.2728314201612427,7.0,4.900040598443905,75.42546203643542,75.42546203643542
low,high,0.94,0.055701247954241355,0.7056065277259986,0.2,0.7,0.2557012479542414,1.1471967361370008,7.0,4.901254013294703,75.42546203643542,75.42546203643542
high,high,0.94,0.17989898000836155,0.40849795813319123,0.8,0.7,0.9798989800083616,1.2957510209334044,7.0,6.163275843817806,75.42546203643542,75.42546203643542
high,low,0.94,-0.035020199128162316,0.22324667031172762,0.8,0.3,0.7649798008718377,1.3883766648441362,3.0,1.8932755963144603,75.42546203643542,75.42546203643542
low,low,0.94,-0.07464483569397921,0.24046589822024123,0.2,0.3,0.12535516430602078,1.3797670508898794,3.0,0.9000427087560315,75.42546203643542,75.42546203643542
high,low,0.94,-0.012435680177039325,0.872524154644865,0.8,0.3,0.7875643198229607,1.0637379226775674,3.0,1.6892092791328102,75.42546203643542,75.42546203643542
low,high,0.94,-0.08220415823605685,0.11982267501336341,0.2,0.7,0.11779584176394316,1.4400886624933182,7.0,4.900032661718476,75.42546203643542,75.42546203643542
low,low,0.94,0.0885434089844143,0.12607339676448015,0.2,0.3,0.28854340898441433,1.4369633016177599,3.0,0.9028740973159418,75.42546203643542,75.42546203643542
high,high,0.94,-0.1026629982754934,0.7927024541682997,0.8,0.7,0.6973370017245066,1.1036487729158502,7.0,5.603289724918875,75.42546203643542,75.42546203643542
low,high,0.94,-0.05333832624387655,0.7358733960615284,0.2,0.7,0.14666167375612346,1.1320633019692359,7.0,4.900076816390642,75.42546203643542,75.42546203643542
low,high,0.94,-0.0718216648434845,0.19105456679116362,0.2,0.7,0.1281783351565155,1.4044727166044182,7.0,4.90004859442406,75.42546203643542,75.42546203643542
high,high,0.94,0.25495832436478916,0.8051432535024616,0.8,0.7,1.0549583243647893,1.097428373248769,7.0,6.07333037455517,75.42546203643542,75.42546203643542
high,high,0.94,0.03888367222305819,0.024772741860028202,0.8,0.7,0.8388836722230583,1.487613629069986,7.0,6.094310706138704,75.42546203643542,75.42546203643542
high,low,0.94,-0.06691375143907072,0.811584069973846,0.8,0.3,0.7330862485609293,1.094207965013077,3.0,1.6422389024715975,75.42546203643542,75.42546203643542
high,high,0.94,0.0852186368522165,0.23366808913483283,0.8,0.7,0.8852186368522166,1.3831659554325837,7.0,6.087647275473075,75.42546203643542,75.42546203643542
low,low,0.94,-0.07033694470710215,0.7170791559533357,0.2,0.3,0.12966305529289784,1.1414604220233322,3.0,0.9000418352252629,75.42546203643542,75.42546203643542
low,high,0.94,-0.005957554415703531,0.8815196486874007,0.2,0.7,0.19404244558429648,1.0592401756562997,7.0,4.900291392347639,75.42546203643542,75.42546203643542
low,low,0.94,0.03223921294041324,0.5513362120068035,0.2,0.3,0.23223921294041325,1.2243318939965984,3.0,0.9008271359899777,75.42546203643542,75.42546203643542
low,high,0.94,-0.0023270135802072544,0.36790182502580215,0.2,0.7,0.19767298641979275,1.316049087487099,7.0,4.900397199512061,75.42546203643542,75.42546203643542
high,high,0.94,-0.23003220300092028,0.09608810318801042,0.8,0.7,0.5699677969990797,1.4519559484059947,7.0,5.619062000847482,75.42546203643542,75.42546203643542
high,low,0.94,-0.05488515802171613,0.6121622976804778,0.8,0.3,0.7451148419782839,1.1939188511597612,3.0,1.7265208758427,75.42546203643542,75.42546203643542
high,high,0.94,-0.13734042517541226,0.4818089726962965,0.8,0.7,0.6626595748245878,1.2590955136518518,7.0,5.652786415476807,75.42546203643542,75.42546203643542
low,low,0.94,-0.154458689154688,0.1977369814792107,0.2,0.3,0.045541310845312016,1.4011315092603946,3.0,0.9000002744773644,75.42546203643542,75.42546203643542
high,high,0.94,0.12346022013750187,0.4326723860177335,0.8,0.7,0.923460220137502,1.2836638069911332,7.0,6.062047916951393,75.42546203643542,75.42546203643542
low,low,0.94,-0.1612965622812399,0.8586196253111792,0.2,0.3,0.038703437718760114,1.0706901873444103,3.0,0.9000000929847077,75.42546203643542,75.42546203643542
low,low,0.94,-0.01879597089990959,0.7638008076033752,0.2,0.3,0.18120402910009042,1.1180995961983125,3.0,0.9002184337496161,75.42546203643542,75.42546203643542
low,low,0.94,-0.0016856860765694073,0.7304277073705366,0.2,0.3,0.1983143139234306,1.1347861463147317,3.0,0.9003480842190864,75.42546203643542,75.42546203643542
low,high,0.94,0.20478624781570778,0.5071528330817211,0.2,0.7,0.4047862478157078,1.2464235834591395,7.0,4.913545480162434,75.42546203643542,75.42546203643542
high,low,0.94,-0.10096750871940315,0.3268269419081864,0.8,0.3,0.6990324912805969,1.3365865290459067,3.0,1.7543164772207651,75.42546203643542,75.42546203643542
low,low,0.94,-0.10105698051780768,0.19592975611541763,0.2,0.3,0.09894301948219233,1.402035121942291,3.0,0.9000132948882721,75.42546203643542,75.42546203643542
high,high,0.94,-0.013512426343791094,0.011946605271806798,0.8,0.7,0.7864875736562089,1.4940266973640965,7.0,6.006555470864947,75.42546203643542,75.42546203643542
low,low,0.94,-0.009076415559307187,0.7524227703960367,0.2,0.3,0.19092358444069282,1.1237886148019816,3.0,0.9002850903547879,75.42546203643542,75.42546203643542
