Y,X1,X2,X3,X4
4.0,1.0,0.0,0.8989457034336086,1.7893444850435547
10.0,1.0,1.0,0.2944146122534907,3.819772445074845
2.0,1.0,0.0,-1.0949893535816044,2.388004566978943
2.0,1.0,1.0,-1.383273760996381,3.384724314768661
2.0,1.0,1.0,-0.04588603328257703,1.4109632876893037
5.0,1.0,1.0,0.08525730749006781,2.829683712447082
4.0,1.0,1.0,1.6890124752527729,2.6851147190320113
0.0,1.0,0.0,-1.414532073022452,2.9212264955478364
0.0,1.0,0.0,-0.7034201661268116,2.5981964451594237
1.0,1.0,0.0,-1.2131768909389233,3.030624552150088
4.0,1.0,0.0,-0.19799107920058037,2.177614109287925
6.0,1.0,1.0,0.7576239697565236,1.9100981214963735
2.0,1.0,0.0,-1.4837002083158275,0.9211913928089557
2.0,1.0,0.0,-0.06977967629324627,2.0738732379516525
7.0,1.0,1.0,0.0491130964667357,3.2680775778755136
6.0,1.0,0.0,0.49211486330949483,3.0101083128698454
4.0,1.0,0.0,0.5739632083162675,1.0145091037081615
0.0,1.0,0.0,-0.6219818615394294,0.9618962605461139
10.0,1.0,1.0,1.2200654472133718,2.8385707953573807
13.0,1.0,0.0,1.1124819895028752,4.175194654007813
5.0,1.0,1.0,0.8690900884965093,1.1699464846743144
3.0,1.0,1.0,-0.39087238792269957,-0.16579688904413636
0.0,1.0,1.0,-0.10473478256126384,-0.014435767413078615
8.0,1.0,0.0,0.867549870948327,2.5124018413954925
4.0,1.0,0.0,-1.3139587001467259,4.5524089452161
1.0,1.0,0.0,-0.09859288612323042,0.7718678001306709
2.0,1.0,0.0,-0.05623977995935797,1.9566907794301596
6.0,1.0,1.0,0.453741694959974,2.5600229831230212
6.0,1.0,1.0,0.09714180700699186,3.00277224966142
0.0,1.0,0.0,0.5579422385763683,0.8323830993903095
4.0,1.0,0.0,-1.506635420800605,2.444958338557371
3.0,1.0,0.0,-0.3099207905152065,-0.051648178039310766
11.0,1.0,1.0,1.511834200712516,0.2689428455645908
5.0,1.0,1.0,0.291075144315555,2.618544389454023
3.0,1.0,0.0,1.239047720630536,1.2203058670792022
1.0,1.0,1.0,0.884038118648715,-0.17550008978880793
1.0,1.0,0.0,-1.1967343298271318,2.9796408518614
5.0,1.0,0.0,0.00841063720788407,3.08112644649723
8.0,1.0,1.0,0.495672415464782,3.188658531908805
10.0,1.0,0.0,1.7652262809346393,2.3932868225758988
6.0,1.0,1.0,0.15204578463944862,2.70874933686119
2.0,1.0,1.0,-2.3900699515359443,-0.13454229660006667
3.0,1.0,0.0,-0.5057615975470663,3.5134960081284152
7.0,1.0,1.0,0.5273316224478692,1.8919492095604578
8.0,1.0,1.0,1.0655704643662007,1.6440549042301942
5.0,1.0,1.0,0.33538782292148717,2.5874799082583873
1.0,1.0,1.0,-0.11953191668938593,0.5000223764272538
6.0,1.0,1.0,0.9504675748927243,0.629697879886753
3.0,1.0,1.0,-0.5235349383210844,1.28677182390524
3.0,1.0,0.0,-0.2699248968437171,0.12164269295293173
3.0,1.0,0.0,-1.317834606606197,2.4424666223255094
0.0,1.0,0.0,0.39992910462006465,0.5987912453261397
2.0,1.0,0.0,0.4460881361671406,1.474674724128663
4.0,1.0,0.0,-1.0778212753689647,3.6263828172792083
2.0,1.0,1.0,-1.6184615867949348,1.4524039076836135
14.0,1.0,1.0,1.5148785006132672,3.093503484411827
5.0,1.0,0.0,-0.10536813904541266,2.5808335596612917
5.0,1.0,0.0,0.19020717412870836,0.9579612362284882
0.0,1.0,1.0,0.9639372694367325,1.7026910688176833
4.0,1.0,1.0,0.24138837866571822,2.880390400880888
18.0,1.0,1.0,1.2169115352577435,4.040270923302632
6.0,1.0,1.0,1.8016595770337427,1.9408583156091859
3.0,1.0,0.0,0.33018448891232505,1.0838981530386693
2.0,1.0,0.0,-0.36082921000132673,2.986886473743885
2.0,1.0,0.0,-0.025385000276187453,0.412942504011647
3.0,1.0,1.0,-2.4081610944037237,3.724130061629176
3.0,1.0,0.0,-0.48679117201954747,1.9499130048827842
0.0,1.0,0.0,-1.4654420527170169,1.1906204740156532
2.0,1.0,0.0,-0.7815068100308213,3.147622657126562
5.0,1.0,0.0,-0.6216020283055814,1.863179761941471
2.0,1.0,1.0,-1.1472038598531826,2.229126645243344
2.0,1.0,0.0,-0.5719070841202778,2.543160733161356
4.0,1.0,0.0,-0.7549048669260144,4.107858110413687
12.0,1.0,0.0,0.3873771329660134,3.2953494341234784
0.0,1.0,0.0,0.03141025147709428,0.4743404071011874
5.0,1.0,1.0,0.504454737673628,2.01683618895723
17.0,1.0,1.0,2.6598711162126207,1.6384260022523558
4.0,1.0,0.0,0.12017667199117357,2.404448728455142
7.0,1.0,1.0,0.31365205521828704,1.966985516325186
5.0,1.0,1.0,-0.4991816573825347,4.197321828737636
2.0,1.0,1.0,-1.0166096470935182,3.108047948173825
2.0,1.0,0.0,-0.4270207781998696,2.261626391168948
1.0,1.0,0.0,-0.2656029020071313,1.8588542455727184
8.0,1.0,0.0,0.5990579762572842,4.150831405724812
12.0,1.0,1.0,1.1021443302317366,2.559664720638054
8.0,1.0,1.0,0.6512161409805156,2.2955567433550574
2.0,1.0,0.0,-0.06299769319643161,1.6844127701759806
1.0,1.0,1.0,-0.1111896152853277,1.6554801671094386
3.0,1.0,0.0,-0.3151841741799075,2.8787175691824745
5.0,1.0,0.0,-0.6374111699526737,3.1960091212274744
8.0,1.0,1.0,0.4541828974264208,2.464779899927079
7.0,1.0,0.0,0.2579313098535051,1.7758359591103474
5.0,1.0,0.0,-0.35608362620346645,4.2720275761862
2.0,1.0,0.0,0.621074448304988,0.8674197828125196
1.0,1.0,0.0,-0.3187293672396847,-0.02769841294749331
7.0,1.0,0.0,0.8894351759345871,2.8270939666679356
1.0,1.0,1.0,-0.21277525158549954,2.165838198080744
6.0,1.0,1.0,0.25316380221958545,3.6448845104134495
11.0,1.0,1.0,1.2177624340616744,2.5411693845731906
4.0,1.0,0.0,-0.760089442403035,3.827420338031734
3.0,1.0,0.0,-0.19215467931113067,3.5465775273101685
1.0,1.0,1.0,-0.9048184871281612,2.752616763589628
3.0,1.0,0.0,0.11350208442046716,1.0451810209291945
3.0,1.0,1.0,0.01769552531929469,2.2935548729379356
0.0,1.0,0.0,-0.9442678437667991,2.6152373855824083
12.0,1.0,1.0,0.2723325055211372,3.368890767208274
12.0,1.0,1.0,2.0750415778035536,1.452157920905526
3.0,1.0,1.0,0.3216691653567539,0.2512098900885986
2.0,1.0,1.0,-1.7783572234763776,2.6693910998969166
1.0,1.0,0.0,-1.1579464522528746,0.6994629309444278
4.0,1.0,0.0,-0.45175669767505044,4.135286354967929
1.0,1.0,0.0,-1.2161217969148475,1.7451550655890518
5.0,1.0,1.0,-0.006883200194594513,3.034592134161934
6.0,1.0,1.0,0.1639598377855292,3.376291479978182
7.0,1.0,1.0,0.5266324186849465,1.2169160489577933
5.0,1.0,1.0,-0.6634542860399523,4.06438559588087
3.0,1.0,1.0,0.08564153413704034,2.8614663108484844
13.0,1.0,1.0,1.1843330796275309,2.147099614511829
4.0,1.0,0.0,0.21391499284647192,1.9503113571559347
3.0,1.0,0.0,-0.1964170708512014,0.7758384252017465
7.0,1.0,1.0,1.313998252768024,0.17655874653448222
5.0,1.0,1.0,-0.04874225708756977,2.889713795394279
3.0,1.0,0.0,0.11976027967963715,2.599280528770825
2.0,1.0,1.0,0.8119938190892654,1.1401813139716617
1.0,1.0,0.0,0.5160669565307067,2.3595558720985608
2.0,1.0,1.0,-0.09554679121173013,-0.46156530717407995
2.0,1.0,0.0,0.011125510379367903,1.509938259018468
4.0,1.0,0.0,-0.7043984472616374,3.2745808771902496
4.0,1.0,1.0,0.43947345754472567,1.4869051151802233
4.0,1.0,0.0,-0.5174165778898077,1.6483479515847619
1.0,1.0,1.0,-0.21629959730986706,2.8651112040846995
3.0,1.0,0.0,-1.2998212993596758,3.8854438912326144
0.0,1.0,0.0,-0.8721801963487474,1.5005470460954449
3.0,1.0,0.0,-0.5762446343472261,2.72660065489775
3.0,1.0,1.0,-1.356565796241016,3.5644287383080777
1.0,1.0,1.0,0.2062589233848251,1.563853705872599
2.0,1.0,0.0,-2.059102011420247,2.458712366542716
6.0,1.0,1.0,1.0979974155996484,3.38230131628775
3.0,1.0,1.0,0.34808538069297945,1.4116606816071728
2.0,1.0,0.0,-0.7448982570308562,4.134516870065701
5.0,1.0,1.0,-0.5381607022481506,3.0958114194445048
4.0,1.0,0.0,-0.13178431806340776,1.7922314735516862
3.0,1.0,1.0,-1.3715605932846975,4.463059081097003
2.0,1.0,1.0,-0.9666850720734379,2.5446618977142212
1.0,1.0,0.0,1.183845083381265,0.3648354122042827
4.0,1.0,0.0,-0.47104001875862334,0.7264325401793852
3.0,1.0,1.0,-0.3100533509026932,2.8851068819315167
4.0,1.0,0.0,0.5377919499661654,1.6216046735908387
1.0,1.0,0.0,-0.4453552561647718,1.9432802873349475
3.0,1.0,1.0,0.1656797876082693,0.9031419981270474
7.0,1.0,1.0,0.6080979825848113,0.1846486450276965
2.0,1.0,1.0,0.7182751201364757,2.2004356291641844
2.0,1.0,0.0,-0.7257994800706662,2.7428879175090035
5.0,1.0,0.0,-0.14938508238829074,2.6279441018901815
0.0,1.0,1.0,-0.6582637734869297,-0.16040559654794873
5.0,1.0,1.0,0.7963094010229732,1.8309302106494025
6.0,1.0,1.0,2.075189055915555,2.2294070009215687
3.0,1.0,1.0,0.6165261147504596,0.9606231690177967
5.0,1.0,0.0,-0.10573182812972076,1.713373592124289
1.0,1.0,1.0,-0.6080391650146508,0.750130663664728
4.0,1.0,0.0,0.05140571523437018,1.7691736033085106
7.0,1.0,0.0,0.573589176924805,2.4543713218298135
1.0,1.0,1.0,0.15641170088565987,2.5008360519719943
3.0,1.0,0.0,-0.5743898036226843,2.4118135748570615
1.0,1.0,0.0,-0.44135405307664566,1.046561069634318
2.0,1.0,1.0,-1.0816306663759283,0.8716303743244151
3.0,1.0,0.0,0.661190936885441,2.3895306480611844
12.0,1.0,1.0,0.3245659730565245,3.4998102210485054
21.0,1.0,1.0,1.8630081545654114,3.4236160190614284
2.0,1.0,1.0,-0.03596240491604291,0.6397633835337773
2.0,1.0,1.0,-1.1290586352039034,2.1837405022787344
11.0,1.0,1.0,0.8640575329306085,1.3879036985561162
3.0,1.0,0.0,0.3679501135996428,1.980541464935297
4.0,1.0,1.0,-1.0029063999752381,2.7323668237380243
3.0,1.0,0.0,-0.4849892399501376,1.8224604834786038
4.0,1.0,1.0,0.1689259344448706,3.323355749376513
7.0,1.0,1.0,-0.39968928138536336,4.0034872133163475
1.0,1.0,0.0,0.38022457425401796,0.48424943665812403
2.0,1.0,1.0,0.7398938475662581,0.21585671636221826
7.0,1.0,0.0,0.5513129986658487,1.9768602550410712
4.0,1.0,0.0,0.3336867282740133,1.4744188559725648
3.0,1.0,0.0,-0.2227648830044705,1.9276147969937811
6.0,1.0,1.0,0.3179484765864915,2.3239960904570376
8.0,1.0,1.0,0.286769525146864,3.813785328970103
8.0,1.0,0.0,0.5254088277364982,2.2687580378665455
4.0,1.0,1.0,0.1263019914312607,0.5722271333950677
5.0,1.0,1.0,0.3890445290725808,1.0332480848393666
2.0,1.0,1.0,-1.24501684300338,1.8507978245592875
11.0,1.0,1.0,0.8341854679985397,4.975788501830147
5.0,1.0,1.0,-0.2776228203078778,3.9035089412148927
6.0,1.0,0.0,-0.008517097710486421,3.020580562268088
6.0,1.0,0.0,-0.07784847362906913,3.120790284470213
0.0,1.0,0.0,0.2798838165850916,0.720394895584465
3.0,1.0,0.0,-0.26366079375595575,0.7716396404057122
1.0,1.0,0.0,-2.014495809660761,1.2342540594831308
0.0,1.0,0.0,-0.4757551377343432,-1.1572938227049268
0.0,1.0,0.0,-0.7358757292863896,1.83932975629521
4.0,1.0,1.0,-1.1792291726316135,4.013496491542066
1.0,1.0,0.0,-1.5537483117072073,2.406715209943046
3.0,1.0,0.0,-0.2873325471492096,0.7245347223493585
5.0,1.0,0.0,0.8593822276093577,2.5852095038517704
4.0,1.0,1.0,-0.8591678571449939,2.8306361721853195
2.0,1.0,0.0,-1.3070981547799752,1.9535720461850221
2.0,1.0,0.0,-0.6781975442068312,2.9831662518379183
12.0,1.0,0.0,1.0603403502334199,3.6655462378332553
9.0,1.0,1.0,0.4108315074109459,2.627504917003111
3.0,1.0,0.0,-0.5595925258904767,2.957712718482064
2.0,1.0,1.0,0.0045761455184842315,0.025875485484932792
2.0,1.0,0.0,1.0118910734689863,0.432800525610046
3.0,1.0,1.0,-0.9465644953282188,1.8680194718765601
15.0,1.0,1.0,0.9438139837578272,4.046747621332786
1.0,1.0,1.0,-1.6632184946104736,0.061499084317629515
0.0,1.0,0.0,-1.3114006173819557,1.9376752641851995
0.0,1.0,1.0,-2.166220322058067,-0.8735478636789051
5.0,1.0,0.0,-0.20769551849373366,1.9958350007037151
2.0,1.0,0.0,-0.49807645963073344,1.372402171536283
10.0,1.0,1.0,1.2236943724879585,3.3426313331869966
4.0,1.0,1.0,-0.42252495736468476,2.6181635345845304
6.0,1.0,1.0,-0.10789838725346873,1.8432285625533762
13.0,1.0,1.0,1.6023490283281938,3.299700236029986
0.0,1.0,0.0,-0.9159519820627497,-0.7696548817200177
10.0,1.0,1.0,0.40911947279837063,4.176802910502524
1.0,1.0,0.0,0.1471832066923559,0.8523280859067509
2.0,1.0,1.0,-1.1754535365186376,2.195417454682644
3.0,1.0,1.0,-0.512826325391218,2.2256754757627055
7.0,1.0,0.0,-0.7651659540443159,3.1395573471447618
1.0,1.0,1.0,-0.8198967055351306,2.979914148808811
11.0,1.0,1.0,0.1172904666747076,2.8213037029584354
8.0,1.0,1.0,0.7503379445479427,3.0253431967558537
1.0,1.0,1.0,-0.15000619131121323,0.8390018553338758
9.0,1.0,1.0,1.3572988867167552,2.4361571273447096
2.0,1.0,0.0,-0.5633426974976838,2.1721667774687483
3.0,1.0,0.0,1.292344000892899,0.42666573492104587
4.0,1.0,0.0,0.11958538614699674,2.9272265620794666
6.0,1.0,1.0,1.4146814825745826,1.6611921652185921
0.0,1.0,0.0,-1.2908276373721381,0.4718991947962463
7.0,1.0,1.0,-0.11299585490533154,2.3498976146968897
18.0,1.0,0.0,1.8539357703390866,3.3767130292869925
3.0,1.0,1.0,-0.45093812172008707,2.397327432294051
2.0,1.0,1.0,-0.060593605855287634,0.9670371655225409
5.0,1.0,1.0,1.5427614586480274,1.8867022556289739
1.0,1.0,0.0,0.37719368065758296,2.2548685379466553
8.0,1.0,1.0,0.2723753049779372,4.220566952432998
1.0,1.0,0.0,0.444264661678335,2.2993481735216923
0.0,1.0,0.0,-1.9294536889879745,-0.3664192271326352
7.0,1.0,1.0,0.9209899102922812,2.150238481638692
10.0,1.0,1.0,0.6330978498385207,2.3039760076593456
4.0,1.0,1.0,-0.6271936312241373,1.9545277767298612
8.0,1.0,1.0,0.166247158244465,2.316180288124669
2.0,1.0,0.0,0.05994241152384716,3.5282390231205105
2.0,1.0,0.0,0.49888859145548803,0.2645108223021948
0.0,1.0,0.0,-1.3867198687588427,1.665005048907497
1.0,1.0,1.0,-1.459571334869666,0.2622546470685232
0.0,1.0,1.0,-0.2303978405312232,0.6480907297565486
7.0,1.0,1.0,1.7317505002983817,2.6391067674534416
1.0,1.0,1.0,-0.29026566743557425,0.726423998008829
3.0,1.0,0.0,0.6271410766728059,2.772386636198198
5.0,1.0,1.0,0.9421330362519411,1.0461048017834567
1.0,1.0,0.0,-0.702846510754043,2.0645550313982133
3.0,1.0,0.0,0.17170683570482304,3.0757634614780827
6.0,1.0,0.0,0.5820418572749069,2.4354402796985952
8.0,1.0,1.0,0.6527176658357707,1.846419008908112
3.0,1.0,1.0,0.9353167605509836,1.6965243972294821
0.0,1.0,1.0,0.09125595772849679,0.18414764503577952
11.0,1.0,1.0,0.4836181228647065,3.307402627446728
0.0,1.0,1.0,-1.06217032867647,0.3215892171247767
4.0,1.0,0.0,0.3324083062238053,2.508709166318382
2.0,1.0,0.0,0.1653212971212127,-0.8384310366070662
5.0,1.0,0.0,-0.0551817845077075,3.335140828712487
7.0,1.0,1.0,-0.14983172530499583,5.4504270059920135
4.0,1.0,0.0,0.11575256047430864,1.621363519991585
2.0,1.0,0.0,-1.405793044608704,4.300680279445341
1.0,1.0,0.0,-1.039550111363991,2.5028613908125177
4.0,1.0,1.0,-0.23546066920164604,0.032925380773110025
6.0,1.0,0.0,-0.4247653155803361,2.252926230036478
11.0,1.0,1.0,0.8680621537801815,3.425657642150445
0.0,1.0,1.0,-0.11859654134640346,-0.41998997252437253
2.0,1.0,0.0,0.643417900451559,0.32633605049416103
11.0,1.0,1.0,0.7725853855985868,1.9120776097313688
2.0,1.0,1.0,0.37213171067394196,2.19102631640103
6.0,1.0,1.0,-0.08087615865610451,3.423150550200326
5.0,1.0,0.0,0.5846118040379243,1.8026203697959877
2.0,1.0,0.0,-1.615149300428124,2.3640990744393564
29.0,1.0,1.0,3.1395164476628334,3.7899970383572708
2.0,1.0,0.0,-0.4632823405813159,3.01774918606129
5.0,1.0,0.0,0.38455919052009097,2.9941464977033534
1.0,1.0,1.0,-1.2279208103806316,1.970154679063524
5.0,1.0,0.0,0.1966584449789133,3.031958696905226
4.0,1.0,1.0,-0.250491352127829,2.038623660403659
6.0,1.0,0.0,1.4133282084985312,1.4235995062834739
6.0,1.0,1.0,-0.6623195964346819,3.195520527900128
16.0,1.0,1.0,0.7227067281665631,4.456646613719677
3.0,1.0,1.0,-0.12336191081621284,2.686890028877502
14.0,1.0,1.0,0.19930793698730687,5.255418853544402
5.0,1.0,1.0,0.6600005401939989,2.036156697787798
1.0,1.0,0.0,-0.057334327650995914,-0.46059036616249327
3.0,1.0,0.0,-0.19837046967468455,1.846747221481683
5.0,1.0,1.0,-0.6433035869262306,2.7601301683407153
4.0,1.0,0.0,1.330797184485522,1.1423944034836562
1.0,1.0,0.0,-0.1369272022308349,-0.5957496770098203
15.0,1.0,0.0,1.0147481707205197,4.645462391900432
3.0,1.0,1.0,0.675589389784602,-1.0655608540537578
5.0,1.0,0.0,-0.04973524524132816,1.0889352018715823
4.0,1.0,1.0,0.15899310995048557,2.691787868027537
12.0,1.0,1.0,0.0003529552343858877,4.144904184736132
10.0,1.0,1.0,0.1015017268623965,4.2308605992410815
4.0,1.0,1.0,0.08385396828417041,2.1634808019669562
1.0,1.0,0.0,-0.1845211395424095,1.7643361875689902
5.0,1.0,0.0,0.44676111473291097,0.5435386901082802
1.0,1.0,0.0,-0.6019316651946482,1.9125804712602896
6.0,1.0,0.0,1.1405147110376204,1.1274256096622408
0.0,1.0,0.0,-0.6951849774030592,0.1496249004738721
2.0,1.0,1.0,-0.20118062245622037,1.9920264307557238
6.0,1.0,0.0,0.6225345730353402,1.9844565556464124
1.0,1.0,0.0,-0.8783208124694871,1.0910493034157145
10.0,1.0,1.0,1.0643753709860697,2.312154394325338
0.0,1.0,0.0,-1.5411827309472257,1.438414408818542
8.0,1.0,1.0,-0.19392046688224276,2.320931296335522
1.0,1.0,0.0,-1.5182870929873529,0.572194417299374
3.0,1.0,1.0,1.3500107349112205,0.5190847859907524
3.0,1.0,0.0,-0.06885315350571518,1.3818323676218334
19.0,1.0,1.0,0.38361416133796583,2.931582333008883
3.0,1.0,1.0,-0.2640730273936437,3.2789683757900088
4.0,1.0,0.0,0.17397623491206832,3.4703053676154494
2.0,1.0,1.0,-0.7435334268618126,1.5164271079132334
16.0,1.0,0.0,0.8864058703567009,5.648874289670463
3.0,1.0,0.0,-0.3695569939741139,2.335075952296166
2.0,1.0,1.0,-0.9145043792327352,1.8788118786386028
4.0,1.0,0.0,1.1295840267372492,0.7805796805779726
0.0,1.0,0.0,-1.2818577533359283,2.054873426189675
3.0,1.0,1.0,-0.45535358235113993,3.972411847876159
2.0,1.0,0.0,0.20201434351007058,2.2106719336829994
6.0,1.0,1.0,0.1857506854403877,2.320986123914443
1.0,1.0,1.0,0.8783111710489746,1.7477610875120857
0.0,1.0,0.0,-0.7844074074532285,1.252959578617915
8.0,1.0,1.0,0.6262852497264108,1.176219660704762
1.0,1.0,1.0,-1.022255805722124,0.9158730439773652
7.0,1.0,0.0,-0.5065177866657663,3.8091906240510074
0.0,1.0,1.0,-1.6204093033268885,-1.2692030765063005
0.0,1.0,1.0,-0.6734682697569141,0.5833310334858701
15.0,1.0,1.0,2.043035712516376,0.9391415451029486
3.0,1.0,1.0,-1.4765492780310643,2.4357126413338053
1.0,1.0,1.0,-1.2718787573856738,1.7552164332286009
0.0,1.0,0.0,-0.985497926733999,-0.41091764750345483
4.0,1.0,1.0,0.18393187049844423,1.7286366110992368
3.0,1.0,1.0,-0.2624579439427184,-0.8253785333968882
4.0,1.0,0.0,0.9347666413646775,1.1994758621244217
6.0,1.0,1.0,0.689194148491959,1.975067974561809
16.0,1.0,1.0,1.4850552533500152,2.406417801921433
3.0,1.0,0.0,-1.1273149071044413,2.616137914239755
2.0,1.0,0.0,-0.8667769024105048,1.9793364375423128
6.0,1.0,1.0,-0.49653225368361525,3.471542236234409
3.0,1.0,1.0,0.11347468394083117,0.9442791145944427
7.0,1.0,1.0,1.007020608566972,3.9422615034489796
5.0,1.0,0.0,0.29851738811110984,3.49418384666044
3.0,1.0,1.0,-0.9063977111445661,1.3032066552891524
1.0,1.0,0.0,-0.844409399920022,1.1956956435753723
3.0,1.0,1.0,-1.2603195339008335,3.4317665416483853
1.0,1.0,1.0,-0.7369502621000252,0.32435753868712847
2.0,1.0,0.0,-0.5686278389228158,1.6958729530426082
2.0,1.0,0.0,-0.047941264413055906,1.5509167990349688
4.0,1.0,0.0,-0.6356802569277125,1.6248012243791106
3.0,1.0,1.0,-0.28312742667437096,3.217319429032651
2.0,1.0,0.0,0.5812720155443771,0.835552161058501
12.0,1.0,1.0,1.5171207368682542,2.2517337934553368
18.0,1.0,0.0,0.37436773897646813,5.046937229076696
25.0,1.0,1.0,1.4833462077846262,4.459879583196326
4.0,1.0,1.0,0.6496365873493342,2.747998961602711
5.0,1.0,0.0,1.3987018319853886,1.0023290223568468
3.0,1.0,0.0,0.4570059296179294,0.6176764964952695
8.0,1.0,1.0,0.6785512374266292,2.7770610715692166
6.0,1.0,1.0,-0.11600006790683051,3.2551474787934365
1.0,1.0,0.0,0.3497423183294528,0.030256213906991736
2.0,1.0,1.0,-0.9837754075821762,2.163176238431729
1.0,1.0,1.0,0.7293734105967122,0.5027585417810527
3.0,1.0,1.0,-1.0134418143702832,2.1766266135832013
12.0,1.0,1.0,1.3038419911490515,3.6294517223443163
10.0,1.0,1.0,0.1926458799957454,3.2530379051336835
9.0,1.0,0.0,0.8353419097957813,2.251968631107433
11.0,1.0,0.0,0.6803738850568193,3.485517206527723
4.0,1.0,1.0,-0.44427529329331816,1.2768809918712831
0.0,1.0,0.0,-1.9576741136754996,2.711363989403581
3.0,1.0,1.0,0.6114861677021982,1.782507086818912
8.0,1.0,0.0,-0.2756868000364501,4.572770011117318
3.0,1.0,1.0,-0.4984828085657974,1.4667176492315857
2.0,1.0,0.0,1.5086551474432037,1.3815472171383463
3.0,1.0,1.0,-0.28811982041125117,1.740840549106574
1.0,1.0,1.0,-0.02588313639849585,0.9778304766517374
5.0,1.0,1.0,-0.09542416508502324,2.4618950483593514
6.0,1.0,0.0,-0.09635823731750595,3.507390473888693
2.0,1.0,1.0,0.523299694469636,0.9786084473667369
8.0,1.0,0.0,0.47535978266996703,3.7147966589362715
14.0,1.0,1.0,1.4824796091492543,4.036658124763299
8.0,1.0,1.0,0.5420785792001983,2.519910447174772
7.0,1.0,1.0,0.5876609911838014,2.5412420489345293
14.0,1.0,1.0,0.8750991353429147,3.9854775319644435
4.0,1.0,0.0,-1.4475178431673241,2.0724859567314353
13.0,1.0,1.0,0.42886664259408824,2.904965072006892
3.0,1.0,0.0,0.9738178835896383,2.2492939207774096
4.0,1.0,0.0,0.4147348302854375,2.132648123280288
2.0,1.0,0.0,-0.10776584047734622,1.7305830641459472
19.0,1.0,1.0,1.2224528121172908,4.766496123895546
6.0,1.0,0.0,1.027016956763166,0.5218294092207036
4.0,1.0,0.0,-0.666191032815392,2.797798364301875
12.0,1.0,1.0,0.35512628461473855,3.005933923029594
10.0,1.0,0.0,0.07684358824625204,3.728058479541044
1.0,1.0,1.0,0.6169159980591384,0.5780359568364346
6.0,1.0,1.0,1.3076289359244777,3.3999266973977758
10.0,1.0,1.0,1.3778757311042051,3.0062093063808053
10.0,1.0,0.0,2.134258130861391,1.9716692357722003
5.0,1.0,0.0,-0.21213093710244335,3.444432780414279
4.0,1.0,1.0,0.3017410449478619,1.0714632380694047
3.0,1.0,1.0,-0.3064369826722633,2.616503843769533
6.0,1.0,1.0,1.2218951096069386,0.24768908190793582
4.0,1.0,0.0,-0.28165665454677713,3.2839333103940884
8.0,1.0,0.0,0.41060293798304826,1.8828232205742763
1.0,1.0,0.0,-0.5426649567694656,2.1437575343063964
14.0,1.0,1.0,1.1181718293386245,1.9479188746377043
2.0,1.0,0.0,-1.105379675246467,1.6982932819549288
3.0,1.0,1.0,-0.3591814810096877,2.3085348918868815
1.0,1.0,0.0,-0.5450262791211293,2.135247652357832
6.0,1.0,1.0,1.3117221003605908,1.4981231690081676
3.0,1.0,0.0,0.4912367711362407,2.332437115960581
3.0,1.0,0.0,1.2050740077376332,-1.5225593787569132
3.0,1.0,1.0,-1.7476735315875518,1.3331691433527972
1.0,1.0,1.0,-1.1229391734309517,-0.7502911953527711
5.0,1.0,0.0,-0.1526563542989125,2.10118739596359
5.0,1.0,0.0,0.9102458015111706,3.3319333773538222
3.0,1.0,1.0,1.0218521964673741,0.551139299479688
4.0,1.0,1.0,-0.1281887113759193,2.087710422453264
3.0,1.0,1.0,0.39071444589750004,1.870703922942172
3.0,1.0,1.0,0.07117797222668212,0.6478582854651813
20.0,1.0,0.0,1.7941430374863145,4.610954315741323
6.0,1.0,1.0,0.5413591483038842,1.59328609820903
4.0,1.0,0.0,0.7839530706263576,2.7309874802440532
2.0,1.0,1.0,-0.11959541894105066,2.5655235257751343
3.0,1.0,1.0,-0.7763270836601466,3.189634436556882
2.0,1.0,1.0,-0.4258168156568267,2.039455661925885
8.0,1.0,0.0,-0.36400007451226557,4.683405822520968
3.0,1.0,0.0,0.15940529979862192,1.784816970728322
1.0,1.0,0.0,-1.6768180877841363,0.8152551522740681
24.0,1.0,0.0,0.9862831997324454,5.607762683406312
5.0,1.0,0.0,-0.1293075214371922,3.3293243399976666
3.0,1.0,0.0,0.37097494768625483,1.676017922224518
1.0,1.0,0.0,-1.0195581916868264,2.108499068542069
11.0,1.0,1.0,1.4906308739596446,2.3884823919348928
8.0,1.0,1.0,-0.7831853576504472,2.977972966145625
5.0,1.0,1.0,0.38650747884153325,1.7756803202510887
8.0,1.0,1.0,1.5293041929604962,2.249813788764545
6.0,1.0,0.0,0.0687166417678034,2.5639896113401486
10.0,1.0,0.0,0.5626315397197579,5.470299175745165
7.0,1.0,0.0,-1.1923831920584322,3.3874246538555166
1.0,1.0,0.0,-1.2930769789302743,1.7451276099013282
4.0,1.0,0.0,-1.3125729085995528,2.8710690151312006
2.0,1.0,0.0,-0.3620476052577618,1.3826234818604248
3.0,1.0,1.0,1.6706491906798515,0.5928417563099588
3.0,1.0,0.0,-0.053951127168812285,0.08834819345792622
9.0,1.0,1.0,0.09364168342492657,3.001668887237134
0.0,1.0,0.0,-0.10747914265630679,0.8537731609215129
1.0,1.0,0.0,0.18751931320480536,0.5596976751905922
2.0,1.0,0.0,0.7534432791808648,2.749928191888937
2.0,1.0,1.0,-0.648997968711089,0.5731600224811193
5.0,1.0,1.0,-0.17245002101730422,2.529519937252944
0.0,1.0,0.0,-1.9813243705456285,2.6903879459849
2.0,1.0,0.0,-0.17545710401420872,1.1096027625303053
1.0,1.0,0.0,0.25482554494567305,-0.24197839308450053
3.0,1.0,0.0,0.876042551793287,1.506830751497336
1.0,1.0,0.0,-0.5822825072224724,2.873005784234287
4.0,1.0,0.0,0.2665322677030292,1.13041892235262
7.0,1.0,0.0,1.7301278291996653,2.5963861283060914
11.0,1.0,0.0,1.391210808774768,2.100462839262671
1.0,1.0,0.0,-1.0151560864699405,0.012243928402019488
9.0,1.0,0.0,0.19706736681536557,4.515512043949865
3.0,1.0,1.0,1.5177838216818837,0.15130545804695705
9.0,1.0,1.0,-0.1989878057165932,2.600414789683019
5.0,1.0,0.0,1.395882502159405,2.198923181612526
5.0,1.0,0.0,0.009908526358439473,2.9615970684600015
15.0,1.0,1.0,1.789017681972621,2.2916923738556654
0.0,1.0,0.0,-0.4881761616444821,1.2199014506499253
16.0,1.0,1.0,1.2827755374048826,3.660840402943376
8.0,1.0,1.0,0.5812137942779816,2.814710552297691
11.0,1.0,0.0,1.0406267096448698,1.977572449513591
5.0,1.0,0.0,1.98166857909326,0.9589145356684408
4.0,1.0,1.0,0.46041175756728353,2.8196504623231435
3.0,1.0,1.0,0.6785846730885808,0.8132120740414259
4.0,1.0,0.0,-0.4867144332919835,2.893544705231591
2.0,1.0,1.0,-1.1928380583019775,2.7325239303926545
13.0,1.0,0.0,0.7981149835918045,3.8699141169524554
0.0,1.0,0.0,-0.6717622491711095,-2.1190521574000316
9.0,1.0,1.0,-0.6669285946729497,3.623929780704393
11.0,1.0,1.0,0.38172327575302767,5.100903202063226
2.0,1.0,1.0,-0.20931503261715484,0.4376920613071107
19.0,1.0,1.0,0.92934716123466,3.7056700753488943
8.0,1.0,1.0,0.4919845137139466,2.122252396545499
9.0,1.0,1.0,0.6362614963408137,2.9224528435350585
2.0,1.0,1.0,0.592507481699471,0.3350737074475145
6.0,1.0,0.0,0.1902276605838097,1.4794956178272591
2.0,1.0,0.0,0.53609801363871,1.1013618432503383
7.0,1.0,0.0,0.24427759808872423,4.170498963992674
1.0,1.0,0.0,-1.0989939422175228,0.651406281661246
4.0,1.0,1.0,0.49579373030345264,0.17433447204900165
6.0,1.0,1.0,-0.4526336505770997,2.1844448298864547
0.0,1.0,1.0,-0.7931253601733345,0.017244985085207665
7.0,1.0,1.0,0.28528325844014324,3.4905201257366247
2.0,1.0,1.0,-1.1801932229123921,0.8425122386837827
4.0,1.0,1.0,0.3551866140694999,1.4343300244089812
3.0,1.0,1.0,-0.29718287516332414,3.2957027023329886
1.0,1.0,0.0,-1.272515724091754,1.4120502843942224
8.0,1.0,1.0,0.8775045177504458,2.7242118141177514
3.0,1.0,1.0,-1.0680666850898028,1.8908476250149628
5.0,1.0,1.0,0.040826016071440735,1.4185510792624916
6.0,1.0,0.0,0.4435778763508238,1.6880126361371848
15.0,1.0,1.0,0.09066696238037109,4.384068726214757
6.0,1.0,0.0,-1.2193032312691112,2.867993502146181
3.0,1.0,0.0,0.0648017026959743,1.1956412241402397
1.0,1.0,0.0,-0.06447736446443805,2.2551268767573345
4.0,1.0,1.0,-0.05901546953855935,0.9998430223025094
9.0,1.0,0.0,-0.4990023101077374,3.6822113244039762
3.0,1.0,0.0,0.4702647667518041,1.106559119110369
5.0,1.0,1.0,0.3149697831099443,2.1168240608264246
3.0,1.0,1.0,-1.015955325046849,-0.49915479890193515
0.0,1.0,0.0,-0.6263525163721151,0.9054868890213335
2.0,1.0,1.0,-1.299261277579658,2.3784913346029835
9.0,1.0,0.0,-0.10630590515940139,3.611102076606972
7.0,1.0,1.0,-0.2006420573771776,3.8700648522518604
2.0,1.0,0.0,-1.4553978774424143,0.6858315180161488
0.0,1.0,0.0,0.0817326612771896,-0.2912798164399488
5.0,1.0,0.0,0.16162514398051026,2.705117989637403
4.0,1.0,0.0,0.02378266080577196,2.4777837748301463
1.0,1.0,1.0,-0.5021446199530184,0.5443814044154316
3.0,1.0,1.0,0.5353255921040259,2.3484257354202707
5.0,1.0,1.0,0.4052412269813817,1.200800651705535
1.0,1.0,0.0,-1.6436561065809523,-0.2501290304836048
3.0,1.0,0.0,-0.7704371139167263,1.476982750148402
2.0,1.0,0.0,0.5971087374438258,1.658575578629459
7.0,1.0,1.0,0.9472601623984418,2.1373782366437375
3.0,1.0,1.0,-0.5165645168666368,2.3474363451849545
8.0,1.0,0.0,0.10594565724039494,2.0568591504538403
7.0,1.0,1.0,0.6032945146272618,2.846927677725683
4.0,1.0,1.0,0.8681367166497079,2.9571481959363766
7.0,1.0,0.0,-0.0719593290560262,2.7747109844779354
8.0,1.0,0.0,0.004643279594192806,3.8561434634268235
7.0,1.0,1.0,-0.07806692534149928,2.2960821769046666
2.0,1.0,0.0,-0.5763897880173587,2.481268684496208
6.0,1.0,1.0,1.55072908791609,1.2158010708529035
0.0,1.0,0.0,0.5649054219768611,0.8893288957097883
5.0,1.0,0.0,-1.2576189265890168,3.3396832618004906
3.0,1.0,0.0,-0.9527904367220792,3.627559065232787
7.0,1.0,0.0,-0.5420388575478563,5.0917731271173965
8.0,1.0,1.0,0.5031452363782208,4.19393539793757
8.0,1.0,0.0,0.2762207770550203,3.2609275377783247
4.0,1.0,0.0,-0.009538634081314168,1.7561515378431711
10.0,1.0,0.0,1.147673752427179,1.7383197189074933
4.0,1.0,0.0,0.4556644725476095,1.5930886213178002
4.0,1.0,0.0,0.026608722500792464,1.9910228400963652
4.0,1.0,1.0,-0.6787510085720644,2.378609556335236
8.0,1.0,1.0,-0.09199319569859202,1.3055330769451032
4.0,1.0,1.0,-0.3004946559963858,3.2495505180337054
5.0,1.0,1.0,0.2571803729587436,2.0693086862875822
4.0,1.0,1.0,-0.6540089326846636,2.135800909907293
2.0,1.0,1.0,-0.5337865602463916,2.9018919447230456
3.0,1.0,0.0,0.9481312057319065,0.5149450768611179
1.0,1.0,0.0,-2.0745676959087276,-0.1167588043796206
7.0,1.0,0.0,0.703086685001089,2.6400442458674496
2.0,1.0,0.0,-0.28741938923185845,0.5767218059513539
8.0,1.0,1.0,-0.2923632820177313,3.022347269283334
10.0,1.0,0.0,0.8171345335677899,2.7975906579555643
5.0,1.0,0.0,-1.707540834817966,3.047675505937141
11.0,1.0,1.0,1.2942160989535365,3.2438697666789262
3.0,1.0,1.0,-1.5053124267977385,1.042027740948103
4.0,1.0,1.0,0.013228048470213749,3.0133582667384777
3.0,1.0,1.0,-0.4659493002340166,-0.24896895530267926
1.0,1.0,1.0,-0.646080811380904,0.943862576586624
12.0,1.0,1.0,0.6926544046237221,4.155501417614037
1.0,1.0,1.0,-0.7405605953578047,0.8630384440377117
8.0,1.0,1.0,-0.3795047795169737,2.826463758415494
1.0,1.0,1.0,-1.85739419634676,-0.3855087457469093
5.0,1.0,1.0,-0.5017552398685899,3.113581199925257
1.0,1.0,1.0,0.28733155472539107,0.9021538799562836
3.0,1.0,1.0,-0.7296201024963392,3.1819035949775207
3.0,1.0,0.0,-0.2675331738473379,1.9932790938590879
5.0,1.0,1.0,-1.4462908722190322,3.3182838000869213
5.0,1.0,0.0,0.7530490235836833,0.5814012565386415
2.0,1.0,0.0,-0.9414473445562459,2.309285308657519
6.0,1.0,0.0,0.8745510825540832,2.0434969458958414
1.0,1.0,0.0,-2.274980934939241,3.3033523261828064
1.0,1.0,0.0,-1.4274640867967594,0.6963255564898028
6.0,1.0,1.0,1.9576788482625258,1.2573698962819448
4.0,1.0,0.0,-0.12908793947923208,1.4036268649255315
2.0,1.0,0.0,-0.4089640910877975,2.887043306775391
3.0,1.0,1.0,-0.7691898660677403,1.6878739863536423
6.0,1.0,1.0,0.2749089832542147,2.0307987719367437
1.0,1.0,1.0,-0.3000011624790666,0.12295407959133331
5.0,1.0,1.0,0.013830391623797608,2.1675274573769134
2.0,1.0,0.0,-0.47879264430878526,1.703369789100034
10.0,1.0,1.0,0.2405866124454408,4.325082466807417
1.0,1.0,0.0,-1.0071421577964612,-0.5186752967606432
8.0,1.0,1.0,0.28697119325274895,3.372154432461665
3.0,1.0,0.0,-0.1595991480048954,-0.0564081730761834
22.0,1.0,1.0,1.288735506979907,4.762340485492919
3.0,1.0,1.0,-1.061391397696021,3.9299260286774986
12.0,1.0,1.0,1.4489818573154414,2.6895626593935713
4.0,1.0,0.0,2.199228513139784,0.9081567415072935
1.0,1.0,0.0,-0.2758719249506696,1.521518465975415
8.0,1.0,1.0,-0.6206236989623112,3.055593593838667
5.0,1.0,0.0,-2.3553688345085706,2.6742049392814375
7.0,1.0,1.0,-0.36632252929842685,2.6556363505447935
6.0,1.0,1.0,0.47891712269355946,1.9239574917855404
5.0,1.0,0.0,1.1815783910066064,2.5821221322221355
16.0,1.0,1.0,1.6296060502624883,3.3710408067955457
2.0,1.0,1.0,-0.11412568119744557,1.2995256181635053
2.0,1.0,0.0,0.00871236016638699,1.2500972294522479
1.0,1.0,0.0,-0.11783719300060533,2.540561869717837
1.0,1.0,0.0,0.1978450050001453,-0.685195463671834
1.0,1.0,0.0,-1.2982614421664302,3.677911873087788
0.0,1.0,1.0,-1.8098965418042008,1.6048847559047053
2.0,1.0,0.0,-0.2827495991011328,-0.009648921814146005
4.0,1.0,0.0,0.403733203810401,0.39749481833833467
1.0,1.0,0.0,-1.1610941602996832,0.8371065222943919
5.0,1.0,1.0,0.012797958207195398,1.8797250678700572
2.0,1.0,0.0,-0.15100746349492822,-0.47687564798198334
4.0,1.0,0.0,-0.9016305606767118,4.238156612773487
2.0,1.0,0.0,-0.6135185292659155,1.3476442505001953
3.0,1.0,0.0,-0.2491323660956119,0.7293265868918153
4.0,1.0,0.0,0.4721973905060549,1.2766141328777232
5.0,1.0,1.0,-0.15753013849198785,3.8437082885834304
11.0,1.0,0.0,1.4683130580937136,1.5913040336827764
2.0,1.0,0.0,-0.21562323228595603,2.7709675801052307
4.0,1.0,1.0,0.058350170916570354,0.4229458304984062
3.0,1.0,0.0,-0.8702419321310316,2.7961775309299313
4.0,1.0,1.0,1.4013677391218304,-0.22792317899435188
8.0,1.0,0.0,0.9554500572296373,2.8585941680204714
6.0,1.0,1.0,0.21843370565525705,2.424184126022006
0.0,1.0,0.0,-0.5519810404785604,0.5885647240618099
9.0,1.0,1.0,0.5366756329876223,2.299418864572711
8.0,1.0,1.0,0.06392169693365772,4.548068795382086
3.0,1.0,0.0,0.4499118101180737,0.9485219484554817
3.0,1.0,1.0,-0.06236533272008221,-0.408057571303841
2.0,1.0,0.0,-0.057405643736159806,3.1859252939169664
0.0,1.0,0.0,-0.8040896094914326,-0.12497454082363424
4.0,1.0,0.0,0.9073347326336819,1.5865291888745625
4.0,1.0,1.0,-0.5025917238616023,3.042910691050481
1.0,1.0,0.0,0.5916168071466079,1.9376052419655638
6.0,1.0,0.0,-0.438825899532009,4.261141115722357
4.0,1.0,1.0,-0.4381147286810937,2.4121870396276464
4.0,1.0,0.0,0.5955456758085845,1.4421946145545195
6.0,1.0,0.0,1.5413848362324485,3.2944694816120323
1.0,1.0,0.0,-0.1789892284884538,-0.34240248774350013
14.0,1.0,0.0,1.555584336334351,2.042940667073547
2.0,1.0,1.0,-0.4001607690226232,2.492982956570513
5.0,1.0,1.0,0.4727201457950313,3.1015966442679765
15.0,1.0,1.0,0.4572476850768306,2.9135098414882585
0.0,1.0,0.0,-0.9672023163480566,0.3177530062955103
2.0,1.0,0.0,-0.011188275271658193,2.366279126781799
1.0,1.0,0.0,-0.35625729970125186,0.29100774466556856
4.0,1.0,0.0,-0.006414203843140565,3.8457715564005137
1.0,1.0,1.0,-1.2897629649083389,0.4154908909120716
1.0,1.0,1.0,-1.392176207826316,1.9503859944023754
0.0,1.0,0.0,0.2592455992498207,-0.4337821366420207
6.0,1.0,1.0,0.20314065648308854,1.6395492116682082
3.0,1.0,1.0,0.08932182914909348,0.4385494650681476
12.0,1.0,1.0,0.6227312162064789,3.4680634619047703
13.0,1.0,1.0,0.8431057230264153,3.323829565476741
0.0,1.0,0.0,-1.1394853245009302,2.850923328068487
4.0,1.0,1.0,-0.36252105799521933,1.801494226768173
5.0,1.0,0.0,1.0710810642615018,1.3272067211849203
7.0,1.0,1.0,0.6780060833507814,1.5126880254091353
29.0,1.0,1.0,1.1107672638699189,6.897043019723487
0.0,1.0,1.0,0.44373675832467163,-1.4715616240515819
3.0,1.0,0.0,-0.051683964944757604,2.029814266035083
1.0,1.0,0.0,-0.19821879489542338,1.767222544838736
20.0,1.0,1.0,1.798767743620908,4.307902580886321
1.0,1.0,1.0,0.550750392295635,0.9919698499117962
3.0,1.0,1.0,0.8462440403387395,2.349416871049173
0.0,1.0,1.0,1.023346309138803,-1.7819960870863114
2.0,1.0,0.0,-1.141441729665477,3.475077788068381
7.0,1.0,1.0,1.1540692995542212,2.5761793873932586
1.0,1.0,1.0,-0.5432957661209014,1.2913942373916196
6.0,1.0,1.0,0.3089647255580006,3.0771822323628637
3.0,1.0,1.0,0.2707174653230532,0.8431291439431876
4.0,1.0,1.0,0.299114862074298,2.388308018493002
11.0,1.0,1.0,-0.1435146368859498,1.278957954434111
1.0,1.0,0.0,0.7632119615406541,1.012243777044274
7.0,1.0,0.0,-1.4254802593078548,2.150267990825374
3.0,1.0,0.0,0.03339236748361187,2.8099121759793793
8.0,1.0,1.0,-0.5231053923400227,2.616049414884955
4.0,1.0,0.0,-1.4860830839060013,2.2083899586823033
2.0,1.0,0.0,0.22804471178992683,0.7318378440073237
5.0,1.0,1.0,-0.4836146987314687,2.7736997464646205
9.0,1.0,1.0,0.7202178997032617,2.0807484874517144
2.0,1.0,0.0,0.6050837635358217,0.8239119840796287
3.0,1.0,0.0,-1.2721533845772484,3.371694649562297
4.0,1.0,1.0,-0.31154405351291065,1.5557848181564027
6.0,1.0,1.0,0.19009950414394505,2.1640333404944703
7.0,1.0,0.0,0.9919772466368346,0.9905760146748986
0.0,1.0,0.0,-1.2644000829584372,1.7026783787433064
8.0,1.0,0.0,1.544954951312389,1.6532197347593889
0.0,1.0,0.0,-0.8304777174189961,1.659468189636599
5.0,1.0,0.0,0.19068976478419064,1.3302098523348937
5.0,1.0,1.0,0.787113452444212,2.0923554843935284
4.0,1.0,1.0,0.3930466083090885,2.617322285722334
1.0,1.0,0.0,-1.5287561285951197,0.9054147877860226
3.0,1.0,1.0,-1.344001677876485,2.032289729927665
4.0,1.0,1.0,-0.8413588912559493,2.490483693392052
1.0,1.0,0.0,-1.1611924849298179,2.065968203155312
8.0,1.0,1.0,-1.259813809402078,3.442908420666246
8.0,1.0,0.0,0.16255384230095313,3.129146647242375
1.0,1.0,0.0,-0.1704187765666012,1.9233299897749208
5.0,1.0,1.0,0.5258068961507889,1.3813888672896792
5.0,1.0,1.0,-0.9078418351548859,4.52979521111418
4.0,1.0,0.0,-1.368476740842824,2.3541733855145073
4.0,1.0,1.0,0.5618233220391289,1.877465059136096
9.0,1.0,1.0,-0.10324969861238574,2.6835383350101476
11.0,1.0,1.0,0.8636194502588952,1.421544615946397
2.0,1.0,0.0,-0.43815836350824855,1.0590482806993116
6.0,1.0,1.0,1.1541705877883446,1.9151251915478482
3.0,1.0,1.0,0.371098480388259,0.9395684861927309
5.0,1.0,1.0,0.9358302245557105,1.7333300952486606
0.0,1.0,1.0,-0.8463004556019623,0.2224686937096223
3.0,1.0,1.0,-1.0791778596915975,-0.18507008130122982
2.0,1.0,0.0,0.8134225909620457,-0.026697275150327382
2.0,1.0,0.0,-0.8591079329370328,3.5031772527912843
3.0,1.0,1.0,-1.6405504737578267,2.7144323130248686
4.0,1.0,0.0,-0.3194473641584281,4.176166027051942
9.0,1.0,0.0,0.6191565907033622,1.1976045606050714
4.0,1.0,0.0,0.9592288490401788,1.4729439907279946
3.0,1.0,1.0,-2.183335785763543,1.5980016945438305
2.0,1.0,0.0,0.12799392116137348,1.8085022584515345
7.0,1.0,1.0,0.8139856832211047,3.217119486958046
3.0,1.0,1.0,-0.7203852726215545,1.1172178198977973
5.0,1.0,1.0,-0.12826730434034397,1.8168366854523113
1.0,1.0,0.0,1.1005999255248762,0.6916472422166222
5.0,1.0,0.0,-0.28770961100395076,3.769021368859618
0.0,1.0,0.0,-1.2385937683123271,2.6882351836721754
8.0,1.0,0.0,0.38795579775403616,2.818891858429499
2.0,1.0,0.0,1.1638822170784673,-1.1115611979981832
4.0,1.0,0.0,-0.0642369059699075,2.7779019749279144
26.0,1.0,1.0,0.6113311962771488,5.929332929140797
1.0,1.0,0.0,-1.579431134764636,2.170833514717359
0.0,1.0,0.0,-0.4021735202214843,0.17018398089199338
13.0,1.0,1.0,0.8175578588174608,2.820490520505995
4.0,1.0,1.0,-1.7794578344996437,2.969374027067035
4.0,1.0,0.0,0.7008942092015071,1.0478174152680577
1.0,1.0,0.0,0.10839363669057356,0.03832680915933362
2.0,1.0,1.0,-0.5836182364212597,2.062833500123059
8.0,1.0,1.0,-0.2023407907731762,3.9660539790155878
9.0,1.0,0.0,0.39558536726580773,4.0994103071162264
11.0,1.0,1.0,-0.11567822728955766,3.7745284247474453
0.0,1.0,0.0,-0.9385350662631708,1.2725290743905195
6.0,1.0,0.0,0.281849960694198,3.2727772109073974
0.0,1.0,0.0,-1.0129439125295499,-0.7850185596454722
3.0,1.0,0.0,-0.06433371261744383,2.7166855674949058
7.0,1.0,1.0,0.2627535626193672,3.5388128610041174
4.0,1.0,0.0,-0.8749466675340736,2.805198688634367
4.0,1.0,1.0,-0.45302855238456163,3.4636206216442487
15.0,1.0,1.0,1.4673522007448179,3.5554765226114218
6.0,1.0,0.0,-0.12328273618276983,0.7404254466525702
2.0,1.0,0.0,-0.27888578136891984,1.0579630556098087
8.0,1.0,1.0,-0.6991551321844423,2.7284678412790333
5.0,1.0,0.0,0.05001141394178027,2.6377391588848904
4.0,1.0,1.0,1.4251879973641772,1.0087681883738824
11.0,1.0,1.0,0.7073571975887614,2.9447218278227667
4.0,1.0,0.0,0.05975433769014507,2.6103006698043907
4.0,1.0,1.0,-0.20093119751789046,2.367423485411794
11.0,1.0,0.0,0.28255025460080013,4.47305540005258
3.0,1.0,0.0,-0.6223088552395492,2.3767689932726417
3.0,1.0,0.0,-0.8531743890228216,1.614676363681543
4.0,1.0,0.0,1.373043555001677,2.2705065537845166
13.0,1.0,1.0,0.9559703975554766,2.9775467220773875
1.0,1.0,1.0,-0.1641191492197986,-2.277280328457881
12.0,1.0,0.0,0.8718049748242183,3.256215666335464
0.0,1.0,0.0,-1.3385775547790701,0.4760171533933888
5.0,1.0,1.0,1.1953376107034277,2.438226235670753
0.0,1.0,0.0,-0.6105879335470983,2.200775672111757
5.0,1.0,0.0,-0.8145563979522297,3.4500373583007273
4.0,1.0,1.0,-0.36549230075276906,2.8092594188159206
0.0,1.0,0.0,-0.9187302019810275,2.6291552806287637
14.0,1.0,0.0,1.0505498563368316,2.393078952713395
4.0,1.0,1.0,0.6523574835212611,1.3553508102730927
5.0,1.0,0.0,1.2742244351419998,1.9407662431409285
0.0,1.0,0.0,-0.4483854936350463,0.29485409611900604
3.0,1.0,0.0,-0.2395845377017687,2.5052651945077584
10.0,1.0,0.0,0.4106065788355291,3.501880451173293
3.0,1.0,1.0,1.1812797964977533,0.839652200445227
2.0,1.0,0.0,-0.5485370509245165,3.1014689772606494
7.0,1.0,1.0,1.0923707025709084,2.189243219668312
10.0,1.0,1.0,0.9906990581851414,3.568681652962021
5.0,1.0,1.0,0.3715051277114012,2.6135963733042353
13.0,1.0,1.0,0.17852799432251537,3.2032900548517724
3.0,1.0,0.0,0.19676716153319523,1.234214887677698
2.0,1.0,1.0,-0.9199391584884041,2.717120622762135
12.0,1.0,1.0,1.0343050556843503,2.9405037944984116
3.0,1.0,1.0,0.021284113247199782,2.719676957320287
6.0,1.0,0.0,-0.48484151830097777,3.269826717394715
15.0,1.0,1.0,1.0109396376957176,3.57633489353742
7.0,1.0,0.0,0.7910715983589116,0.6916728949937709
5.0,1.0,0.0,0.20199875366395337,2.241575678355383
2.0,1.0,0.0,-0.6152006402627788,4.4578038925282115
3.0,1.0,1.0,0.8441479542650892,1.074976559283289
6.0,1.0,0.0,0.4846377886698362,1.6390083121246353
4.0,1.0,0.0,1.2441671774321714,0.9655794764239544
3.0,1.0,0.0,0.2929705960941807,2.2000463196548727
1.0,1.0,0.0,-0.6478904478490782,0.6488735437440145
4.0,1.0,0.0,0.09939848343857671,3.2509929062743543
8.0,1.0,1.0,0.0527120287066123,3.597746982784552
1.0,1.0,1.0,-1.7330351201349958,-0.28565525406315184
29.0,1.0,1.0,2.8659014820320388,4.498374286856796
11.0,1.0,1.0,0.36773665649356385,2.276637964913154
6.0,1.0,1.0,0.08486831769271858,-0.172890156633978
4.0,1.0,0.0,-1.067551995450347,1.8107432295758656
8.0,1.0,0.0,0.20810364550622268,2.990074992536139
21.0,1.0,1.0,1.5169045037771083,3.9661990572173718
3.0,1.0,0.0,0.053441147737967834,2.733172857968432
10.0,1.0,1.0,0.3250763074103531,3.15272578953602
11.0,1.0,1.0,1.1073117082257282,3.974453438800163
1.0,1.0,0.0,0.2347793415019313,0.0717790597824004
2.0,1.0,1.0,-0.4737314958179729,3.180604228597679
2.0,1.0,1.0,0.7336984547529206,0.23939553663886004
0.0,1.0,0.0,-1.556435992768385,0.5722216262464832
0.0,1.0,0.0,0.3411638061223957,0.3232119175165047
6.0,1.0,1.0,0.5942531992762345,2.412655693488566
3.0,1.0,1.0,-1.1688935783749186,1.1889207394513286
1.0,1.0,1.0,-0.35312453297701163,-0.08514205784574713
3.0,1.0,0.0,-0.5346291152517655,1.5633280466291106
2.0,1.0,1.0,-0.35207572565194123,-0.37504887799278586
10.0,1.0,1.0,1.8276472241914523,2.3428399234071016
3.0,1.0,1.0,1.4902945200749373,0.9706273217732331
7.0,1.0,0.0,1.9189193227964059,1.4868520098334868
8.0,1.0,0.0,-0.49936366288871714,5.202611189085126
7.0,1.0,1.0,-0.36340604108852054,3.436761489119432
1.0,1.0,0.0,-1.6162894796493938,1.9951414900816595
0.0,1.0,0.0,-1.2547338441252218,-0.06224519083806901
3.0,1.0,1.0,-2.569462777823423,0.5864019957194111
5.0,1.0,1.0,0.05472879395065888,1.7563305960525735
2.0,1.0,1.0,0.6319333524484971,1.5943957677129288
2.0,1.0,1.0,-0.05179587177857489,0.9867544960480559
5.0,1.0,0.0,0.5913860398937394,2.1346996394021374
5.0,1.0,1.0,1.0974761232436037,0.40039694643025214
0.0,1.0,0.0,-0.0030702591664629186,1.4445969020416878
2.0,1.0,1.0,-0.41109770604660967,1.6308607248602027
1.0,1.0,0.0,-0.2954231705807993,-0.09408190765285829
5.0,1.0,0.0,-0.5641094672477678,1.1849212169132444
5.0,1.0,1.0,0.19586470000273334,2.045921733739696
8.0,1.0,0.0,-0.056964366650084544,2.656373145577425
4.0,1.0,1.0,-0.4049068634402919,1.710970933429938
1.0,1.0,0.0,-0.9204171496673879,0.285535393987453
4.0,1.0,1.0,0.20748065068596888,1.0050614591908262
7.0,1.0,0.0,0.6673330628076297,2.828750315846759
8.0,1.0,1.0,1.4506223993338132,1.7160754535070266
7.0,1.0,1.0,0.585069925428614,3.6094269746414036
4.0,1.0,1.0,0.21215943141227117,-0.7274731469644542
7.0,1.0,0.0,0.31042135873543686,2.281582060620027
6.0,1.0,0.0,1.0867894403792402,0.949906932931269
15.0,1.0,1.0,2.0372093526690174,3.670772117199875
4.0,1.0,1.0,-0.6849842999586306,1.9043935491011112
10.0,1.0,1.0,-0.16802329629552382,3.2789196603173822
9.0,1.0,1.0,0.6476460694455224,2.8141486048062836
3.0,1.0,0.0,-0.3004801449025625,0.9865738380779941
2.0,1.0,0.0,-1.265847081815921,2.5257756980165196
7.0,1.0,0.0,0.6706996654631217,2.770794564470906
7.0,1.0,0.0,0.4586737954557746,2.53497111061537
4.0,1.0,1.0,1.384175189912388,0.9176099873894676
5.0,1.0,1.0,-0.12245653763333457,2.7163496673373317
4.0,1.0,0.0,-0.6763031619892637,1.6900917673028644
6.0,1.0,1.0,-0.3803509488431768,3.7348589321911296
6.0,1.0,1.0,0.6116513623951543,3.306442478491566
2.0,1.0,1.0,-1.0883039704661859,0.05708349204424601
7.0,1.0,0.0,-1.1159647338074183,3.8220553745303336
8.0,1.0,1.0,1.0371390505953533,1.666911840687915
5.0,1.0,1.0,-1.514285378207453,3.903304783034915
1.0,1.0,1.0,-1.0693335647285886,1.6916556169649926
2.0,1.0,1.0,-0.3536160186048683,0.35756099321987556
4.0,1.0,0.0,-0.5895301318068266,1.8431931836923277
4.0,1.0,0.0,0.7236302862517086,2.8877235621314457
0.0,1.0,0.0,-1.7644569227064997,0.5075111186232228
5.0,1.0,1.0,0.008411222187384326,3.2310633974981577
1.0,1.0,0.0,-1.2713805344845823,1.8655287554509328
8.0,1.0,0.0,0.33601839865778604,5.220171680659723
2.0,1.0,0.0,0.03508837516638175,0.5006930297566592
1.0,1.0,0.0,-0.9237238791100081,2.3705418265733806
1.0,1.0,0.0,-0.011206401479560535,0.4855187442460098
2.0,1.0,1.0,0.3269856608338395,1.529882919243021
3.0,1.0,1.0,-0.8456255757242668,2.9361973726454327
5.0,1.0,1.0,1.7208845126875427,1.8476769908487505
5.0,1.0,0.0,0.3497689254992099,3.1471806910293143
3.0,1.0,1.0,0.8270482536019095,1.5835436769519362
6.0,1.0,1.0,-0.038656016551387284,2.162479917977335
6.0,1.0,0.0,0.30084550877709537,2.7766742315133635
6.0,1.0,1.0,0.03192346263409924,2.110087355301072
4.0,1.0,1.0,0.15816153213556128,2.4561979725358127
3.0,1.0,1.0,-0.5078459985955721,2.065935932811293
8.0,1.0,1.0,0.0841954759598216,3.741097814279282
11.0,1.0,1.0,-0.3428334719758369,4.0444910795577025
6.0,1.0,1.0,-0.8475849855694042,2.9896345377783273
2.0,1.0,1.0,0.41882881797723026,1.8593369855091346
5.0,1.0,0.0,-0.12260301969524946,2.385477751290624
4.0,1.0,0.0,-0.8458261345527889,1.4783077063183445
2.0,1.0,1.0,0.3000904576219067,-0.2625398581446854
1.0,1.0,0.0,-1.0833918261180266,2.0101105134083164
11.0,1.0,0.0,0.7490169703561168,3.2308817074091576
3.0,1.0,1.0,-1.739478940417035,1.2164108844433912
8.0,1.0,1.0,-0.09596812417060474,2.0836434542318014
2.0,1.0,0.0,0.3812076741745013,-0.18913921115521015
2.0,1.0,0.0,-0.9369395150636801,1.1931376981988153
7.0,1.0,0.0,1.6495322790352904,1.471816688546395
5.0,1.0,0.0,-0.9518826591834103,4.920384417166023
7.0,1.0,0.0,-0.3016658374657539,3.974555964185749
7.0,1.0,1.0,0.5298988018429023,3.2684003508671364
18.0,1.0,1.0,0.9486309590584311,3.9452538833234136
0.0,1.0,0.0,0.5093534105189712,-0.7900779281644887
1.0,1.0,0.0,-1.3397310812863221,3.475684498933053
6.0,1.0,0.0,0.7445632210334052,2.2482859251928082
2.0,1.0,1.0,-2.008014062675275,1.694495995577827
4.0,1.0,0.0,0.7065051868978992,1.7255612899648742
2.0,1.0,0.0,-0.021999643172020134,1.3229975402125609
3.0,1.0,0.0,1.7672423519520897,1.6742677575818223
11.0,1.0,1.0,1.044797208414984,2.242349268645289
3.0,1.0,1.0,-1.0784714619638647,1.9923020753804415
5.0,1.0,0.0,-0.7914860882123504,3.753960619946314
5.0,1.0,0.0,-1.0519426802264087,2.8164761067718667
2.0,1.0,0.0,-0.7838703191798,2.5497483977423254
1.0,1.0,1.0,-0.801861431916422,1.8209190521838992
0.0,1.0,0.0,-0.14789593414284752,1.8309021239857757
1.0,1.0,1.0,0.5570595149497637,0.7114900173769354
8.0,1.0,1.0,1.338248875016859,2.144672630905038
10.0,1.0,1.0,-0.2978081331710122,3.646958280712597
26.0,1.0,1.0,1.6365802700928016,3.5797916760018875
0.0,1.0,0.0,-0.6141234903484913,0.9384312294528807
1.0,1.0,0.0,-1.1401413361916681,1.3639709521798071
2.0,1.0,0.0,-1.5801049247275776,3.07305849802398
1.0,1.0,0.0,-1.9384932459797244,-0.6548978531781491
2.0,1.0,0.0,0.7402140926627885,0.048271167610073995
8.0,1.0,1.0,-0.22456178590726752,2.484408923861836
7.0,1.0,0.0,-0.3375648721373701,4.92046060909439
4.0,1.0,1.0,-0.39533435241392473,2.0927861143440025
1.0,1.0,0.0,-1.6459797974947128,1.586045237098965
1.0,1.0,0.0,-1.1379983308361274,2.0865956238957795
3.0,1.0,1.0,0.0027874352946721526,-0.05284701528691205
1.0,1.0,0.0,0.5371243820231504,2.483260778394328
4.0,1.0,0.0,0.08359703671321281,1.6062181174241354
2.0,1.0,0.0,-0.20440118281369862,0.9257979305012141
0.0,1.0,0.0,-0.2545205652274379,1.486808294773337
0.0,1.0,0.0,-2.270316096842053,0.9484897001289379
5.0,1.0,0.0,0.13002518442173316,2.221456854946091
2.0,1.0,1.0,-0.5175765193218013,3.977781078929005
3.0,1.0,0.0,0.17946053812617796,0.3992362107913925
8.0,1.0,1.0,1.92868497367146,2.1515216231288483
9.0,1.0,1.0,-0.12468900738299216,4.450007402084989
9.0,1.0,0.0,0.5023119218849952,3.8905806733962685
12.0,1.0,1.0,1.067342686228622,2.9996516871784147
5.0,1.0,0.0,-0.6838138745272668,3.005814572636996
7.0,1.0,0.0,0.05767344707484098,3.5991505170309885
2.0,1.0,1.0,-0.319518148617796,2.787183651551889
2.0,1.0,0.0,-2.038065030520178,3.2727436423624594
2.0,1.0,0.0,-0.1714613899183586,0.09750316232454836
1.0,1.0,1.0,-0.8516336095301283,1.6249417685302376
2.0,1.0,0.0,-0.4418195666961632,1.9829792761577278
7.0,1.0,0.0,0.7064527341201766,1.359555532862104
4.0,1.0,1.0,1.2269510945857194,-0.49990484387479883
1.0,1.0,0.0,-0.8099793303641694,-1.0874115481440132
1.0,1.0,0.0,-0.008213497184512253,2.951100351910841
10.0,1.0,1.0,0.6621431117156442,1.6555935647008941
2.0,1.0,1.0,-0.6546485349760687,3.748441244128852
4.0,1.0,0.0,-0.01527140204939248,1.1367551091866326
3.0,1.0,0.0,0.08476287945096306,1.70085312198366
0.0,1.0,0.0,0.24386449932324653,1.4803432583154943
4.0,1.0,0.0,0.5643710695265605,2.5588227864574735
3.0,1.0,0.0,-2.5008320182487767,2.29310983729761
4.0,1.0,1.0,-0.911179908334991,2.9108411150993714
9.0,1.0,1.0,0.8329940181339434,2.7430410179282916
2.0,1.0,1.0,-0.21149782165426556,-0.38802092672285005
12.0,1.0,1.0,1.1634124651097384,2.3604757699560706
1.0,1.0,0.0,-1.6706020453175405,3.200864829582981
4.0,1.0,1.0,0.8229832267964595,0.34248497588087634
2.0,1.0,1.0,-0.9743963417478538,3.607170539239303
3.0,1.0,0.0,0.23222152170991658,0.2875001977276461
3.0,1.0,0.0,0.10930713455635171,0.28562385852305683
6.0,1.0,0.0,0.6536866698545258,3.112773874358852
9.0,1.0,1.0,0.783935731133206,3.03810039748275
2.0,1.0,0.0,0.39506149967001014,1.1019495251011624
7.0,1.0,1.0,-0.016978242453330794,3.467374506725813
6.0,1.0,1.0,0.7768808244796435,2.409654057575499
7.0,1.0,0.0,-0.40883342218029606,2.1744297918660513
9.0,1.0,0.0,0.36172020880547723,3.915655007291242
1.0,1.0,0.0,-0.4519325280701766,2.1453218540670083
5.0,1.0,0.0,0.44188395803972264,2.8950688754135063
2.0,1.0,0.0,-0.8343144547379783,0.9206650123415367
2.0,1.0,0.0,-1.0837444168454098,2.5070041389690028
8.0,1.0,1.0,2.7739864571998334,0.7030704144002033
1.0,1.0,0.0,0.22963680848653725,-0.6870697646076522
4.0,1.0,0.0,1.161790181765057,2.4490143961825916
2.0,1.0,0.0,0.04603170723449389,1.1330053271178486
4.0,1.0,1.0,0.8970772105093644,2.413700678666365
5.0,1.0,1.0,-0.23992599563818456,2.279028960799968
11.0,1.0,1.0,2.1269977257936015,3.0108418665901917
3.0,1.0,0.0,-0.5642833948574993,1.7036239704028682
7.0,1.0,1.0,0.5612126933973965,1.2682363009904982
0.0,1.0,1.0,0.18969584169414205,-0.6240808080706999
2.0,1.0,0.0,-0.9241848209711855,2.450420499023915
3.0,1.0,0.0,-0.37116459431747945,2.7743170766968173
6.0,1.0,0.0,0.8789242693225588,2.519186720425826
1.0,1.0,0.0,0.6160634924670916,2.2070819312262158
1.0,1.0,1.0,-0.19258216607657963,2.2810419166917946
0.0,1.0,1.0,-1.8841558103838454,1.102673568731625
2.0,1.0,0.0,-0.5788144153790309,0.8433404902739536
2.0,1.0,1.0,-0.08043887417141957,1.4838243873348462
4.0,1.0,0.0,0.5719991077522644,1.966110571612039
3.0,1.0,1.0,-0.760342254887522,2.1644723097982728
12.0,1.0,1.0,1.1724549561705566,2.8347908923175327
5.0,1.0,0.0,0.7851333223860514,3.2981420897134495
4.0,1.0,0.0,-0.9874089596931227,3.5338792329493875
8.0,1.0,1.0,0.8792778415602945,1.572982425675467
1.0,1.0,0.0,0.10574668484716712,0.20165255279609484
0.0,1.0,0.0,-0.5473095488998725,1.3927131489542808
0.0,1.0,1.0,-1.2918211603005552,-0.17751895128372697
3.0,1.0,1.0,-0.33393490321629005,1.733783680809965
7.0,1.0,1.0,0.7459200740882824,1.8280954697012508
17.0,1.0,1.0,1.1306070140072926,4.185985686001393
2.0,1.0,0.0,-1.464294722353512,3.12391855403136
1.0,1.0,0.0,-0.5548816812784116,2.55465331605678
0.0,1.0,0.0,-0.3415654082896641,2.1442953717190525
2.0,1.0,0.0,0.47279751419155314,2.4669298291024244
5.0,1.0,0.0,1.7853305383537517,1.9252654082964933
4.0,1.0,1.0,0.3685438214957917,-0.09457411076830802
1.0,1.0,0.0,-0.6100984664064316,0.8806692465583879
1.0,1.0,0.0,0.2552511898741985,0.44610928504174807
3.0,1.0,1.0,-0.6399433542369517,2.5153939581649776
5.0,1.0,0.0,-0.1031839145022325,2.355213483583462
7.0,1.0,1.0,1.4119888092975335,2.3231284647786605
4.0,1.0,0.0,1.5220615747057331,1.2278042265319558
5.0,1.0,0.0,0.8082779286339296,1.4934587130477048
2.0,1.0,0.0,-0.5398637641518552,1.5610826221198466
5.0,1.0,0.0,0.5949808636452651,3.5578625028603508
2.0,1.0,0.0,-1.0429758835437017,2.1111965099183334
1.0,1.0,1.0,0.48781822142328823,1.8394966043674073
5.0,1.0,0.0,-0.37327417220810116,3.9138037760003117
10.0,1.0,1.0,0.4765775101299895,3.6728235803575124
9.0,1.0,0.0,0.3911033443373976,4.128854322658235
2.0,1.0,1.0,0.34298242929845424,1.3159825914880368
4.0,1.0,1.0,-0.290300392671928,1.6661209562398294
5.0,1.0,1.0,-0.5402852094228567,0.012089481697152182
10.0,1.0,1.0,0.058405489206974276,4.133244679352374
5.0,1.0,1.0,-0.7760691611838361,2.3049584587173793
1.0,1.0,0.0,-0.7483424559531112,1.4546056154785463
0.0,1.0,0.0,-1.8110999232677807,-1.21406719113987
2.0,1.0,1.0,-0.7761212476044035,1.3023936535015035
0.0,1.0,0.0,-0.30470855028911437,0.544157955225661
4.0,1.0,1.0,-1.4983574626788037,2.9192619569131457
4.0,1.0,0.0,0.40542847733283777,2.8570669391884578
0.0,1.0,0.0,-1.6422200413943422,0.33795032742862974
0.0,1.0,0.0,-0.24709837582519806,-1.0150442805190196
15.0,1.0,1.0,2.1108934924247493,2.2309725810185617
12.0,1.0,1.0,0.5945717353186354,3.564888668791295
17.0,1.0,1.0,1.82796598543929,2.8421495766743705
4.0,1.0,1.0,-0.1879061375366213,1.8660842030542972
3.0,1.0,0.0,-1.330594260262679,1.676951725145612
9.0,1.0,0.0,0.6776873964621623,2.22672338926777
6.0,1.0,1.0,-0.9801431133844666,0.4771646965576719
0.0,1.0,0.0,0.17087228681607083,1.1748042594883987
0.0,1.0,0.0,-1.8995743817245556,2.3196339466811597
5.0,1.0,1.0,0.43481822767399486,2.3852048963639616
10.0,1.0,1.0,-0.09232243463960357,4.044744573535171
10.0,1.0,1.0,0.329456841401186,4.12634744093855
6.0,1.0,0.0,0.20867230918365254,3.3082902423334035
3.0,1.0,0.0,0.8347408790855734,0.7606255884500296
3.0,1.0,0.0,0.0859441974152032,1.0798437234532077
8.0,1.0,1.0,0.638257937253703,2.113800285323811
12.0,1.0,1.0,1.191354621876441,1.2485033899463849
12.0,1.0,1.0,0.8034795354351113,2.7188265547637673
2.0,1.0,1.0,-0.6574757340786632,-0.585074821528885
3.0,1.0,1.0,-0.002184303777541613,0.8805823229342433
2.0,1.0,1.0,-0.5608624732059255,1.8305625883750438
4.0,1.0,0.0,1.1601893130711882,0.9059203771593418
3.0,1.0,1.0,-1.3330504203690723,1.0215741380161663
7.0,1.0,1.0,1.3800933257586887,1.9198718671636477
4.0,1.0,1.0,-0.16133354406233089,1.434314376399144
4.0,1.0,1.0,-0.8032016554488952,2.6126687961509942
10.0,1.0,1.0,-0.3290274338022097,4.423184317436284
5.0,1.0,0.0,1.277893097503365,1.11640397288936
2.0,1.0,0.0,-0.45448055823648986,1.3888278629496695
5.0,1.0,1.0,-0.9128830254208972,1.7804804179204354
11.0,1.0,0.0,0.8111140916081869,2.736168160940946
4.0,1.0,1.0,-0.32468505892682087,2.0763078495232157
5.0,1.0,0.0,0.3922122253738909,3.008615413345003
12.0,1.0,1.0,0.4648608574688254,4.138398115892253
4.0,1.0,0.0,-0.8885008611072815,3.145688962707986
2.0,1.0,0.0,0.34896557025585706,2.020870402376725
9.0,1.0,1.0,-0.4768775172217058,3.6416333047929283
8.0,1.0,1.0,-0.23558136409541214,2.720724058596165
1.0,1.0,0.0,-1.5313862402723315,1.6280143846228239
8.0,1.0,1.0,-0.49902196621488343,3.6439226274569276
8.0,1.0,1.0,-0.28880267893956557,4.383119818240742
1.0,1.0,1.0,-1.2093894204011622,0.953352967785431
1.0,1.0,1.0,-0.1618294402184225,2.1436648818463793
7.0,1.0,1.0,-0.30241947350740556,3.2691448377076275
22.0,1.0,1.0,1.5973243651155873,3.468992270338523
0.0,1.0,0.0,-1.6938644765941815,1.2254401908364385
3.0,1.0,0.0,-0.7037062487010985,1.7415671875374494
2.0,1.0,1.0,0.4840494770355651,1.6529155458585651
4.0,1.0,1.0,-0.34462170275427406,2.133911507305052
8.0,1.0,0.0,-0.5547591779254939,2.1429804362608276
4.0,1.0,0.0,-0.21206001822531828,3.5923196836804436
4.0,1.0,0.0,0.08648197852418119,2.4610169360601644
4.0,1.0,1.0,-0.018269077460053865,1.5228239463305333
2.0,1.0,0.0,-0.09045271670424349,0.3843416542580902
1.0,1.0,0.0,0.229987714294083,1.5533164432323048
4.0,1.0,1.0,-0.33899884878481656,2.0950019193836833
6.0,1.0,1.0,0.28272257508212223,2.509840962632026
0.0,1.0,0.0,-1.253180308349413,1.0545116270846775
6.0,1.0,0.0,-0.22359665926223615,3.626872428320149
7.0,1.0,0.0,-1.0508695377891981,2.865094560566608
3.0,1.0,1.0,0.5889388739056876,1.2764239278492657
10.0,1.0,1.0,1.8101940616714927,1.9727432692538676
2.0,1.0,1.0,-1.921442712402828,1.6256384177815761
1.0,1.0,1.0,-0.919881052798146,1.782040770215239
7.0,1.0,1.0,0.24168964798830317,3.5338255519064576
4.0,1.0,0.0,0.7569760353708019,2.737292996851
6.0,1.0,1.0,0.15425583066270696,2.1372035585870974
8.0,1.0,1.0,0.3056741850956733,1.7884199967103516
9.0,1.0,0.0,0.6135714369975995,3.352040557481758
2.0,1.0,0.0,-1.626604687841573,0.40030734340438534
17.0,1.0,1.0,0.916514011678924,4.181469559090919
6.0,1.0,1.0,0.5062158658416032,1.0381683436313294
8.0,1.0,1.0,-0.27840173115326444,3.9695755109217954
9.0,1.0,1.0,-0.46547510063023695,4.337262624196979
2.0,1.0,0.0,-0.09885335422377767,0.27424130242726563
6.0,1.0,1.0,0.21074743358912945,1.4886168716641226
6.0,1.0,1.0,1.3857090018491,1.3575874551384954
7.0,1.0,0.0,-1.2180259515197236,4.921738784569169
1.0,1.0,0.0,-1.2151233521692018,-1.095267575394913
1.0,1.0,0.0,-0.35289896256771824,1.7297839509677833
2.0,1.0,1.0,-1.3214837512989626,2.231052255704778
2.0,1.0,1.0,-0.3528759960733581,1.41666781736377
5.0,1.0,0.0,0.07999568990394301,2.4283229203366616
4.0,1.0,1.0,-1.0271553228866972,2.6674785959219403
4.0,1.0,1.0,0.65032340207365,2.0763177645035324
2.0,1.0,1.0,-0.03750868835826432,0.8976899962279625
0.0,1.0,1.0,-0.9047845758397487,2.197659075625706
9.0,1.0,0.0,0.9277203899856004,4.239450533932668
2.0,1.0,1.0,0.1848976748087854,1.1215462900345972
3.0,1.0,0.0,1.3445930579765195,1.1644595988532873
1.0,1.0,0.0,0.11016803666980032,-0.1514815447850677
25.0,1.0,1.0,1.5230189370996214,3.801027777628163
3.0,1.0,0.0,0.1366692255637658,2.1900088533658484
10.0,1.0,1.0,0.47868625592308456,3.213756572768774
9.0,1.0,1.0,0.2777514451327554,3.779677132276047
0.0,1.0,0.0,-0.13952266745097835,0.9909167972527474
7.0,1.0,1.0,0.1507153773040856,2.0739656064926764
4.0,1.0,1.0,-0.6811634901914654,3.263748027355556
5.0,1.0,1.0,-0.5053778523877863,2.4881756976765277
0.0,1.0,1.0,-1.7732489555661046,1.4514534638974206
9.0,1.0,1.0,-0.08760794963200563,3.8014280206185216
3.0,1.0,1.0,-1.706939204716783,1.54659004195641
14.0,1.0,1.0,1.2121494052150574,1.5022867673690623
4.0,1.0,1.0,0.695882397418162,1.0061181817124285
2.0,1.0,1.0,-1.3265423719669904,1.8688451582779093
8.0,1.0,1.0,-0.7887633510028431,4.651294652567184
1.0,1.0,1.0,-0.7164479259526321,0.5076775906788846
4.0,1.0,1.0,0.5573515626613237,2.60930994305777
5.0,1.0,1.0,0.7224590088934391,2.1472496717998397
4.0,1.0,0.0,-0.1658033299794174,0.40109644857977966
2.0,1.0,1.0,0.46737312472632986,-0.2131400153349512
3.0,1.0,1.0,1.5617515869420073,-0.47560520612467716
7.0,1.0,1.0,0.5707566595275518,2.4343095703580664
2.0,1.0,1.0,-0.7570874527961302,2.904282212838911
1.0,1.0,0.0,-1.669596547026751,1.832600671467818
29.0,1.0,1.0,1.2289943881768024,6.745660877544449
2.0,1.0,0.0,1.0624563153541788,1.8830046658740227
7.0,1.0,0.0,0.18895996380192118,2.381023698319498
2.0,1.0,1.0,0.09199466914716392,1.4388602042971992
1.0,1.0,0.0,-0.5772930318214325,1.0128828202303
10.0,1.0,0.0,-0.4634436028429799,3.5572284036997086
1.0,1.0,1.0,0.11804342523336102,1.5056271919425388
3.0,1.0,0.0,-0.3610475788904908,3.986374028640837
13.0,1.0,0.0,1.1498171064271434,3.654459928376387
4.0,1.0,1.0,0.1101081071588636,0.47011772446319666
4.0,1.0,1.0,-0.21364913526413867,1.9562981221597795
1.0,1.0,1.0,-0.3062672628528351,0.10681232164657084
5.0,1.0,1.0,-0.1651596120558874,2.802763032772694
7.0,1.0,0.0,0.6312388359087217,2.580616517987865
4.0,1.0,1.0,-0.19260814706266874,2.7594972464962932
10.0,1.0,0.0,0.5604302177505263,2.952407598926678
5.0,1.0,1.0,0.9847930311108746,2.259497503398907
2.0,1.0,0.0,-0.3061179984736,1.7384438035723955
8.0,1.0,0.0,0.5442488698400899,3.4031875595592522
5.0,1.0,1.0,0.4117405956415402,1.9567679464778085
3.0,1.0,1.0,-1.32794137417927,2.3273107235860553
2.0,1.0,1.0,2.040220021262113,0.11062233217015205
7.0,1.0,1.0,0.24252845886356433,2.0025303197645012
5.0,1.0,1.0,-0.36936273685754295,2.7885220925220824
9.0,1.0,1.0,0.7285518057325929,2.185549418687107
2.0,1.0,1.0,-1.6124490724438465,2.8549511468156705
3.0,1.0,1.0,-0.17952159080481578,1.475384318504064
4.0,1.0,1.0,-0.06789588684837797,-0.475585563339342
6.0,1.0,0.0,0.5207244188783964,1.7396599409915696
1.0,1.0,0.0,-1.0374388290984644,1.180172822222001
10.0,1.0,1.0,0.6850553292474773,3.735801606679529
5.0,1.0,1.0,0.8236625960439713,1.2159560479405276
1.0,1.0,0.0,-0.051153952324132085,1.7083908682317046
0.0,1.0,0.0,0.21426119283172024,-1.0837666389196894
0.0,1.0,0.0,-1.9746017325741787,0.00789387847369838
6.0,1.0,0.0,-0.22741082635892973,3.7716276194882914
2.0,1.0,1.0,-1.6518488808055778,1.3119986936033055
1.0,1.0,0.0,0.560924802165789,-0.651054485207208
4.0,1.0,1.0,0.4282626778735968,1.3939781253992505
4.0,1.0,1.0,0.149494596073856,1.1670137422439677
6.0,1.0,1.0,0.4835058814273453,1.9675783211697118
8.0,1.0,1.0,0.6847278729318981,2.1436636023727575
1.0,1.0,1.0,-0.6331707215887357,2.336888198409324
5.0,1.0,1.0,-0.6600225566029513,3.3770584920579045
0.0,1.0,0.0,-0.7538132089999781,0.35365042096658206
5.0,1.0,1.0,0.5844858045739302,1.755123751674093
8.0,1.0,0.0,-0.36062807296307486,3.784480124862733
2.0,1.0,1.0,-0.6625872458268766,2.3785397996558775
6.0,1.0,0.0,1.3655482569547117,0.7919976751239433
14.0,1.0,1.0,1.104233827924041,3.0599713640602433
2.0,1.0,0.0,-0.455777490425976,2.538820057379398
7.0,1.0,1.0,0.7183942862507317,1.8644306272792848
5.0,1.0,0.0,0.4329989815894461,1.4781249469073963
8.0,1.0,1.0,0.6666092245806974,0.8633286510833569
5.0,1.0,1.0,-1.600737568921451,2.625810328672994
11.0,1.0,1.0,1.6923318012003212,1.6753319111866616
7.0,1.0,0.0,0.544720896630294,2.082844787754563
8.0,1.0,1.0,1.0664157814933541,0.9401444561944472
1.0,1.0,0.0,0.019948707745028056,1.9633530398413515
1.0,1.0,0.0,-0.6449347734252671,0.5530415143707537
1.0,1.0,0.0,-0.014069657580044859,-0.10498135732444913
17.0,1.0,1.0,1.7092965660973996,2.0577155940949394
11.0,1.0,0.0,-0.568028502240211,5.599212173813776
1.0,1.0,1.0,-0.4439477541683966,1.4725462314245914
19.0,1.0,0.0,1.970626926679359,3.8931674223702917
4.0,1.0,1.0,-0.17982790179059086,1.9808668884523408
2.0,1.0,0.0,-0.331779438369922,1.4348996595195957
9.0,1.0,0.0,-0.14958802089935147,2.076723473539264
6.0,1.0,0.0,-0.042299336496683104,5.100755131288306
2.0,1.0,0.0,0.795997656682782,0.47828928820284
4.0,1.0,0.0,-0.6538060683369796,2.5074060218903784
3.0,1.0,1.0,-0.26301769475536596,1.6963340005858254
6.0,1.0,0.0,1.0175740330697725,2.738039996884216
5.0,1.0,0.0,-0.18086806742609154,3.288861637182745
5.0,1.0,0.0,-0.5524709447401843,2.275948733106957
2.0,1.0,0.0,0.038265569707309766,1.4390664905162098
5.0,1.0,0.0,0.6723526246813484,2.030042072600388
1.0,1.0,0.0,0.05416425534448875,1.095136271814635
5.0,1.0,0.0,1.1073235066089921,1.6070220527372552
8.0,1.0,0.0,0.5727030973807569,2.078320461860229
4.0,1.0,1.0,-0.5206359804829943,3.32876820444363
5.0,1.0,1.0,0.8527512259329638,3.2481593933321102
0.0,1.0,0.0,1.0672931877160152,0.9349011061175821
2.0,1.0,0.0,-0.19570493387171134,0.44275015331082157
2.0,1.0,0.0,0.00580991084243225,1.7619570787181678
1.0,1.0,1.0,-0.3994645898688214,1.3969071434537685
5.0,1.0,0.0,-0.7183481050977081,2.766309831054072
7.0,1.0,1.0,0.1468592101474065,3.1926572194842215
8.0,1.0,1.0,0.26334916275940634,2.8816242640345644
6.0,1.0,1.0,-0.4737643835153693,1.339675576841912
0.0,1.0,0.0,-1.770174734908454,2.5020089033551742
4.0,1.0,0.0,-1.123680922517357,0.9571973920328911
2.0,1.0,0.0,-0.7553435682363814,1.3828416543389574
1.0,1.0,0.0,-2.5516751039984653,1.4455853174598856
13.0,1.0,0.0,1.2156303385190588,4.187465380302292
3.0,1.0,0.0,-0.09994162421400896,3.867063480667544
1.0,1.0,1.0,-1.6071812956849107,0.9780310199326068
7.0,1.0,1.0,-0.17943124126542742,2.945739459893149
5.0,1.0,0.0,0.5696515014854996,1.686478331892884
1.0,1.0,1.0,-0.693359610859164,0.9260975111440707
3.0,1.0,0.0,0.6440619882643448,0.9141453987348147
1.0,1.0,0.0,-0.3987857204979567,1.4690615743589084
9.0,1.0,1.0,1.239246957489819,1.658129630306321
0.0,1.0,0.0,-1.7555515982690986,1.5579053890520187
5.0,1.0,1.0,-0.14425818477522917,3.833912409016081
3.0,1.0,1.0,-0.1105045880548861,2.4782086257890983
4.0,1.0,0.0,-1.0457903945475195,2.9768612018713947
2.0,1.0,0.0,-1.380562222467498,0.6090411314104123
1.0,1.0,1.0,-0.29275192517483917,1.7125707042627492
3.0,1.0,0.0,-0.7807212465935995,3.422209633225144
2.0,1.0,0.0,-0.7528399906055718,0.4068493916958229
15.0,1.0,1.0,1.3296859115242743,2.1493190328791174
2.0,1.0,0.0,0.3454451699841644,-0.6673255771588757
2.0,1.0,0.0,-0.004159954080556444,2.4226830062372793
1.0,1.0,1.0,-0.13064677525149299,-0.46839050175643804
1.0,1.0,0.0,0.2570282325126922,0.7736670170437929
3.0,1.0,1.0,-0.12467765469332429,2.166463608194631
4.0,1.0,0.0,0.19209916156808435,1.0160459802647053
4.0,1.0,0.0,0.3450660602704392,0.6392172490511729
1.0,1.0,0.0,0.7107124965789634,-0.2469153057080824
5.0,1.0,0.0,-0.3975088088555161,2.741561200561305
8.0,1.0,0.0,0.1710816601100522,4.223254838235725
15.0,1.0,1.0,1.2932213613108792,2.782525854359806
2.0,1.0,0.0,-0.1390575437686779,-0.24107951622167878
5.0,1.0,1.0,0.4549045044198334,1.4294026255050545
12.0,1.0,1.0,1.228185090145048,1.5374663283889598
9.0,1.0,1.0,0.9784344661029407,4.053435241269173
0.0,1.0,0.0,-0.35350368487708445,1.317450110215861
4.0,1.0,0.0,-0.3490729839506743,2.2918039875278096
1.0,1.0,1.0,0.6053831125529394,0.6492737279588796
3.0,1.0,1.0,-0.735988954000736,2.517395527949628
10.0,1.0,1.0,1.4690993426478314,2.141078326031969
4.0,1.0,0.0,0.49527827938134195,0.4317885605092686
4.0,1.0,0.0,0.5183675116835822,0.8777149434422791
7.0,1.0,1.0,1.875030178405412,2.5099149107197523
9.0,1.0,0.0,0.3946532708393892,1.2259406198869933
6.0,1.0,0.0,0.7844219083393719,1.526426535514442
3.0,1.0,0.0,-0.23118838859949511,2.8258763026123868
1.0,1.0,0.0,-1.037899074639668,1.9419438768804602
6.0,1.0,1.0,-0.5941823094658596,3.3046806440617864
3.0,1.0,1.0,0.6570920740261299,1.8220259500421832
4.0,1.0,1.0,-0.13198386244414664,0.6189929966848418
3.0,1.0,1.0,-0.7766623734046394,3.853400207142763
1.0,1.0,0.0,-0.7985972333058893,2.5267739596941716
4.0,1.0,1.0,0.3391974888545605,2.085786060613691
9.0,1.0,1.0,0.24671856128527198,3.450494134632298
0.0,1.0,0.0,-0.3695537555364613,2.173959664159524
1.0,1.0,0.0,-0.8712646577613429,0.3486512597734339
3.0,1.0,0.0,0.39945194895225106,0.3107373949921266
15.0,1.0,1.0,0.6572226696049829,2.998579568946369
2.0,1.0,1.0,0.9699177369125664,1.5307441070286953
8.0,1.0,1.0,0.13308628791677293,2.3600473153848274
4.0,1.0,1.0,0.9462859641425225,0.3881798103502223
3.0,1.0,1.0,0.09250172991456213,1.7614272610755806
4.0,1.0,1.0,-0.43712893372903444,0.977091044927966
2.0,1.0,0.0,0.8337819763330222,0.08037074245017939
1.0,1.0,1.0,-0.7460974111842245,2.156363865923755
7.0,1.0,1.0,-0.024289303968882313,3.55480389593351
9.0,1.0,1.0,0.30599388041462106,4.292448952015771
7.0,1.0,0.0,0.8972800551454583,2.7240041891795608
8.0,1.0,0.0,0.036424292742654185,3.506865407524396
0.0,1.0,1.0,-1.5859306032293892,2.175132086329093
3.0,1.0,1.0,-0.4177622478897427,1.8633047020314335
7.0,1.0,1.0,-0.603045629247722,3.418862206724902
6.0,1.0,1.0,1.6030759467356674,0.3511968539525818
5.0,1.0,1.0,0.48879000974915177,2.8479031920801985
5.0,1.0,1.0,1.6987349399704896,1.7638710673203113
1.0,1.0,0.0,-0.9892269103334688,3.0729550615345933
13.0,1.0,1.0,0.820256733929785,2.5120797145769647
5.0,1.0,1.0,-0.6100879419813022,2.9420452381736273
6.0,1.0,1.0,1.1049648765118667,2.6048279461154586
6.0,1.0,1.0,0.5127800317184505,2.017083227076204
0.0,1.0,0.0,-0.25193012952052196,-1.3121998154301848
0.0,1.0,1.0,-1.0849822975787937,1.364340360845787
9.0,1.0,0.0,0.20289156954738785,3.2260853909814076
6.0,1.0,0.0,-0.19137864117729092,3.354649054377504
9.0,1.0,0.0,1.5156856610946443,2.513231991023927
1.0,1.0,1.0,-0.6798922779721237,4.2559056132727875
5.0,1.0,1.0,0.5432979566124387,1.5615734247716728
1.0,1.0,1.0,-0.6391504281671374,0.1269229426474907
3.0,1.0,0.0,-0.42722232421878537,0.5539633254425305
2.0,1.0,0.0,-0.967284912067861,0.8846041181428801
1.0,1.0,1.0,0.0669193809996055,-0.059340246241728956
1.0,1.0,0.0,-0.11480616122354861,1.7090616879545082
0.0,1.0,0.0,-1.1221630141189072,2.307835651709542
8.0,1.0,1.0,1.108476570065002,2.494291807731437
3.0,1.0,1.0,1.1517805231983738,0.47520551935702815
2.0,1.0,1.0,-0.3323411519738966,1.1766222978428735
4.0,1.0,0.0,0.3856366734421551,0.538755720984974
3.0,1.0,0.0,-0.4650727959290085,1.352170338648671
1.0,1.0,0.0,-0.5151743822999099,1.225168758772567
1.0,1.0,0.0,-1.3731077270787317,3.6272062564779883
20.0,1.0,1.0,1.2630940829675932,4.468970185585908
2.0,1.0,0.0,-0.16060106039434371,2.08617919175561
6.0,1.0,1.0,-1.20086207750222,2.175411442216624
4.0,1.0,0.0,-1.3147025417047642,2.8797736178496884
2.0,1.0,0.0,-0.6570659878465864,3.1063853773355063
3.0,1.0,1.0,0.3223379524153736,2.000516110301963
6.0,1.0,0.0,0.7400311139702048,3.347893567370378
13.0,1.0,1.0,0.9946572173718289,3.3985362317943215
2.0,1.0,0.0,-0.11908155138085194,2.1326540867068293
7.0,1.0,1.0,0.9972930364472573,3.004855838705036
6.0,1.0,1.0,0.7218256815455966,1.8733469582745523
20.0,1.0,1.0,2.2053481909748407,3.0165488736918373
4.0,1.0,1.0,0.24645610674030435,-0.016812011048420228
1.0,1.0,0.0,-0.0784594251973723,0.6652454959508374
1.0,1.0,0.0,-0.6129769082033841,1.033459244346767
4.0,1.0,1.0,-0.22085475633944623,1.8481671189666997
5.0,1.0,1.0,-0.8189424529587188,1.6946580743763282
4.0,1.0,0.0,0.42798295288890786,2.733545360813628
1.0,1.0,1.0,-0.8688768072659915,0.9144291786737961
24.0,1.0,1.0,0.9798709506633834,5.313659220749418
1.0,1.0,1.0,-0.6037863156659669,1.2910944796008037
1.0,1.0,0.0,-0.5240649395481373,1.3169739075007478
0.0,1.0,0.0,-0.09620975307552376,1.0456390161083233
14.0,1.0,1.0,1.1778071784286401,2.3939699810487354
6.0,1.0,0.0,0.29136034742981043,3.902457411221088
3.0,1.0,0.0,-1.0330943826010537,2.7014240128374025
3.0,1.0,1.0,0.26992116327555005,0.3169627699534723
0.0,1.0,0.0,-0.3498899371915515,-0.121774711054913
5.0,1.0,0.0,1.5220963337207973,2.24179228874179
0.0,1.0,1.0,-0.10664948255304052,0.4314666394503972
2.0,1.0,0.0,-0.7421113438601268,1.0132624055507091
9.0,1.0,0.0,0.8030502804076376,0.7420352618568431
11.0,1.0,1.0,-0.18420981335599657,4.597453138884209
2.0,1.0,0.0,-0.1727763218927629,2.4446086903373354
3.0,1.0,1.0,0.6201528934442259,1.4365318040006798
6.0,1.0,0.0,0.35673379136652983,3.897219436098868
4.0,1.0,1.0,0.24575085114090472,2.3473213750207313
4.0,1.0,1.0,-0.41614569888685743,2.219448287087616
4.0,1.0,1.0,-1.2317332136614416,2.0841900844186956
0.0,1.0,0.0,-0.12074521456580384,0.9168051303816243
3.0,1.0,0.0,0.09174222644009125,2.9414870420081876
3.0,1.0,1.0,0.4219927550207196,1.9554241932220529
9.0,1.0,1.0,0.022494959207125353,2.6569364079017634
10.0,1.0,1.0,0.6881964970187215,3.1810910143390423
6.0,1.0,0.0,-0.6501338331290906,2.4189429276119
4.0,1.0,0.0,-0.03172453951882927,1.711391219216525
4.0,1.0,0.0,-0.798413966464323,0.4627725835214329
0.0,1.0,0.0,-1.129845057632403,-1.4205149738144411
5.0,1.0,0.0,-0.8556865221008583,2.181658093044049
4.0,1.0,0.0,-1.0576492772749615,3.78770043123874
2.0,1.0,0.0,-0.6609027010309025,2.1778342338854064
2.0,1.0,0.0,-0.993440249393933,1.9088178080921805
1.0,1.0,0.0,1.2913374385615506,0.544499728253145
5.0,1.0,1.0,0.9873785602827494,1.9371421630381047
3.0,1.0,0.0,-0.056439830905278966,2.045583910272981
2.0,1.0,0.0,1.183566991413058,0.7036434143573891
3.0,1.0,1.0,0.5878292053626623,1.6295811496132682
6.0,1.0,0.0,0.04409517082705683,2.904361289285085
2.0,1.0,1.0,-1.0192542625294088,0.44632778624876734
3.0,1.0,0.0,-0.780218147953377,2.0033943300454125
0.0,1.0,0.0,0.8964460401537839,-0.25741123645845465
2.0,1.0,0.0,0.8825147637353195,0.17087373403209627
0.0,1.0,0.0,-1.8384831846139267,1.1730750863415733
5.0,1.0,0.0,-1.4215573485794395,3.373230838095969
8.0,1.0,1.0,1.0146957107690855,1.4548477959155786
1.0,1.0,0.0,-0.19796061970682338,1.2385677518304439
11.0,1.0,0.0,0.8083223660566952,2.855611893197924
9.0,1.0,1.0,0.30081330614519086,4.786252664717462
2.0,1.0,0.0,0.04176219130001796,0.2733804808358684
4.0,1.0,0.0,-0.5628240024934485,4.1189883775359295
9.0,1.0,1.0,1.2054601972150467,2.901170571935035
5.0,1.0,1.0,0.8890608360314064,2.310796521279809
5.0,1.0,0.0,0.31916424147418354,0.48396689200720644
1.0,1.0,0.0,-0.29970441607940096,2.2788739274331524
3.0,1.0,0.0,-0.3840367819125413,1.2238204957356142
6.0,1.0,0.0,1.185849776022769,2.719179912210798
1.0,1.0,0.0,-0.7091662305721125,1.5994582618866549
3.0,1.0,0.0,-1.3432676988555237,0.6356660187208703
3.0,1.0,0.0,0.2614953685476299,2.3958635144660354
3.0,1.0,1.0,-0.0195705323106838,1.787619379635888
7.0,1.0,0.0,0.9858003771813533,3.1207850138836095
11.0,1.0,1.0,0.6091830860641712,2.0121643863022625
5.0,1.0,1.0,0.27970539361839786,2.265894394030685
4.0,1.0,0.0,-0.37484285675228846,1.9088857991670496
1.0,1.0,0.0,-1.2645022401363497,2.410476275694849
3.0,1.0,0.0,-0.12458086222033021,0.9510105268233242
1.0,1.0,1.0,-0.9903036650130872,2.0134860358797733
0.0,1.0,0.0,0.5865580742368037,2.8416102212989856
3.0,1.0,0.0,-0.32164305171036267,1.183470058535406
4.0,1.0,0.0,0.2922017139252091,-0.14979958048520192
5.0,1.0,1.0,0.5804565770720367,1.8389103233601487
8.0,1.0,1.0,0.43393308398640884,2.1559468114806806
7.0,1.0,1.0,0.4670147169142887,3.0638162083348432
0.0,1.0,0.0,-1.8361181355037446,0.5744123512803954
6.0,1.0,0.0,-0.8665879897153831,3.165550605390517
9.0,1.0,0.0,1.7824826888253686,2.487047173216634
6.0,1.0,0.0,0.4172383338475484,2.7262967752218006
0.0,1.0,0.0,-1.6019660635379336,2.070279053602171
1.0,1.0,1.0,0.22990270161767962,1.9464319197495568
7.0,1.0,1.0,-0.3880356504782584,2.731174147757683
0.0,1.0,0.0,0.4735469570363632,0.7570657544738593
3.0,1.0,1.0,0.3823708279092016,1.0258458090814326
3.0,1.0,0.0,0.12782309841022993,1.9335181404627397
4.0,1.0,0.0,-0.2205762064969015,0.6241594423318084
2.0,1.0,0.0,0.7404139343463323,2.7184470420614604
5.0,1.0,1.0,0.2821647870880015,0.8705745571514332
1.0,1.0,0.0,-0.02226916458851763,1.2263534763840447
3.0,1.0,1.0,-0.29222444596782426,1.4476671016553913
10.0,1.0,0.0,0.8568616475830726,3.3066930304052518
3.0,1.0,0.0,-1.072552573745917,1.5085809778459158
4.0,1.0,1.0,-0.28650087948024106,2.3749974355331473
9.0,1.0,1.0,1.0206963393505961,1.721313767214727
2.0,1.0,1.0,0.5716561426749028,1.3680344921204926
0.0,1.0,1.0,0.3161384526118887,-0.06607053959653397
8.0,1.0,1.0,1.5887362123793936,-1.2159421147543772
6.0,1.0,1.0,-0.4186843996978766,2.7940374602034477
20.0,1.0,0.0,1.3042768795966444,3.837851334248503
6.0,1.0,0.0,0.34306312706235553,1.986582199371006
6.0,1.0,1.0,-0.08938696595247925,2.0593603802782683
2.0,1.0,0.0,-1.0344873659886842,1.998226400761802
2.0,1.0,0.0,-0.05143986865884993,-1.3703631906294422
3.0,1.0,1.0,-0.9766366011112524,1.0706243678435774
2.0,1.0,1.0,-1.050634994431488,2.2992289226329112
0.0,1.0,1.0,-0.7514013102692167,0.42924859851258956
6.0,1.0,1.0,-0.4506170541890714,0.45194366867445623
6.0,1.0,1.0,0.5436399684353631,1.5699827867459986
10.0,1.0,1.0,0.6292272513860264,4.204672229118053
6.0,1.0,0.0,-0.15139959979159548,2.295307397476427
0.0,1.0,0.0,-0.0823921646485134,2.663926647980089
7.0,1.0,1.0,-0.32761475546227636,2.469618059983603
5.0,1.0,0.0,-0.9593357514163274,4.021084031532072
3.0,1.0,0.0,-1.42173740191472,0.8901651083158788
6.0,1.0,0.0,-0.3973671734354758,3.3164027598676586
7.0,1.0,0.0,1.0669623430726736,2.1487959125204243
3.0,1.0,0.0,0.11725168103973463,1.619877533982787
0.0,1.0,0.0,-0.7395244651171768,1.0503618624866413
2.0,1.0,1.0,-0.9545375201569843,3.155126654863854
2.0,1.0,0.0,-0.43098071655936665,2.4688751163001172
4.0,1.0,0.0,-0.11548376156006032,3.882478586945201
1.0,1.0,0.0,0.012124621559240462,2.380088628746092
3.0,1.0,0.0,0.7244690266564233,2.2496070485157325
3.0,1.0,0.0,0.6915084181043223,1.883162445776249
5.0,1.0,0.0,-0.8423693788086618,5.2472314562908515
3.0,1.0,1.0,0.3667024823578681,1.2134669444799673
5.0,1.0,1.0,0.5407997991565635,1.2572097130093993
4.0,1.0,0.0,-0.6862799624072284,1.8833562705417854
13.0,1.0,1.0,-0.08232468008953087,4.435412062061889
5.0,1.0,1.0,1.9560837531820785,0.1707897815330548
9.0,1.0,1.0,0.8378006577215433,2.0959728529895254
6.0,1.0,1.0,-0.23693907501167413,1.2807799565869487
1.0,1.0,0.0,0.36739452131211126,0.5563021684661671
4.0,1.0,1.0,0.3461869603566424,1.9716863635195994
1.0,1.0,0.0,-1.3435613615617803,-0.3513293671692792
7.0,1.0,1.0,0.5691072286623671,2.506726208054233
2.0,1.0,1.0,0.552786867584069,1.3126337364312102
10.0,1.0,1.0,2.314677579511737,2.5224045293943864
4.0,1.0,1.0,-1.534013637191072,0.9397098123698282
15.0,1.0,1.0,0.635878971150824,3.2179826946718793
4.0,1.0,0.0,0.8943471620912251,0.06390786758726685
9.0,1.0,0.0,0.08355261070731962,5.111386440278514
2.0,1.0,0.0,-0.2854045892471624,1.3566224343057733
1.0,1.0,0.0,-0.8794105949158945,0.45491933610847246
9.0,1.0,1.0,-0.08953977138762176,2.0498262183708476
9.0,1.0,1.0,0.3282299668884881,2.5940333035117327
4.0,1.0,0.0,0.7343147608769163,3.0623428158057306
6.0,1.0,0.0,-0.03917036321797118,2.2214255246772927
0.0,1.0,0.0,0.001195625268833711,-0.7995489206752047
7.0,1.0,1.0,-0.4663793712159404,2.7443114178178085
1.0,1.0,0.0,-1.3239694113817961,2.3352669546844926
1.0,1.0,0.0,-0.21241338886588795,0.7812727722982485
5.0,1.0,1.0,1.1467223478539212,0.882436529364905
15.0,1.0,1.0,0.8779958438961062,5.330868219296568
1.0,1.0,0.0,-1.7032363016769798,1.64141346173899
2.0,1.0,0.0,-0.12643022088740102,3.204900570721067
14.0,1.0,1.0,1.2383056577871248,2.376789796879862
2.0,1.0,1.0,-0.6852017226000643,1.7142619740536498
5.0,1.0,0.0,0.1585041359460734,3.625936521153241
2.0,1.0,1.0,0.17978703045477445,2.9044508570289858
3.0,1.0,1.0,0.8595389018395374,0.47156210419198463
15.0,1.0,1.0,2.5995431600358514,1.9733004460064616
9.0,1.0,1.0,0.6944882013850603,1.974805249436039
4.0,1.0,1.0,-0.6828643998060151,2.6043263669564745
1.0,1.0,1.0,-0.4282178294135502,0.7590397439041656
4.0,1.0,0.0,-0.3948082460538187,0.6649521468460551
7.0,1.0,1.0,0.5672857044440776,2.5355227873089747
7.0,1.0,0.0,0.14881301936886207,2.8216356639621356
4.0,1.0,0.0,0.10983939681535682,2.801438103899562
1.0,1.0,0.0,-0.8734353137533082,3.4539826883793046
5.0,1.0,0.0,0.39722309504133296,1.7893316491244158
2.0,1.0,1.0,0.1374751560232732,2.8739542191501544
6.0,1.0,0.0,-0.14112457508212164,3.1276745271971578
1.0,1.0,0.0,0.9180946513289693,0.005127264825453892
6.0,1.0,1.0,1.0168918740463384,2.1412836813786496
7.0,1.0,0.0,0.047380450919802496,2.5772241082410803
2.0,1.0,1.0,0.10670496977720012,-0.17590341459237058
1.0,1.0,0.0,-0.7449369069778629,0.1973077671864163
6.0,1.0,0.0,0.31856704375578276,3.0225137991233764
3.0,1.0,1.0,0.10299827433442499,1.808739186744635
8.0,1.0,0.0,-0.1465287264471643,2.71088131655582
6.0,1.0,1.0,1.3915384066069854,1.5508939150775398
12.0,1.0,1.0,0.650392612082181,3.5846244477058224
1.0,1.0,0.0,0.532910295503859,0.721221858635317
9.0,1.0,0.0,-0.7359193124943881,2.8054226449315602
2.0,1.0,0.0,-0.38677260052854323,0.3633228647891209
3.0,1.0,0.0,-1.135246622283554,3.223642166812713
4.0,1.0,0.0,0.5721445996031291,3.350475001736153
16.0,1.0,1.0,0.254748838807233,4.59257494641842
4.0,1.0,1.0,-0.40811501371323516,1.4136034280674168
2.0,1.0,1.0,-0.8090558122523527,0.9930348552352191
4.0,1.0,1.0,0.03467935790560728,0.37782053263890125
6.0,1.0,1.0,-0.2847897850747609,2.0125874384648372
5.0,1.0,1.0,-0.053146511905368024,2.876750287349218
6.0,1.0,1.0,0.28918978950546625,1.062310780477996
2.0,1.0,1.0,-0.8731349385124769,2.65281645014273
7.0,1.0,0.0,-0.2893279723143691,3.830105490452837
2.0,1.0,1.0,-0.057665337476199424,1.6117207031427256
2.0,1.0,1.0,0.10499205880552114,0.9090387247134266
11.0,1.0,1.0,0.7822597787771726,3.390473542602301
5.0,1.0,1.0,0.6912208570327072,2.653994274738024
7.0,1.0,1.0,1.2934774726129443,0.3316886641638097
6.0,1.0,1.0,1.3671347280876849,1.9096895935851437
4.0,1.0,1.0,-0.057721968669475265,0.8955769729826661
6.0,1.0,0.0,0.47861206490039876,2.7243319044270655
11.0,1.0,1.0,-0.3197349000280645,4.802918674345937
1.0,1.0,0.0,1.3045216622529583,1.2817615145955357
3.0,1.0,1.0,-0.2069264443767589,2.243469749755663
0.0,1.0,0.0,-0.22870554523515263,1.7105688651081778
1.0,1.0,1.0,-0.8709882796510432,-0.5770340213900824
5.0,1.0,1.0,-0.12151905827714299,1.432673430566688
1.0,1.0,1.0,-0.4005313587099834,1.96974460458314
5.0,1.0,0.0,0.43191203936476175,2.196965812798257
6.0,1.0,0.0,0.4622570606912039,1.2262456021958101
4.0,1.0,0.0,-0.10689424918280238,2.24245375914993
2.0,1.0,0.0,-0.6392351308700606,0.5223846485276322
1.0,1.0,0.0,-2.1897634703606856,1.0807396831718687
4.0,1.0,0.0,0.8696962661455818,2.7702124401391544
2.0,1.0,1.0,0.2641362680321636,1.1879686522125754
6.0,1.0,1.0,0.6268302884936774,2.6999266935261357
3.0,1.0,1.0,-0.18223913105693645,1.0726838532838365
4.0,1.0,1.0,-0.6019140624863304,2.8978483569508358
4.0,1.0,1.0,-0.06999655090687777,2.632492417853049
4.0,1.0,1.0,0.2622352389350845,1.4323391849666516
1.0,1.0,1.0,-0.19361973946938774,0.5701555577505122
1.0,1.0,1.0,-0.2739621228496913,0.09934572226224159
0.0,1.0,1.0,-0.37682915936052364,1.4867296773763758
2.0,1.0,0.0,0.2744788983271383,2.284741830167972
7.0,1.0,1.0,1.2038954176915315,3.3715015360585268
11.0,1.0,1.0,1.9352672677784448,1.888991744950831
1.0,1.0,1.0,-1.6943720806760687,2.2014137291939275
7.0,1.0,1.0,-0.8664232100461299,2.6421602346521293
1.0,1.0,0.0,-1.0080567477664444,0.6950736206177421
3.0,1.0,0.0,0.5409592085702423,1.1565287819468386
1.0,1.0,0.0,-0.2764182433566215,0.5148112914305394
29.0,1.0,1.0,2.202061552415478,4.093353522159008
16.0,1.0,1.0,0.9440221076784124,3.4292908675745655
2.0,1.0,0.0,0.24001240997431122,0.7767346287911296
5.0,1.0,1.0,0.4905796906843674,2.7100814764600267
7.0,1.0,1.0,0.6809383889579295,1.6942133413288052
4.0,1.0,0.0,-0.3658325920353003,2.5077703074290647
4.0,1.0,0.0,0.7309112234199872,0.6486251407779773
4.0,1.0,0.0,0.2588624090629416,2.8835285318598194
9.0,1.0,1.0,0.5596805183181487,2.839279017875862
7.0,1.0,1.0,1.3772581657932883,1.7623004499742645
3.0,1.0,1.0,0.5156281131496572,2.0979952127534407
3.0,1.0,0.0,-0.028743530371209886,1.5432158535753775
3.0,1.0,0.0,0.03149611119359737,1.3628166201042964
3.0,1.0,0.0,0.7336597675450723,0.9572128693001531
7.0,1.0,1.0,-0.5394598585714434,3.3893331689455346
2.0,1.0,0.0,0.7517941126239873,2.1504505819615076
7.0,1.0,0.0,-0.5436258321723273,1.9990204035906698
3.0,1.0,0.0,-0.5045770810549096,2.234935941433739
2.0,1.0,0.0,-0.3842001373318688,1.022305851542264
7.0,1.0,1.0,1.9630816143431309,0.5248272618987051
9.0,1.0,1.0,0.3220441374645763,3.4820102436833267
4.0,1.0,0.0,-0.1564772395547985,3.0241944763775113
5.0,1.0,0.0,0.47377402963243187,3.1999625224734047
0.0,1.0,1.0,-0.9797441472943976,0.822598975802832
1.0,1.0,0.0,-1.0429609609811492,2.311189310242511
1.0,1.0,0.0,0.49743160556338134,1.7657769251907571
3.0,1.0,1.0,0.5744318082214075,1.3433034455856592
1.0,1.0,0.0,-0.8942676373505933,2.092054302235887
4.0,1.0,0.0,0.3289165349237616,2.0276315514092085
3.0,1.0,0.0,-0.1769932555363423,2.1671817698868705
1.0,1.0,0.0,0.0714121826203519,1.2064894046534442
10.0,1.0,1.0,-0.18306863769820653,3.3689863055493063
12.0,1.0,1.0,1.9581361775004837,2.790877018385459
2.0,1.0,0.0,-1.2738842098675454,0.8648257777915556
2.0,1.0,0.0,-0.2810443270288375,0.9702194140904055
9.0,1.0,1.0,0.6035009681312273,2.0424828044257355
5.0,1.0,0.0,0.1366811640200726,3.1846289536365635
1.0,1.0,0.0,0.5628199438893509,-0.09890471220491404
5.0,1.0,1.0,0.30271473640588,1.3778685792617629
7.0,1.0,0.0,-1.3013099176817944,4.1167697170645825
13.0,1.0,1.0,0.9123721573275414,4.949614172470948
17.0,1.0,1.0,0.3206915678982622,4.612470563382182
1.0,1.0,0.0,-0.5939361131505299,0.9689644348651671
5.0,1.0,1.0,-0.1832193399582936,2.1977639796367687
4.0,1.0,0.0,0.9096337323932109,1.6962866863301205
11.0,1.0,1.0,1.0840389527685952,3.114710640787933
4.0,1.0,0.0,-1.1237741397777594,2.7214307869970695
1.0,1.0,0.0,-0.7473917631290157,2.4770764447874667
5.0,1.0,1.0,1.4618393243556091,-0.3509649120303191
0.0,1.0,1.0,-0.8839004433962188,1.7118323258026926
7.0,1.0,0.0,0.9590712682615066,2.5941492377647855
6.0,1.0,1.0,0.2530306484393705,1.5031965561417469
5.0,1.0,0.0,0.7002348492718208,1.061745187537494
2.0,1.0,0.0,0.8195440672703922,1.2486243305312241
3.0,1.0,0.0,0.5454096819605034,0.8683276470028344
3.0,1.0,1.0,0.4851676782319895,1.138472879490261
4.0,1.0,1.0,0.6730093179649165,1.6596473540698067
6.0,1.0,0.0,1.8245017022127084,1.6733436553050387
7.0,1.0,0.0,-0.47850355630948443,3.5026203327698875
13.0,1.0,0.0,0.32422962466358163,5.307892990592782
8.0,1.0,0.0,-0.22443198304222722,2.967560981874523
0.0,1.0,1.0,-0.12392251651714133,1.5759783945043677
0.0,1.0,1.0,0.15404311767578116,-0.11658502547897553
5.0,1.0,1.0,0.27048316336846057,2.2951713588573748
2.0,1.0,0.0,-0.2785178194353518,0.7873247433827832
2.0,1.0,0.0,0.8737475377308517,-0.46584518862307034
4.0,1.0,0.0,0.09370755497137429,1.0812156305248402
4.0,1.0,1.0,0.7316985094125967,2.3604773066502736
6.0,1.0,1.0,1.1260131924369605,0.8681020004602351
3.0,1.0,0.0,0.30996424647814713,1.5132385977500633
3.0,1.0,0.0,-0.1909611338839075,0.902929684129463
8.0,1.0,1.0,1.3254362917073585,1.8684604706423673
8.0,1.0,1.0,-0.08023052179362726,3.8991342360656382
9.0,1.0,1.0,-0.04150847730116451,2.0866144383076595
8.0,1.0,0.0,0.687299471442109,2.833315255559971
7.0,1.0,0.0,0.22561586929239005,2.0491793918963714
3.0,1.0,0.0,-0.015569615971854134,0.4558057177708972
5.0,1.0,0.0,1.4726467322735644,0.8768624553482607
7.0,1.0,0.0,0.7226009864975012,1.948002635794969
16.0,1.0,1.0,1.5675986312229822,3.206994249404114
1.0,1.0,0.0,-0.9844969025363212,0.14471893666947566
5.0,1.0,1.0,-0.5095605448885923,1.7191127028778541
1.0,1.0,0.0,-0.28353319595617743,1.0773664182913585
13.0,1.0,1.0,0.6633704190472097,3.0698719820591336
7.0,1.0,1.0,0.045659463710077924,3.3144665216187126
0.0,1.0,1.0,-0.5772333902148075,2.1034427244702143
3.0,1.0,0.0,0.011983116960037787,2.875531253864289
0.0,1.0,1.0,-1.4188620743946698,-1.7575628704971327
3.0,1.0,1.0,-1.0812220462478288,1.2023376304028188
12.0,1.0,0.0,0.04257158475884669,3.6303874593913035
7.0,1.0,1.0,0.29375901253542996,3.164175322394379
5.0,1.0,1.0,-0.19250452083321348,2.182764287945465
9.0,1.0,1.0,-0.30681243805691105,2.2669559008307147
7.0,1.0,1.0,0.15105832663446095,3.0336197705500565
6.0,1.0,0.0,0.21121855412684598,2.8851849084456993
0.0,1.0,1.0,-0.10211792566672638,-0.006152781313808031
3.0,1.0,0.0,-0.6069180701529201,0.9379653653444018
4.0,1.0,1.0,0.04203068264514219,2.331620896386755
12.0,1.0,1.0,0.7344075800169441,3.478293997208034
2.0,1.0,1.0,0.023928131335451686,0.9933072650380137
5.0,1.0,0.0,0.5535289541225202,3.625769179286846
10.0,1.0,1.0,0.5839027504042177,1.9019842816869081
4.0,1.0,1.0,0.4149458776085233,2.1481165224536554
4.0,1.0,1.0,-1.3839580858520604,3.3852023522275236
5.0,1.0,0.0,0.6052763260541546,1.3996067817798086
2.0,1.0,0.0,-1.0049671900934356,2.0188703959526033
3.0,1.0,1.0,0.39947655575730956,1.8314429884346897
4.0,1.0,1.0,0.286457961554913,2.4839520670576327
8.0,1.0,0.0,-0.4121471443841637,4.648148160918109
2.0,1.0,0.0,-0.6534126623364427,1.9123757826667074
7.0,1.0,1.0,0.6795479762636852,2.988450053358381
7.0,1.0,0.0,0.123000618483314,3.0039738692677247
12.0,1.0,0.0,1.1372355697662129,3.1227782903372434
7.0,1.0,1.0,1.3582117437152048,1.319598652959219
2.0,1.0,0.0,1.906389473056349,0.24566811709957603
8.0,1.0,1.0,-0.43254592776038453,5.030361590077371
5.0,1.0,1.0,-0.1333608734915728,2.5683191230757405
7.0,1.0,1.0,0.818421092349021,1.9219556882957274
0.0,1.0,1.0,-0.9691527030060775,2.139847513071573
7.0,1.0,1.0,-0.3860207555549053,2.546580023371254
20.0,1.0,1.0,0.5063196816402447,5.41934509800932
0.0,1.0,1.0,-1.0988105613013421,-0.49949182147283677
3.0,1.0,1.0,-0.29966946802036776,-0.24693089883438457
3.0,1.0,1.0,-0.608918353412372,3.908047837443239
3.0,1.0,0.0,-0.4315463381814256,2.455296510823187
9.0,1.0,1.0,0.7280835025909765,2.7062470536865577
1.0,1.0,1.0,-0.6738365414874263,0.4383031608369008
2.0,1.0,1.0,-1.0034065253027171,1.7347824202939843
1.0,1.0,0.0,-1.2622759640855126,1.984083386751027
9.0,1.0,1.0,0.05226293140923016,2.919243841997684
8.0,1.0,1.0,0.3970496509894804,2.035055499493142
6.0,1.0,0.0,0.0061199270299602615,1.7958130845844942
10.0,1.0,0.0,-0.5926995039216397,4.245933991772002
1.0,1.0,0.0,-0.7094312352343755,-0.09590878349373311
10.0,1.0,1.0,0.433402290065001,3.375167205256459
2.0,1.0,1.0,-0.46370377387331124,1.3831466114152218
8.0,1.0,1.0,0.1474974828304998,3.8515749625784363
3.0,1.0,0.0,0.6897895187649425,1.6565461592179918
5.0,1.0,0.0,-1.66326933390724,2.827613142755555
9.0,1.0,1.0,-0.16306969711544902,3.6024873743783945
4.0,1.0,0.0,0.5863423850904672,1.73595959493717
2.0,1.0,0.0,-1.6889840585858305,1.6329811460267112
6.0,1.0,1.0,-0.9596909044639284,4.970498143279102
8.0,1.0,0.0,0.660560411531626,3.3653945153055997
6.0,1.0,1.0,-0.290094314796907,3.2359323933434174
6.0,1.0,1.0,0.46294723142349953,1.3904122441459936
6.0,1.0,1.0,1.0148408125983837,2.422636862443683
2.0,1.0,1.0,-0.305274894959516,1.5608020117371777
7.0,1.0,1.0,0.06299183781406353,3.221740447796998
5.0,1.0,1.0,-1.2295056216280895,1.1211018695399395
1.0,1.0,1.0,-0.6672208747207908,0.5981635162360428
6.0,1.0,0.0,0.7232187535851083,3.567936106022244
1.0,1.0,1.0,-0.5265658836219983,0.25545994258717664
0.0,1.0,1.0,0.47198690519007025,0.12643629479394214
1.0,1.0,1.0,-1.325583799213635,1.2129397829524908
0.0,1.0,0.0,-0.8138783145646039,0.6117645620377468
2.0,1.0,0.0,-1.4552180867006959,2.21090006840349
5.0,1.0,0.0,-0.2349209223692006,4.231124492923792
15.0,1.0,0.0,1.1681413264015483,4.475171169315988
1.0,1.0,0.0,0.3764284661142493,2.3693091226402596
14.0,1.0,1.0,0.3369785412432766,3.8336367403838665
3.0,1.0,0.0,-0.029696969862677447,1.6063804954385539
1.0,1.0,0.0,-0.7134907281583164,0.9999655529369877
10.0,1.0,1.0,1.715382899562944,1.9384767245104861
5.0,1.0,1.0,0.03432660174977342,2.154135294472648
7.0,1.0,1.0,-0.11450516686936593,1.5935503531672721
3.0,1.0,1.0,-0.2731493999807129,2.0058690726874167
5.0,1.0,1.0,-0.575442216076022,2.7821203496304365
1.0,1.0,0.0,-0.29029463601348393,1.2694928170373656
4.0,1.0,1.0,-0.2857177400351861,2.7235362192038473
8.0,1.0,1.0,0.4700778818655181,1.956746560636412
11.0,1.0,1.0,0.5516197106793443,4.187134338921833
2.0,1.0,1.0,-1.207129670712175,3.6592452328560823
5.0,1.0,1.0,0.7405765292965518,3.5530123859174667
20.0,1.0,1.0,1.6047527938837278,3.0714857549670977
3.0,1.0,0.0,0.019152561870747986,1.4039650528122862
5.0,1.0,0.0,0.6985320949146634,1.36951726606971
3.0,1.0,1.0,-0.4995341789978638,1.6779324931465085
4.0,1.0,1.0,-0.5388200600167786,2.6696222606713027
2.0,1.0,0.0,-0.1843774017588657,1.9178696186898723
2.0,1.0,1.0,0.8635301972671344,0.4905745101244052
5.0,1.0,0.0,-0.35604279903404334,3.150547712023082
6.0,1.0,1.0,-0.3748079938660638,3.4363132782516477
4.0,1.0,0.0,-0.5259987647066178,2.3821913678379554
6.0,1.0,0.0,0.8465469768037028,3.4813044221521428
7.0,1.0,0.0,1.787669550685255,1.5579377539328199
1.0,1.0,0.0,0.26649458514455165,0.7223581117480624
5.0,1.0,1.0,0.9768861734944287,2.4106159032311623
15.0,1.0,1.0,1.9026757624840267,2.981400875314563
7.0,1.0,0.0,0.10694188619889326,2.297412980742488
9.0,1.0,1.0,0.32002208264965915,3.196205294291424
20.0,1.0,1.0,2.280127160259847,2.928734756705824
2.0,1.0,1.0,0.1799167489219975,1.5600238872598104
15.0,1.0,1.0,1.6693774355082496,2.314227869433277
2.0,1.0,1.0,-0.3322820105160583,0.6787725400759659
4.0,1.0,0.0,0.8033000945105445,0.7789577790507016
0.0,1.0,1.0,-0.5025947769511633,0.8934596018783718
10.0,1.0,0.0,0.6704979959360564,4.061976653911712
3.0,1.0,0.0,-0.5149023302978428,1.6898138934893856
4.0,1.0,0.0,0.7121515191135114,2.0578945946701364
1.0,1.0,0.0,0.4605797516705147,1.1131094594203805
14.0,1.0,1.0,0.8135618363470162,3.3490117355701647
5.0,1.0,0.0,0.6601608992740546,2.497203247288868
1.0,1.0,0.0,-0.1210861746452861,1.6455534036932413
7.0,1.0,1.0,0.4140895408232518,0.46811647640402176
1.0,1.0,0.0,-0.24072506121231174,1.3767310868673428
5.0,1.0,1.0,0.7657717732231355,1.7858972012006529
5.0,1.0,0.0,0.4708753429889401,1.9050703307297532
5.0,1.0,1.0,0.7107130081296789,2.435053486896402
3.0,1.0,0.0,-1.5375646104280671,3.0139345540691007
4.0,1.0,0.0,-1.2108327034412842,2.7261228470263212
1.0,1.0,0.0,0.9342751267614686,1.4418096145936434
1.0,1.0,0.0,-0.597648906838586,-0.023317374506239386
14.0,1.0,1.0,-0.7639672660767344,4.490658388242621
1.0,1.0,0.0,-1.1567348404227267,0.7431669549455123
2.0,1.0,0.0,-0.6139503073090433,1.2958807551962301
0.0,1.0,0.0,-0.22020613194850852,0.015305770819740383
10.0,1.0,0.0,-0.53478069645174,4.23963529494477
0.0,1.0,1.0,-0.5455104468344218,1.804177246894206
4.0,1.0,1.0,-0.7753077068522232,2.4504007005719415
7.0,1.0,1.0,1.6594881731639441,1.3919926623052303
7.0,1.0,1.0,0.7731609772830891,2.9034337442887583
4.0,1.0,1.0,-1.8117124361412023,4.147286773625051
19.0,1.0,0.0,0.8195488517000606,5.449918569924325
8.0,1.0,1.0,1.7157210265433813,1.9808729015090467
1.0,1.0,0.0,-0.0807181692575813,2.1776448320829678
3.0,1.0,1.0,0.15845969364508172,1.0871639233222066
10.0,1.0,0.0,0.14833469672225458,3.9955637481469264
2.0,1.0,0.0,0.5585786505702734,0.49841170604171814
4.0,1.0,0.0,0.46870669640066087,2.0363916589057087
4.0,1.0,1.0,-0.4471935199142994,3.2369980581358213
6.0,1.0,1.0,0.15399961947492385,2.2841555220850824
1.0,1.0,0.0,-0.9707207234017771,1.9998942906263264
9.0,1.0,1.0,0.4408357728413968,3.4460898669373403
1.0,1.0,1.0,-0.23537391739720379,2.772013921510275
10.0,1.0,0.0,1.8487615193482425,3.1674938428253405
9.0,1.0,1.0,-0.9916371820804986,4.754937930750976
3.0,1.0,1.0,-0.11230480875713805,0.0814321411835015
3.0,1.0,1.0,0.24250394565204114,1.4019409431746532
1.0,1.0,0.0,-1.2287268437228973,1.8107158040532882
9.0,1.0,1.0,-0.02956854084702859,4.407189955237711
0.0,1.0,0.0,-1.0674103699286994,1.1043637608637649
3.0,1.0,0.0,-0.314334945766724,1.6624996775351675
7.0,1.0,1.0,-0.2503696781704339,1.2886793074622775
4.0,1.0,0.0,-1.1322505122973867,3.0156597811684946
6.0,1.0,1.0,1.4207339985925471,1.6206145861004781
2.0,1.0,1.0,-0.12074519177014864,0.012545801293109005
9.0,1.0,1.0,0.43769187275071386,2.890237184654394
4.0,1.0,1.0,-0.3158641336378383,1.9664825878859695
3.0,1.0,1.0,0.15115227750022805,1.013718981742929
2.0,1.0,1.0,0.02933015756859747,1.7893424870983377
6.0,1.0,0.0,0.5903972020647286,2.2055434961208187
3.0,1.0,1.0,0.46903607426398297,1.6381560558475732
6.0,1.0,0.0,0.377698524776312,0.28749729918675393
1.0,1.0,0.0,0.010621068262030353,0.26090182452257116
3.0,1.0,1.0,0.38816105168999604,1.1560133725020156
4.0,1.0,0.0,-0.18542107510293793,2.0953892433466557
7.0,1.0,1.0,0.8174020843207177,2.0249167204546
0.0,1.0,0.0,-0.4495542655906437,0.011323196235819122
1.0,1.0,1.0,-1.764421793897544,2.0341922092722875
4.0,1.0,0.0,-0.7851642940894737,-0.49606503110046773
4.0,1.0,1.0,0.6951606322228094,1.684943177965768
1.0,1.0,0.0,0.20921641788623957,-0.8221651747734209
3.0,1.0,0.0,0.9930122620925238,2.6476910872338033
2.0,1.0,0.0,-1.330290814879064,2.2972893057001875
3.0,1.0,0.0,0.21211922166524885,3.09720708417115
5.0,1.0,0.0,0.7964075950644821,2.4246930268213807
3.0,1.0,1.0,-0.9850172681370502,1.8986052936993332
1.0,1.0,0.0,-0.22015403632081343,2.047901495801231
4.0,1.0,0.0,-0.9651798932416416,3.0333724694178352
6.0,1.0,0.0,0.4492797952763571,3.2075727204326014
5.0,1.0,1.0,-0.889039951998219,2.3042964820702245
0.0,1.0,1.0,-2.7211163793588242,0.8935889234642986
3.0,1.0,0.0,0.4057573456520965,0.04535725892060505
1.0,1.0,0.0,-1.6745289277228927,3.337404541809662
2.0,1.0,0.0,-0.4627765710591669,1.8673985498221437
2.0,1.0,1.0,0.012469814934596368,0.4807295481244864
10.0,1.0,1.0,0.7857439806973376,3.1158828717918676
2.0,1.0,0.0,1.1122930575242762,1.408402932499456
8.0,1.0,1.0,0.36472477776893975,1.602256282945406
7.0,1.0,1.0,0.8210919852124181,1.8937066920058607
2.0,1.0,0.0,-1.2512139346752598,-0.4637750071660045
3.0,1.0,1.0,-0.6081592557946212,1.031932780549037
0.0,1.0,0.0,-0.3869891918639442,1.2343482951148115
3.0,1.0,1.0,1.226201164021132,0.53903074029033
11.0,1.0,0.0,0.16965483090826275,3.5097002569213753
3.0,1.0,0.0,0.8197593438289217,1.529425277059981
2.0,1.0,0.0,-0.5600037483606654,1.6183654794383469
2.0,1.0,0.0,-0.2859543621486292,0.9979421954046312
3.0,1.0,0.0,0.8174954765415741,2.9903760363144922
7.0,1.0,0.0,1.6501540950660651,2.513558428719386
3.0,1.0,0.0,-0.10822637660234788,2.0658294576586025
13.0,1.0,0.0,2.2559323364651926,0.9424730329438606
5.0,1.0,0.0,-0.48448951429516585,1.096989484678923
14.0,1.0,1.0,0.8978271924273609,4.279376241696894
4.0,1.0,0.0,-0.7030776786222708,2.0123145967817204
1.0,1.0,0.0,-0.46411976017663953,1.419994529940693
4.0,1.0,1.0,-0.014024113454964376,2.084190396638269
3.0,1.0,0.0,0.37269593814308877,2.3905226316328525
13.0,1.0,1.0,0.8590127458387353,3.1590453741292075
4.0,1.0,0.0,-0.12624526169847278,1.236117342476888
4.0,1.0,0.0,-0.1709274487728949,1.7543993057389757
2.0,1.0,1.0,0.35952448488477207,1.4129365814345207
7.0,1.0,0.0,0.4694098322952769,3.350239282197037
2.0,1.0,0.0,0.23755080353371952,1.5468579112783494
5.0,1.0,1.0,-0.0642465805883999,3.176736368262156
5.0,1.0,0.0,0.27017658706550685,3.7796709354651443
5.0,1.0,0.0,-0.6644319730522866,2.7775777666363357
9.0,1.0,1.0,1.405119488830374,2.4411713057195916
6.0,1.0,1.0,-0.7649998024314449,2.991797400820328
3.0,1.0,1.0,0.1453041564869661,1.9831905792133948
8.0,1.0,1.0,1.1501159609877432,1.1049012450768152
12.0,1.0,1.0,0.4184736288479122,2.9990569049690534
3.0,1.0,0.0,0.33857638475746216,2.8748514314427513
12.0,1.0,1.0,-0.6225310962263733,4.597173629782089
3.0,1.0,0.0,-0.7481812558726642,1.9512754987568037
3.0,1.0,0.0,-0.24914746363103085,0.725696576850711
2.0,1.0,0.0,0.6198367239137488,1.7970851546443907
4.0,1.0,0.0,0.50062464293219,1.7392675474058152
3.0,1.0,0.0,0.9024687737059947,-0.7818790509678326
3.0,1.0,0.0,0.3629714816773969,-0.15504266509318732
9.0,1.0,1.0,0.912166298626936,3.628918667883392
3.0,1.0,0.0,-0.7542525000126745,5.438539944869113
8.0,1.0,1.0,1.0111333231546222,1.538588640293646
4.0,1.0,0.0,0.05215563595071929,1.6479938222861534
5.0,1.0,0.0,-0.11710639665869224,2.8135985734402076
11.0,1.0,1.0,0.9641617428978964,4.5759715541940835
2.0,1.0,0.0,0.1576174866970515,2.087252816090455
7.0,1.0,1.0,1.312015567588844,3.3031885986588607
16.0,1.0,1.0,2.385367115984871,3.663131380272909
3.0,1.0,0.0,0.20259827711773468,0.16359198705394862
3.0,1.0,1.0,-1.303129205564359,0.824454344763926
7.0,1.0,1.0,-0.13954022770259875,2.320057842609277
2.0,1.0,0.0,-0.18572304220358823,2.9894907261505983
3.0,1.0,1.0,0.03109585060596501,0.496304666506608
5.0,1.0,1.0,-1.0986611796272916,0.5792024002159888
10.0,1.0,1.0,1.0929467030469888,2.962505145546935
0.0,1.0,0.0,-0.9593307313703971,0.07897349187604608
2.0,1.0,0.0,-0.3551635863089634,2.9314219119716904
8.0,1.0,1.0,1.002858272283561,3.8667896140071822
5.0,1.0,0.0,0.5548261073259104,1.9786514585231962
4.0,1.0,0.0,0.6533067426120192,2.2556804687598033
10.0,1.0,0.0,0.2693145702318517,3.5552819687719026
9.0,1.0,1.0,0.33493972593446236,1.7983599740727099
7.0,1.0,1.0,-0.7048804061375886,4.444416983266548
6.0,1.0,0.0,0.6838543916502249,1.0694018427308962
1.0,1.0,1.0,0.5753450355371602,0.0005469798795738612
6.0,1.0,1.0,-0.2709946044894834,1.5100874421991173
4.0,1.0,0.0,-0.4147720843408349,2.3710900345722496
3.0,1.0,0.0,0.6700670450916715,0.5219724109970751
7.0,1.0,1.0,0.8488412771276523,0.9673260947436846
1.0,1.0,1.0,-0.12120119085417116,0.12602497970159043
3.0,1.0,1.0,-2.3247824310768697,3.713849311768766
3.0,1.0,0.0,-0.1942305333568291,2.4054320877831685
6.0,1.0,1.0,0.34173301636057923,1.2925065892445002
2.0,1.0,0.0,-1.5240056467285987,3.166147209450539
2.0,1.0,0.0,-1.136938636835489,2.759173074347726
0.0,1.0,0.0,-2.654766240943242,-0.44100252881458446
7.0,1.0,0.0,0.27070364162019717,2.2427970001809103
4.0,1.0,1.0,-0.07607241176022046,1.3868566357163954
1.0,1.0,0.0,-1.3893874116082576,0.9488049039754181
9.0,1.0,1.0,0.1281875793887104,2.6842458872572736
9.0,1.0,1.0,-0.791927871218872,4.639597507000827
4.0,1.0,0.0,0.3952451887246452,2.8467996232929713
0.0,1.0,1.0,-0.39878902584428877,0.7256658236062765
3.0,1.0,0.0,-0.10145720652763118,2.1588964809442484
3.0,1.0,0.0,-0.9670141312948446,3.357948321164171
2.0,1.0,0.0,0.3259690918152018,0.6493480096607864
2.0,1.0,0.0,-0.6528175141658847,2.7021936698983833
5.0,1.0,0.0,-0.18450022910675612,3.876838119307582
2.0,1.0,0.0,-1.2091106057062597,0.3873123906711926
1.0,1.0,0.0,-0.30425696170360256,-0.17158527807488122
0.0,1.0,0.0,-0.8456812553520844,0.8158401495200458
2.0,1.0,0.0,-0.31026217181535887,3.194897946917189
3.0,1.0,0.0,-1.4826237966077718,2.126316332646634
9.0,1.0,1.0,-0.199767902563133,3.600456849430602
2.0,1.0,0.0,-1.1901185856137326,1.9802234797918503
2.0,1.0,0.0,-1.6545939318162135,3.499312008208583
9.0,1.0,1.0,1.0712179482357325,2.8549093175423055
4.0,1.0,1.0,-0.14490266559456072,1.703899334506808
3.0,1.0,0.0,-0.4137949943319338,1.5308290440778693
2.0,1.0,0.0,0.010500271594075933,1.2669266002830595
2.0,1.0,0.0,-0.7577704500404601,1.9732483948263972
3.0,1.0,0.0,0.6910990157022737,2.2041164184330797
16.0,1.0,1.0,1.1424713040557268,3.7184163141468414
12.0,1.0,1.0,-0.5409567285935586,4.869598593281778
15.0,1.0,1.0,1.3536651904491657,2.8024091525594015
8.0,1.0,1.0,1.5981315342048794,1.9656121137691493
0.0,1.0,0.0,-1.9647914983943675,1.3297414535664047
4.0,1.0,1.0,-0.40353813078239564,2.458492938516855
2.0,1.0,0.0,0.13001441671013145,1.7072067543806952
10.0,1.0,1.0,1.3217634211915559,1.9067474541989418
0.0,1.0,0.0,-1.4175992480502009,0.4898042096266102
1.0,1.0,0.0,0.11386633520837898,1.3585245606662941
5.0,1.0,1.0,-0.06027946342696744,3.491616615093237
11.0,1.0,1.0,-0.5079161138993434,4.095487207002714
5.0,1.0,0.0,1.0485555504289783,1.3497691102907852
13.0,1.0,1.0,1.376814419436338,2.7359660142000233
0.0,1.0,0.0,-0.28583054572151356,0.8236219498362207
3.0,1.0,1.0,-0.7379250903622934,2.475822966900484
0.0,1.0,1.0,-0.9521366805651699,0.8683085087593387
4.0,1.0,1.0,-0.708373919160426,1.6977161350336696
2.0,1.0,0.0,0.09544465992988876,1.486447271617809
6.0,1.0,1.0,-0.4674238759595161,4.162657233787051
1.0,1.0,0.0,-0.3807796868122414,1.5229887610591286
6.0,1.0,1.0,0.18749941102172757,2.272456711281337
5.0,1.0,0.0,0.2903785215682257,2.8118086005303704
19.0,1.0,1.0,2.4893645053584583,2.9194676273487934
7.0,1.0,0.0,0.2815023353769447,3.2981478347371525
11.0,1.0,1.0,1.2210422207452507,2.8972862437189737
2.0,1.0,1.0,0.2675537724886887,1.6961778212811758
2.0,1.0,0.0,-1.800506510162436,1.1737992585491224
3.0,1.0,0.0,-1.0302761778395315,2.675829605714478
1.0,1.0,0.0,-1.3751747132400027,2.2089148039815947
0.0,1.0,0.0,-1.935826827845245,0.8288017349737717
0.0,1.0,0.0,-1.311085227679532,1.0653176559112252
1.0,1.0,0.0,-0.4349801050291655,3.526410829897806
2.0,1.0,0.0,-0.1135908360427097,1.4924244468303824
6.0,1.0,0.0,0.24582241398716487,1.577443066425866
4.0,1.0,0.0,0.922216025041891,2.22494530660091
4.0,1.0,1.0,-0.5749428117245957,0.19749354374833783
3.0,1.0,1.0,0.27224891374321014,0.6815630435249624
11.0,1.0,1.0,1.1446851612081128,2.7573891952209078
9.0,1.0,1.0,1.0726279189693655,2.524057784874206
1.0,1.0,1.0,0.0016486587619004567,2.478721625994133
1.0,1.0,1.0,-1.0527112352159014,1.847538531977608
8.0,1.0,1.0,0.9820897544079512,1.9644135885349419
4.0,1.0,1.0,-0.006416709104427265,2.6026980911313835
1.0,1.0,0.0,-1.0493469899742858,1.087735076332537
4.0,1.0,0.0,-0.5311212723127113,3.3862294232707937
6.0,1.0,0.0,0.2472564986426243,2.5420390353352156
11.0,1.0,0.0,0.8057533597647708,4.04873665637925
2.0,1.0,0.0,0.24873419937630964,0.9010827104240283
1.0,1.0,1.0,-0.9566280045801308,1.8530066539753125
1.0,1.0,0.0,-0.24801881040279522,0.22299735947719967
1.0,1.0,0.0,0.1641992238880306,2.4740123841493995
4.0,1.0,0.0,0.25588501298417615,3.4311280329510927
6.0,1.0,1.0,0.6416022255513496,1.364163423191033
2.0,1.0,0.0,-2.1899238074580025,1.4747286442084646
13.0,1.0,1.0,0.8886423052976169,3.7374506815411603
1.0,1.0,0.0,-1.3142564695819778,1.9562050099950852
0.0,1.0,0.0,-0.5124048483805461,2.4122530852914728
8.0,1.0,0.0,-0.5483090082642621,3.54533449036776
2.0,1.0,1.0,0.09655435196727413,1.2459426444084385
2.0,1.0,0.0,-0.010651074120362675,0.7188191006083449
1.0,1.0,1.0,-1.7354703692314644,3.0507776094928625
1.0,1.0,1.0,-2.310819640224995,2.8759047197150682
3.0,1.0,1.0,-0.39073757047294805,2.7813861236334794
3.0,1.0,0.0,-1.121545710149196,1.41223791076668
6.0,1.0,1.0,-0.7829549551761994,2.528974745239372
1.0,1.0,0.0,-0.4250377742109725,0.5240339316484552
5.0,1.0,0.0,0.04454880582050233,3.514962011713853
1.0,1.0,1.0,-0.007221724546078445,1.2781356772320767
9.0,1.0,1.0,-0.045438665347346946,2.7721315994531963
3.0,1.0,0.0,-0.6607209868091438,1.2971776878448407
21.0,1.0,0.0,0.17299899021685058,6.724844436257105
0.0,1.0,0.0,-2.4685669596917306,0.09340282879371031
6.0,1.0,1.0,-0.06251909340080733,2.4474506304981802
3.0,1.0,0.0,0.2049304703485816,2.41856229171895
6.0,1.0,1.0,0.8145871836650479,2.2794436805133573
2.0,1.0,1.0,-1.4521909888451718,2.401888475946242
20.0,1.0,1.0,0.04191367370244481,4.963283537648955
7.0,1.0,0.0,0.6761463145961033,3.1166228230261765
1.0,1.0,0.0,0.057024522593685095,0.19551012251269184
4.0,1.0,0.0,1.1364287801020736,1.098393104385622
4.0,1.0,0.0,0.46185247105463334,2.1165358643642085
1.0,1.0,0.0,0.5341108422168339,-0.5118943044341864
4.0,1.0,1.0,-0.5822353739120019,2.906575937953659
4.0,1.0,1.0,0.32102351670376295,2.6401315954498648
10.0,1.0,1.0,0.13040380857700062,3.313027350537299
0.0,1.0,0.0,-0.1669782160327616,0.4138411227939187
1.0,1.0,0.0,-1.0787452293718283,1.603759462892385
5.0,1.0,1.0,-0.0806488300109035,1.6909665825658404
3.0,1.0,1.0,-0.7298693445087211,1.9225886829687433
3.0,1.0,1.0,-0.34766357582065943,3.349850056302591
14.0,1.0,0.0,0.03960327588393306,4.0750287587219365
3.0,1.0,1.0,0.016136852977470174,1.0474852811976378
4.0,1.0,0.0,-0.33452008675912126,1.9619032359178512
3.0,1.0,1.0,0.37754912572883526,0.8538414739821494
2.0,1.0,1.0,-1.7622973904560562,0.32799212763646324
4.0,1.0,1.0,0.3931952975758035,1.8263490964025928
8.0,1.0,0.0,0.43058225492288166,2.674323313223259
7.0,1.0,1.0,1.5558826995231105,0.932001761679942
12.0,1.0,1.0,0.24709344618658274,4.238337898865382
7.0,1.0,0.0,1.4252451334489693,1.5723650560139348
6.0,1.0,1.0,0.19539618593253127,4.165208199348811
2.0,1.0,0.0,0.22534665238017476,0.8303115114693568
1.0,1.0,1.0,-0.7971132565423754,2.887192783064586
1.0,1.0,0.0,-0.8651626433213411,0.15433775473601763
10.0,1.0,0.0,0.5885031082835617,4.232934977464644
3.0,1.0,1.0,0.30220034397594997,0.6685671384064982
1.0,1.0,1.0,-0.8768645996420271,1.6963999195359833
10.0,1.0,0.0,0.20118791362268032,3.519757674588116
2.0,1.0,0.0,-1.0811148179272183,0.6947629014272547
1.0,1.0,0.0,-0.043055250642920734,-0.903210935550222
3.0,1.0,0.0,-0.6414834733470124,0.3265687474676815
4.0,1.0,0.0,0.5501857913445309,1.3109259790838865
1.0,1.0,0.0,-0.05050559482804546,-0.431448368823087
2.0,1.0,1.0,-0.9434543856515263,0.1350743168564026
8.0,1.0,0.0,0.09818380508602226,4.1325407490052735
2.0,1.0,1.0,-1.3174263370585721,2.6365099634120055
7.0,1.0,0.0,0.31294237998714713,2.598914300069386
0.0,1.0,1.0,-1.1986603140873089,0.3221156736724804
3.0,1.0,1.0,-1.3562289720178113,2.9604679548401203
2.0,1.0,1.0,-0.558960064240343,1.8167765346316231
3.0,1.0,0.0,-1.0026753746589705,2.1952387250052188
2.0,1.0,1.0,-1.2237723062576569,1.1897058856168492
4.0,1.0,0.0,-0.12659906400152907,2.170371875229487
1.0,1.0,0.0,0.32859915753314184,0.9723349575753268
2.0,1.0,1.0,-0.18598976898294306,0.4701632039283641
2.0,1.0,1.0,-1.2650214173122274,1.8071674034332472
3.0,1.0,1.0,-1.811861168753924,2.145318417364872
3.0,1.0,1.0,-1.1857296777572213,2.3003059689542487
6.0,1.0,0.0,0.6956229272170702,3.819362618868167
8.0,1.0,1.0,0.9354377631203215,0.6355135800239216
10.0,1.0,1.0,1.1415472426536144,3.25062088978916
4.0,1.0,0.0,-0.9743624859206931,2.2918992727083287
4.0,1.0,0.0,-0.6427705990558027,2.4992629982973096
6.0,1.0,1.0,-0.04729742157207262,1.3138690774321111
7.0,1.0,1.0,1.261857583116278,3.290833751419236
5.0,1.0,1.0,0.2807322045419172,0.35142280355877853
4.0,1.0,0.0,0.1359145994560113,1.71559675134408
1.0,1.0,1.0,-0.4677728729005397,3.08145541284556
2.0,1.0,0.0,-0.0008515183708532881,1.5783075402953772
4.0,1.0,1.0,-0.10172732850244715,3.072676433733203
1.0,1.0,0.0,-1.069349545262566,-0.08356796121489629
3.0,1.0,0.0,-0.524879123495557,2.084966862744512
3.0,1.0,1.0,-0.7307703583342432,1.5171088596344513
12.0,1.0,1.0,0.4907246913802845,4.055062059117813
3.0,1.0,0.0,0.12190407149712151,2.3716996345532513
6.0,1.0,0.0,-0.7299613970941972,3.007717639582427
7.0,1.0,1.0,-0.5739024004393654,4.094356068852861
2.0,1.0,1.0,-0.4394301243034301,1.5452766176510275
10.0,1.0,1.0,0.7018336773747613,2.083868050004109
1.0,1.0,0.0,-0.10630266526225506,0.9866711785033682
0.0,1.0,0.0,-1.33924948199038,1.4234097654987719
4.0,1.0,0.0,-0.1904460593067976,2.4161065712254586
7.0,1.0,0.0,0.06782254159249379,3.6805362137022977
0.0,1.0,1.0,-0.40535279513547956,1.6537343763880172
3.0,1.0,0.0,0.37659634653996965,2.475353635114484
1.0,1.0,0.0,0.8083485471405816,2.320578394319
4.0,1.0,1.0,-1.1925297793317187,2.5194593589046717
10.0,1.0,1.0,0.3777542992401203,1.9465706008210062
4.0,1.0,0.0,0.291423982204811,2.351420902899605
3.0,1.0,0.0,-0.7328103259315185,1.9236758203110722
3.0,1.0,0.0,-1.146271063929402,2.424628812443701
4.0,1.0,0.0,-0.4284296215070862,-0.043194719576741036
6.0,1.0,0.0,1.5245518647192604,1.790496257171432
0.0,1.0,1.0,-0.12094391833271653,1.6823647256167336
4.0,1.0,1.0,0.09162571200943476,2.2097158440005455
2.0,1.0,0.0,0.17290625277988347,0.0775634501234248
5.0,1.0,1.0,0.6143095585937989,2.6202045194321797
6.0,1.0,0.0,1.323492806207515,2.2622605555728406
4.0,1.0,0.0,0.7578658871717379,0.7937973894762194
6.0,1.0,1.0,0.5306510145766705,1.2481486929456473
8.0,1.0,1.0,0.9328498795292631,2.8632559577509262
6.0,1.0,1.0,0.5797659357101255,2.3611552828211035
4.0,1.0,0.0,-0.23597200629343074,1.2373267912644588
4.0,1.0,0.0,-1.3443988915041452,4.023757377659015
1.0,1.0,1.0,-0.7586457093002165,1.7125786136001162
1.0,1.0,0.0,-0.5668359458680543,-1.1690462733620215
12.0,1.0,1.0,0.2706170624067229,3.614347517685455
3.0,1.0,1.0,0.7925331742838709,1.2210186842390054
5.0,1.0,0.0,1.5259654868752401,1.343391667718881
2.0,1.0,1.0,-0.801886748074702,2.9424335665676775
5.0,1.0,1.0,-0.5108501539833707,2.8316575067196403
0.0,1.0,0.0,-1.3772054414861397,0.42858273150471415
4.0,1.0,1.0,0.23624379698353104,1.1610670388484485
2.0,1.0,0.0,-1.2381866921098805,2.890251280723736
1.0,1.0,1.0,-0.11541032913610394,2.0199532567175735
0.0,1.0,0.0,-0.764104524132968,0.008498814146475908
1.0,1.0,0.0,-1.111150827199463,1.5665221003019496
4.0,1.0,1.0,0.45974189872731913,3.9121687047949374
0.0,1.0,0.0,-0.8237938036972408,2.8208534902718294
3.0,1.0,1.0,0.6727668948461883,0.6130007321652655
0.0,1.0,0.0,-0.565243571647905,1.058703666636254
4.0,1.0,0.0,-0.23940739588603607,2.8008800091503963
3.0,1.0,1.0,0.5595485258395652,0.6573849309948376
3.0,1.0,1.0,0.10460070527139174,0.9762829234979684
5.0,1.0,0.0,0.4239550090104294,0.4002408460380136
1.0,1.0,1.0,-1.3324082025730846,-0.4556490802856705
18.0,1.0,1.0,0.8944548138058088,4.0558027561079175
1.0,1.0,0.0,-1.6739725900686384,1.5936880962984346
9.0,1.0,0.0,0.5696501321327161,3.113028604706083
4.0,1.0,0.0,-0.3351912490769816,3.6369928732335373
6.0,1.0,1.0,1.3975633341074623,1.9079719682677954
1.0,1.0,0.0,-0.5866771437228879,0.9084128019116338
2.0,1.0,0.0,-0.6697880360416949,0.8142912500942848
3.0,1.0,1.0,0.166862223145116,2.610003263296884
3.0,1.0,1.0,-0.9145223766466437,2.260250443806108
5.0,1.0,1.0,-0.5098950655934411,2.8013000475353733
5.0,1.0,1.0,0.546710736341786,1.9832863364316444
9.0,1.0,1.0,0.0999177271932643,2.7418814458129126
5.0,1.0,0.0,-0.9318157551231508,4.357958025578843
1.0,1.0,0.0,-0.4068409806370444,3.4355359500921443
3.0,1.0,1.0,0.9823020247684316,1.0576352769071673
1.0,1.0,0.0,0.07898448209141273,0.8951458345182566
4.0,1.0,1.0,-0.6258675507362826,2.9941208928616287
5.0,1.0,0.0,-1.4139350589960284,2.7143914190690888
3.0,1.0,1.0,-0.6518251965662797,1.3365521107503455
2.0,1.0,0.0,-0.22298946349842305,1.7408191525179555
4.0,1.0,0.0,-1.0819404667729913,3.4252844852419377
1.0,1.0,0.0,0.11660071369475725,0.08090293839283125
4.0,1.0,0.0,0.5328580481503314,2.151157997155331
8.0,1.0,1.0,-0.028206608349214388,4.331280795305206
4.0,1.0,0.0,0.21424942802770297,1.2137292897322511
1.0,1.0,0.0,0.10173351412935144,2.5890174470176373
1.0,1.0,0.0,-0.5519523213553579,2.089357327878707
0.0,1.0,0.0,0.44395226826072176,2.331835649528974
12.0,1.0,1.0,0.4248426363661854,3.5510105203878304
2.0,1.0,0.0,-0.21118613603675748,1.5444854156419128
10.0,1.0,1.0,0.3265835314981917,2.164520044531312
3.0,1.0,0.0,0.3526380007793661,2.31912394295822
1.0,1.0,1.0,0.32873182960406033,1.3309205639080197
8.0,1.0,1.0,0.9010732765562782,1.7088700290188963
3.0,1.0,1.0,0.6005041199620684,2.5145068986840005
5.0,1.0,0.0,0.41171501782418435,3.782749004368828
2.0,1.0,0.0,1.5311807071516246,1.2192484622846185
10.0,1.0,0.0,0.019488342360971966,4.50146158206197
7.0,1.0,0.0,0.08472642190446687,2.7580008645179577
1.0,1.0,0.0,-1.6820702445309057,0.006085931197134409
2.0,1.0,0.0,-0.6790155747871288,1.8740313515492255
5.0,1.0,1.0,0.565729938408853,2.38019848672373
9.0,1.0,0.0,1.1228914875692342,2.9845928433493465
7.0,1.0,1.0,0.7554775885758844,1.0285811011448667
4.0,1.0,0.0,-0.3050617732702704,1.1943375523929496
1.0,1.0,0.0,-1.73235340486183,2.380997273105645
8.0,1.0,1.0,0.11605667641323016,2.873304617337524
0.0,1.0,1.0,0.1424672223211322,1.0138607986053476
7.0,1.0,1.0,-0.12856467014693176,3.1878797042952884
4.0,1.0,0.0,-0.07977532274037775,0.7870927804248691
2.0,1.0,0.0,-0.7501819139339595,4.562374940082813
6.0,1.0,1.0,0.388607388185524,2.7676633101904065
5.0,1.0,1.0,-0.17904964072359408,2.81304882608067
4.0,1.0,1.0,6.854850628873477e-06,1.7421803833630238
4.0,1.0,1.0,-1.107349907704624,3.372166348945595
15.0,1.0,0.0,1.0321993322356107,4.3142489420992005
4.0,1.0,1.0,-1.5387150918454566,1.3177712118877696
6.0,1.0,0.0,-0.7432217146683695,2.8670821045891035
4.0,1.0,1.0,1.409926714642615,1.3575625570583543
6.0,1.0,1.0,-0.3138766735388213,4.768460924530917
8.0,1.0,1.0,0.22119600850858084,3.8447485115442768
1.0,1.0,0.0,-0.02828347570294759,0.37922113779825417
4.0,1.0,0.0,-0.9514170132798216,2.4619678222980514
4.0,1.0,0.0,-0.17219495763177187,2.5978727789791067
2.0,1.0,1.0,0.9111962383703699,0.8833643887124236
1.0,1.0,1.0,-0.6651233226895971,0.6388431163720596
5.0,1.0,0.0,0.7211498053253883,0.9781231861979085
3.0,1.0,1.0,-0.07149570293346963,1.7235831157773742
5.0,1.0,1.0,0.4343228627943215,2.1636948148442925
6.0,1.0,1.0,-0.09412470964978384,1.176225688679062
5.0,1.0,1.0,0.5037560941474657,1.7624765723999534
3.0,1.0,0.0,-0.600431432796778,3.6139753987259393
3.0,1.0,1.0,-1.1037894875436027,1.5234058587281747
3.0,1.0,1.0,0.3866691162107173,2.9667717944766068
11.0,1.0,1.0,1.6440549646428264,2.02652348367024
1.0,1.0,0.0,-1.154797526748669,-0.09730146415108698
0.0,1.0,0.0,-2.2400055695446235,1.8102106923402628
1.0,1.0,1.0,-0.8829878006995011,3.0394538808015588
2.0,1.0,0.0,0.1689637538983238,0.41460569570347894
0.0,1.0,1.0,0.46420922658666225,0.8162629997370199
0.0,1.0,0.0,-1.496900512111746,1.8637204836793613
8.0,1.0,1.0,0.06590798211474305,3.0679375655357903
5.0,1.0,1.0,0.6326722648563059,2.4044682571036526
29.0,1.0,0.0,1.0733116489304855,5.151547419127792
2.0,1.0,0.0,-0.6088648893597853,2.062867865365155
3.0,1.0,1.0,0.3803010972318005,2.3376830665967208
5.0,1.0,1.0,-0.2627829876069783,1.9290262286030586
3.0,1.0,0.0,-0.5077063000641973,1.466362010121514
1.0,1.0,0.0,-0.7334026956508595,1.5044541875246975
7.0,1.0,1.0,1.0989279739565556,1.467702782512482
3.0,1.0,0.0,-0.6839050314276557,2.4757931767266337
8.0,1.0,0.0,1.5672525685110406,1.6880035108070257
12.0,1.0,1.0,1.19027846651308,3.1269866724321465
7.0,1.0,1.0,-0.6855314856742598,3.0464943917534484
2.0,1.0,0.0,-0.3881336907713369,1.214923541096614
5.0,1.0,1.0,-0.6695729086775635,3.093474782235931
7.0,1.0,1.0,-0.11759515597728037,2.388899144215355
1.0,1.0,0.0,0.506611757083991,0.30371036797543005
2.0,1.0,0.0,0.8343185097545825,1.4936763618379154
2.0,1.0,1.0,-0.3714213154726468,1.4385299823490327
11.0,1.0,1.0,0.6939557462838029,2.394960264187239
3.0,1.0,1.0,-0.06938540876458044,1.6723173835324447
2.0,1.0,0.0,-0.6905686936046357,0.8428985377364253
3.0,1.0,0.0,-0.7808946143920317,0.8969332133688012
4.0,1.0,1.0,-1.520417846692018,2.4942319627671936
7.0,1.0,1.0,1.1667705095917722,1.7290346841425905
2.0,1.0,1.0,-1.2255895965151566,3.130177289333546
1.0,1.0,0.0,-1.1407048603751104,2.350269325710148
2.0,1.0,0.0,-1.05108866794019,2.285813664548563
3.0,1.0,1.0,-0.11338002055743544,1.9741004566180662
1.0,1.0,0.0,-0.8109484265789298,0.454761594915041
7.0,1.0,1.0,-0.5655920547914475,3.2986879474477124
4.0,1.0,0.0,0.6067023624226433,2.6619263051790583
10.0,1.0,0.0,0.4849527068784714,2.749884840046793
9.0,1.0,1.0,0.007983061316581552,2.297808405552505
20.0,1.0,1.0,1.7500678954384656,3.116467237943589
1.0,1.0,0.0,-0.14761957244368235,3.2581736293936823
5.0,1.0,1.0,-2.059033480997806,3.542742836356011
7.0,1.0,0.0,-0.1851076884917417,2.78248938376451
15.0,1.0,1.0,0.29874267137650196,3.9970630649806926
2.0,1.0,0.0,0.39403989794809047,1.0833535062075639
2.0,1.0,0.0,0.8820615827117995,1.3367573978911584
29.0,1.0,1.0,1.7259708690366589,5.401813784401035
4.0,1.0,0.0,0.6917267570174905,0.33816615604219846
4.0,1.0,0.0,0.30238374588006234,2.5967280675819753
6.0,1.0,0.0,0.7109390691496378,2.831284581417716
10.0,1.0,1.0,0.3502533490484463,3.4039141789581517
2.0,1.0,1.0,1.295977574259303,0.6723558321706973
5.0,1.0,0.0,1.6161723821491167,1.9993051943832036
3.0,1.0,1.0,-0.2998593725249439,3.6559548110195803
5.0,1.0,1.0,0.3556715085654331,2.170865997211644
3.0,1.0,1.0,-1.1685788391167065,3.0451116153457494
1.0,1.0,1.0,-0.41694618686888973,3.53071583895549
2.0,1.0,0.0,-0.09503585769917133,-0.0159940495543045
5.0,1.0,0.0,1.0505331732937782,1.791612776187979
5.0,1.0,0.0,-0.043526865358271556,3.4038702826167517
3.0,1.0,0.0,-0.03096584153938281,2.0882947389702493
5.0,1.0,1.0,1.2281922345108567,0.08315357884878005
1.0,1.0,0.0,-1.5644959839000456,1.9266950945525072
4.0,1.0,1.0,0.6343859193690948,0.24045480163391142
2.0,1.0,0.0,0.007913504143590646,1.4025641159020252
1.0,1.0,0.0,0.4207364481183851,-0.9861120461006665
8.0,1.0,0.0,0.8326391297229008,3.5614853229954897
19.0,1.0,1.0,1.4393180543190427,3.7277506272304075
3.0,1.0,0.0,-0.7253401590228574,0.5235096917897599
3.0,1.0,1.0,-0.17553828155449863,2.938268158542291
1.0,1.0,1.0,-1.2535895915987019,-0.0508542489828574
2.0,1.0,0.0,-1.261154803918132,3.9124930624431116
7.0,1.0,0.0,0.4561040782317297,2.5638868181424135
6.0,1.0,1.0,0.16064229851435197,2.257180989605888
10.0,1.0,1.0,0.39780764412791997,3.352178675060717
5.0,1.0,1.0,0.5330540508407536,2.1524179860986155
23.0,1.0,1.0,1.548500389965057,4.834116354880966
2.0,1.0,0.0,-0.24211868840414902,2.699912315483906
10.0,1.0,1.0,0.9194208396962478,2.3825799113511614
3.0,1.0,1.0,0.38175887216430915,2.5950315709328526
4.0,1.0,0.0,0.7666206392867403,1.5239681167231214
2.0,1.0,0.0,-1.2398329507980053,2.5380344418313183
4.0,1.0,1.0,-1.1078090570568337,3.455930341286555
9.0,1.0,1.0,0.06885365754449102,3.1284498734147164
0.0,1.0,1.0,0.1385937651135909,-0.5613689531015726
4.0,1.0,0.0,-0.5468291542002774,-0.3070611635100269
0.0,1.0,0.0,0.19226914950675555,-0.43900416190731284
3.0,1.0,1.0,-0.2453682684545146,2.3072877150129605
4.0,1.0,1.0,-0.08654836351949044,2.4928754860482596
7.0,1.0,1.0,0.8566652207025169,3.7425888424735625
4.0,1.0,0.0,-0.18084452603962284,2.191950141483771
4.0,1.0,0.0,-1.188620322309884,2.000194948705789
1.0,1.0,1.0,0.3454347530179521,1.263817004645057
2.0,1.0,0.0,-0.7891524072444884,-0.18706322539986386
5.0,1.0,0.0,0.5909468367199346,0.7475342401499796
4.0,1.0,1.0,-0.23802213388397808,3.2795163261474634
3.0,1.0,0.0,-0.386622522668261,0.7084695722919714
2.0,1.0,0.0,-0.8488996731344827,2.7185682401471327
6.0,1.0,1.0,-0.6921426181470258,1.3154062097368708
1.0,1.0,0.0,-0.8826880782441537,1.328919417885204
2.0,1.0,0.0,-1.7021038496326852,0.601418883507725
1.0,1.0,1.0,-0.9038784582881791,3.4397926127447214
0.0,1.0,0.0,0.08788595132917651,2.0929575784145733
0.0,1.0,0.0,-0.5592563631000318,0.4653372989562392
6.0,1.0,0.0,0.8960366568618903,2.0806867547628114
7.0,1.0,1.0,0.33218541271076907,2.8414237366558046
3.0,1.0,0.0,0.8991562366780753,0.26741817675526325
4.0,1.0,1.0,-0.3415610516114195,2.3679925199396603
3.0,1.0,1.0,0.6499388813946378,1.656044633543082
4.0,1.0,0.0,0.7619814701143388,2.422785427711413
9.0,1.0,1.0,1.0415963607762546,1.1551202524329078
0.0,1.0,0.0,0.037835072310698326,1.526000897886271
4.0,1.0,1.0,0.37697747523389435,1.8749301583874336
7.0,1.0,0.0,0.3808701284732473,3.3752674213361376
0.0,1.0,1.0,-1.8470688754077391,-0.19559969369191443
12.0,1.0,1.0,0.4613188099849726,3.6263401764155327
3.0,1.0,0.0,0.11734897201474397,3.5170490861946258
2.0,1.0,0.0,-1.068102256174756,0.9792694065957783
1.0,1.0,1.0,-0.5321624251637246,-0.13181965338151347
5.0,1.0,1.0,-0.9381219436580128,2.9218613668941673
3.0,1.0,0.0,0.20274657519315253,2.476728921752183
1.0,1.0,0.0,-1.0950846420011011,-0.8834899202231075
1.0,1.0,0.0,-1.663558052570713,1.1984913959098347
6.0,1.0,0.0,0.0528272351263057,3.639710017080098
2.0,1.0,0.0,-1.5888673576765857,2.788489343611369
15.0,1.0,1.0,1.1747339585202052,4.055588052649984
3.0,1.0,1.0,0.5424698644428064,1.842048317399876
5.0,1.0,0.0,-0.9823883230421113,2.2307330390627693
3.0,1.0,1.0,-2.655979937940649,1.762886189871106
7.0,1.0,0.0,-0.12928537134732104,2.535112642098789
4.0,1.0,0.0,0.07025052239889704,2.4303010361230823
0.0,1.0,0.0,-0.9178003848425127,0.6966053370686446
2.0,1.0,0.0,-0.9482373449256482,1.8557141657100071
4.0,1.0,0.0,-0.7036200139349625,3.4382466675643384
7.0,1.0,1.0,1.8280710892101537,2.3654458010723367
7.0,1.0,1.0,0.2977880678753272,3.121590707402047
2.0,1.0,0.0,-1.2262415685347143,0.98070893390304
5.0,1.0,1.0,-1.0090906813064127,2.319112466377178
2.0,1.0,0.0,0.33881620896163656,3.011760583271416
7.0,1.0,1.0,-0.15487409765199672,2.9662016093867076
0.0,1.0,0.0,-1.3401275196991402,0.22425997101909756
2.0,1.0,1.0,0.19969575654088864,1.5860324938111106
2.0,1.0,0.0,-0.6746130375308463,0.15656527166530343
12.0,1.0,1.0,0.7548572169997769,1.4967970803157609
6.0,1.0,1.0,-0.31665924862308925,2.7528217751481616
6.0,1.0,1.0,0.28270001824376106,-0.19236375558465202
4.0,1.0,1.0,1.6335381760261098,1.0940776788583553
6.0,1.0,0.0,-1.2860149502392133,4.652252515152388
2.0,1.0,0.0,-0.11818021878976187,1.7855763992194014
6.0,1.0,0.0,0.11613957579419668,3.0541082635796433
2.0,1.0,0.0,-1.2644268069788929,3.3010421182577434
2.0,1.0,0.0,-0.2533000102764583,1.3310696642498148
5.0,1.0,1.0,-1.3817345405489025,3.273880857899322
3.0,1.0,0.0,0.08574822875784423,1.2847662821930395
4.0,1.0,0.0,-0.2866774854212973,2.4016917002297267
5.0,1.0,0.0,-0.06020120782429184,1.4193722745784272
2.0,1.0,0.0,-1.1730542051013901,1.9958387918771532
9.0,1.0,0.0,1.8036557768599184,1.661291307568888
6.0,1.0,0.0,1.3390494036317078,2.0971790621926125
7.0,1.0,1.0,0.16401976205562957,2.2358494598931706
2.0,1.0,0.0,0.12080425996265337,-1.4059027255327934
1.0,1.0,0.0,-1.3663840439471657,1.4410408220060926
7.0,1.0,1.0,0.9766547897991322,2.9786704034239455
3.0,1.0,0.0,0.43540688179122977,2.394949978607398
4.0,1.0,0.0,-0.9672948459740082,3.343935579915538
1.0,1.0,0.0,-0.2966836640638587,1.7117005829181515
6.0,1.0,1.0,-0.1599945718729518,4.133401254592625
10.0,1.0,1.0,0.34621276658547984,3.1231670063438854
11.0,1.0,1.0,0.7991588050996644,3.277742018780465
1.0,1.0,1.0,-1.0959330335809596,1.5518925300710524
15.0,1.0,1.0,0.2556744354563589,4.142180037653398
11.0,1.0,1.0,1.1132928392670713,2.3699814586053627
2.0,1.0,0.0,-2.8462272843827785,2.094809851071933
1.0,1.0,0.0,-0.7905612454743329,1.0523627119876688
20.0,1.0,1.0,0.6415946002269204,5.521739315866908
3.0,1.0,1.0,0.45615869402246423,1.6979018547704061
6.0,1.0,1.0,-0.12399561946577009,2.298853143302472
14.0,1.0,1.0,0.4564686515582502,2.855804219408416
8.0,1.0,1.0,0.8987533480674031,0.43170814341726693
10.0,1.0,1.0,0.39721969590424033,3.3838139946439973
0.0,1.0,1.0,-0.23625227852309888,0.8108507588812213
12.0,1.0,1.0,0.07835039170901212,3.2266843763763235
9.0,1.0,0.0,0.4758256233444033,3.724532705292833
5.0,1.0,1.0,-1.5088257753599625,4.6390621130496665
5.0,1.0,0.0,-0.555676441873839,3.316789467545644
3.0,1.0,1.0,0.10975560139857782,1.209337319309506
2.0,1.0,1.0,0.06654154605549724,-0.12414693572560642
1.0,1.0,0.0,0.04025439000217279,-0.052637037067907455
4.0,1.0,0.0,0.1333731457084146,3.26567509298727
1.0,1.0,0.0,1.6577479537809288,-0.5323201863224114
7.0,1.0,0.0,0.9013042331184951,1.9006761509168717
4.0,1.0,1.0,-0.7050638601376634,2.6594717062589326
1.0,1.0,1.0,-0.048822902762767906,1.2662335029970657
5.0,1.0,0.0,0.598647497465318,2.0652620395358277
11.0,1.0,1.0,0.087195843430033,3.090774477079755
4.0,1.0,0.0,-0.187051328851845,2.819602278986046
9.0,1.0,1.0,0.5537743796716375,2.1709315324323692
6.0,1.0,1.0,0.20439501183896266,2.314517604357346
4.0,1.0,1.0,0.20748279740671025,0.9072603582425045
11.0,1.0,0.0,-0.05550887582512365,4.2564270251242835
6.0,1.0,1.0,0.6858681304322061,2.1445223982002215
8.0,1.0,0.0,0.23247220157069565,2.3977574589764146
0.0,1.0,1.0,-1.500047510479135,1.5989232244320828
6.0,1.0,0.0,0.4306277890093323,1.690355085538254
5.0,1.0,0.0,-0.44928245229611113,1.9459834820005344
4.0,1.0,1.0,0.5167231572712717,-0.9714764232303463
0.0,1.0,1.0,-1.23623356588219,1.2338698403485309
6.0,1.0,0.0,1.2236318452906616,1.5028597010906561
7.0,1.0,0.0,0.9806626170768156,3.5400945427577235
4.0,1.0,1.0,1.1526019131613015,1.6940000011382592
6.0,1.0,1.0,-0.5684000339571063,3.067419219198225
1.0,1.0,0.0,-0.27687004109832397,0.7495077556999044
3.0,1.0,0.0,-0.5941838348746346,1.5394926096719876
4.0,1.0,1.0,-0.3423315621618219,1.1180926576068946
2.0,1.0,0.0,1.2032430666894753,-0.6195437919662068
4.0,1.0,1.0,-1.3219210191241528,2.736683373733497
3.0,1.0,0.0,-0.22572710611455932,1.2830825967435702
11.0,1.0,1.0,-0.8580626495337957,2.993328169885702
13.0,1.0,1.0,0.056003548217100796,3.083025424568015
6.0,1.0,0.0,0.8078789647038958,2.0292923804598635
5.0,1.0,0.0,-0.4064453911533823,2.473689712056866
3.0,1.0,0.0,1.0917111573427665,2.888637002629106
1.0,1.0,0.0,-0.5119860870775006,3.1713285027136084
6.0,1.0,1.0,2.0462494786201013,0.3613724996430885
2.0,1.0,0.0,0.47918817839726596,2.384975440420113
6.0,1.0,1.0,0.23190966889319867,-0.30049460463443234
3.0,1.0,1.0,-0.9903906532171719,1.7600832462756864
7.0,1.0,1.0,0.7501259297657422,2.618536324559706
8.0,1.0,0.0,1.0241632004236387,2.9459426070223746
1.0,1.0,0.0,0.53040181254284,0.44065558947990824
2.0,1.0,0.0,-0.5095272160952403,2.4765526548317585
6.0,1.0,0.0,0.06779599323623471,1.315449289899998
2.0,1.0,0.0,-0.9257869348391301,2.518600727736664
0.0,1.0,1.0,-1.2850653841785338,-0.027443543214038524
8.0,1.0,1.0,0.08125790264708053,3.7249436683601322
5.0,1.0,0.0,0.6314796923009237,1.3130594455137865
4.0,1.0,0.0,-0.28344802688771104,2.261711417078444
2.0,1.0,0.0,0.8422830335566605,0.5551788923169287
5.0,1.0,1.0,0.7216564445770476,1.3334679727558219
1.0,1.0,0.0,-1.1124759607451125,1.365588679522315
1.0,1.0,0.0,1.2296157639549763,0.5192398291973985
3.0,1.0,0.0,-0.2228476247979569,1.6219291253892811
4.0,1.0,0.0,1.283386489851328,1.6570229208866185
5.0,1.0,0.0,0.24506226423713579,2.3414357772732033
6.0,1.0,0.0,-0.12892896646371785,2.435203038649438
15.0,1.0,1.0,1.1542699574234137,4.123838452058619
3.0,1.0,0.0,0.19026255226756578,1.2445403486055824
2.0,1.0,0.0,-0.5222171911511472,2.772068751848223
1.0,1.0,0.0,0.09676039041945675,0.41744883268805255
5.0,1.0,0.0,1.528423316310932,0.17350661074128793
10.0,1.0,1.0,-0.005751232356059288,3.166758644247219
3.0,1.0,1.0,-0.26516183797400833,2.7978366633218315
3.0,1.0,1.0,0.2004300417456357,2.905685611487135
2.0,1.0,1.0,0.6046633657999871,1.230422466078169
2.0,1.0,1.0,0.014617233540641261,2.175896600382384
1.0,1.0,1.0,-0.8722634937979015,0.9473250893548038
2.0,1.0,1.0,-0.8982446845696814,1.1945271068424677
5.0,1.0,0.0,0.12800874275335192,3.0138219032687408
1.0,1.0,0.0,-0.5360194079344919,1.5299282323818355
3.0,1.0,1.0,0.12192408282829109,1.9612551806722986
2.0,1.0,1.0,1.1826421295637244,1.4274314227498666
5.0,1.0,1.0,-0.7757819560283429,2.650210291769659
4.0,1.0,1.0,-0.11135442829736845,4.105761178560228
2.0,1.0,0.0,-0.7526781593328542,2.1929855652403836
7.0,1.0,1.0,0.22730973280398603,2.1366049495627513
2.0,1.0,0.0,-0.7232788710191222,1.1456036292587435
0.0,1.0,0.0,-1.6679874806379558,1.0192797553334656
3.0,1.0,1.0,-0.6201153030593195,1.2919053662675055
8.0,1.0,0.0,0.26522179464026613,2.994162739572153
4.0,1.0,1.0,-0.3760832963493521,2.758104744076986
1.0,1.0,0.0,-1.6861947878424903,1.261467338348454
3.0,1.0,0.0,0.7961056828784843,2.4675467608494084
1.0,1.0,1.0,-1.1087313777622478,0.8407950466237335
2.0,1.0,1.0,-0.8293176111328863,2.139545289734491
4.0,1.0,0.0,-0.8241981059481691,2.3233926078728193
11.0,1.0,1.0,1.318618944269025,2.021633896475358
16.0,1.0,1.0,1.4075549591318182,4.10254833761676
8.0,1.0,0.0,0.40998154282172505,3.450532887049136
6.0,1.0,1.0,-0.25595309300403485,3.5535146274966127
9.0,1.0,1.0,0.5493368854618766,3.4421718841677675
8.0,1.0,0.0,0.6337820573191159,3.605727375132364
1.0,1.0,0.0,-0.48519659644589774,0.5945460528275488
4.0,1.0,1.0,-0.3878919377926553,2.970036676240574
3.0,1.0,1.0,0.32065098492809563,1.0702660085446705
1.0,1.0,0.0,-0.253750749667005,1.0772933872420047
3.0,1.0,1.0,1.141311243252943,0.8297387260872435
2.0,1.0,0.0,-0.03787345541197473,1.8342357312862543
2.0,1.0,0.0,0.9887553592879705,1.740329179628652
1.0,1.0,0.0,0.37328495426224473,1.2284471151324081
5.0,1.0,0.0,-0.1258210652970303,3.2126727919873543
2.0,1.0,1.0,-1.3952776659413513,2.002968533861175
8.0,1.0,1.0,0.05338655578331709,2.8590890451465056
4.0,1.0,1.0,0.38722791716941823,0.4810614828679274
2.0,1.0,0.0,0.7509347451279846,0.3546040642591286
12.0,1.0,1.0,1.4091884281158402,2.7831568624095198
1.0,1.0,0.0,-0.5225641443083,2.1360475537739783
8.0,1.0,1.0,0.9770691060901412,3.4955856805297616
5.0,1.0,1.0,-0.12165636375238957,1.5845179300548016
1.0,1.0,1.0,-1.4758908125297756,-0.04626496307944228
0.0,1.0,0.0,-0.32789106846581617,1.492109944930632
3.0,1.0,1.0,-0.04812955600658986,0.2132420499988077
2.0,1.0,0.0,-0.4424526966412805,1.018815557227622
10.0,1.0,1.0,-0.55395235980322,4.301269985299775
1.0,1.0,1.0,0.37121618927656186,1.356006685386141
1.0,1.0,0.0,-0.1671259995720098,-0.4382126779436992
0.0,1.0,0.0,-0.8691976546549078,0.47526758436709926
15.0,1.0,1.0,1.4691210539348438,3.0034668556323356
5.0,1.0,1.0,-0.24235100463472115,2.621000146814195
1.0,1.0,0.0,-0.7475323448672089,1.0377765192602282
9.0,1.0,1.0,0.8267429082111456,3.360695729375923
0.0,1.0,0.0,-2.0186186918938818,2.625534924801162
2.0,1.0,1.0,-0.10363169654757956,-0.4510864163709376
3.0,1.0,1.0,0.5412988833051069,1.846651027388264
4.0,1.0,0.0,-0.34348240458523643,2.441479801619754
4.0,1.0,0.0,0.26300855980071247,2.5818724928321246
3.0,1.0,0.0,-0.8479020118397277,2.8638128817993307
6.0,1.0,0.0,1.069048171129791,2.7313875981826206
4.0,1.0,1.0,0.3950610925834913,1.925358962195751
2.0,1.0,0.0,-0.5300797328707261,-1.6515522142866021
3.0,1.0,0.0,0.3658767858864732,1.044791309697941
11.0,1.0,1.0,0.320138855850692,3.1129697689123392
3.0,1.0,0.0,0.20468782617870798,0.9206249117751275
2.0,1.0,0.0,-1.236537729103461,1.91107334371654
7.0,1.0,0.0,0.6200801556648614,1.831724999082464
3.0,1.0,0.0,-0.19773016603180252,1.680116017637031
19.0,1.0,1.0,0.580826938354645,4.6197127866099725
4.0,1.0,1.0,-0.6668920862702195,2.4926466572816492
3.0,1.0,1.0,-0.8780251624728871,3.266979793616635
4.0,1.0,0.0,-1.0035781918954962,2.3628906046188902
6.0,1.0,1.0,-0.6190346551587375,3.198682415068006
7.0,1.0,1.0,0.13457231747788412,3.560782247336218
5.0,1.0,0.0,0.15592111567818376,3.6365692108039354
7.0,1.0,0.0,0.2989714784302935,4.232286890769151
10.0,1.0,1.0,0.6074655462802493,2.9360160498174865
4.0,1.0,1.0,-0.28591502932265234,2.906133115274249
3.0,1.0,0.0,-0.7710744820943085,3.435765206090066
16.0,1.0,1.0,0.7276684070066332,3.6319178939851224
16.0,1.0,1.0,0.5738530446490513,3.310992699897363
4.0,1.0,1.0,-0.30255929984214713,2.0779675896778653
10.0,1.0,1.0,-0.07477077066838608,3.708755738971879
4.0,1.0,1.0,-1.5165400852598299,4.33027720383111
8.0,1.0,1.0,1.794731875925712,1.7154694939176622
6.0,1.0,1.0,0.753371340644235,-0.35531824516917987
6.0,1.0,1.0,0.1267178078168849,2.884529764361555
3.0,1.0,1.0,0.0926261411434082,1.6983539944034034
6.0,1.0,0.0,0.30259348234962963,1.1026192738808134
6.0,1.0,1.0,0.6691526056007653,3.087253204323888
11.0,1.0,1.0,0.24038137602134546,2.75311169186808
3.0,1.0,0.0,0.11343562143561149,2.717494064922331
10.0,1.0,1.0,0.404454813546073,3.132617198152758
7.0,1.0,0.0,2.1539525351144175,2.320728234846204
1.0,1.0,0.0,0.5310039213023386,0.8144079328675204
4.0,1.0,0.0,-0.013460123436254023,2.2908363626969144
0.0,1.0,0.0,-0.4221637839896163,-1.4054946132203512
7.0,1.0,0.0,-0.1444527004047947,3.4060716702654985
3.0,1.0,1.0,0.5951912344647872,1.0922697428391033
2.0,1.0,0.0,0.49894772327465864,0.6931388358330597
8.0,1.0,0.0,0.191580070937409,4.247309211555884
1.0,1.0,0.0,-1.597083574126652,1.9639819218480876
5.0,1.0,1.0,1.1258365671904809,1.14967285924187
7.0,1.0,0.0,0.9921980877800947,3.5069956787599486
4.0,1.0,0.0,-0.3671036368438301,2.957352222492163
3.0,1.0,0.0,0.5612394523919837,1.780755504796527
0.0,1.0,1.0,-0.950868746215094,-0.13634957264462133
3.0,1.0,0.0,-0.7667298721490003,3.0938277514235946
14.0,1.0,1.0,0.23801469351403742,3.6209205219799268
2.0,1.0,0.0,-0.3031042539884961,0.09374084399498472
4.0,1.0,0.0,-0.5503866197696342,0.5445926459706676
2.0,1.0,1.0,-0.11833454410531577,0.9548964034482048
2.0,1.0,1.0,0.6432787112368311,1.7271603957999118
10.0,1.0,0.0,0.6021471960008021,2.2734644458400575
3.0,1.0,0.0,0.1888128678865661,1.0814386280693633
9.0,1.0,1.0,1.3111948235536937,1.5403890755900902
3.0,1.0,0.0,0.30849176568917025,0.8019880432999227
3.0,1.0,1.0,-1.215673148948829,2.5023472303797742
0.0,1.0,0.0,0.19133978966055026,1.2313109443335615
3.0,1.0,1.0,-0.4038455895025329,3.159645510539586
14.0,1.0,1.0,0.24112703995473367,4.494236851344066
3.0,1.0,1.0,0.10032052255927043,1.1466634070092983
8.0,1.0,1.0,1.3842102879955418,0.3667463706766283
2.0,1.0,0.0,-0.0555813044719146,0.9730495267472025
5.0,1.0,0.0,1.5971707225568326,-0.08039904583523438
7.0,1.0,0.0,0.1917165865470934,2.3556620346453814
2.0,1.0,0.0,-0.5156265823188237,1.783243676427925
3.0,1.0,0.0,-0.9041065553319171,3.5484722606115024
4.0,1.0,0.0,0.2426490614054092,1.288986723789562
7.0,1.0,1.0,0.38151827173515174,3.161942491940982
7.0,1.0,1.0,0.6232671208315552,1.8980817457879628
3.0,1.0,1.0,-0.8720279693782591,2.8492926243012597
1.0,1.0,0.0,-0.15665597235064369,1.7004787484781545
10.0,1.0,0.0,0.791906050438773,2.7390164326499646
6.0,1.0,1.0,-0.25037991575275476,1.873102254186397
3.0,1.0,0.0,-0.34223957395539273,0.688352405773506
7.0,1.0,0.0,-0.18847470708438271,3.3680434427922012
9.0,1.0,1.0,0.4543585309688428,3.0037836988419757
10.0,1.0,1.0,1.2780661910910545,3.0661027583543583
2.0,1.0,1.0,-0.44180516181145996,2.6542772353266444
7.0,1.0,0.0,-0.0810052222948952,0.7559766064872924
3.0,1.0,1.0,-0.859733444640555,3.1078919787298833
0.0,1.0,0.0,-0.009839910975577085,0.8156014907678519
3.0,1.0,1.0,-0.45556184774353103,1.54270601240538
1.0,1.0,1.0,-1.7790263472141075,-1.2524793685725555
2.0,1.0,0.0,0.14007593142803995,2.4379474187168824
5.0,1.0,0.0,-0.4558450459152837,2.1936526199881623
0.0,1.0,1.0,-1.038134151228476,2.43399193973331
0.0,1.0,1.0,-0.6944115344108872,1.7375020186494174
4.0,1.0,0.0,-0.2868492986020106,1.6657954686093694
7.0,1.0,1.0,-0.36787843261759384,2.72636179706502
3.0,1.0,1.0,-0.33611638736501087,0.8748721836889886
8.0,1.0,1.0,0.37126272946726024,4.421124138723485
9.0,1.0,1.0,0.6034330644292883,2.024108435155796
6.0,1.0,1.0,-0.07079685841552322,2.9613034679623502
1.0,1.0,0.0,-2.140644441778682,0.2635953128402617
16.0,1.0,1.0,1.2564017129004783,4.07588782033733
7.0,1.0,1.0,0.4349134657645089,1.8992532948106036
7.0,1.0,0.0,0.9075835601308131,1.734036025990932
4.0,1.0,1.0,0.15875849658127794,2.8174311159182137
2.0,1.0,1.0,-0.4192616282148902,2.5642369129565266
3.0,1.0,1.0,-2.4059201455638624,3.0814942990655885
12.0,1.0,1.0,1.0900184967055604,3.599567183685808
7.0,1.0,0.0,1.2845033470246898,0.5149987187780771
1.0,1.0,0.0,-0.20019102770577532,0.5527806447265888
17.0,1.0,1.0,0.7938718217841174,3.4682173515934096
5.0,1.0,0.0,0.2248873140680256,1.979516131334439
9.0,1.0,1.0,0.3756994576227384,2.7439184638552434
2.0,1.0,0.0,-0.8757518768382935,1.2350918180993542
5.0,1.0,0.0,0.08826561475466096,2.567445641892798
1.0,1.0,1.0,0.1031618355786926,-1.354923862687771
5.0,1.0,0.0,-1.4416095958304826,1.6848289261802394
13.0,1.0,1.0,0.6869662519673875,2.472400556220642
10.0,1.0,1.0,0.6082438029172389,2.454667753459354
8.0,1.0,1.0,1.0061352993684485,2.662248771371587
4.0,1.0,1.0,-0.41976343391017845,3.1425724552279473
22.0,1.0,1.0,1.0741189046411281,5.451448008360712
3.0,1.0,0.0,0.5896971362950343,0.9603683761613516
6.0,1.0,1.0,-0.8610114728034396,1.629960265107865
8.0,1.0,1.0,-0.6782955291986593,3.4622673373311486
6.0,1.0,1.0,0.39752805455565277,0.6751012913373415
3.0,1.0,0.0,-0.506957186136934,1.838607996666043
4.0,1.0,0.0,0.6570926930132737,2.8369865548029063
1.0,1.0,1.0,-0.12138029159538688,0.8888959148550983
4.0,1.0,0.0,0.10913348040180998,1.5900977713177147
29.0,1.0,1.0,2.589403163397378,3.6063827365855317
7.0,1.0,1.0,-0.8657896288416504,5.1724957721095315
5.0,1.0,1.0,1.1223599331105092,1.6842227278425166
2.0,1.0,1.0,0.05048125126707649,0.6934390763705864
5.0,1.0,0.0,0.7434496324501676,4.292627482323019
7.0,1.0,1.0,-0.6128770403279825,3.2641219446114267
6.0,1.0,0.0,-0.06277355559310344,2.7358769330473987
4.0,1.0,0.0,-0.8882514699984536,1.5228546771904274
5.0,1.0,1.0,1.2189736115477383,1.6959494286420758
3.0,1.0,0.0,-1.1798077345061422,1.5857424394281647
3.0,1.0,0.0,0.5380683993321149,0.9965471653838955
12.0,1.0,1.0,0.9142657318371303,3.723678970651842
5.0,1.0,1.0,-0.10357482533543644,2.5306465354486303
0.0,1.0,0.0,-0.10083510434285448,-0.11388979832462498
0.0,1.0,0.0,-1.5502420278999052,1.7244407490019207
8.0,1.0,1.0,0.4880149971171904,2.942362918895479
4.0,1.0,0.0,0.531247674313988,1.7720123029358334
9.0,1.0,1.0,0.5428047985965103,2.5368207546705306
1.0,1.0,0.0,0.41472862071658195,1.1252958418093708
6.0,1.0,1.0,-0.08323520865589726,2.7053271190516313
6.0,1.0,1.0,0.0801997075196752,0.7161360863395358
2.0,1.0,0.0,0.5500704941731056,1.367908422105637
3.0,1.0,0.0,-1.0768844382959282,0.9215751939063872
0.0,1.0,0.0,-0.34957673963961783,1.9885942813650062
2.0,1.0,0.0,-0.6698766023820782,3.7519453971958265
5.0,1.0,0.0,-0.2463758704523271,4.274872372334239
4.0,1.0,0.0,-0.0918233398535448,2.731392818372037
0.0,1.0,1.0,0.03518832953484513,1.3324819061185758
1.0,1.0,0.0,0.6960779125020462,-0.2642781591029144
4.0,1.0,1.0,-1.668174960641427,2.428441838223381
3.0,1.0,1.0,0.12579427598328488,2.253985416301703
9.0,1.0,1.0,0.6652353601249121,1.7267806874360823
9.0,1.0,0.0,2.0705660265612957,2.1605147887908287
2.0,1.0,0.0,0.13823773485649327,0.8456895290776261
1.0,1.0,0.0,0.2339583460034451,1.8815414624985596
14.0,1.0,0.0,2.294823434683175,2.5393724207587858
3.0,1.0,0.0,-0.4844622792396051,-0.5236379274428149
1.0,1.0,0.0,0.12375159165154859,1.9097141818429946
3.0,1.0,1.0,-0.8268101823999756,1.9628604482374108
3.0,1.0,1.0,0.27324193391982887,2.967565077839579
4.0,1.0,1.0,0.09074910136402087,1.7079977706403562
9.0,1.0,0.0,-1.1401683230121467,6.458512871202658
3.0,1.0,0.0,-0.2412257322171551,2.6314474465980857
0.0,1.0,0.0,0.13682199027799727,2.4837328469957205
0.0,1.0,0.0,-1.4427610440729592,0.6291387969510509
4.0,1.0,0.0,0.6658142526618345,2.4175297993724123
5.0,1.0,0.0,-0.5533280339208597,5.273600035253743
1.0,1.0,0.0,-0.08801002502694039,0.8748414152710788
3.0,1.0,0.0,-0.44312666482740537,1.119957653115938
2.0,1.0,0.0,-0.8134628492127394,2.067444198335619
4.0,1.0,1.0,0.34335849125760026,1.0420143111118272
5.0,1.0,1.0,-0.5118325749376789,3.171155992953136
4.0,1.0,0.0,-1.2898792158922388,1.484885888056144
11.0,1.0,1.0,-0.21804880818890135,4.222467089032521
4.0,1.0,1.0,0.1696443083611759,2.0590296817494855
3.0,1.0,1.0,1.017689420248579,2.157216655752633
1.0,1.0,0.0,0.40142668281834804,-0.3542015953151789
1.0,1.0,0.0,-0.34342884332047363,1.6751577264811561
3.0,1.0,1.0,0.3541768022288132,2.4626986629509893
3.0,1.0,1.0,-0.44734727936056623,1.3320224560197214
8.0,1.0,1.0,1.230884395867763,0.8411860992455467
2.0,1.0,0.0,-1.0106480420711406,1.3389562529212429
2.0,1.0,1.0,0.15380781669027524,-0.7572918129999495
3.0,1.0,0.0,0.4571068848896308,2.447960992715673
3.0,1.0,0.0,0.39278489260812954,0.5696012740254996
7.0,1.0,1.0,1.0469790881595384,0.2520678627504811
1.0,1.0,1.0,-0.38385029801752846,2.1358727589374555
6.0,1.0,1.0,0.6060122420506342,2.2604365605923467
3.0,1.0,0.0,0.10629218349423297,1.2796710486544554
11.0,1.0,1.0,0.2934738682622241,3.5017250427090527
9.0,1.0,1.0,-0.0051198422271953314,3.041521978103334
2.0,1.0,0.0,-0.19357950306804983,2.1392162827997225
1.0,1.0,0.0,-1.99605490455431,2.110189266344765
1.0,1.0,1.0,-0.349697945511171,2.43489966769705
6.0,1.0,0.0,0.46790313540779493,2.7834856298379407
4.0,1.0,1.0,0.12546478407639333,2.4796747279951035
14.0,1.0,1.0,1.0595572458667004,5.229506003716661
2.0,1.0,0.0,-0.65463887141108,0.2630004167279085
3.0,1.0,0.0,0.5558356531255637,1.1437475178635175
16.0,1.0,1.0,1.3893097580487819,3.5496871153925396
17.0,1.0,1.0,1.4008334990430809,3.4571047246242665
10.0,1.0,0.0,0.08902641298324337,3.182246007651579
5.0,1.0,0.0,0.8540554089166372,0.952341162904601
4.0,1.0,0.0,-0.07520893019601575,2.6661502938072164
0.0,1.0,1.0,-0.8285930322990926,1.500042860324295
0.0,1.0,0.0,-0.4171965983384052,0.8930599631384575
2.0,1.0,0.0,-0.721035194697017,2.1383841485793056
5.0,1.0,1.0,-0.15376042733024622,3.0751989504780486
2.0,1.0,1.0,-0.39552612608674764,1.9012252354527668
7.0,1.0,0.0,0.14451273464249278,2.298725005967736
0.0,1.0,0.0,-0.5577348733131796,1.8838721613537954
4.0,1.0,0.0,-0.945926885315398,4.004968237228675
4.0,1.0,1.0,1.5326562934622423,1.5768097720702028
4.0,1.0,1.0,0.2763800322554407,2.3457447973744197
1.0,1.0,1.0,-1.3433822423286668,3.452219475964335
3.0,1.0,0.0,0.028515780358369144,2.342352584634358
5.0,1.0,0.0,0.7370782339294185,1.740000711212164
9.0,1.0,1.0,0.4490371297597193,2.7242628042697143
1.0,1.0,0.0,-0.118406843929206,1.246084538195358
5.0,1.0,0.0,-0.8229895959867417,4.043613895554051
4.0,1.0,1.0,-0.477807814265216,1.573618840028037
4.0,1.0,0.0,0.6880547435124693,2.142959826841849
10.0,1.0,1.0,0.6189794815987735,2.307058620216326
6.0,1.0,1.0,-0.3729026605120122,2.6251588760180864
7.0,1.0,1.0,-0.5800820830483255,2.9455698713968026
5.0,1.0,1.0,-0.5814034702360233,2.9933019400915386
8.0,1.0,1.0,0.013064785945140777,2.751138932975169
5.0,1.0,0.0,0.6307771853147094,1.3632097791961812
5.0,1.0,0.0,-0.7517257885630704,3.8769151453828323
0.0,1.0,0.0,-0.18786127287668852,-0.4635136137738549
1.0,1.0,0.0,0.666668306815594,1.8224007134850697
2.0,1.0,1.0,0.45315766428715176,-0.4819577133562398
3.0,1.0,1.0,-0.757605725321087,4.02955002928699
9.0,1.0,0.0,1.3394342227248006,2.340153059837156
1.0,1.0,1.0,-1.4302300177696947,1.3470449717919302
9.0,1.0,1.0,0.36167853150910023,2.8689315180379973
6.0,1.0,0.0,0.8373659433675534,2.713446650375782
2.0,1.0,0.0,-1.0921414633263087,1.9360234323700403
14.0,1.0,0.0,1.732618259697999,2.8921500669054727
5.0,1.0,1.0,-1.0847026558205004,3.116540875627318
7.0,1.0,1.0,0.1413591036536527,3.351417377674867
8.0,1.0,0.0,1.005693176014429,2.350401666244354
0.0,1.0,1.0,-1.1442647497773142,0.7361293326260046
3.0,1.0,1.0,0.4934498199426048,0.9986134473304138
0.0,1.0,1.0,-0.5557904661216538,-0.2557106708481425
1.0,1.0,1.0,-1.1779806326912623,-0.5455221353306752
1.0,1.0,0.0,0.015246809109603882,1.869727307281904
1.0,1.0,0.0,-0.15938454395782115,-0.4007984280423087
4.0,1.0,1.0,0.5384820276011755,2.2976151193596994
4.0,1.0,0.0,-0.38540201714118283,2.723820227587031
0.0,1.0,1.0,-0.1522236603046816,0.42940867484832923
3.0,1.0,0.0,-0.6161596352785075,1.8937698002001344
15.0,1.0,1.0,1.4025597072158866,3.47488164660317
0.0,1.0,0.0,-0.35200580434861195,0.6829818987988403
4.0,1.0,0.0,0.8664817703524905,1.923836112020915
3.0,1.0,1.0,-0.7664106646317888,2.8244334767938026
6.0,1.0,1.0,0.49939176141928177,1.4890781356734062
10.0,1.0,1.0,0.996516327427636,1.8619772076672825
1.0,1.0,0.0,-1.1568650188922731,0.8515577644482566
15.0,1.0,1.0,-0.24926145165637859,5.828579560211962
21.0,1.0,1.0,0.6294298899171704,4.896245899161473
6.0,1.0,1.0,0.3109238385384227,2.7936409772708752
5.0,1.0,1.0,0.7025281292484857,1.5360035408469985
4.0,1.0,1.0,0.36175601606882,0.8851749267479171
5.0,1.0,0.0,-0.48801557060712875,2.6514146647452046
6.0,1.0,0.0,1.009974781357137,0.6714877611693006
4.0,1.0,1.0,1.8689364175998067,1.1890771888916636
18.0,1.0,1.0,0.688193897224105,4.344528365638477
2.0,1.0,0.0,-0.596959588597898,0.2123039254193111
2.0,1.0,0.0,-0.38987957477911217,1.1292244724522114
9.0,1.0,1.0,0.9539030798511638,3.5833152549516196
10.0,1.0,1.0,0.7754319513656558,1.4269340642304598
6.0,1.0,1.0,0.25291973623827485,2.933903006329418
0.0,1.0,0.0,-0.06815388384709586,1.463991377790748
3.0,1.0,0.0,-0.211772212667641,0.9859977040637096
1.0,1.0,0.0,-0.4633936349543056,1.6485321169792295
6.0,1.0,1.0,-1.1541844483893866,0.3454194408122422
0.0,1.0,0.0,0.2596578030895545,0.7267247792994893
1.0,1.0,0.0,-0.10473763570254269,1.0736959809036122
4.0,1.0,0.0,0.22428809979800418,1.9158067829777936
6.0,1.0,1.0,0.9191819085396651,2.634430168334975
17.0,1.0,1.0,1.3089586955370196,3.823401478515181
9.0,1.0,0.0,0.7967691642173034,2.6363804853806805
1.0,1.0,0.0,-1.531802701345711,-1.1975271487687642
13.0,1.0,0.0,1.0435549326908662,3.4872328310883773
2.0,1.0,1.0,0.15352257448790463,0.8082397857751322
1.0,1.0,0.0,-0.7971012514101306,0.5984602087183937
10.0,1.0,0.0,-0.8590798022821392,5.664254962751112
5.0,1.0,0.0,0.12434919286905484,2.354179824724114
0.0,1.0,0.0,-1.6893877991029247,0.40447402940798316
3.0,1.0,1.0,-0.8722506959705831,1.8144034272173486
22.0,1.0,1.0,0.6570430522991234,5.498361669794113
3.0,1.0,1.0,0.6550495713452255,1.5790959832564369
3.0,1.0,1.0,-0.3502771608313745,2.3820303618632606
1.0,1.0,0.0,-0.43623217978952106,0.41206796979540306
18.0,1.0,1.0,1.2193727535157055,4.026498544462577
1.0,1.0,0.0,0.9886313916583398,0.7860140752511209
5.0,1.0,0.0,-0.7054455651546958,0.8181313230558603
3.0,1.0,0.0,-1.4726556523984036,3.3463566948830596
2.0,1.0,1.0,0.41912645082932354,1.1303971067425833
4.0,1.0,1.0,0.396667806888334,1.198629662513399
10.0,1.0,1.0,1.284760026412766,3.1951113713083212
3.0,1.0,1.0,-0.9303504387231375,1.471363637074036
11.0,1.0,1.0,0.7717927556051445,1.9698933589546768
0.0,1.0,0.0,-0.9856865392586279,0.7652409674628131
5.0,1.0,1.0,0.9591694440647847,-0.12951694167172167
2.0,1.0,0.0,-0.8902155658524984,1.3594683966001804
9.0,1.0,0.0,0.42302999960765225,4.33183811346288
2.0,1.0,1.0,0.2791087542818899,1.3394950583374727
2.0,1.0,0.0,-0.16789919223291233,1.8957383908762102
1.0,1.0,0.0,-0.719172645966995,1.1015585403638348
2.0,1.0,1.0,-0.15712317558180455,0.4496007936553894
9.0,1.0,1.0,0.024900586536282854,4.2048190258947775
4.0,1.0,1.0,-0.04898235003841654,2.78367139786249
3.0,1.0,0.0,-0.6864635306481592,2.2225659828131006
5.0,1.0,0.0,-0.6379840116149097,2.5125186369854124
9.0,1.0,1.0,0.5534774204118812,3.3952160597636505
4.0,1.0,1.0,2.4059306317701683,-0.4706711362593241
7.0,1.0,1.0,-0.4576865070631301,3.3381616627668427
0.0,1.0,0.0,-0.8447707111583052,1.784025401187365
2.0,1.0,0.0,-1.6249736891944404,3.093144313807194
2.0,1.0,0.0,-0.3661231329207051,-1.109787126086968
5.0,1.0,1.0,0.1197893505370735,0.6044655743667156
8.0,1.0,0.0,0.5754695190157539,2.586532473057521
1.0,1.0,1.0,0.5308887453835897,1.794309922559472
3.0,1.0,1.0,0.7045630419561169,1.5267526936056917
6.0,1.0,1.0,1.3637851652398818,0.5769164731026044
0.0,1.0,0.0,-0.49097646911309145,1.1292385737084478
3.0,1.0,1.0,0.5245547399694769,1.47389902950299
8.0,1.0,0.0,-0.7601575871716623,3.3538811586313004
6.0,1.0,0.0,0.7585253306683486,1.7513695787911916
9.0,1.0,0.0,-0.02182331552382441,3.7896274511125037
22.0,1.0,1.0,2.150910247762585,3.246363996621154
13.0,1.0,1.0,0.5415368354096111,3.534267424767984
7.0,1.0,1.0,-0.36917077867094233,2.9183458035293266
1.0,1.0,0.0,-0.5295862833488671,0.601944899789761
2.0,1.0,1.0,-0.5502004058965442,0.561306332907459
1.0,1.0,0.0,0.09175115151407437,0.7933377341809837
2.0,1.0,0.0,0.5880088753323074,-0.5363310772390095
5.0,1.0,0.0,0.4586335602307695,1.9258578112988953
3.0,1.0,0.0,-1.1196755565641736,4.1872343693133285
1.0,1.0,1.0,-0.6157566945339906,2.3493180359079693
7.0,1.0,0.0,0.7532195305919325,2.411401907656205
5.0,1.0,1.0,-0.7598425738199608,3.2540935389440424
12.0,1.0,1.0,1.3576259080563917,2.969739532637285
0.0,1.0,0.0,-1.04133060551318,1.0318479293804554
4.0,1.0,0.0,0.26951231771668704,1.5478466076204025
3.0,1.0,0.0,1.2188998621678049,1.7424585254917673
2.0,1.0,0.0,0.5761604942208746,0.6756605764892271
2.0,1.0,0.0,-1.075405269815529,2.7244330564019332
1.0,1.0,0.0,-0.09287855325954147,1.6628248539496644
2.0,1.0,0.0,-0.5893970252551048,0.7996255211213944
1.0,1.0,0.0,-0.3524871486240374,0.609904208044439
1.0,1.0,0.0,-1.9339806329685316,2.5380799969053847
1.0,1.0,0.0,-0.7743495179698529,-0.03788961247655642
6.0,1.0,1.0,0.09707133366639811,2.4195463254682044
14.0,1.0,1.0,1.3088156426083142,3.2539272279427354
8.0,1.0,0.0,0.7911310012186125,2.349687445797067
3.0,1.0,0.0,-0.194852167196776,2.4545863481931693
6.0,1.0,0.0,0.5749925440755063,2.433398030631028
5.0,1.0,0.0,0.18257109272553618,1.7862562361204235
8.0,1.0,1.0,-0.26866095126257405,1.9127856757901798
2.0,1.0,1.0,-0.2916801338152924,1.6356720864692835
2.0,1.0,0.0,-0.3462681779213968,2.8303333808699183
5.0,1.0,1.0,-0.251926178378659,3.4524621311137356
2.0,1.0,1.0,0.9442436107422745,2.3570578188089044
14.0,1.0,1.0,0.11403183857474575,4.7510484223011
7.0,1.0,1.0,0.6503833392111491,2.234796460962938
6.0,1.0,0.0,0.6934414212798143,0.4780819386663686
4.0,1.0,0.0,-0.5595289841524649,4.834807797616145
7.0,1.0,0.0,0.7112365089483118,3.1541444804364582
7.0,1.0,0.0,0.026691273755563516,5.41567954164704
11.0,1.0,1.0,0.28664661835730876,2.5352977456601504
3.0,1.0,0.0,-0.8122649013034571,2.2927969246777855
1.0,1.0,0.0,-0.30840887812937745,3.0814351995423723
5.0,1.0,1.0,-0.1338778565334056,3.1789813100954594
8.0,1.0,1.0,0.43971821287886786,2.534393133769205
3.0,1.0,0.0,-1.239338287452307,3.1303586037821547
6.0,1.0,0.0,-0.2561072176347794,3.1166842564824915
6.0,1.0,1.0,0.5332461862130614,2.3393147170121424
2.0,1.0,1.0,-0.15660201936141474,2.0000571798515736
6.0,1.0,1.0,2.002965687201582,-0.3439198074847778
3.0,1.0,1.0,-0.9778830435451186,3.495312011962371
1.0,1.0,1.0,-1.1903343453056818,1.1496358698233164
0.0,1.0,0.0,-1.492104896933455,1.7898878993965195
6.0,1.0,0.0,-0.2745249187589919,3.1259086653455297
14.0,1.0,1.0,0.61036928619665,4.019580285726814
0.0,1.0,0.0,-0.29557397754741377,1.4726891354284444
4.0,1.0,1.0,0.8140157769099956,0.021264951896421636
2.0,1.0,0.0,-0.8683235363394167,2.6360413861078857
7.0,1.0,0.0,2.0947839402314505,0.05673297438567593
5.0,1.0,0.0,0.5611266862246969,2.2041414099326486
6.0,1.0,1.0,0.416532987926573,2.613726434040495
4.0,1.0,1.0,0.46467649807746014,1.6895871174128294
4.0,1.0,1.0,-1.1502236386867342,2.2671420102780924
0.0,1.0,1.0,-0.7040443443725706,1.3788139970536548
3.0,1.0,0.0,0.0690222812174271,3.63201757544179
8.0,1.0,1.0,-0.7297096531544731,2.645000033114486
6.0,1.0,1.0,-0.3684167437273972,3.2084853605291497
2.0,1.0,1.0,0.37015050891358425,1.8745103580954265
6.0,1.0,0.0,0.5322330374638131,2.1933232647949716
2.0,1.0,1.0,-0.2756371642216829,1.9363998547097017
12.0,1.0,1.0,0.9103466191941525,3.0947809260951393
2.0,1.0,1.0,-1.1064274513404444,1.9268119181797092
5.0,1.0,0.0,0.12264455280221531,2.7417373472417106
5.0,1.0,1.0,-0.15255258122234788,2.0156164887547368
4.0,1.0,0.0,-0.16771510045693733,0.6948867253073643
7.0,1.0,1.0,0.42189953844457717,1.8882109265778357
3.0,1.0,0.0,0.11253632031633043,1.371239987353986
6.0,1.0,1.0,0.14685990752640263,2.9475877378217943
8.0,1.0,1.0,0.5547734453717037,2.99387520661863
3.0,1.0,0.0,-0.2568959200378144,2.156526771762471
5.0,1.0,1.0,-0.06380681900006804,1.4770923829919709
1.0,1.0,1.0,0.3352103007774715,-0.09019759852420628
7.0,1.0,1.0,0.8987491033659218,2.4678176727345855
0.0,1.0,1.0,-1.3945466429592601,1.4173705933547986
5.0,1.0,1.0,-0.6040226293525366,2.9686125457305907
3.0,1.0,1.0,0.03352774379357927,1.606876765777848
5.0,1.0,0.0,0.7742342852325169,2.5893626021702763
2.0,1.0,0.0,-0.8429776387934143,3.0913780543217824
4.0,1.0,1.0,0.47742327437881993,2.1049822038025146
6.0,1.0,0.0,-0.7328821904939103,3.6459981882129004
0.0,1.0,1.0,-0.07819898346710288,1.7970554641691425
5.0,1.0,1.0,0.8464258364351525,1.6962729219260833
1.0,1.0,1.0,-0.636166421284337,0.831751062671809
3.0,1.0,1.0,-0.33733117853476213,0.8782203888106241
2.0,1.0,0.0,0.18637004386328831,1.4516092666052414
8.0,1.0,0.0,1.2598655412672035,2.574831301051693
3.0,1.0,1.0,-0.07723833908747904,2.0596570653900983
6.0,1.0,1.0,0.32030000607687986,0.9598654380281214
9.0,1.0,0.0,1.3376356694548073,2.0479995964842193
1.0,1.0,0.0,-0.3718004392135503,2.001548411997275
3.0,1.0,1.0,-0.3071694313427937,0.2930553831254932
2.0,1.0,0.0,-0.12770428359761632,1.4958168028777459
3.0,1.0,0.0,-0.4884931825585442,0.4314366748983405
0.0,1.0,0.0,-0.6478040601204331,-1.0291173848920427
0.0,1.0,0.0,-1.4563926618310996,0.1796380198053411
4.0,1.0,0.0,0.06708241508045909,2.000743488204463
6.0,1.0,1.0,-0.6749017845772156,3.008625232043232
8.0,1.0,0.0,0.3783100579406166,2.70224904676928
1.0,1.0,1.0,-0.5648031830043767,-1.2809420510071599
6.0,1.0,1.0,-0.06843578202001793,3.2490651754870328
3.0,1.0,1.0,-0.8648741723515931,0.9380478933247322
4.0,1.0,1.0,0.5086401319746668,1.4259506422687225
12.0,1.0,1.0,0.54073399196216,3.112294960139702
4.0,1.0,1.0,-2.0700779459097913,1.9095954896402532
5.0,1.0,1.0,0.7984386671629804,1.488003396647481
2.0,1.0,0.0,-0.8631951896480813,2.9586029969979832
2.0,1.0,0.0,0.5294504459847774,1.3045735699186018
12.0,1.0,1.0,0.7532716906341765,3.085996371061337
10.0,1.0,1.0,0.5309929145728955,3.437292241743631
1.0,1.0,0.0,-0.7892268582892897,1.3317076530481904
7.0,1.0,0.0,-0.2163186228480324,4.562677492825438
3.0,1.0,0.0,0.5584843047586783,-0.3041943768237041
2.0,1.0,1.0,-0.40947530814171657,3.109839459847
10.0,1.0,1.0,1.5568142144644612,1.1185421644894091
4.0,1.0,0.0,0.15336305234758518,1.8151962936136063
1.0,1.0,1.0,-0.8071039151842345,0.012982625826494676
3.0,1.0,1.0,-0.06112118061540567,0.8584060764622448
5.0,1.0,1.0,-0.7074469785130891,0.8008964859179695
4.0,1.0,1.0,-0.7408553317427129,1.7529534460081193
2.0,1.0,1.0,0.06432463997640755,1.8612375599599593
8.0,1.0,1.0,0.5140239869892399,1.9377059014172011
4.0,1.0,0.0,-0.01356839572143792,1.0581819614332768
8.0,1.0,1.0,-0.2111856471114738,3.013249275873134
3.0,1.0,0.0,-1.6937681623187284,1.4259965596561768
12.0,1.0,1.0,1.6093239262569357,1.8294604266373538
4.0,1.0,0.0,-0.3905765123716036,2.9289920866066788
7.0,1.0,0.0,-0.2866047454442826,4.943531762800056
5.0,1.0,1.0,-0.20188187162727525,1.7661932227310395
6.0,1.0,1.0,-0.4253653825786695,2.4790820619696428
7.0,1.0,1.0,0.7864524097962008,1.6230991008706486
9.0,1.0,1.0,0.2376557707365698,4.432111433968103
1.0,1.0,1.0,-0.34158330634882744,3.374441598648702
8.0,1.0,0.0,-0.36241326378260624,4.033452846760962
3.0,1.0,1.0,1.0796094375371268,2.206078904690028
21.0,1.0,1.0,1.6621655324349836,4.655313018529101
4.0,1.0,0.0,-0.1114584398920716,2.0511307356145636
5.0,1.0,0.0,-0.9869619337545947,4.583054764890035
6.0,1.0,0.0,0.6682082930524245,1.570717879041055
3.0,1.0,0.0,-0.44479035211407836,2.217997986508344
7.0,1.0,1.0,-0.2222575072156375,4.006201005544016
14.0,1.0,1.0,2.143045094917168,2.0954075748942955
4.0,1.0,0.0,0.1662025168062186,2.081228538791887
1.0,1.0,1.0,-0.5490410044539709,0.4068134225912283
2.0,1.0,0.0,0.28824299034356704,3.2168471472282953
6.0,1.0,0.0,0.2763594777633013,2.5057611282645174
4.0,1.0,0.0,0.5540164869284228,2.85354271879872
1.0,1.0,0.0,-0.3568705268129664,3.062295540674943
10.0,1.0,1.0,-0.30420991256403557,3.567279910214844
3.0,1.0,1.0,0.21251478170807414,1.122574450650428
8.0,1.0,0.0,0.6748551072839244,2.466844454911484
2.0,1.0,1.0,0.09524193548763688,1.178891368402774
3.0,1.0,1.0,-0.4810031094936357,1.5486795457006708
11.0,1.0,1.0,-0.05636187459582365,3.2586235172553635
7.0,1.0,1.0,-0.1664349192016894,1.5532417084723198
19.0,1.0,1.0,1.4354661795300552,3.6759524641699954
4.0,1.0,0.0,-0.03443308703414988,2.9458804108647145
5.0,1.0,1.0,0.5824825012200808,0.5100076406815288
12.0,1.0,0.0,0.4536355384353119,2.0434178215727217
2.0,1.0,0.0,-0.9683188109655078,1.2875174304884314
3.0,1.0,0.0,0.6194014597206307,1.563792413647096
2.0,1.0,1.0,-0.5963360747437403,0.8355255336854917
5.0,1.0,0.0,0.7509487325113435,1.6665874483915308
2.0,1.0,0.0,-0.04188535181659253,0.35761875424938383
5.0,1.0,1.0,-0.3201820039919458,3.1657796674212273
6.0,1.0,0.0,-0.04847925921946328,1.5897681568101365
1.0,1.0,1.0,-0.7744085107482914,-0.36899357544689915
4.0,1.0,1.0,0.14597123714570323,1.9548654995201964
8.0,1.0,1.0,-0.3309996336972213,4.088014031120286
2.0,1.0,0.0,-1.81939392327097,1.286481563965522
2.0,1.0,0.0,-1.2571467217606045,3.1677841498363826
6.0,1.0,1.0,-0.7194603773439597,2.1671035440202444
3.0,1.0,0.0,-0.08123924864997001,1.116407532145542
0.0,1.0,0.0,-0.27975232220462487,1.1265527218080593
4.0,1.0,1.0,-0.168035946391214,2.0256417415780015
2.0,1.0,1.0,-0.6346208526726349,2.0031721342260913
2.0,1.0,0.0,-1.7399555860291798,3.0953362805211952
2.0,1.0,0.0,0.01669057998851525,0.47321061264946884
3.0,1.0,1.0,0.4268714922759753,1.9572500824425083
9.0,1.0,1.0,1.7886713866626118,1.1951765065520963
2.0,1.0,0.0,-0.4115419917534128,3.2352126208012004
3.0,1.0,0.0,-0.31577845565726614,2.9252894465487067
1.0,1.0,1.0,-1.1227144433618879,2.315155717076392
1.0,1.0,1.0,-0.586566076765805,2.700914974325688
2.0,1.0,1.0,-0.7778850265284336,1.027686711748805
8.0,1.0,0.0,0.7161954839041818,2.633264374526634
3.0,1.0,1.0,0.31631316410798765,3.757085163057945
0.0,1.0,0.0,-0.2599280122108828,2.2316518087489996
2.0,1.0,1.0,-0.34668266663890446,2.0120543603801067
3.0,1.0,0.0,-0.03423885974558842,3.9726676955972424
11.0,1.0,1.0,1.6532137235320208,2.3151754677484777
6.0,1.0,1.0,0.2752056507679417,1.897613115713451
2.0,1.0,0.0,0.3671473405487097,0.7672775870104211
20.0,1.0,1.0,1.8264635611103486,2.563318784878743
13.0,1.0,1.0,1.9621629590072607,2.402027896184087
6.0,1.0,1.0,-0.012736176252534481,3.6752195719842
7.0,1.0,1.0,-0.8824141823544814,3.240919854460043
6.0,1.0,0.0,-0.39853415859014774,1.3875774888416141
7.0,1.0,1.0,0.35077391359325794,1.9705473104482953
4.0,1.0,1.0,0.7991822191816066,-1.249101423147723
3.0,1.0,0.0,-1.5488246121309246,2.868585756392334
11.0,1.0,1.0,0.8229688088517708,3.3712911267469883
3.0,1.0,0.0,0.3497784124257346,2.7302252926120167
5.0,1.0,1.0,-0.05477619751680521,0.7068244078579495
4.0,1.0,1.0,-0.6465428538114424,1.586304711508706
0.0,1.0,0.0,-0.8949754347099399,-0.37061709563281764
2.0,1.0,1.0,-0.749322163269536,1.617058521983508
4.0,1.0,1.0,-1.1709392900793179,0.8003621091001885
2.0,1.0,0.0,-0.14790677566458985,2.5556076908117693
3.0,1.0,1.0,0.04293548872633557,1.0178944527287297
5.0,1.0,1.0,0.513292723268688,0.7261164746063045
4.0,1.0,1.0,-0.5232510965169808,3.196956871561069
16.0,1.0,1.0,1.5634765742596477,4.593483686232649
4.0,1.0,1.0,-1.2331295663954247,1.655475646639825
3.0,1.0,1.0,0.5732207502776943,1.751499274111411
4.0,1.0,0.0,-0.6248778935419604,2.554086738216988
5.0,1.0,1.0,-0.9865010752820539,3.44766465054456
9.0,1.0,1.0,0.19192212196073757,3.739352621838565
8.0,1.0,1.0,-0.15608123181569872,1.179311380388521
3.0,1.0,0.0,1.0626531379766357,2.6200034603229305
12.0,1.0,1.0,0.44007573408144024,3.6838087411784333
5.0,1.0,1.0,-0.8501213060612721,2.8296483182007255
12.0,1.0,0.0,1.238296262799143,4.295638756989411
1.0,1.0,0.0,-1.4115685721849702,0.9608002568219284
4.0,1.0,1.0,0.3386494620756454,2.073746174998054
1.0,1.0,0.0,0.03370841422754952,1.0332134262727952
2.0,1.0,0.0,0.858859388160333,0.5411776574329901
4.0,1.0,1.0,0.28099101593411513,0.39088163668056186
0.0,1.0,0.0,-0.713803004838444,1.7063866290000183
6.0,1.0,0.0,1.1294457327849072,2.1284999725717384
2.0,1.0,1.0,-1.4535368443487864,3.0832618660283764
4.0,1.0,1.0,-1.5722329420367487,3.709308497261978
0.0,1.0,0.0,-1.794521947548593,-0.3996658407499356
7.0,1.0,1.0,1.085902883622333,2.6929529050389247
7.0,1.0,1.0,1.227389265063277,1.1648016031127622
3.0,1.0,1.0,-0.3777988642874521,1.0101931782307625
6.0,1.0,1.0,-0.3385497140083008,0.94100043453673
3.0,1.0,0.0,0.08067755318293462,2.3934326311200866
2.0,1.0,0.0,-0.7864900234894376,1.356236210164849
2.0,1.0,0.0,-0.4272599407647209,1.8065654116717518
8.0,1.0,0.0,0.9586197531306755,3.51540449359261
4.0,1.0,1.0,-0.03181546045727316,3.04792491215861
9.0,1.0,1.0,0.7279851911044177,4.2107873525350215
10.0,1.0,1.0,0.39144143748996263,3.076346423449728
2.0,1.0,0.0,1.1082826220500857,0.7198482722285808
0.0,1.0,1.0,-0.03388155092619122,2.4654591469460376
12.0,1.0,0.0,0.711911807262392,3.7912367400727804
5.0,1.0,1.0,-0.48862939281070417,2.626948378330817
6.0,1.0,0.0,0.03540299093433086,2.677481596842706
1.0,1.0,1.0,-0.3831261578088463,1.4555341324341005
2.0,1.0,1.0,-0.08277118131020478,4.094244659691102
4.0,1.0,0.0,0.6744459093598728,1.1112085995777752
6.0,1.0,0.0,-0.31316103294852954,2.113161413731846
0.0,1.0,1.0,-0.44548184780188227,0.645481714347726
6.0,1.0,0.0,-0.3343123446888528,2.765593724806388
0.0,1.0,1.0,0.08411299186177254,-1.0498775692114024
3.0,1.0,0.0,-0.22946546522331274,0.7698443557053947
1.0,1.0,0.0,-1.3727031153046376,1.7269734161680907
3.0,1.0,0.0,0.4460638238348086,1.7796896911108324
6.0,1.0,0.0,0.7713159440879823,3.7352840461067736
0.0,1.0,1.0,-0.725486188139874,-0.7128956112232014
4.0,1.0,0.0,-1.345126965048702,2.691733186185267
2.0,1.0,0.0,1.2177635658696688,0.9438888355606365
4.0,1.0,1.0,0.5539570401363079,2.943963981544591
6.0,1.0,1.0,0.07882028304538295,1.0061249471082996
3.0,1.0,0.0,-0.40048916958661024,1.6791890020286253
2.0,1.0,0.0,-0.7062535713099068,2.5110273357674067
8.0,1.0,0.0,0.3881892093224351,4.185766005037705
3.0,1.0,1.0,-1.3078067716310675,0.3259904010001713
1.0,1.0,0.0,-0.7811078219287971,2.0251341713423807
3.0,1.0,0.0,0.05439174374924735,2.983575737905566
4.0,1.0,0.0,0.4755088205515952,2.1874028564353094
3.0,1.0,0.0,-1.438106627125971,3.415397446261797
0.0,1.0,1.0,-0.4641095793122284,1.2490718781537178
7.0,1.0,1.0,0.06971462831817052,2.624996074696022
3.0,1.0,0.0,-0.7425167908119074,1.4531664186478146
20.0,1.0,1.0,1.080720254225163,3.975043664181058
2.0,1.0,0.0,1.1887229532279298,-0.23993254447684897
0.0,1.0,0.0,-1.502374510400051,0.5336810067080677
2.0,1.0,0.0,-0.49862321396546694,3.1377127948931536
2.0,1.0,1.0,-1.3801337355120569,0.7562339299182179
7.0,1.0,1.0,0.39684148710399064,1.6990601344428926
3.0,1.0,1.0,0.061413618280594724,0.985421964734014
5.0,1.0,0.0,1.6993430272247108,2.8144743493699798
0.0,1.0,0.0,-1.2190691635354916,1.4235402785387354
6.0,1.0,0.0,0.7618449621123194,0.7598040829868709
4.0,1.0,1.0,-0.1615186048299702,3.518469611484412
5.0,1.0,1.0,1.1413215217550061,1.0787481301180895
11.0,1.0,1.0,0.6639459993384182,2.4894431037330182
7.0,1.0,0.0,-0.40788119226645825,3.074775810755039
1.0,1.0,1.0,-0.41151711547100434,1.6580121555508882
7.0,1.0,0.0,0.341714654659732,3.4346465899605882
7.0,1.0,0.0,-0.06807925058825345,3.211826237765938
10.0,1.0,1.0,0.4358752011977791,4.013721557194147
1.0,1.0,0.0,-0.5974166894842737,0.4961677176696542
2.0,1.0,1.0,0.7556872972091234,-1.3804846435218006
8.0,1.0,1.0,1.2761629785102677,2.0238762130556807
0.0,1.0,0.0,-1.6164895405217616,0.9731692364428776
6.0,1.0,1.0,0.3941558454088746,1.0553012303301519
4.0,1.0,0.0,-0.35078841679859973,3.1857998556050435
5.0,1.0,0.0,0.05234893182898616,1.6580120193788148
3.0,1.0,0.0,0.2107401168396804,0.7702507995588808
5.0,1.0,1.0,-0.3198214593953401,2.034242448587969
6.0,1.0,1.0,-0.4310094912537655,3.2859154994262223
1.0,1.0,0.0,-1.047038133095638,-0.07395593074946993
1.0,1.0,0.0,-0.9814718731051595,1.202691272295688
4.0,1.0,0.0,0.12351702051481905,2.8599627590408723
6.0,1.0,1.0,-0.5429049181839712,3.493715209633197
3.0,1.0,1.0,-0.3068484460825147,0.34199796952653116
1.0,1.0,0.0,0.2872847821036806,-0.23625323848659496
1.0,1.0,0.0,-2.3559984757704635,2.660465319962445
2.0,1.0,1.0,0.29184771430743667,0.14457403992543627
11.0,1.0,1.0,0.4096637388136502,3.009860509765812
1.0,1.0,1.0,-0.11815468333371074,1.523586285178819
1.0,1.0,0.0,-0.4438987604671296,0.4836067622060003
2.0,1.0,1.0,0.210915739329807,1.319207224427947
1.0,1.0,1.0,0.6606573816675768,1.1920946236369339
3.0,1.0,0.0,0.3502753592740804,2.74919808558433
5.0,1.0,0.0,-0.6821699218620403,2.9245775444350937
2.0,1.0,1.0,0.0025470304749551365,1.7867388713200352
3.0,1.0,1.0,-0.4988531720457546,2.536574564891514
1.0,1.0,0.0,0.04760252217585931,-1.8531950575568668
0.0,1.0,0.0,-0.18410647928770624,0.8779971835678921
4.0,1.0,0.0,-0.426136273439815,3.344969499807262
2.0,1.0,1.0,0.07911460480018875,0.7565505999037501
3.0,1.0,1.0,-1.140788682947884,2.946783115653525
7.0,1.0,1.0,-0.19158705991061797,2.552286515284561
3.0,1.0,0.0,1.0025781215952803,1.7882672603772984
1.0,1.0,1.0,1.139921711992171,0.6889555878982763
3.0,1.0,1.0,-0.88133021438527,0.674955604313255
7.0,1.0,1.0,0.0009092139012618072,2.324739110594861
6.0,1.0,0.0,-0.11716756669665065,3.0473196134288054
6.0,1.0,1.0,0.06266321089783068,0.8720962658498717
7.0,1.0,0.0,0.7864749347945594,1.977187566458666
3.0,1.0,1.0,0.3141029739848286,2.488546927660305
3.0,1.0,1.0,0.28818228770582305,1.2890620640953556
1.0,1.0,0.0,-0.4652191869669981,3.3240278142854307
1.0,1.0,0.0,-0.3190964894196334,1.9214387428204027
3.0,1.0,0.0,0.674338569594661,1.7388705892446912
3.0,1.0,0.0,-0.29537739532262275,1.6647669509965564
20.0,1.0,1.0,1.8314858781664545,3.6111001205823863
5.0,1.0,0.0,-0.6487658987095548,1.7933461297496809
6.0,1.0,1.0,0.259905895577601,1.82454500802857
5.0,1.0,0.0,-0.5409227111707536,1.9005552609338814
0.0,1.0,0.0,-0.38789935828397176,1.6125547244460552
4.0,1.0,0.0,-0.011129632851753807,0.08045917110838285
1.0,1.0,1.0,-0.7842033496545766,1.3734863813905167
8.0,1.0,1.0,0.38657746508240654,3.0001726066702856
7.0,1.0,1.0,2.1754693066984494,1.7310662193077673
1.0,1.0,0.0,-1.0173821605143214,1.9233187120579012
8.0,1.0,1.0,0.681981027086983,2.1818690272087706
1.0,1.0,0.0,-1.4444343493063934,1.0201948333607236
4.0,1.0,1.0,-0.030469149439843607,1.1370711651903727
9.0,1.0,1.0,0.36529569972618425,4.007196698410327
13.0,1.0,0.0,1.1104015092633737,3.8579348715724344
1.0,1.0,0.0,0.12385939482161128,1.4915848749417395
2.0,1.0,0.0,-0.16335870992204699,0.07817461241530843
3.0,1.0,0.0,0.19614298195456245,1.3163415718144988
7.0,1.0,0.0,-0.6731116337144372,1.8107582668029298
9.0,1.0,0.0,-0.06775311571323223,3.6950485860535087
4.0,1.0,1.0,0.2679719278345495,2.1695162152513796
3.0,1.0,0.0,0.45057567748616956,1.2867747310967994
2.0,1.0,0.0,0.16758687696207078,1.3097329911547806
6.0,1.0,0.0,1.9385762348949884,0.9146864001022814
5.0,1.0,0.0,0.33547911715022205,0.40240074749647303
2.0,1.0,1.0,-0.4206652368846951,2.097596964417037
15.0,1.0,1.0,1.3218563915051684,3.1986740208783733
4.0,1.0,1.0,-0.733716353267505,1.9943624054071176
10.0,1.0,0.0,0.21732012728664252,3.7026122917385553
8.0,1.0,1.0,0.8456832554032254,2.510830027430762
5.0,1.0,1.0,-0.0913642756333958,4.164499100054607
2.0,1.0,0.0,-0.6002107722695211,2.1594885561550266
2.0,1.0,1.0,0.21702745420047126,1.0297464665982554
2.0,1.0,0.0,-0.45037590169485214,1.9576054960597238
5.0,1.0,0.0,0.5386758048871265,0.7294355554184104
2.0,1.0,1.0,-1.0288849531027306,1.660553585497312
1.0,1.0,0.0,-1.116262840226642,1.7556665913092708
11.0,1.0,1.0,0.9360807906215927,2.0384526018142606
3.0,1.0,0.0,-0.7356632062050397,4.038803154767148
5.0,1.0,1.0,-0.3476375042039324,2.1557930236220773
1.0,1.0,0.0,-1.1112016707684083,1.281936614740537
5.0,1.0,0.0,0.7085949988115436,1.0913504356940449
3.0,1.0,1.0,0.8414296153738593,1.084398998181098
1.0,1.0,1.0,-0.4314864815068174,-0.46141644317377306
2.0,1.0,0.0,-0.9059128005568032,1.18767978176365
10.0,1.0,1.0,1.07584367292368,1.645109909633193
5.0,1.0,0.0,0.3318247098114759,1.5447019646719709
13.0,1.0,1.0,-0.8058181760501243,6.100184485884802
1.0,1.0,0.0,-1.9121684837958144,2.6784310201402786
13.0,1.0,0.0,0.9432201057555565,4.229148467274975
10.0,1.0,1.0,1.1613086574045588,0.7830324399543234
10.0,1.0,1.0,0.4366712726409161,2.299365507092481
6.0,1.0,0.0,0.8329011866252523,2.7826688434729636
3.0,1.0,1.0,-0.5444890251556801,2.2895214082641404
1.0,1.0,0.0,-1.164032367421609,2.353366075618752
5.0,1.0,1.0,0.17172011862222095,1.3323582609272864
11.0,1.0,1.0,0.9171178393347339,3.015274535233044
13.0,1.0,1.0,2.073887918509306,2.1009898482749887
1.0,1.0,1.0,-0.5213868848921238,0.796394580298724
2.0,1.0,0.0,-0.6960451744921939,2.629987523057716
1.0,1.0,0.0,-1.0095037003230116,1.8485947448156779
4.0,1.0,1.0,-1.5685329068286487,1.9208233051251205
5.0,1.0,0.0,-0.738158176902085,2.4444816075965043
5.0,1.0,0.0,1.0295153305815443,2.3280756877553053
1.0,1.0,0.0,-2.0439317207659835,1.1569520181300348
10.0,1.0,1.0,-0.009167177123902165,2.4071388405289103
2.0,1.0,0.0,-0.6286023155753843,3.476433167397432
5.0,1.0,0.0,0.451697849636892,0.11201704282240099
0.0,1.0,0.0,-1.2972661860248138,-0.8180175744419209
23.0,1.0,1.0,1.595749341566527,2.004615295002732
0.0,1.0,0.0,-0.5877635972208127,-0.7551319753309937
2.0,1.0,1.0,0.35074520973344003,0.8294678091169985
3.0,1.0,0.0,-1.0989368926909435,0.4791475060598551
2.0,1.0,1.0,0.4902056171312675,2.0308177680222226
5.0,1.0,1.0,-0.07939283314639847,2.788321364072277
5.0,1.0,1.0,-1.485814389781121,5.282777286554202
4.0,1.0,1.0,0.410699391276508,1.1224915340528603
3.0,1.0,1.0,0.3474284983259157,2.0083995850789016
4.0,1.0,1.0,0.3345570849619869,0.8922533314575052
3.0,1.0,1.0,0.6566000750938451,2.7351666905131378
1.0,1.0,1.0,0.1639438107244596,0.552486586819465
6.0,1.0,1.0,0.3193455544295628,3.0245637727343513
5.0,1.0,0.0,0.1604600459494367,0.9819628868152137
2.0,1.0,0.0,-0.45727106120791955,0.17526620230379208
2.0,1.0,0.0,-0.25857217842474284,2.953757529284215
9.0,1.0,1.0,0.3158438850242161,2.573890582599337
5.0,1.0,1.0,-0.8796621977010974,1.7553205221096446
3.0,1.0,0.0,-0.8207332080145674,2.801723953708196
1.0,1.0,0.0,-1.7288786751889424,0.35374914276863567
2.0,1.0,0.0,0.022909810063683242,1.2321089699372543
0.0,1.0,1.0,-0.1453281045037677,0.6760049837713866
7.0,1.0,0.0,-0.09163059789933446,0.9507789999053523
1.0,1.0,0.0,1.4381396557049824,0.019178716276220253
2.0,1.0,0.0,-0.802133511017761,3.425810787333302
4.0,1.0,0.0,0.22532617892750423,0.8144288208751853
6.0,1.0,0.0,1.1315536194292688,1.8230035247564875
6.0,1.0,1.0,0.8936706727738061,3.321502544270352
4.0,1.0,1.0,-0.04439158553019035,3.1636784026440505
8.0,1.0,1.0,0.2866308010073469,5.140747676677576
2.0,1.0,0.0,-0.4303342661194968,2.2853407928519376
1.0,1.0,0.0,-0.7177474522495623,-0.9750622019703461
5.0,1.0,0.0,0.40749136266928865,2.494862861425803
5.0,1.0,0.0,-0.31602732490222074,-0.29101781207072364
5.0,1.0,0.0,-0.23898218112893854,3.603818365457111
4.0,1.0,1.0,0.06233052951359688,1.9092055008241644
0.0,1.0,0.0,0.30935974155438817,0.940760263349863
5.0,1.0,0.0,1.1611159824328845,1.8431947305905614
4.0,1.0,1.0,0.9886560037651375,1.665799694137608
5.0,1.0,1.0,-0.06581476844100045,3.1213881352569057
2.0,1.0,0.0,-1.0093841520820679,2.835973159569425
9.0,1.0,0.0,1.803055978912483,2.6024204647224045
9.0,1.0,1.0,0.06281218027832455,2.0438764547604977
4.0,1.0,0.0,0.7432850442699303,1.4961986099728348
7.0,1.0,1.0,0.5701253155443189,3.031424783564468
0.0,1.0,1.0,-1.0301099376176555,1.35612935212302
1.0,1.0,1.0,0.09922072868378345,1.032005127062606
4.0,1.0,1.0,0.4537294990723786,-0.3990718496422696
3.0,1.0,0.0,-0.6513663254211471,2.6264191538282526
1.0,1.0,0.0,-0.49590576725032764,2.0000637381591972
7.0,1.0,1.0,0.7013240741216551,-0.6045050451472456
5.0,1.0,0.0,0.10689144831517755,1.4559023940696085
1.0,1.0,0.0,-0.027256035141943927,1.10022419973191
6.0,1.0,0.0,0.9003232538592992,2.601222765426443
9.0,1.0,1.0,1.2333919505819873,1.9442161914701042
3.0,1.0,1.0,-0.8270799105127753,3.2098495952084316
0.0,1.0,1.0,-0.3982048314977106,1.1778334342030965
3.0,1.0,0.0,-0.7003619391167089,2.642599599410015
29.0,1.0,1.0,1.7844846745662557,6.490797235206495
1.0,1.0,0.0,-1.275105212578554,0.5346817130345916
0.0,1.0,0.0,0.8265186341143982,1.2225455812366075
6.0,1.0,1.0,0.812571329638551,0.32122654620951163
7.0,1.0,0.0,-1.0540661073542255,5.677446496234166
20.0,1.0,1.0,1.789582827738088,3.41331428068188
21.0,1.0,1.0,0.5126488715130395,4.601545762223841
3.0,1.0,1.0,0.2333218257616697,2.6030859002250835
4.0,1.0,0.0,0.22011610103372314,1.2230466893803813
1.0,1.0,0.0,0.6404168226099232,0.8194993424500379
6.0,1.0,0.0,-0.6587126207271627,3.822372615124446
7.0,1.0,1.0,1.0395466229586279,0.27127434477710866
5.0,1.0,0.0,0.18691974748074225,1.498356952861923
5.0,1.0,1.0,0.009556576914459082,1.37656177215679
5.0,1.0,1.0,-0.7805209842882501,1.9795951396626625
2.0,1.0,0.0,-0.15157259602524253,0.5905082178826349
0.0,1.0,1.0,-1.2263108322325766,-0.3113212498630624
11.0,1.0,0.0,0.4645504261137288,3.9324484601674277
4.0,1.0,1.0,-0.684658619723451,3.3503138923103104
2.0,1.0,0.0,-1.1926126670975827,3.386710787307099
8.0,1.0,0.0,1.0011415448371144,4.168300371198336
5.0,1.0,1.0,0.19767446847613918,2.2506320794712873
4.0,1.0,0.0,0.6535913249421577,2.233176881765204
3.0,1.0,1.0,-0.7697253987385771,1.388785739207398
6.0,1.0,0.0,-0.6085578115823291,4.564650002574594
1.0,1.0,0.0,-0.6489031461576256,-0.5827327038293162
4.0,1.0,0.0,0.17290106241662337,2.445967418999832
17.0,1.0,1.0,0.3849201357707106,5.375407823914818
0.0,1.0,0.0,-0.6934450034906094,0.7832058433731106
5.0,1.0,0.0,0.4070507471351477,2.3458458929932835
4.0,1.0,1.0,-0.8936994272299804,3.752382711551626
0.0,1.0,0.0,-1.8841993943070259,0.1991579055430288
4.0,1.0,1.0,0.20784768937019937,2.260592233680072
11.0,1.0,1.0,-0.33629138275035214,4.5209907585226325
2.0,1.0,1.0,0.2019616308516416,1.0689322948995523
3.0,1.0,0.0,0.882182526420147,0.9540272538172054
9.0,1.0,1.0,0.9581459480849536,1.52061527220524
8.0,1.0,1.0,0.2423945682498602,2.1823464732717444
5.0,1.0,0.0,0.20287611713394774,2.4436274861725793
7.0,1.0,0.0,1.2861179266105758,1.5351746388774532
2.0,1.0,0.0,0.986814467252753,-0.12852646482865704
0.0,1.0,0.0,-2.381772090291609,2.418317747526049
5.0,1.0,1.0,0.36644023256262637,1.6407697961478342
4.0,1.0,0.0,-0.11614337525200734,2.637301649811828
6.0,1.0,0.0,-0.3436883638516462,1.195884243662149
1.0,1.0,0.0,-0.6391486189033597,2.3257874685724818
8.0,1.0,1.0,0.6803659773411814,2.5255866119106702
2.0,1.0,0.0,-0.211811771837411,0.7351549951881815
9.0,1.0,1.0,-0.20979400815619198,2.906012001001012
2.0,1.0,0.0,-0.20155648658878067,3.3792795260273625
13.0,1.0,0.0,1.907727111722385,3.364392071363011
3.0,1.0,1.0,0.06002793855273211,1.5395293657108078
2.0,1.0,1.0,0.9877172641867804,1.386124715429383
5.0,1.0,1.0,-0.7330390332234019,1.737292302209323
5.0,1.0,1.0,-0.30615878721030443,1.743936509165375
5.0,1.0,1.0,-0.018039881148291626,3.168502283763495
2.0,1.0,0.0,-0.401192046085842,0.5588544989485638
3.0,1.0,1.0,0.18525467697546605,2.472316366991539
1.0,1.0,0.0,-1.2065500097640423,1.0717165493879466
1.0,1.0,0.0,-1.533941680676546,0.25102813806653224
1.0,1.0,1.0,0.45119476146437565,0.7477063190167734
3.0,1.0,1.0,-0.1912592260585117,0.8638125981482454
1.0,1.0,1.0,-0.1587935539031498,2.323627245871878
5.0,1.0,1.0,-0.02929276332027886,2.997885858142189
3.0,1.0,0.0,0.8099544878986408,2.130593395217434
4.0,1.0,0.0,-1.2093647977999167,3.693775253129575
10.0,1.0,1.0,0.4331805672055318,2.599413308840739
6.0,1.0,1.0,-0.23112619862700468,4.771031864465124
3.0,1.0,1.0,0.2485964347069425,-0.13870462623234392
1.0,1.0,1.0,-0.9448808364071541,1.0767938072989756
13.0,1.0,1.0,0.5003972518414245,3.93859485203014
4.0,1.0,1.0,1.1689633852711543,1.169308907667386
14.0,1.0,1.0,1.0007489283554811,3.976500990302551
7.0,1.0,1.0,-1.1537270375504523,2.2156974856741813
2.0,1.0,1.0,-2.2594579663431844,-0.664265396584867
3.0,1.0,0.0,0.16465777870197473,1.3172982591858533
3.0,1.0,1.0,-0.8940130959599033,2.2191235062815657
13.0,1.0,0.0,0.487684086357112,4.219113791297728
5.0,1.0,1.0,1.4062002553893507,2.5253089198681073
8.0,1.0,1.0,0.8651104311990969,2.234531958630337
5.0,1.0,1.0,-0.46822946655271774,3.875140133520243
1.0,1.0,0.0,-0.2616500760301407,-0.019886687083973342
1.0,1.0,0.0,0.2565391949829797,-1.4708909190344095
6.0,1.0,0.0,-0.31127403087028993,2.4616615124164034
4.0,1.0,1.0,-0.6813930287140039,0.4899026881501627
6.0,1.0,0.0,0.006000590285646302,1.7369354390516316
5.0,1.0,1.0,-0.11734859606817524,2.38628780545952
3.0,1.0,1.0,-0.04384076554973532,1.3604565729572955
1.0,1.0,0.0,-0.7237604744393573,0.8877518548384664
11.0,1.0,0.0,0.8781798471026572,3.3636675297213166
4.0,1.0,1.0,0.48264275026772835,3.697460203870978
2.0,1.0,0.0,-1.983000546650613,1.6257571080474869
5.0,1.0,1.0,0.9094782386105884,1.765930415625825
0.0,1.0,0.0,-1.3753077021726678,-0.6609134293203778
5.0,1.0,0.0,0.16293244112932556,2.5155588026163613
2.0,1.0,0.0,-0.24435140002972952,1.7584325439831625
2.0,1.0,1.0,-0.10312275584804553,2.2728355954545947
2.0,1.0,1.0,-0.9911502051517873,2.937580191221657
10.0,1.0,1.0,0.8831336871339917,3.3983941609668724
2.0,1.0,1.0,1.013290013586058,1.7153816234050314
7.0,1.0,1.0,0.8999648618624535,2.2352647522452576
0.0,1.0,1.0,0.129527914550035,2.0640074973939364
0.0,1.0,1.0,-1.287294116765143,0.3227029055394197
5.0,1.0,1.0,1.0503273270436373,0.3069770434877115
2.0,1.0,1.0,0.7757291347516213,0.5502997725775578
2.0,1.0,0.0,0.7140549707384225,-0.3707602829304011
3.0,1.0,0.0,-0.06527133021321582,0.39417702753338846
13.0,1.0,1.0,0.13482668024974287,4.148111767319481
5.0,1.0,0.0,0.5107251382555628,2.904557314694901
6.0,1.0,0.0,0.1333110304548671,2.758170609012445
3.0,1.0,0.0,-1.0402547966588673,1.307599359965181
7.0,1.0,0.0,0.7792494118884636,3.0563127518244553
4.0,1.0,1.0,-0.7094478376085733,2.9591318322067255
2.0,1.0,0.0,-0.9363955746928734,2.793161422271364
7.0,1.0,1.0,-0.7061168123223259,4.3407899012731574
3.0,1.0,0.0,-0.04283886178244517,1.3952696195279761
16.0,1.0,1.0,1.3847641015297552,2.34472676792654
3.0,1.0,0.0,0.8293067321647947,1.5432845738830478
9.0,1.0,0.0,0.44132496473809013,3.5398984747180386
20.0,1.0,1.0,0.44321034471426624,4.635917029162499
8.0,1.0,0.0,0.22828938351676265,3.212963466800284
0.0,1.0,0.0,-0.9304876226844218,-0.7052954056114813
8.0,1.0,1.0,0.2964314815447556,3.5544593261216484
4.0,1.0,0.0,1.1941089853271092,0.32610637105577767
1.0,1.0,1.0,-1.1431962326285257,1.6500430097001952
3.0,1.0,0.0,0.5680172849802496,1.585447660497693
5.0,1.0,1.0,-1.3446936825207945,3.6749626218360403
3.0,1.0,0.0,-0.6687904256198689,2.5146116194587096
2.0,1.0,0.0,-0.20682226150612265,2.456137112743287
1.0,1.0,0.0,-0.4401691662780392,1.820859432575488
7.0,1.0,1.0,-0.3276809196801311,3.94008130636872
8.0,1.0,0.0,1.5544537215594225,1.7416151333278496
4.0,1.0,0.0,-0.3739219397703091,3.0592176586774533
0.0,1.0,0.0,1.2494571051050976,-1.5675761313414518
11.0,1.0,1.0,-0.07060381547094174,2.919938556076871
29.0,1.0,1.0,1.8986772256555249,3.963622417584202
13.0,1.0,0.0,0.6578365165110365,4.097252931999543
1.0,1.0,0.0,-0.33429851744922623,0.12339127379412518
6.0,1.0,0.0,1.296659321947756,1.4902196344833976
17.0,1.0,1.0,1.9665150302822472,2.629722486950448
4.0,1.0,1.0,0.3708528464275539,2.0858304452093526
1.0,1.0,1.0,0.24418240218046688,-1.7770182526491722
1.0,1.0,0.0,-1.4923153943828753,0.6326417275439256
4.0,1.0,1.0,0.5329464736991705,2.280837980954827
1.0,1.0,0.0,-0.22605818927064195,1.6260198231683083
4.0,1.0,0.0,1.283340913196413,1.8209550762504523
5.0,1.0,1.0,0.05539006579947703,1.265239500425732
12.0,1.0,0.0,1.9273587908522525,3.6236912972748705
4.0,1.0,0.0,-0.373032331746984,0.9484960236619362
3.0,1.0,1.0,-1.0277490790827055,2.8472167471627245
5.0,1.0,1.0,0.40176287176357967,1.0397061874002258
6.0,1.0,0.0,0.3749353330061785,2.2269906213070745
11.0,1.0,1.0,1.7257771857018191,1.3774172967918534
13.0,1.0,1.0,1.3080223055709896,2.276185204023065
1.0,1.0,0.0,-1.3848834380258077,3.6501173345472395
1.0,1.0,0.0,-0.1595792240830266,2.567420729639247
1.0,1.0,0.0,0.21366007147890223,1.804013011787463
7.0,1.0,0.0,1.2174398480455966,2.215136530850886
7.0,1.0,1.0,-0.6488790744755571,3.5813720299435134
2.0,1.0,0.0,0.5058697128714851,1.3815917516733798
1.0,1.0,0.0,-1.4987196567963352,1.085420268376331
0.0,1.0,0.0,0.1634989033990472,1.421334841573025
1.0,1.0,1.0,-0.5397394754286478,-0.09642223849335352
11.0,1.0,0.0,1.0138565844432816,4.0851293199065175
5.0,1.0,1.0,0.9063449075355541,1.1621377610879364
2.0,1.0,1.0,-1.3676835914123187,1.8943115343154515
1.0,1.0,0.0,0.10354898603646112,-0.38395107547453344
2.0,1.0,1.0,-0.6727738618212805,3.516788480554272
4.0,1.0,0.0,-0.3306587370520244,2.5258144883349067
8.0,1.0,1.0,-0.10077670839259412,3.665565381202991
1.0,1.0,0.0,-0.2966255595864779,1.481987818226792
1.0,1.0,1.0,-0.2223855768521597,1.3766056583900275
1.0,1.0,0.0,0.39000256452144777,-0.16037198219220072
4.0,1.0,0.0,1.2138297086180763,1.0273403427706436
3.0,1.0,1.0,0.15521883945748877,1.6123274027133685
8.0,1.0,1.0,0.44141845955407694,1.9478550897364832
7.0,1.0,1.0,-0.38666923030370376,4.944235145445195
7.0,1.0,1.0,-0.46741151429151523,2.970514989536949
1.0,1.0,0.0,-0.4185262466969263,1.73358119062404
3.0,1.0,1.0,0.5224527820193349,-1.723940034871473
4.0,1.0,0.0,1.1635006260132494,-0.1941508655884565
1.0,1.0,0.0,0.07317564352556671,0.27640244478567677
3.0,1.0,0.0,-0.5094293839903111,1.881965173373482
4.0,1.0,1.0,0.25860581475011946,4.34385573255968
0.0,1.0,1.0,0.21667263137313716,0.8185228744663626
23.0,1.0,1.0,-0.09311531925418665,5.698391004580754
0.0,1.0,0.0,-1.7250549407039943,0.2779717270074138
2.0,1.0,0.0,0.6204424557585426,-0.7453153192495634
3.0,1.0,0.0,-0.5169526863720861,3.142946377295662
3.0,1.0,1.0,-0.4870848918681432,2.263796510689473
3.0,1.0,1.0,0.19462280186912406,3.211693152749805
9.0,1.0,0.0,1.3563141019089529,2.893721014837549
7.0,1.0,0.0,-0.7151766112406079,2.1300197765365048
0.0,1.0,0.0,-0.6790965385351173,3.33912143540234
8.0,1.0,1.0,0.24440225989286102,3.2264933656129973
4.0,1.0,1.0,-0.7028605598765403,2.7557824681002643
5.0,1.0,0.0,0.5518942398933012,0.8510461969101382
3.0,1.0,0.0,0.6962304641833226,-0.02971912566928281
9.0,1.0,1.0,-0.41354334739519805,5.15636598820916
8.0,1.0,0.0,0.6524749561147083,2.315946829334907
8.0,1.0,0.0,0.32254430060035555,3.53382847847869
6.0,1.0,0.0,-0.0407634325749128,2.568163447123289
8.0,1.0,0.0,-0.5993919603642048,4.205733174619429
5.0,1.0,0.0,-0.03318599839243297,1.8047392875795292
5.0,1.0,1.0,0.7094394117815016,2.3639913699186366
3.0,1.0,1.0,-0.7130985745996359,4.031787476951998
5.0,1.0,1.0,0.6202154705405828,2.3991589159811024
4.0,1.0,1.0,-0.0033932502734460024,1.9314235581119807
3.0,1.0,1.0,-1.4496651054591583,2.127438300692965
10.0,1.0,1.0,1.0215569668415525,3.249571332497532
1.0,1.0,0.0,-0.8898437397216579,-0.41730548334405837
1.0,1.0,0.0,-0.11145324051133787,0.33378207772243673
8.0,1.0,0.0,0.19338673467868103,3.3397399486439405
2.0,1.0,0.0,0.07104584537721087,3.2902424683344766
5.0,1.0,1.0,0.0963778962097448,4.035547588701885
6.0,1.0,0.0,0.2376055537893126,1.3776006538513015
8.0,1.0,1.0,-0.0010641465172107345,3.059947539397878
1.0,1.0,1.0,-0.6680939171876161,2.3069679155142593
2.0,1.0,0.0,-1.0353098334707178,2.0066342185742605
8.0,1.0,0.0,-0.22044100630226438,2.117446003551685
0.0,1.0,0.0,-0.8289173115637718,-1.6027548163272156
3.0,1.0,1.0,0.3908728600314442,1.7507272472612203
4.0,1.0,0.0,-0.30822540734108206,1.5286851319276429
1.0,1.0,0.0,-0.6053306264047265,1.932868895951867
7.0,1.0,1.0,0.4859057047217208,1.806959273756223
6.0,1.0,1.0,-0.5011370622100904,1.902674540086973
7.0,1.0,1.0,0.5339230934296496,2.6088113820713685
3.0,1.0,0.0,-0.48808270083743466,3.28670916734704
0.0,1.0,0.0,-0.7184768480493027,0.5742789828459021
11.0,1.0,1.0,0.5206123810197162,1.4846862583795915
2.0,1.0,0.0,0.67860709967651,3.014800166599659
1.0,1.0,0.0,-0.6404379628569061,3.972388085977637
1.0,1.0,0.0,0.2320039493561435,2.292861527114964
1.0,1.0,1.0,-1.494530567911029,2.139738837043726
2.0,1.0,0.0,0.33834737064989256,-0.13675591703679557
0.0,1.0,0.0,-0.2317879535723353,1.542496638989288
23.0,1.0,1.0,2.330615534646931,3.9216277232723984
4.0,1.0,0.0,0.7349615912889415,1.7989614896289878
7.0,1.0,1.0,0.012117384074301296,1.686557499062344
4.0,1.0,0.0,0.18195663019151476,1.908453716097251
16.0,1.0,1.0,1.0604645895400573,2.7440039103806275
8.0,1.0,1.0,0.09983718089250024,1.9827595414513253
2.0,1.0,0.0,-1.5663891574243278,1.4682353840945987
2.0,1.0,0.0,0.06978096527592442,1.5006332584537094
20.0,1.0,0.0,1.2400793823084366,3.295458771868065
3.0,1.0,0.0,-0.7048116644470496,4.702753137278222
2.0,1.0,0.0,-0.07234008507017267,-0.7778548037832973
6.0,1.0,1.0,0.08660421390526073,2.0243046228908703
6.0,1.0,0.0,1.0117583077537304,2.134618769894299
10.0,1.0,0.0,1.0777350560389611,2.8126106212231807
6.0,1.0,1.0,1.1583205898684894,1.5347655691057283
2.0,1.0,0.0,-0.5367294368068858,0.9777875135920379
6.0,1.0,1.0,-0.5310457175912703,3.757213684903142
2.0,1.0,0.0,0.4379676188435345,1.5811982793472026
2.0,1.0,0.0,0.15465358696937775,0.46618015654036804
4.0,1.0,1.0,0.1417822293679585,2.4535819151525784
1.0,1.0,0.0,0.14739723501826474,-0.6071950735354488
4.0,1.0,0.0,-0.17495736138959478,1.131342727847646
3.0,1.0,0.0,-0.8868917641613002,1.5129266590224892
5.0,1.0,0.0,0.6011410148026298,1.7743382214489776
5.0,1.0,1.0,-0.19472069837460967,2.443261810079034
5.0,1.0,0.0,-0.41773477513801505,2.275374280772131
4.0,1.0,1.0,-1.3776807853818205,3.1544333111388325
1.0,1.0,0.0,-0.5984233562057245,4.062754857781405
8.0,1.0,1.0,-1.2472455515641132,4.324748583779206
5.0,1.0,0.0,0.2585899569128904,1.2877451128406108
4.0,1.0,0.0,0.5580856432741399,1.744786698958576
7.0,1.0,1.0,1.8348402808169741,0.7987852208683526
6.0,1.0,0.0,0.09504957007494025,3.007702132077112
2.0,1.0,1.0,-0.7621580566100594,3.234207797107608
1.0,1.0,0.0,0.10159345394992178,0.741495162883435
2.0,1.0,0.0,-0.4993404143744183,1.3213624678498177
3.0,1.0,0.0,-0.4434875934069879,1.8821407525340053
0.0,1.0,0.0,-1.0191337509547054,1.509831978684647
8.0,1.0,1.0,-0.026784883174724883,4.531283419339399
2.0,1.0,1.0,-0.7213125777782368,1.3814113554004785
4.0,1.0,0.0,-0.6256913729716412,2.2062692510168933
12.0,1.0,1.0,0.4300413153336634,3.8544193579518353
6.0,1.0,1.0,-0.07569553181395633,2.0214818786447246
7.0,1.0,0.0,1.479198629604948,0.8767398949024581
14.0,1.0,1.0,0.7845184052219751,3.553060027695689
3.0,1.0,0.0,-0.2505401957387402,1.483126258190759
9.0,1.0,1.0,1.641398069560912,0.947152179264479
9.0,1.0,1.0,0.11664596370474463,2.106631028485567
1.0,1.0,0.0,0.20645283778945428,2.0722383828078934
2.0,1.0,0.0,-0.01463094153473099,0.5009350750695315
5.0,1.0,1.0,0.9843731681248316,0.3669012343479905
5.0,1.0,1.0,0.9817019665334823,2.4287528608815268
7.0,1.0,1.0,0.8562798354689246,0.5403668969659472
4.0,1.0,1.0,-0.9457136236684243,1.6800322628955304
4.0,1.0,1.0,-0.09130342964970506,2.3166899297765933
3.0,1.0,1.0,-0.0847950585300064,1.013744736716019
0.0,1.0,1.0,0.6965319003728901,0.22658617228058864
5.0,1.0,0.0,1.3050696620553037,2.5567294217886705
1.0,1.0,1.0,-0.7041313486586935,1.2297935573473706
3.0,1.0,0.0,0.2037753394547852,1.9023715620945052
17.0,1.0,1.0,1.7916316678893003,1.7022330607039426
2.0,1.0,0.0,0.887078888880621,1.531851304353039
1.0,1.0,0.0,0.5057808580018358,0.5389250050274503
2.0,1.0,0.0,0.03300097088561258,1.6161064221072974
2.0,1.0,1.0,-1.4124625714992813,1.502914009810472
21.0,1.0,1.0,0.34751279781114663,4.9372015139950465
5.0,1.0,0.0,1.1010753724499938,2.9859037244808793
7.0,1.0,1.0,0.35832876069965625,2.9677663456004737
3.0,1.0,0.0,0.4174222551260661,1.2753887604312115
3.0,1.0,1.0,0.7465244225650332,1.975980652980712
7.0,1.0,1.0,1.0553306356053365,1.8215232093142093
8.0,1.0,0.0,0.2800542422552173,2.2431644238213684
0.0,1.0,0.0,-0.4566151916878932,1.2464233964448486
4.0,1.0,0.0,0.34612939879526794,1.5456568826903812
6.0,1.0,0.0,1.0565477642053538,1.518356695547132
5.0,1.0,1.0,-0.48381090798653614,2.7436992222528804
5.0,1.0,1.0,0.7063617554893427,1.960910830785167
6.0,1.0,1.0,2.092264915368058,0.5066158523306947
3.0,1.0,0.0,-0.551673419886538,0.41113094923445725
5.0,1.0,0.0,0.9016853559805582,2.1240993007169124
9.0,1.0,1.0,1.0837599003957634,3.2835262609335896
1.0,1.0,0.0,-1.3895208650035105,1.6585972874307395
2.0,1.0,0.0,-0.5713588482386531,0.5954081792031773
28.0,1.0,1.0,0.699887929623654,6.162114398767777
9.0,1.0,0.0,0.7524902813353544,4.158831619650729
1.0,1.0,0.0,-0.625690555748327,1.5893313692517355
6.0,1.0,1.0,0.5894204611888112,0.011066015631342907
4.0,1.0,0.0,0.043931694249086606,3.0650127869553616
9.0,1.0,0.0,-0.2829520667719251,4.724761048356685
28.0,1.0,1.0,1.633426039614981,4.062500011202166
9.0,1.0,1.0,-0.20592746656481634,3.427017630685923
5.0,1.0,1.0,0.4175652135478584,0.5408260787544819
4.0,1.0,0.0,0.3483908054274239,3.0345163076385004
1.0,1.0,0.0,-0.6328317838017675,0.854585507125476
17.0,1.0,1.0,0.37683438869455715,4.380217298785693
3.0,1.0,0.0,1.5790391597227968,0.5045474281166287
6.0,1.0,1.0,0.011342418455950992,2.126895475142288
5.0,1.0,0.0,-0.8685744169553629,3.2056121758022122
0.0,1.0,0.0,0.37921069299941995,-0.04761313441536008
5.0,1.0,1.0,0.14235458134097298,3.710302271595706
6.0,1.0,1.0,-0.5245119573418325,2.8393522841376053
1.0,1.0,0.0,-1.1805935119208164,0.5338736001937168
7.0,1.0,1.0,1.9939175488562162,2.265235446168482
4.0,1.0,0.0,-1.4638511552650926,3.370294378195662
0.0,1.0,0.0,-1.1502924092191353,1.2295398245268903
8.0,1.0,1.0,-0.2179961703773307,3.014722136805764
0.0,1.0,1.0,-0.629126639345681,1.4832587546098224
4.0,1.0,0.0,1.1176331220607898,0.3983388859210699
7.0,1.0,1.0,-0.025923364844167907,2.421845166498014
0.0,1.0,0.0,-0.20499124229266893,0.9594144503647397
3.0,1.0,0.0,0.5268448522800991,1.3859468141049036
10.0,1.0,1.0,1.0240020204551352,2.2729349710190934
15.0,1.0,1.0,0.9336464549835654,4.347959764841187
1.0,1.0,1.0,-0.6021767752367053,0.8730901512332809
1.0,1.0,1.0,-0.16765242575872621,0.0386504513868533
1.0,1.0,0.0,-2.0958505540130714,0.4402763988084786
4.0,1.0,1.0,0.5788397896785629,1.2913512335398099
3.0,1.0,1.0,0.7474010527673054,-1.5893235681429
15.0,1.0,1.0,1.1024806174719999,3.6221119196636504
5.0,1.0,1.0,-0.46868461083008744,2.6760540217054194
6.0,1.0,1.0,0.6355250282624492,0.8603468720007292
10.0,1.0,1.0,1.0947009475198968,2.8608014201333063
8.0,1.0,0.0,0.2651995637692341,3.32786794408171
1.0,1.0,0.0,-0.18194694732948793,2.094301654738599
6.0,1.0,1.0,0.9346569399824843,2.799291242962055
3.0,1.0,1.0,-0.24867928745262186,2.8643364498803745
1.0,1.0,0.0,-0.13930817127571443,-0.30396489997880005
4.0,1.0,0.0,-1.0698963778933839,2.4092311407970675
2.0,1.0,0.0,0.942946993105058,0.8545884245491675
3.0,1.0,0.0,-0.1566509720110099,1.657620920140229
3.0,1.0,1.0,-0.39236942780218415,1.6753887279002142
2.0,1.0,0.0,-0.43796548308432315,1.1138442784962994
8.0,1.0,0.0,0.5919596245409522,2.973351257200157
1.0,1.0,0.0,-1.62794694743586,0.7384578501432034
1.0,1.0,0.0,-0.35744008774677033,2.0759793703743687
4.0,1.0,1.0,-0.14031225107079315,2.410506381139728
2.0,1.0,0.0,0.293501228589918,0.28222132930926525
0.0,1.0,0.0,-1.031184753911296,1.9074389755935506
1.0,1.0,0.0,-2.157219615204214,1.07375640867687
5.0,1.0,0.0,-0.555434589537557,3.3138043197108704
15.0,1.0,1.0,0.7508649797131384,4.185254530840089
5.0,1.0,0.0,1.3525965001236497,2.374999866935843
0.0,1.0,0.0,-0.24458629406341298,-1.3101446045998006
5.0,1.0,1.0,0.716486238063692,1.9363537765054402
7.0,1.0,1.0,1.3844566340403899,2.790852232194295
8.0,1.0,0.0,-0.2723613994126626,4.2313106212178795
3.0,1.0,0.0,0.2216909720164939,1.0660842963995325
1.0,1.0,0.0,-1.4719285022654272,3.4116201752910476
9.0,1.0,0.0,0.03272342910056614,3.3448471004553113
3.0,1.0,0.0,-0.20101811493796728,2.936240007808432
7.0,1.0,1.0,0.9697845033208543,3.027103508920463
11.0,1.0,1.0,-0.16540391606752264,3.716457610732253
2.0,1.0,0.0,-0.3856086080154615,2.5030936432618303
11.0,1.0,0.0,0.8055755012708185,4.143619721904093
2.0,1.0,0.0,0.7388425047665883,1.7975748033220995
13.0,1.0,1.0,0.014321523579658324,4.5505844731610114
7.0,1.0,0.0,-0.0192488455403986,2.737356054834486
3.0,1.0,0.0,-0.7439396238033197,1.5767144990226356
11.0,1.0,1.0,-0.2533962165182044,3.668042163659014
8.0,1.0,0.0,0.3420956838179983,2.277083659723678
4.0,1.0,0.0,1.5404497617460338,0.5347304067268261
4.0,1.0,0.0,0.3061281018058991,2.8218259936331487
1.0,1.0,0.0,0.019079808695532025,0.06638570402600963
6.0,1.0,0.0,0.9770281345006595,1.663672931141167
4.0,1.0,0.0,0.7185712589529059,0.20744782996374256
4.0,1.0,0.0,-0.3240076641074512,2.1536402528811363
1.0,1.0,1.0,-0.47631029318226925,1.3398388722619914
1.0,1.0,0.0,0.3047976022985088,0.41541964845370405
2.0,1.0,0.0,-0.659534462087657,0.3725956613095922
1.0,1.0,1.0,-1.0946819070336018,0.45880613091072964
7.0,1.0,1.0,0.4749834923221007,2.1435542439411535
6.0,1.0,1.0,0.4180215542740641,1.4837773775308611
5.0,1.0,1.0,0.21281396037652323,2.209029366731109
3.0,1.0,1.0,0.5542102937019042,2.261924228970719
0.0,1.0,0.0,0.4610081926433802,-0.08217339009250768
4.0,1.0,1.0,0.27703454344842754,1.5272139878783493
0.0,1.0,1.0,0.8309194140265799,1.1230806813982934
5.0,1.0,1.0,0.0457578423975172,2.695005966817797
5.0,1.0,1.0,-0.15169090570506305,3.237757552159409
1.0,1.0,1.0,-2.021308638809521,2.6798001521317687
6.0,1.0,0.0,0.7930664497675988,3.14117755352551
9.0,1.0,1.0,0.38690038370415925,4.09578473530175
0.0,1.0,0.0,0.9744475253909008,-0.3150819624079464
4.0,1.0,0.0,-0.2537489247329574,2.835520136421728
2.0,1.0,0.0,0.2715638028563909,1.4032793581273086
5.0,1.0,1.0,0.7947598019421143,2.1539080871117657
5.0,1.0,0.0,0.31878720182666054,1.054770976699288
4.0,1.0,1.0,0.1500133320135945,2.9591131710183873
6.0,1.0,1.0,0.38194245021583256,2.6182258090568054
10.0,1.0,1.0,1.0935949918373975,2.0315086815671233
3.0,1.0,0.0,-0.13242519346610845,1.080299753430529
12.0,1.0,1.0,0.54333094620749,2.986208307174806
4.0,1.0,1.0,-0.17712296980648107,1.381587768031362
2.0,1.0,0.0,-0.929487335122397,2.298591225994419
4.0,1.0,0.0,1.022768583366165,1.096606230371718
4.0,1.0,1.0,-0.08324557338113142,-0.20507525802723325
3.0,1.0,0.0,0.707076901267975,0.25239785896993405
3.0,1.0,1.0,1.1397733575082958,0.70817161341144
8.0,1.0,1.0,1.6271133852624424,1.5590789334068207
0.0,1.0,0.0,0.8994610305747822,2.0845213353299727
2.0,1.0,1.0,-0.22060410456185814,0.3707264853512846
7.0,1.0,1.0,0.024606082552389996,2.4273611167975875
1.0,1.0,1.0,0.11226266570556194,0.924986404675157
0.0,1.0,0.0,-1.7564238126971299,2.5651688858485358
8.0,1.0,1.0,-0.4741182098687269,3.4213533403350618
10.0,1.0,1.0,1.3029640712360968,2.407661383238575
5.0,1.0,1.0,0.6310838755960386,1.749891568167072
11.0,1.0,1.0,0.9333067908728876,3.592015617279705
4.0,1.0,1.0,0.666864017607987,0.5224671271121184
7.0,1.0,0.0,-0.6090808222599977,4.5016672062572365
5.0,1.0,1.0,1.282274421081531,0.8361265732509369
0.0,1.0,0.0,-0.2476287652515479,-0.9449424941804963
3.0,1.0,0.0,0.038206154746279336,3.5917821160869976
1.0,1.0,0.0,-1.4212185744612338,0.5318980894710146
6.0,1.0,1.0,-0.04832566157952127,2.013758207832187
4.0,1.0,0.0,0.0583784469830983,2.5688412167775483
8.0,1.0,1.0,0.12593993108981363,2.7237845000069774
4.0,1.0,0.0,-0.2650768485679766,2.1169424434924116
1.0,1.0,0.0,0.6045730991465463,0.09103430453993688
7.0,1.0,1.0,-0.23211024314413825,1.6239351859629427
18.0,1.0,1.0,1.485395176054516,2.888053552289659
4.0,1.0,1.0,-0.2985365311363516,2.076059823865386
0.0,1.0,0.0,-0.7079718627584531,2.628457166163933
11.0,1.0,0.0,0.45852814553444343,4.244755590628389
4.0,1.0,0.0,-0.0574726098918821,0.5181038073025055
8.0,1.0,1.0,0.6835813215007092,1.808464481891656
4.0,1.0,1.0,1.3604302597471962,1.2951845300505156
7.0,1.0,0.0,0.9218006714058624,2.466820835069488
3.0,1.0,1.0,0.5973279066424964,2.103551694986269
11.0,1.0,1.0,0.8808884727864009,2.4354282932360745
3.0,1.0,1.0,-0.1813943324587315,0.8293477653914249
7.0,1.0,1.0,-0.2723958194628033,1.9184792183757433
4.0,1.0,1.0,0.1602221434880931,0.3665160909180478
5.0,1.0,0.0,-0.923461469914935,2.545828206520566
10.0,1.0,1.0,1.8351966949587906,2.7122243190237088
7.0,1.0,1.0,0.16466932582639965,2.9026348413708294
3.0,1.0,1.0,-0.6659249505708212,4.488292970231723
2.0,1.0,1.0,-0.4489314718163636,1.4397399141305534
4.0,1.0,0.0,-0.25843034298204404,1.886919697496824
5.0,1.0,1.0,-1.7546375854621847,6.3775919191867185
3.0,1.0,0.0,0.9666797032302374,3.3704449751955146
6.0,1.0,0.0,0.7868923882396468,2.2666091272376505
6.0,1.0,0.0,0.6345735486722447,0.3882494210471432
1.0,1.0,0.0,0.6693914470740613,0.6839351482381582
1.0,1.0,1.0,0.169142424801289,-0.4479084984301265
1.0,1.0,0.0,-2.1496635718283637,1.7656541979738771
4.0,1.0,1.0,-0.17052067519296296,2.944495595942465
6.0,1.0,1.0,0.27419547471057565,1.4205960034201053
5.0,1.0,1.0,0.40006882184062237,3.220735774502399
6.0,1.0,1.0,0.9320152199095822,2.4317899984630893
0.0,1.0,0.0,-1.0032937891306064,-0.4018218855518192
4.0,1.0,1.0,-0.3813897436720909,2.043063185619594
0.0,1.0,0.0,0.19793643972968183,2.417391134325086
2.0,1.0,0.0,0.5093694972845458,1.0659968591491897
5.0,1.0,1.0,-0.4279836631051719,2.2256268027295865
3.0,1.0,1.0,0.600738083650176,0.7664843169873816
18.0,1.0,1.0,1.794917599483831,3.689271789523164
1.0,1.0,0.0,-1.102047522384719,0.8857238201117588
5.0,1.0,0.0,0.13059464018451555,1.1578626871909998
0.0,1.0,1.0,0.20474693165710103,1.1645124236149493
6.0,1.0,1.0,0.372950380217176,2.4615573036438514
3.0,1.0,1.0,0.5466980435370791,0.8698036961501605
5.0,1.0,0.0,0.6753373777686539,2.473781903780456
7.0,1.0,1.0,0.718031608699655,3.022711698881838
7.0,1.0,0.0,1.5186997728794038,1.7046438868878167
4.0,1.0,0.0,-1.3118164917915471,3.7910550478947567
2.0,1.0,0.0,-0.7702143629915638,0.14413092124989002
15.0,1.0,0.0,0.6178970604465569,4.03700388616494
5.0,1.0,1.0,-0.3323832175216981,3.4649376947427686
3.0,1.0,0.0,0.08247855821891148,2.347306675781797
0.0,1.0,0.0,-0.01647777019104754,-0.6402099813763726
2.0,1.0,0.0,-0.8340163325779173,2.1263180672298025
4.0,1.0,1.0,-0.5529788599483654,2.7936627524052
0.0,1.0,0.0,-1.0525413792903822,3.6759901927082854
7.0,1.0,1.0,1.133612477057656,0.676200224401345
4.0,1.0,0.0,-1.5298280851756094,3.9196164055346827
5.0,1.0,1.0,-0.24201006364620553,3.3239344000148017
0.0,1.0,1.0,-0.7114149044081581,1.776485409450682
5.0,1.0,0.0,0.3596217223146263,2.079563941343354
1.0,1.0,1.0,0.5193525214217942,0.8597618354093184
3.0,1.0,0.0,0.6493179756237559,0.45021559031173886
3.0,1.0,1.0,-1.0345990174573252,2.175776425128274
4.0,1.0,0.0,0.5187034414224034,3.2150395115687767
8.0,1.0,1.0,-0.7160476248486471,3.8788882697669074
6.0,1.0,0.0,0.6524427701193076,0.8507026734783192
4.0,1.0,1.0,1.9758282750790404,0.41525952830880053
5.0,1.0,1.0,0.630926073823645,3.3024601274995486
22.0,1.0,1.0,0.9234945901191692,4.621040430561816
1.0,1.0,0.0,-0.9078218188658895,1.0591782361771127
1.0,1.0,1.0,-1.8992039351447922,1.7664510689749118
1.0,1.0,1.0,-0.4047278944236638,1.262438522516017
2.0,1.0,1.0,0.7914773931182663,1.4370546202877406
10.0,1.0,1.0,0.7273615496738787,3.7481322639486176
1.0,1.0,0.0,0.16547227132349798,0.03565641894830218
1.0,1.0,1.0,-1.5462041006761391,2.321704790369268
4.0,1.0,1.0,-1.6741914213273,1.6257571856574067
14.0,1.0,0.0,0.8893879936867003,3.995196253494167
6.0,1.0,1.0,1.0580437376686558,2.496367459460426
13.0,1.0,1.0,1.1681829973030675,2.3135652372235023
2.0,1.0,0.0,-1.2017502098757658,1.3659388752281996
2.0,1.0,1.0,-0.17315607312768988,0.8148741941467026
6.0,1.0,1.0,0.830408466972675,1.9235393168481703
1.0,1.0,0.0,-0.09795317817008675,2.139224668369604
8.0,1.0,0.0,0.8684687629385104,3.1510551230205976
0.0,1.0,0.0,0.17637502888706538,-0.17828473441872483
10.0,1.0,0.0,0.12753013518041803,4.650081994100871
3.0,1.0,0.0,-1.0862313050215229,0.7908411740768069
1.0,1.0,1.0,-0.2697863514880297,1.2136664321087824
7.0,1.0,1.0,1.405734474761164,1.404097135223636
6.0,1.0,1.0,1.4648943420366904,1.8054022552320355
2.0,1.0,0.0,-1.3495736667605567,1.6701023101597212
2.0,1.0,1.0,-1.5765540425108853,-0.12647370720983586
16.0,1.0,1.0,1.615101088265962,2.605134678871738
12.0,1.0,1.0,-0.32094249627282545,5.287132150455342
1.0,1.0,1.0,-1.0756143168286898,1.734147163422732
7.0,1.0,1.0,0.977663573703212,2.7552624159516887
1.0,1.0,0.0,-0.17756389345827445,0.6586651143897553
7.0,1.0,0.0,0.6645183652779267,2.8826297298173422
6.0,1.0,0.0,0.5326431511689407,1.38667205464248
5.0,1.0,0.0,-0.1760784593736474,2.9010459111918276
13.0,1.0,0.0,0.26192708520481967,3.2588028589308577
4.0,1.0,0.0,0.0796111656718337,3.03364848344532
0.0,1.0,0.0,0.014152222655665625,1.375614628510716
5.0,1.0,1.0,0.7415903717412033,2.225995409988482
1.0,1.0,0.0,-0.32969859828247106,1.9897685173244946
8.0,1.0,1.0,-0.5810523705766979,4.396588495151326
2.0,1.0,1.0,-0.9773503522633994,0.3488827817596305
3.0,1.0,0.0,-0.9871028751934156,1.7048681522920888
6.0,1.0,1.0,-0.6509494058162941,4.449725642526978
0.0,1.0,0.0,0.5775479760859409,0.8530169513077832
3.0,1.0,0.0,-1.3423886162665193,1.4551478925040113
14.0,1.0,0.0,1.4421204938971122,3.915901449201466
4.0,1.0,1.0,-0.4539324802619625,2.1780060889716064
3.0,1.0,1.0,-0.31250492005943,3.350272076748918
9.0,1.0,1.0,0.6296383901786113,3.0825357863328153
6.0,1.0,0.0,0.3915073623320328,4.1121146761706395
13.0,1.0,1.0,1.2838765591537837,3.5279255708291313
6.0,1.0,1.0,-0.8722397505830337,3.803470309536161
3.0,1.0,1.0,-0.3725157792363122,1.3381041867468844
1.0,1.0,1.0,-0.04751763770636039,2.1502442812579146
7.0,1.0,0.0,-0.006764067861945937,3.2502988063301768
5.0,1.0,1.0,0.7469681881019974,2.0394193055965717
0.0,1.0,0.0,-1.3917720194059657,1.0306200540830641
0.0,1.0,0.0,-0.7833841116686876,1.5746656414698745
6.0,1.0,0.0,0.8041381116458095,1.5409682608570126
7.0,1.0,1.0,0.8876535663863068,2.5254241039733305
3.0,1.0,0.0,-0.2804363152779741,2.980149319608607
7.0,1.0,0.0,0.27674339594740704,3.617276763785097
3.0,1.0,1.0,-0.8948989697742964,2.0838922688420323
0.0,1.0,0.0,-1.2907814081668936,0.6678940099397506
8.0,1.0,0.0,0.39168495712705975,2.9260080711496803
8.0,1.0,1.0,0.35670330580297516,0.692815608471379
3.0,1.0,0.0,-0.21119369435679883,1.8069609763722085
5.0,1.0,0.0,1.6900259516075185,1.8041196212208543
22.0,1.0,1.0,2.14771273071197,2.6943302129952227
5.0,1.0,1.0,0.4937307837773581,1.1133649056251338
2.0,1.0,1.0,-2.4124778712781123,2.779192088512459
9.0,1.0,1.0,0.36635650477691645,2.729769348823686
1.0,1.0,0.0,-1.3261190478426474,0.656819673394379
3.0,1.0,1.0,-0.3776245515191702,1.1492753748846947
3.0,1.0,0.0,-0.07831144748244417,1.3226379332041158
4.0,1.0,1.0,1.5283759818083769,0.8253879232206174
1.0,1.0,1.0,-2.628516546048943,3.0388014758548074
1.0,1.0,0.0,-0.9415833835355591,1.3406266868688756
6.0,1.0,1.0,0.8411933748368259,2.4020806537627144
6.0,1.0,0.0,0.8226942246974355,0.7857790476246149
3.0,1.0,0.0,-0.8856578162178526,2.8601012338219016
6.0,1.0,0.0,-0.5483244907185322,4.027063793234401
5.0,1.0,1.0,-0.4655407043576469,1.3644800404568063
5.0,1.0,1.0,0.1988909103675114,2.7765565207427594
5.0,1.0,0.0,0.12793691169105986,2.1383239408973993
3.0,1.0,1.0,0.8107294364843884,1.1171093216950687
3.0,1.0,1.0,-0.258408565530165,1.1959614019881295
4.0,1.0,0.0,-0.3446598540767267,4.348175169011504
3.0,1.0,0.0,-0.5675359924805825,3.3753748022329
9.0,1.0,1.0,0.08686269256405676,3.871182094569587
2.0,1.0,0.0,-1.2290265114801096,2.8833062135916254
1.0,1.0,0.0,-0.9731253739604341,-0.7602792924279109
8.0,1.0,1.0,-0.6828639788991759,2.227376111762093
3.0,1.0,1.0,0.40771274687081877,-0.8051117481493519
3.0,1.0,0.0,-0.08078024009696175,1.5196227295818492
4.0,1.0,0.0,0.9130762714813143,2.3416495259090286
6.0,1.0,1.0,-0.830763869253924,4.6107864690259674
9.0,1.0,0.0,-0.04949820974812218,3.7685292224169444
2.0,1.0,0.0,-0.4024572403891791,3.0202790263753427
5.0,1.0,0.0,-1.091852176686993,1.8439844357344783
4.0,1.0,0.0,0.042673028197654186,2.6425762436277984
4.0,1.0,0.0,-2.1537094113718447,2.581041018284491
6.0,1.0,1.0,-0.7107858618830099,3.098846271886139
11.0,1.0,0.0,0.6305919345215737,2.919769590326479
0.0,1.0,0.0,-0.33116790773291527,0.9940722295922219
4.0,1.0,0.0,0.7713567399618048,0.1546523394745838
9.0,1.0,1.0,0.9869123894537634,3.722803700279646
3.0,1.0,1.0,-0.6161287279133927,2.562119624299685
8.0,1.0,0.0,0.1189879367789276,3.6588315553702175
3.0,1.0,0.0,0.1929431375610685,-0.6661364108709433
1.0,1.0,0.0,-1.0139300259449078,2.403106374221875
1.0,1.0,0.0,-1.084579043891238,2.6431839747889123
5.0,1.0,0.0,-0.8400678738142169,4.539204486162982
11.0,1.0,0.0,0.3715006738260398,2.602600051055116
2.0,1.0,1.0,-0.3147098047216009,1.6047074053804362
3.0,1.0,1.0,0.2039398495370624,1.7200027927058137
19.0,1.0,0.0,1.2136057458445428,4.431142926252777
16.0,1.0,1.0,1.284595854201515,3.5801779825721107
6.0,1.0,1.0,1.314489794899219,2.2074893355506977
6.0,1.0,0.0,-0.07008450291520901,2.888495462951405
4.0,1.0,0.0,0.5964339947434897,2.9222564532979947
5.0,1.0,0.0,-0.8854188788559731,2.7541030247253753
4.0,1.0,1.0,-0.5840666558865195,1.8597099696471564
6.0,1.0,1.0,-0.22598931894383303,2.3593785596053047
4.0,1.0,1.0,-0.6104243273112867,1.644840517275155
6.0,1.0,1.0,0.06684776579693298,1.0894496964241602
1.0,1.0,0.0,-0.8496221160507107,0.7804352885015063
3.0,1.0,1.0,-0.10399800057291965,2.3296654429507146
4.0,1.0,1.0,0.2943640569501967,2.2088794631757906
1.0,1.0,0.0,-0.14369365592781128,2.1081834848232246
9.0,1.0,1.0,1.4439884036639232,2.1654686169488784
3.0,1.0,0.0,0.37971309303755457,2.666361169002493
6.0,1.0,1.0,1.1003512643825515,0.5442958833115161
2.0,1.0,0.0,0.8666242397394518,0.5088099036750897
3.0,1.0,0.0,-0.620212572461446,1.3788940062766126
12.0,1.0,1.0,1.6039206803390316,2.220029148908307
3.0,1.0,1.0,-0.30517119869484244,0.17762853798784128
1.0,1.0,1.0,0.2909700135331931,1.9209697918258144
2.0,1.0,0.0,-0.6609954330183909,-0.7451128817901591
6.0,1.0,0.0,0.3075634474360425,2.3238831947580976
2.0,1.0,1.0,-0.6717038504250326,1.2861876037950313
9.0,1.0,1.0,0.377569602548493,3.7053532232708584
4.0,1.0,1.0,-0.31703055104350075,3.1804643618500794
29.0,1.0,1.0,1.483330392487279,5.662921493357555
10.0,1.0,1.0,0.9483198267543317,0.8467072540245659
1.0,1.0,0.0,-0.5576253916084161,0.6709676367695965
4.0,1.0,0.0,-0.28703799643790645,2.4853101903429584
6.0,1.0,0.0,0.4264406600639353,2.268017518081436
2.0,1.0,0.0,-1.1799001223712335,0.4602265677967907
0.0,1.0,1.0,-1.2164731852651762,1.3278837449017509
2.0,1.0,0.0,-0.5377629329124791,1.2050103080708523
2.0,1.0,1.0,-0.2599823082369498,1.423497791056297
4.0,1.0,0.0,0.1577529602536462,0.8976419153031236
7.0,1.0,0.0,0.5172922971620665,2.314396069156599
1.0,1.0,0.0,-0.4666297757098321,0.2605450502918474
5.0,1.0,0.0,0.9892721055597219,0.9383179813488832
2.0,1.0,0.0,-0.21440022312621557,2.2919969524453663
4.0,1.0,1.0,0.7598299518730908,1.716957049086809
10.0,1.0,0.0,-0.19084900878846314,3.632152412882951
4.0,1.0,0.0,-0.4418823494906955,2.6701152707479157
5.0,1.0,0.0,-0.6562088727440125,4.373086522075882
4.0,1.0,0.0,-0.8932221068953524,2.559982117998898
1.0,1.0,0.0,-0.4800194236071499,2.852614972662529
2.0,1.0,0.0,-0.11151475334111166,3.0718020588073767
16.0,1.0,1.0,0.06935462590581667,4.587675415794884
10.0,1.0,1.0,0.33615586827410265,1.584197569138847
8.0,1.0,1.0,1.299972795776623,2.1643691072639615
3.0,1.0,1.0,-0.3931588956862767,2.723413017155
5.0,1.0,1.0,-0.9488884245015627,1.8140681837577348
6.0,1.0,0.0,-0.5931972075729242,2.0620951234106064
7.0,1.0,1.0,0.5280748002589609,1.7177732165735047
13.0,1.0,1.0,1.5705855544737686,3.479360759615112
1.0,1.0,0.0,-1.6054625538735325,0.477309583996802
4.0,1.0,1.0,1.3252184248427952,1.6177473960827513
4.0,1.0,1.0,1.6812119777226622,1.1606740307598291
11.0,1.0,1.0,0.07784391983704486,3.175452438539178
3.0,1.0,0.0,0.3021280115750404,1.6197466303822596
15.0,1.0,1.0,-0.20993412393619,4.981115596665615
5.0,1.0,0.0,0.8179876122624196,0.28649633085562143
7.0,1.0,1.0,0.6489188596067937,2.5898703005167145
1.0,1.0,0.0,-1.4982123930951858,-1.5913021581642401
0.0,1.0,0.0,-2.6396329970674453,0.8965030421457711
4.0,1.0,1.0,0.14962698930016216,4.381378152588183
2.0,1.0,0.0,-1.4430834850114524,2.776155342131484
16.0,1.0,0.0,0.35746440197746526,4.429708849094375
3.0,1.0,0.0,-0.10124331591819846,1.535137306678361
4.0,1.0,1.0,0.07379948353206459,2.833681248007534
2.0,1.0,0.0,0.042089408869519215,3.254310585062666
14.0,1.0,0.0,0.5098674514822098,4.711510991212655
5.0,1.0,1.0,-0.2096322358657237,2.862822930243762
4.0,1.0,1.0,-0.971525094542093,3.0946741084486047
4.0,1.0,0.0,-0.0758841625733831,2.0327931333316958
2.0,1.0,1.0,0.5404157058614527,1.4740861005258772
5.0,1.0,1.0,-0.8480103880977683,4.245568996558246
1.0,1.0,1.0,-0.5165548396758638,2.0181818072903597
18.0,1.0,1.0,0.9786339379341529,3.747290194067249
2.0,1.0,0.0,-0.13872987814506796,1.1948962911972902
8.0,1.0,1.0,-0.062051638122894125,2.119182367369625
5.0,1.0,0.0,1.1950196094531953,1.161972688000287
10.0,1.0,1.0,1.317839667006122,2.605743664986604
1.0,1.0,0.0,-0.6976924110706548,0.5245884501418716
3.0,1.0,0.0,-0.5013215377323034,2.332440946656952
2.0,1.0,0.0,-0.3678835095857099,1.3018089047540229
8.0,1.0,0.0,1.0944129534117335,3.010758885746265
0.0,1.0,0.0,-1.737383251092736,2.2285331641904826
3.0,1.0,1.0,-1.2034984313846784,1.9747408316501378
3.0,1.0,1.0,0.6468943533267311,0.5428741990819059
0.0,1.0,0.0,-0.6402098606834052,-1.6276785184784492
3.0,1.0,0.0,0.19642728204939638,0.24087267726571393
9.0,1.0,0.0,0.47193995373326514,2.3535037892251913
7.0,1.0,1.0,-0.41439788661222704,3.8101158803342527
7.0,1.0,1.0,0.053823891854255235,3.6391296716186403
5.0,1.0,1.0,-0.1964417925759454,2.2757851632908648
2.0,1.0,0.0,-1.4494773132809844,1.6923338055019899
0.0,1.0,0.0,-0.6344229539163982,-0.07240707218275011
5.0,1.0,0.0,-0.011793052214151556,2.2826594554419466
2.0,1.0,1.0,-0.07973263319530374,2.2002529539524374
2.0,1.0,0.0,-1.0341142503297411,3.358046552923498
4.0,1.0,1.0,0.5903997362052531,1.623723715165881
2.0,1.0,0.0,-0.4830271429804345,1.5289777241669154
4.0,1.0,1.0,0.1803303070480153,3.090786304576381
2.0,1.0,0.0,-0.5557572663464327,2.5789226824385643
5.0,1.0,1.0,0.45348707296923063,1.9978020886795291
0.0,1.0,1.0,-0.8840152394184219,1.3066535351505468
7.0,1.0,1.0,-0.2243569266227571,1.9493171397479963
12.0,1.0,0.0,1.9303154966059273,2.06806921254622
9.0,1.0,1.0,0.17375854265581742,3.871113686938846
6.0,1.0,1.0,0.7863797269135012,2.199190980665836
3.0,1.0,1.0,0.24287745228718505,0.092744561275383
7.0,1.0,1.0,1.1228632727542578,0.8667358681660287
29.0,1.0,1.0,1.4089945803214265,6.58666227499427
4.0,1.0,1.0,0.6189627810411336,2.007515033522939
2.0,1.0,1.0,-0.17948009811622118,2.194615826804547
4.0,1.0,1.0,-0.5789547906433503,2.225512320907998
2.0,1.0,1.0,0.6261230493548113,0.9268990320260486
18.0,1.0,1.0,1.818550791108699,3.1517198968363127
0.0,1.0,0.0,-0.7540079385718956,0.5773780960468529
2.0,1.0,0.0,1.099833116565385,-0.4609732940180269
6.0,1.0,0.0,-0.6372370755105794,4.38697610490156
1.0,1.0,1.0,-1.5956393213514681,2.2139441830985875
0.0,1.0,0.0,-0.9990712230778159,0.21264740199606336
5.0,1.0,0.0,-0.11555576823641865,1.0808008630686787
2.0,1.0,0.0,-0.21964470899022917,2.037547525089064
6.0,1.0,0.0,0.4688671523900353,2.353393746969419
2.0,1.0,0.0,-0.9225407393274968,2.4723017721591263
5.0,1.0,0.0,0.9022802695441595,1.5181397141081439
2.0,1.0,0.0,0.8579527440149483,1.2206902172291594
9.0,1.0,1.0,0.4052655196655839,2.5683114276362793
4.0,1.0,1.0,0.20639626330931443,1.0359343471759757
4.0,1.0,0.0,-0.19866755545054932,3.8048497220468254
2.0,1.0,0.0,-0.20384347980948608,1.6923039474426353
1.0,1.0,1.0,-0.8448911135727681,0.16826209696437977
5.0,1.0,1.0,-0.11418069083022614,2.93694376666771
8.0,1.0,1.0,-0.6105176953937662,3.8479970264875285
2.0,1.0,0.0,-0.5056066264815382,1.1797265101784142
9.0,1.0,1.0,-0.5405648798352871,3.9565054278617975
17.0,1.0,1.0,1.4346158844388675,3.0901217302474917
1.0,1.0,1.0,-1.4517241706464006,1.0783118691889781
4.0,1.0,1.0,0.47457669538450215,2.241924145866766
9.0,1.0,1.0,0.15365840877963408,3.8428242590020387
1.0,1.0,1.0,-0.42604721435786175,1.1930569447792965
4.0,1.0,0.0,-0.6947615853759942,2.7280772712033925
4.0,1.0,0.0,0.04878727697841373,-0.29872075812381027
5.0,1.0,1.0,-0.17676348613162615,3.5079144855263134
2.0,1.0,0.0,-0.2934921853260571,1.0993853697778007
2.0,1.0,1.0,-0.5972689912287357,2.3976610648157033
5.0,1.0,0.0,0.4495773970370714,2.151702184458619
2.0,1.0,0.0,-0.09451274677071331,0.7491682692491933
2.0,1.0,0.0,0.22802215068364806,1.6021238132324116
1.0,1.0,1.0,-0.8578775243660809,-0.18568058575302437
1.0,1.0,0.0,-1.1110067504178942,3.007219554458796
4.0,1.0,1.0,-0.6585690060643886,2.739136382436993
14.0,1.0,1.0,0.7354353121466821,5.17993102674134
2.0,1.0,0.0,-1.161750034701672,3.1470511745044254
2.0,1.0,0.0,-0.31854547591950216,0.914012072583172
1.0,1.0,1.0,-0.004522523946729973,0.6943280119297834
5.0,1.0,1.0,1.293378721034207,-1.0537200950725345
0.0,1.0,1.0,-1.323179239872927,1.4424940873376242
16.0,1.0,1.0,1.2229527527142372,3.449185339594826
11.0,1.0,1.0,0.23003298383924478,2.753181353467429
9.0,1.0,0.0,2.857855540247264,0.2907078394461997
2.0,1.0,0.0,0.7688679836174505,1.7747477160443121
9.0,1.0,1.0,0.0840409568927534,2.087306986119911
2.0,1.0,1.0,-1.1604466667912756,3.5568204809404773
2.0,1.0,1.0,0.16870599624257474,0.6254581871564298
3.0,1.0,0.0,0.43081886331847485,1.5716450049152777
3.0,1.0,1.0,0.13943012825049111,-0.2659635304897012
2.0,1.0,0.0,0.008729640720277064,2.754394079945996
0.0,1.0,0.0,-0.5511474789253502,1.5210539857701142
6.0,1.0,0.0,0.06546524309198987,1.3237091355637431
13.0,1.0,1.0,1.6110209796824533,2.830482360537347
6.0,1.0,0.0,0.05899621786062054,2.5185938168480115
2.0,1.0,0.0,-1.6405596456208182,3.787224155155311
5.0,1.0,1.0,0.8553308484841102,0.7376878273227099
6.0,1.0,1.0,-0.35651800977128734,1.5805554287899768
5.0,1.0,1.0,1.2518524294641094,1.7827577921844244
5.0,1.0,0.0,0.11169313035461301,2.96544887546822
2.0,1.0,0.0,-0.7207001355741428,2.0684565783670035
1.0,1.0,0.0,0.9332657867655815,1.6452886535628557
5.0,1.0,1.0,-0.14472687146674845,3.553183745853093
2.0,1.0,0.0,-0.7117250846093823,2.793538796258905
3.0,1.0,0.0,-0.9153295276097748,1.4648776320156807
3.0,1.0,1.0,0.24902016072785826,2.225638804938359
2.0,1.0,0.0,-1.6613855474963781,2.8713837443658705
3.0,1.0,1.0,0.8408812826890558,-0.7967767460564912
7.0,1.0,0.0,0.8513057950134829,2.3854847178084606
20.0,1.0,0.0,1.3197261640671178,5.0718113562372675
3.0,1.0,0.0,-0.07003034247274466,2.496687465518777
4.0,1.0,0.0,-0.23607064660454846,2.3745588570589433
2.0,1.0,0.0,0.7131769201609303,-0.15325044271330102
5.0,1.0,1.0,-0.30114913494634693,1.7109735930718921
2.0,1.0,0.0,-0.3847138797009457,1.2836996609719975
6.0,1.0,1.0,1.067665387586214,1.8476827118474388
13.0,1.0,1.0,0.21678636977544172,3.8122697276422173
1.0,1.0,1.0,-1.5380322822545751,1.4400190858786805
4.0,1.0,0.0,-0.2282400939476532,3.766143666876143
8.0,1.0,1.0,0.3152838291529302,1.0890592334163114
1.0,1.0,1.0,-0.5402968717615332,-1.6489762788383415
4.0,1.0,1.0,0.23909000606948783,1.6672485352456858
5.0,1.0,1.0,0.4319779096431058,3.128278568909135
0.0,1.0,1.0,-0.9733248041796294,2.4850663232581978
2.0,1.0,0.0,-0.4357561075304933,2.4092082131456904
3.0,1.0,0.0,0.973964432749614,0.2781174081728681
11.0,1.0,1.0,1.2649419191314073,3.0355037097209547
16.0,1.0,1.0,1.4503683819678466,2.407623110315864
3.0,1.0,1.0,0.5509562671356474,0.8186125324714273
3.0,1.0,0.0,-1.4982352047733984,2.176075085632526
17.0,1.0,1.0,1.6682975623581158,3.186761564852266
4.0,1.0,1.0,-0.1183518830588888,-0.37690875589513206
4.0,1.0,1.0,-0.671908936719749,1.293106935400977
8.0,1.0,1.0,0.5654528056418848,3.2346669621444932
3.0,1.0,1.0,-0.9554506622252879,1.8949748996771367
6.0,1.0,0.0,0.6296979748019043,4.018655851396364
1.0,1.0,0.0,-0.761837733004185,2.1994432422670664
2.0,1.0,0.0,-0.13137832539265093,2.383271154545162
8.0,1.0,1.0,0.5781399707211502,2.388246214352603
2.0,1.0,0.0,-0.4985650071461881,0.5224399742858796
1.0,1.0,0.0,-0.48598073517022555,0.5363625628223845
2.0,1.0,0.0,0.4900223881380903,0.6480152223945415
4.0,1.0,0.0,-0.9408704917666132,2.7591717963186886
2.0,1.0,1.0,-0.19172597245957024,2.350365830653049
2.0,1.0,1.0,-1.7640500051672414,2.334765266500976
1.0,1.0,0.0,-0.9944918932342328,2.2707720257026107
2.0,1.0,1.0,-1.1083777060409996,0.49847588864127057
2.0,1.0,0.0,-0.7776882144163166,1.4008626579589758
14.0,1.0,1.0,0.6150299555067995,3.6434473749400116
0.0,1.0,0.0,-1.6624239202203566,3.749196775160798
7.0,1.0,0.0,0.22635422729703325,1.8305707234468729
5.0,1.0,1.0,1.3993425481626582,0.47870999151722726
5.0,1.0,1.0,0.8771060701947118,1.2642946318277666
4.0,1.0,0.0,-0.7521561546555764,3.8884404188273125
2.0,1.0,0.0,-0.823419689709677,1.27068696030293
4.0,1.0,0.0,-0.8519892629394855,1.0246117891858564
8.0,1.0,0.0,1.574315529207014,0.7782053249041119
1.0,1.0,1.0,-1.4171745646472715,1.7542595958989278
13.0,1.0,0.0,0.9071224069426598,4.831727249746104
3.0,1.0,0.0,0.615916765524468,1.8435366219675968
9.0,1.0,0.0,-0.09880264712415351,2.810112970488663
2.0,1.0,1.0,-0.4136908219748312,2.6554222088129347
7.0,1.0,1.0,1.2496939202357422,0.9021814574296492
3.0,1.0,0.0,-0.41624574300247325,1.3454295314813123
1.0,1.0,0.0,0.6338291980085349,1.462419447312971
0.0,1.0,0.0,-1.133872546628198,0.17145343214715147
4.0,1.0,0.0,-0.11856763131538695,3.5443823674883292
5.0,1.0,1.0,0.37004440204199773,0.6410327466460273
0.0,1.0,1.0,-1.0224376182984747,0.15904231878173714
7.0,1.0,1.0,2.181540372256597,1.1099907462343817
5.0,1.0,1.0,0.12991717749064388,1.5332137193608966
1.0,1.0,1.0,0.36911427056634827,2.423621676615186
3.0,1.0,1.0,-0.2399794966332665,1.1090058185176883
7.0,1.0,1.0,0.5711690625529888,2.977270817634126
4.0,1.0,1.0,-0.02927212424012333,1.3392286887522535
0.0,1.0,1.0,0.2687858943574629,0.8463190173647595
7.0,1.0,1.0,1.4422407513294055,2.1949179417589026
0.0,1.0,0.0,-0.5173028034707089,-0.228204080476057
7.0,1.0,1.0,0.3761405985471046,3.6535538352935353
1.0,1.0,0.0,-0.08243037057593966,-1.3066982911935525
3.0,1.0,1.0,0.1869642190007311,1.6508367349694095
5.0,1.0,1.0,0.058582055785642684,2.207520427794584
12.0,1.0,1.0,1.1581528154796985,3.4901681909489595
5.0,1.0,1.0,0.5126642234173152,1.3474046143606664
2.0,1.0,0.0,-0.031378693006976335,0.29998152070097817
10.0,1.0,1.0,0.16409954803487442,3.1163958990816534
0.0,1.0,0.0,-1.8932208268299786,0.04973629192804352
2.0,1.0,1.0,-0.9845477092883688,1.9064179814431523
16.0,1.0,1.0,0.6688535151372412,5.079029763539015
9.0,1.0,1.0,0.06446468192553545,3.712289966654664
5.0,1.0,0.0,-0.05837849753575072,4.091619214120786
2.0,1.0,0.0,0.012091645050063549,1.51482040115409
1.0,1.0,1.0,0.4524798601350208,1.2404971425367117
2.0,1.0,0.0,-0.7680363850643915,0.6509816584751917
3.0,1.0,0.0,0.387297280267887,2.319618198213786
17.0,1.0,1.0,1.7813565827509434,3.879558777240552
1.0,1.0,1.0,-1.1176662160399786,-1.1673288655179723
4.0,1.0,0.0,-1.6584644722878652,3.2677589912147162
6.0,1.0,1.0,-0.2625596368078757,1.9870496202991883
2.0,1.0,1.0,0.9773592027765389,0.25882499610719956
3.0,1.0,1.0,0.34818317409870536,2.5971163293877
7.0,1.0,1.0,1.3017294431061786,1.6180833570362452
10.0,1.0,1.0,1.124001709475917,2.416837715214599
4.0,1.0,1.0,-0.376893566099719,2.1639278104143966
3.0,1.0,1.0,0.10308094536776702,1.3878553114533083
1.0,1.0,0.0,-0.728381685241041,1.286291572685439
7.0,1.0,0.0,0.7147932401745983,2.9799035648171
2.0,1.0,0.0,-0.3936891892667799,1.5667254854075376
4.0,1.0,1.0,-0.29544879557253406,1.3132846920251984
5.0,1.0,1.0,-0.8039831571804089,2.4961662121051176
1.0,1.0,1.0,0.3405856629704319,0.21490642374923552
2.0,1.0,1.0,0.05091061838784153,0.8752563957873569
3.0,1.0,0.0,-1.6656520966079293,3.0338168905421847
12.0,1.0,1.0,2.322798243700281,3.358209864363262
1.0,1.0,1.0,-1.4735083888873701,2.7306819846927883
3.0,1.0,1.0,-1.0183660362660485,1.4096111973569996
5.0,1.0,0.0,0.08697273063046468,1.8060302239423436
0.0,1.0,0.0,-1.2996889975204091,1.7284559975125713
2.0,1.0,1.0,0.44611339337223554,1.1548447498178116
2.0,1.0,0.0,-0.9063583928097907,1.0059451159567456
3.0,1.0,0.0,-0.2297039221891848,2.63825796091481
6.0,1.0,1.0,0.4983048148773497,1.8412862074555094
13.0,1.0,1.0,0.09998926480758238,3.576138776186373
4.0,1.0,1.0,-0.40285892352914815,0.6149841888311591
5.0,1.0,1.0,-0.08356111992172809,1.9376348236990935
9.0,1.0,1.0,0.6671576100994266,3.6999545493407417
6.0,1.0,0.0,1.7185318797360691,2.6212064031226205
4.0,1.0,0.0,-1.1898514054308709,3.229011284804029
7.0,1.0,1.0,1.0151573392436384,3.548989374412427
4.0,1.0,1.0,-0.33049665659319516,2.005655531195435
15.0,1.0,1.0,1.1948481307639442,3.7365634765983535
4.0,1.0,1.0,-0.6001715462763699,1.2164409353517134
24.0,1.0,1.0,0.8011018937549539,4.998864685736336
1.0,1.0,1.0,-1.085278328158265,0.5372832928235503
10.0,1.0,1.0,0.7569464773138295,1.8459793999215535
13.0,1.0,1.0,0.2856018970381335,4.498503416824207
6.0,1.0,1.0,0.35738207026136054,2.791115647395859
3.0,1.0,1.0,0.19133519632540788,1.668704373229604
9.0,1.0,0.0,1.1540270521493519,3.5125373856666195
1.0,1.0,1.0,-1.0134196675567404,1.2967318370013967
1.0,1.0,1.0,-1.044056812012162,-0.2412689402377053
5.0,1.0,1.0,-0.33928827865116223,3.700928856965774
4.0,1.0,1.0,-0.0741405284176727,2.278439696239599
11.0,1.0,1.0,1.370559884944243,2.566204978775935
2.0,1.0,0.0,0.33735090299634224,1.2335568011742368
4.0,1.0,0.0,-0.5388336871970099,2.678278457354383
9.0,1.0,0.0,-0.5387949450694641,5.31154860183153
0.0,1.0,1.0,-0.17845688251224465,0.5895596482591898
6.0,1.0,1.0,1.1733433482564268,1.7654264375416795
3.0,1.0,0.0,-0.46023173249578087,2.22619092175713
5.0,1.0,1.0,0.9117603937877354,1.1551864514561843
5.0,1.0,0.0,1.0243915662003658,2.255934677511175
2.0,1.0,0.0,-0.2946065927385272,1.0943669322363365
2.0,1.0,1.0,-0.7365484967303796,4.038433793485481
2.0,1.0,0.0,0.21500821360743877,1.2573556182081904
4.0,1.0,0.0,-0.887609771796619,0.12694006327725682
3.0,1.0,0.0,0.13886508971648615,2.396341333414364
4.0,1.0,1.0,-0.4754149931893158,3.0624702377471076
2.0,1.0,1.0,-0.8931829104691119,2.2780436930460715
4.0,1.0,0.0,-0.3370309745816734,3.3512968652173543
0.0,1.0,0.0,-0.3679308398331354,-0.7329624411213618
3.0,1.0,0.0,-0.5689632073280333,1.7126091184436536
12.0,1.0,1.0,0.6094866355418332,2.150046038718293
5.0,1.0,0.0,0.10116650914890024,2.2755050113596518
2.0,1.0,1.0,-0.013088779013223653,0.6154000977582159
1.0,1.0,0.0,-0.41242806751106786,1.3919578760946025
1.0,1.0,0.0,-0.8575058191733355,1.8679080886572952
0.0,1.0,0.0,-0.689214303902268,0.07614600579489417
1.0,1.0,0.0,-0.9423644063525198,3.1357373344784913
3.0,1.0,0.0,-0.6994988656243881,1.5610206219771343
0.0,1.0,0.0,-0.07612636362860889,-0.13320805761544774
2.0,1.0,0.0,-0.6970691708028046,1.7562481575278108
1.0,1.0,0.0,-1.2083849999109169,0.9898753689424887
2.0,1.0,1.0,0.3395903967226819,0.821149187556869
8.0,1.0,1.0,0.988806561582839,3.7868290387031793
9.0,1.0,1.0,-0.4691273524348375,3.8439108789942686
1.0,1.0,0.0,-1.7854008242859076,2.5923976302352347
4.0,1.0,1.0,0.5760506443472967,1.1361982817983833
9.0,1.0,1.0,-0.7911091818900085,4.416988527279575
6.0,1.0,1.0,-0.3689372216967375,3.6993189980619388
8.0,1.0,1.0,-0.25036425538567125,2.4871600545979993
5.0,1.0,0.0,0.3236558306482948,0.9065354400410275
7.0,1.0,0.0,0.6097912534227956,2.3872824364912097
7.0,1.0,0.0,-0.2302242657918629,4.687163638442042
29.0,1.0,1.0,1.264843392835398,5.55890062080264
3.0,1.0,1.0,0.8340298412755409,1.418321623759438
3.0,1.0,0.0,-1.3776981836512237,3.2188040001990936
0.0,1.0,1.0,-1.1462062626503182,2.498516208984769
1.0,1.0,0.0,-0.7313714092014052,1.4835395387807997
4.0,1.0,0.0,-0.12078107661385964,1.457029873467271
2.0,1.0,0.0,0.7292847617070217,2.226617662870079
1.0,1.0,1.0,-0.32738173711885277,1.023611847099167
6.0,1.0,1.0,0.09682859565669372,2.2328065610022914
4.0,1.0,1.0,-0.9226789646273437,4.234226132077569
0.0,1.0,0.0,0.2273212441149103,1.783489761452244
5.0,1.0,1.0,-0.32046166153379413,2.08961410174262
0.0,1.0,1.0,-0.8675583921957216,0.6805509842211661
3.0,1.0,1.0,0.5899623750049359,2.4451311650419907
2.0,1.0,0.0,-1.7540592778346809,3.192894124974087
4.0,1.0,0.0,0.2666850389773798,3.588811484913636
1.0,1.0,0.0,0.6305278225380899,0.8902029007833789
10.0,1.0,1.0,0.8674799115649823,2.5573231438159523
6.0,1.0,1.0,-0.05194099227309501,4.266319758131616
5.0,1.0,1.0,0.9323095497235129,2.582937885045091
4.0,1.0,0.0,0.6834508287990126,2.4935057301815773
0.0,1.0,0.0,-0.6760501659351684,-0.08810244112563237
1.0,1.0,1.0,-0.5792296469338455,0.41045243593623537
3.0,1.0,1.0,-0.014889596743083322,3.4392853449300627
5.0,1.0,0.0,-0.4691612303930672,3.03686279582773
5.0,1.0,0.0,0.42556248384161993,2.693992575071041
2.0,1.0,0.0,-0.48129769071095796,0.9783284294621633
1.0,1.0,0.0,-0.7499445166732677,1.9173651666380467
7.0,1.0,1.0,0.17622196315747676,1.965169949753437
2.0,1.0,1.0,-0.0806487653669185,3.5889114672965636
5.0,1.0,0.0,0.42122835862899943,3.3114667827695534
5.0,1.0,1.0,0.6734845501190522,2.3797015751621236
1.0,1.0,0.0,-0.6101182996853991,2.388074131130994
9.0,1.0,1.0,0.7902013717075858,3.2781612091611034
16.0,1.0,1.0,1.0249500845246153,3.5196160119597852
2.0,1.0,1.0,-1.1375259488278582,1.0122445156735185
22.0,1.0,1.0,0.5296704156770766,5.9063178025990535
3.0,1.0,0.0,-1.3168671780751087,2.1952425299165403
21.0,1.0,1.0,1.1295290087595893,5.236526051128634
6.0,1.0,0.0,-0.5676642281221027,3.905707617318267
18.0,1.0,1.0,2.1469301427470144,2.6978393748377094
9.0,1.0,0.0,0.16378777158345337,2.909236971291465
2.0,1.0,0.0,-0.4429812379350955,1.0794581208963396
6.0,1.0,1.0,0.32255038268449443,1.9399099139595553
1.0,1.0,0.0,-0.07399712950686482,1.1983114087070614
3.0,1.0,0.0,0.521798800573169,4.022207799043413
5.0,1.0,0.0,-0.31515048348742475,3.2429962829611627
2.0,1.0,1.0,0.35922096298195483,0.9811968426429536
5.0,1.0,0.0,0.8388132643146148,0.41477725834023293
9.0,1.0,0.0,1.1311897420180606,2.454317053804886
7.0,1.0,1.0,-0.48350761812075166,3.002664632263424
4.0,1.0,1.0,0.17932569360873862,1.9448476793925187
2.0,1.0,0.0,-0.9260888075305571,1.2382806645428883
23.0,1.0,1.0,1.6369284529748023,4.264864519691372
3.0,1.0,1.0,-0.307801165856229,0.3266874233046615
5.0,1.0,1.0,0.4655143143879497,2.6928126138628357
4.0,1.0,1.0,-0.5004774117814313,0.3739749134932824
1.0,1.0,1.0,0.09471225502351736,1.2315452690936382
8.0,1.0,1.0,0.46368548585727554,2.04483997106043
6.0,1.0,1.0,-0.553954149112521,2.821345896738235
2.0,1.0,0.0,0.7057488194745576,1.6145595029735607
10.0,1.0,1.0,0.5163202578080711,3.9358230309045137
8.0,1.0,0.0,1.334869745838737,2.042608134329175
2.0,1.0,0.0,-0.7842505928090857,3.379376716402205
2.0,1.0,0.0,-0.11451800209121941,2.1496265240254666
6.0,1.0,1.0,-0.02989842327998768,2.681228669117727
6.0,1.0,1.0,-1.1858224479714563,3.9509004132050025
14.0,1.0,0.0,0.8367081516187252,4.664431761327251
12.0,1.0,1.0,0.18546134290204663,3.6808750250966824
3.0,1.0,1.0,-0.03544105399128479,-0.42823083513505145
1.0,1.0,0.0,-0.17014582380700716,1.2911281586215855
19.0,1.0,1.0,1.4210090464580096,3.668975215798686
2.0,1.0,0.0,-1.0083489188036883,2.0434167604068674
0.0,1.0,0.0,-1.5300406904279777,2.152103999579206
1.0,1.0,0.0,0.26172949278494384,0.46382490707520874
11.0,1.0,0.0,0.5510848194293905,2.6558626745210487
2.0,1.0,1.0,0.2771656982997839,2.5556505968375567
1.0,1.0,1.0,-1.836290252548979,3.67326411376251
2.0,1.0,0.0,-0.5382385696259806,-0.6277784024296567
2.0,1.0,1.0,0.8068559495107623,-0.715973935155751
6.0,1.0,1.0,0.1287226258035586,3.33535492337279
7.0,1.0,0.0,0.16022106532350827,2.8439560750497255
12.0,1.0,1.0,-0.6369015628094039,3.5234993730671125
8.0,1.0,1.0,0.6650061024760752,0.7791499798890358
3.0,1.0,0.0,0.6050544651732798,0.2568793021545872
4.0,1.0,1.0,-0.4857836500517755,2.184621273588275
2.0,1.0,1.0,-0.46851887697428046,2.0277405803104225
3.0,1.0,1.0,-0.9179004445322677,1.614704118458608
1.0,1.0,1.0,-1.1331686875570521,2.475159079826791
6.0,1.0,1.0,-0.0882048244170438,3.0345525348506017
0.0,1.0,0.0,-1.1538493596756698,2.3967086599341916
3.0,1.0,0.0,0.41517930027419864,-0.0011888896635188217
3.0,1.0,0.0,0.5790187853744719,1.8664054072396241
2.0,1.0,0.0,-0.46884975745317115,1.1712583385828337
7.0,1.0,1.0,0.4436341417166116,3.727586301888681
1.0,1.0,1.0,0.685378756675853,1.4293638861212732
0.0,1.0,0.0,-3.305034882264657,1.8439970512632442
4.0,1.0,1.0,-1.5830601800080608,3.409618079245682
4.0,1.0,0.0,-0.4632603231573336,2.2257100469156024
6.0,1.0,1.0,-1.356172456068818,1.897660011108013
0.0,1.0,0.0,-0.6097521162643744,-1.0613457763519625
4.0,1.0,0.0,-0.7011647580568213,3.485752327229702
1.0,1.0,0.0,-1.5107519662669089,1.828913924777536
7.0,1.0,1.0,1.62892973247576,1.5510303322577461
7.0,1.0,0.0,0.21560734491129374,2.6453903728161423
14.0,1.0,1.0,0.1787433092257975,4.34987821357832
4.0,1.0,1.0,1.778801869794944,1.3890880336971663
0.0,1.0,1.0,0.0471428849444387,0.9305370351026658
5.0,1.0,0.0,1.5203357324714015,1.704674854391969
1.0,1.0,1.0,0.9883331464042242,0.7608383861975465
2.0,1.0,0.0,1.1829752310810386,0.6478236621542781
5.0,1.0,0.0,0.09640648993874987,1.8852436899429037
7.0,1.0,1.0,-0.5334219055744521,2.585269182590256
1.0,1.0,0.0,-1.1160249480302649,-0.0020572207113989105
2.0,1.0,0.0,-0.12521517885273475,2.367970745495243
4.0,1.0,0.0,0.8212082853194463,1.7060678649152201
0.0,1.0,0.0,-1.3287111417612179,0.49801098479333183
4.0,1.0,1.0,-0.6438361455853239,2.7384860420019366
7.0,1.0,0.0,0.7431488173851698,3.485672200723616
4.0,1.0,1.0,-0.94022010936293,2.8494429766227327
3.0,1.0,0.0,0.15705635844922333,0.9341916269359318
11.0,1.0,1.0,0.6895989472176596,3.8607197646394957
3.0,1.0,0.0,-1.4342502393549383,2.3499079594837076
10.0,1.0,0.0,-0.15131554591800972,3.583694025355709
4.0,1.0,0.0,-0.011760975081458264,2.265676870670572
0.0,1.0,0.0,-1.0440328773946805,2.016649378360654
5.0,1.0,1.0,-0.4718524153258056,4.4442018644793935
5.0,1.0,1.0,0.8847126649371061,2.975604649685706
4.0,1.0,1.0,-0.920712911964664,2.7446381246444447
4.0,1.0,0.0,0.18183011798800192,2.0916480892845524
7.0,1.0,0.0,-0.95407007798813,4.534749721328735
6.0,1.0,0.0,-0.5245934419356663,3.4393466935314554
0.0,1.0,1.0,-0.5018225343259007,0.9832934512073848
6.0,1.0,0.0,-0.3074353728999027,2.7752975528893042
4.0,1.0,0.0,0.11249654238661266,2.720722532970906
5.0,1.0,0.0,0.29181602650678684,3.27754013105608
12.0,1.0,1.0,0.376806773500492,4.524851343826612
1.0,1.0,1.0,-0.47274258483172277,1.918065781786937
7.0,1.0,0.0,0.9021779741195021,2.5581961272525287
7.0,1.0,1.0,0.16543054475666594,3.622274753389473
5.0,1.0,0.0,0.4041402120557067,3.1214634634451808
2.0,1.0,1.0,-0.6697519270725509,0.6303389115958549
8.0,1.0,0.0,-0.11149550275201679,2.8341604452654474
5.0,1.0,0.0,0.46182263393209255,2.611486667799462
16.0,1.0,1.0,1.3481819881704,3.8602243423121347
6.0,1.0,0.0,0.30702796968045054,1.9160457235655413
1.0,1.0,0.0,-0.8235116534726225,1.0734464278201052
0.0,1.0,0.0,-0.993188748890043,-0.5105929400609908
1.0,1.0,0.0,-1.8592620757835194,2.933335955283469
4.0,1.0,0.0,-0.017981151081414792,1.3494093275206478
4.0,1.0,0.0,-0.43311098319249075,4.324022570133227
5.0,1.0,1.0,0.9743116815833995,0.8268463368515877
2.0,1.0,1.0,-1.0108301940016802,2.7102625579046125
6.0,1.0,1.0,-0.013679263718639895,2.5516314530411415
2.0,1.0,1.0,0.060889013723664454,2.083906869579792
8.0,1.0,1.0,0.7049050654194717,1.3553936333357053
10.0,1.0,1.0,-0.12389050276213777,5.306607089153145
3.0,1.0,1.0,-0.5026246792906518,2.3247219794030705
5.0,1.0,1.0,0.12001019992140587,2.2335742222160486
12.0,1.0,1.0,-0.09807693095864958,3.045098427793376
2.0,1.0,1.0,-0.42876450783660836,0.12381275742925046
9.0,1.0,1.0,-0.38759526418317114,2.5588189896189792
8.0,1.0,1.0,0.1809929169760628,4.004087084518032
7.0,1.0,0.0,-0.08142858429169782,2.9975469089774447
4.0,1.0,0.0,0.28683490466300565,-0.18745802684426738
12.0,1.0,0.0,-0.2617246875418544,4.375901394884557
5.0,1.0,1.0,0.007861105443199637,2.702223884025324
4.0,1.0,1.0,0.45545649809042155,0.3492763634887406
3.0,1.0,0.0,-0.046309189896476366,1.9874227490980538
12.0,1.0,1.0,-0.2742723541964698,1.8924595918575193
11.0,1.0,1.0,0.751301076520035,2.8954820883940027
3.0,1.0,1.0,-1.1576012286900017,2.3781174506672147
4.0,1.0,1.0,0.7210082491994109,2.1308099695860925
6.0,1.0,0.0,0.16149810851989715,1.6565834370771457
2.0,1.0,1.0,-0.4061747494153172,1.3967838232809229
5.0,1.0,1.0,-0.018601393084359368,2.0493710799393603
2.0,1.0,0.0,-0.47030999772334503,1.2339769228717803
3.0,1.0,0.0,0.017283057012010994,1.1891802842782706
4.0,1.0,0.0,-0.921438287801017,1.3435239586237337
1.0,1.0,0.0,-1.077147577738249,1.242552037799041
4.0,1.0,1.0,0.0694310018591715,-0.008112493675481058
2.0,1.0,1.0,-1.0617885762259895,0.01828836689987634
0.0,1.0,0.0,-0.076542939428582,-1.125522207046831
2.0,1.0,1.0,-0.5511004029928347,1.1801480917331089
11.0,1.0,1.0,1.808364307536133,1.8239231617851173
3.0,1.0,0.0,0.19775067225097714,0.9441768847457257
3.0,1.0,1.0,0.8430478918164378,3.3843062961385284
5.0,1.0,0.0,-0.13075682980730352,0.6638132769324283
2.0,1.0,1.0,-0.06512298179044336,0.025781503545791562
4.0,1.0,1.0,0.22932396348797113,2.5225559936163173
6.0,1.0,0.0,-0.09697191851974923,3.8640679570443273
0.0,1.0,1.0,-0.65273279420816,-0.7889362049793878
2.0,1.0,0.0,1.1835508571969233,0.21593740334952205
7.0,1.0,1.0,0.8879818207313498,1.3740920748994077
8.0,1.0,1.0,0.47630319702485835,3.0236312113807653
6.0,1.0,1.0,-0.020635635500798652,1.6948771361513573
3.0,1.0,0.0,-0.23492282861498454,2.3550189976874756
4.0,1.0,1.0,0.14157481386621817,-0.05613893557667593
7.0,1.0,0.0,1.1361119806865256,1.763671257378387
3.0,1.0,1.0,-1.0124805667803491,1.874594115509048
1.0,1.0,0.0,-1.6327344559263661,-1.0640775850805932
9.0,1.0,1.0,-0.3604050477793271,3.803486977654047
3.0,1.0,0.0,0.33318518907688566,1.450847438960767
3.0,1.0,1.0,0.873499668954722,1.5953012080490514
5.0,1.0,1.0,-0.4224208673584773,2.3685022044980704
4.0,1.0,1.0,0.19777547352809127,0.7038877427078905
5.0,1.0,0.0,0.5558860104713171,2.131297236808379
6.0,1.0,1.0,0.44847544516414356,2.544475034419129
1.0,1.0,0.0,-0.058780343927485726,1.1769136183825393
0.0,1.0,1.0,-0.27561059000062105,-0.6221261970770557
1.0,1.0,0.0,-0.7449014584127767,0.04096566962596482
8.0,1.0,0.0,1.8143185155421786,1.6193634312503948
0.0,1.0,0.0,-1.3101348961931716,1.1910392216394665
5.0,1.0,0.0,0.37364305828778016,1.044703469237752
5.0,1.0,0.0,0.16140267348110804,0.46222239313207125
11.0,1.0,1.0,0.32943377583816114,3.6923149400817348
3.0,1.0,1.0,0.5924008929560917,1.7520310734522342
5.0,1.0,0.0,0.06450562231384827,1.2693831895787533
4.0,1.0,1.0,-0.43455612806361077,3.183432500452241
8.0,1.0,1.0,1.6615548790980612,2.808679286412839
2.0,1.0,1.0,0.23294827377592806,0.8500011997585326
2.0,1.0,0.0,-0.8274077683042582,1.7415756487329737
4.0,1.0,1.0,0.8109528825648475,1.0612637065505597
3.0,1.0,1.0,0.1957494971087002,1.1500454931179598
10.0,1.0,1.0,0.9597942596941208,1.9509439577116774
3.0,1.0,0.0,0.22369168666915842,2.821119366598193
4.0,1.0,0.0,-0.5312772116805281,1.2666044596012052
9.0,1.0,1.0,2.126191385710832,0.8106426343265436
7.0,1.0,1.0,0.4416014373733768,2.0524778295688573
14.0,1.0,0.0,1.8958881123714033,1.972236567184793
4.0,1.0,1.0,-0.035261733353098845,2.465737355697
15.0,1.0,1.0,0.6017856041320524,5.070416769984229
2.0,1.0,1.0,0.4381874471824373,1.5507251311579804
4.0,1.0,1.0,0.3908485777773075,2.0657471318982092
3.0,1.0,0.0,-0.04728270678797908,2.278856310936056
6.0,1.0,0.0,-0.9731124282993027,2.835639639567229
2.0,1.0,0.0,-0.9747803420237967,2.490613086725162
4.0,1.0,0.0,0.390262918532018,1.4511459727979166
3.0,1.0,1.0,0.38177499031801254,0.49285388535053887
2.0,1.0,0.0,1.058015891119264,0.31856076019717694
4.0,1.0,1.0,0.3055366201412915,-0.1688644645941968
2.0,1.0,1.0,0.9098587424773099,0.6125838378745962
2.0,1.0,0.0,-0.19017729042937714,0.5597944673415662
1.0,1.0,0.0,-0.018634525506870947,1.2860947970355583
7.0,1.0,1.0,-0.29718440944142815,3.7205670356958676
7.0,1.0,1.0,0.045923805155315855,2.5164013336503146
5.0,1.0,0.0,-0.60448983877312,2.2445639047284955
5.0,1.0,1.0,0.8385336667989065,2.9106323577700803
4.0,1.0,0.0,1.1230333403596398,0.19692079489954328
2.0,1.0,0.0,0.05342930963614502,2.1796444646548627
2.0,1.0,0.0,0.12319877395022913,0.9724864280313161
6.0,1.0,1.0,-0.057622402367783154,4.237905748565682
2.0,1.0,0.0,0.5312351310101981,2.4060519823273316
9.0,1.0,1.0,1.1107290713216154,2.614879132512457
3.0,1.0,1.0,0.6167077244239019,-0.6768492491525242
4.0,1.0,1.0,0.36006461903507025,-0.23920154742165867
2.0,1.0,1.0,0.3573256065354676,1.7360876944597456
5.0,1.0,1.0,0.0842729532480756,1.6758638472025893
5.0,1.0,0.0,0.4068367172850862,2.3297356994095897
4.0,1.0,0.0,-0.4626586856270502,3.232792890059644
0.0,1.0,0.0,-0.25411121022648636,-0.5569831933368787
1.0,1.0,1.0,-1.3575448176498095,1.9978200343521317
8.0,1.0,1.0,1.4619865561535457,2.13652338023246
18.0,1.0,1.0,1.324742159420739,3.8684516588778104
3.0,1.0,0.0,-0.2896136506055016,2.291429309358745
2.0,1.0,1.0,0.047025855344261375,1.497599135932901
1.0,1.0,0.0,-0.36376112555004836,3.0180420398582646
8.0,1.0,1.0,0.1925745567879004,3.5123343487754024
1.0,1.0,1.0,-1.683832883633605,2.9564608564897688
7.0,1.0,0.0,0.17851958493422776,3.7138432770778658
4.0,1.0,0.0,-0.48098453391807067,3.714352497171017
3.0,1.0,1.0,-0.11797561674405557,0.26085157112541446
5.0,1.0,1.0,1.0240167478171383,0.23495025475312215
3.0,1.0,0.0,-0.7123891325123735,2.7921039125992984
3.0,1.0,0.0,0.3404288440675195,0.3869870269065383
2.0,1.0,0.0,-0.5201306566176802,2.267518648013529
6.0,1.0,1.0,1.5939143951839936,0.893521412887798
3.0,1.0,0.0,-0.6328810962422784,1.8484704020439862
12.0,1.0,1.0,-0.04672127752494687,4.020609675259953
2.0,1.0,0.0,-1.05198498971047,3.236507221299722
5.0,1.0,0.0,-0.3130078843478435,3.4243174243247623
4.0,1.0,1.0,-0.7032227605217826,1.5958077850368027
1.0,1.0,0.0,-0.8643690683507967,1.2823177694411028
6.0,1.0,0.0,0.38787870795391277,1.145823814794291
6.0,1.0,0.0,-0.286619620181205,1.2150532470882742
5.0,1.0,1.0,0.08762335760951598,2.4163419620007542
17.0,1.0,1.0,0.7101795416592809,5.100469993496578
2.0,1.0,1.0,0.23953535416999805,-0.14532311416671817
7.0,1.0,1.0,-1.1838081163014413,3.8370263987847073
6.0,1.0,0.0,1.1383786222662133,2.5048835695512186
11.0,1.0,1.0,0.16979881797715973,2.204043779728997
4.0,1.0,0.0,-0.20780864277468655,2.4448117775860734
11.0,1.0,0.0,0.054198562482266247,4.066735753173176
8.0,1.0,1.0,1.889005576401122,1.5622597920956491
2.0,1.0,1.0,-0.2967852242636244,2.23467266465095
11.0,1.0,0.0,0.17836893847015092,4.233936394746721
3.0,1.0,0.0,0.36665216479829416,0.7358095758399489
2.0,1.0,1.0,-1.096469653412249,1.4717319161061377
11.0,1.0,0.0,1.0822784285483509,4.634483948601545
1.0,1.0,0.0,0.19297177282393402,0.5775959903183825
5.0,1.0,1.0,0.1882713359441365,0.4593423326360284
5.0,1.0,0.0,-0.04875818008365551,1.3013478183525369
1.0,1.0,0.0,-2.1222250975705363,0.7491330287469207
3.0,1.0,0.0,-0.06355397084650061,2.7173825150601827
2.0,1.0,1.0,-0.15874820775052928,0.8731702316014431
8.0,1.0,0.0,0.7078224790194232,2.178865118220739
3.0,1.0,1.0,0.3761234717713131,1.2559781789333375
4.0,1.0,0.0,0.09148298059515114,1.7495839211685935
1.0,1.0,0.0,0.3453407889423903,1.7121612116375937
5.0,1.0,0.0,0.5864852959820465,2.0160182745657753
3.0,1.0,1.0,-1.2678515617301933,1.6911848114725658
5.0,1.0,0.0,0.08836630527956482,2.612226092689297
2.0,1.0,0.0,0.5703075116685593,-1.0512599584903763
9.0,1.0,0.0,0.3112000378405199,4.8915125944957385
4.0,1.0,0.0,0.12929820229317635,2.6735061917860143
5.0,1.0,1.0,-0.17672970356632797,3.0210860863338143
9.0,1.0,1.0,1.6131488000894276,2.64981223195201
9.0,1.0,1.0,1.200250689528962,3.4696982898781643
3.0,1.0,0.0,-1.7457975667495191,2.168806159074906
3.0,1.0,0.0,-0.5823128471992468,2.1946800197516296
3.0,1.0,0.0,-0.5283680160754329,3.156330649857262
2.0,1.0,1.0,-0.060365676265088715,1.8542819226533809
10.0,1.0,1.0,0.7951939867677993,2.475212557247412
5.0,1.0,0.0,0.32891444884585874,4.043524692680014
1.0,1.0,0.0,-1.909587512235939,2.0971696814757688
13.0,1.0,1.0,1.3855498112237399,3.233308158668629
4.0,1.0,0.0,0.3540368973965349,2.1503089523352785
1.0,1.0,0.0,-0.5276660036451637,-0.07145316506253452
2.0,1.0,1.0,0.15044012916197083,0.37005073635668295
4.0,1.0,0.0,-0.15645976765882513,2.1124697733536038
9.0,1.0,0.0,0.7909255152937511,3.007513976946216
19.0,1.0,1.0,1.540804350819157,3.8855004915296742
1.0,1.0,0.0,0.43368973767537977,0.14229726537257448
2.0,1.0,0.0,-0.48410034389046463,1.1194106991516601
3.0,1.0,1.0,-0.3290827809215591,2.7011103366802005
10.0,1.0,0.0,1.7934302675403915,0.8733112454935388
8.0,1.0,1.0,1.714816380971719,2.197698995637483
8.0,1.0,1.0,1.3777347402905253,2.0553157909638506
0.0,1.0,0.0,-0.1083544367533927,1.3918083845809361
4.0,1.0,1.0,0.1820438016748821,0.8010173047971403
3.0,1.0,0.0,-0.4303592645492198,2.248666250521393
6.0,1.0,0.0,-0.12661016179799545,2.8758660565667675
2.0,1.0,0.0,-0.3659338864492895,1.3474279644580767
3.0,1.0,1.0,-0.0021946790483379774,0.8331483322375695
5.0,1.0,1.0,-0.07110698292607737,2.864642406442918
1.0,1.0,1.0,-1.1277636413356888,0.7429263962404478
4.0,1.0,1.0,-0.34128586344145484,4.121415685517414
6.0,1.0,0.0,-1.4498911092329536,3.1124949047118378
4.0,1.0,1.0,1.207027795343354,-0.039704483196355334
1.0,1.0,0.0,-0.4610857201665794,1.4888543551528248
2.0,1.0,1.0,-0.9246692613794814,-1.3310561133776029
8.0,1.0,1.0,0.7931056850029199,2.5692223505546283
3.0,1.0,0.0,-0.2832571661125195,1.1412951458133467
6.0,1.0,1.0,1.3074772981394274,0.8624374591743091
3.0,1.0,1.0,-0.6710075822363297,2.865063830012952
2.0,1.0,1.0,-0.5043859353179148,2.0030136337491884
8.0,1.0,0.0,1.6925410413860924,1.7400142995144312
2.0,1.0,0.0,-0.39773030083141625,-0.7743494489288634
15.0,1.0,0.0,1.3551170231269112,4.018808780478166
10.0,1.0,1.0,0.5967944895654939,1.591089738721226
9.0,1.0,1.0,-0.44113308228539333,3.7863515515281847
12.0,1.0,1.0,1.108220105056728,2.5982323441239488
3.0,1.0,1.0,0.32211532907448137,0.9122335532361836
0.0,1.0,0.0,-0.5988544902265335,1.569351062954365
4.0,1.0,1.0,0.06986830194511756,3.1053142576723682
6.0,1.0,1.0,0.695214050280811,2.359859151403676
8.0,1.0,0.0,0.6745541789219089,3.351212395681357
0.0,1.0,1.0,-0.8492280892691275,0.10163409604026175
5.0,1.0,1.0,-0.06547381639179624,1.1420119197920677
4.0,1.0,1.0,1.1995662460364471,-0.24326306190386426
13.0,1.0,1.0,0.6832143403984703,3.234772606034281
9.0,1.0,1.0,1.5132425920011314,3.247043126133451
5.0,1.0,0.0,0.29039466189036856,1.5615855165978976
4.0,1.0,0.0,0.8036652576644524,2.6931849545606488
1.0,1.0,0.0,0.13424288207623125,1.6294479304959526
3.0,1.0,0.0,0.6521708894688593,0.753158651368826
2.0,1.0,1.0,0.3900129239268624,2.110896932585488
12.0,1.0,1.0,1.4914411649541504,3.6175785920333827
3.0,1.0,0.0,1.2217830725724486,1.1890728595324125
3.0,1.0,0.0,-0.36865184372742177,3.2848878263231174
8.0,1.0,1.0,0.9159811410019933,3.751378326867635
2.0,1.0,1.0,-0.5274607085863864,1.9146979694579374
3.0,1.0,0.0,-1.018624179812383,3.9924677592327953
4.0,1.0,0.0,-0.08355164657661442,3.202232764790897
1.0,1.0,0.0,0.5553704386084597,1.7018522052799874
4.0,1.0,0.0,-0.4494733906564533,2.8236600061911723
4.0,1.0,1.0,-0.09665473779383732,2.3086553100927505
6.0,1.0,1.0,0.32219335469072763,3.7987726905604045
8.0,1.0,1.0,0.33956702238847625,3.4459531504049834
7.0,1.0,1.0,0.5197411144524868,2.9352892888119904
1.0,1.0,1.0,-0.11365647912391458,0.9309016069233575
6.0,1.0,1.0,-0.48220131772537805,3.8965846906205397
29.0,1.0,1.0,1.0641765217494041,6.057004189829525
11.0,1.0,1.0,0.0658280490957365,3.5611182981405483
1.0,1.0,0.0,-0.7574264223736926,1.8563752546502785
5.0,1.0,1.0,1.84979521243731,1.1408209329719914
1.0,1.0,1.0,-0.5908480684387281,1.578372834872429
5.0,1.0,1.0,0.1851255244621664,2.753344447852279
3.0,1.0,1.0,-0.5333713420779423,2.665497656739472
2.0,1.0,1.0,-0.77560875377457,-0.910445732029703
5.0,1.0,1.0,0.24789671389074036,2.529860165078993
6.0,1.0,1.0,0.9048467550596392,2.086989565301711
4.0,1.0,1.0,-0.37383065069500315,1.9158257850709166
1.0,1.0,0.0,0.9180531118355235,1.0553663203004557
0.0,1.0,0.0,-1.3955785553927524,-0.48879575678026654
10.0,1.0,1.0,0.9599639632272188,2.3999643674961666
5.0,1.0,1.0,0.2527451799871092,1.8661463670478096
3.0,1.0,0.0,-0.2915744265377954,2.647339959191553
2.0,1.0,0.0,0.7116399338462746,1.4459421830950432
2.0,1.0,0.0,-0.7222080954231909,3.1193594775942612
2.0,1.0,1.0,-1.2942719733268508,2.2486319467082443
25.0,1.0,1.0,1.8612408443242148,4.087552690527575
1.0,1.0,1.0,-0.9914195648343878,1.652389695392369
0.0,1.0,1.0,-0.13516035023604192,1.4806613284331924
0.0,1.0,0.0,-1.2106625387588807,1.3661610155081256
9.0,1.0,0.0,0.4243838474525141,3.431835808890267
3.0,1.0,0.0,0.9372354055819546,2.0934320483713833
6.0,1.0,0.0,-0.23341265057551613,2.0898499024570367
29.0,1.0,0.0,2.80239252180274,5.191910747264478
3.0,1.0,0.0,0.1797522657430438,2.5464083856621693
3.0,1.0,0.0,0.45488246022974205,0.3865399345133358
3.0,1.0,0.0,0.18799009333726857,3.8042266243283938
5.0,1.0,0.0,-0.36744589465640004,2.678295535567729
5.0,1.0,1.0,-0.24542267574549947,2.930115831403956
2.0,1.0,0.0,-1.0258474865240967,1.740738552185565
2.0,1.0,1.0,0.1655940511363056,0.19921895033438775
9.0,1.0,1.0,0.6482727856386334,2.8726718275511134
3.0,1.0,1.0,0.8227164120802577,1.8138607537045273
3.0,1.0,0.0,0.8705671647500463,-2.2974479557219
8.0,1.0,1.0,1.3564401139058235,2.3563629299300617
5.0,1.0,0.0,0.3095727060232138,3.181131795787402
1.0,1.0,0.0,-1.1857366235455502,1.6843267652130474
3.0,1.0,0.0,0.5088398284021642,0.3470795630987973
7.0,1.0,1.0,-0.0027329910050616357,2.87130180835406
10.0,1.0,1.0,0.49018682175851547,3.6243527207127193
9.0,1.0,0.0,0.4073206121502977,1.5407957657542406
2.0,1.0,1.0,-0.740972317055612,0.961215187347602
5.0,1.0,0.0,0.3368959478962245,2.8330113162642325
0.0,1.0,0.0,-0.7674356623969093,-0.13751118990668254
6.0,1.0,1.0,0.3858836649963704,3.4642865809158465
1.0,1.0,0.0,-1.4285426277623623,-1.1091857540605092
1.0,1.0,1.0,-0.8560978998174378,1.1571505008878362
7.0,1.0,1.0,-0.32180168025771405,2.7810316581886845
4.0,1.0,1.0,0.33104519163180657,1.3336276128493858
7.0,1.0,1.0,0.1546509177619383,3.303449356418416
5.0,1.0,1.0,0.05409109451769309,1.973553564419859
7.0,1.0,0.0,-0.026554111433614677,1.3808437284677233
4.0,1.0,1.0,1.720801869299578,0.8103421718654469
1.0,1.0,0.0,-0.9407787355178231,1.94500320241297
15.0,1.0,0.0,1.0852437083816744,2.9993063981926977
10.0,1.0,1.0,0.30246119544582367,2.6326055096334207
1.0,1.0,0.0,-0.6547728959228692,2.2328150412516616
8.0,1.0,1.0,0.7512793022339315,1.6120572618576694
3.0,1.0,0.0,0.26422881300714673,0.5300861192936019
6.0,1.0,1.0,-0.34911439638605524,2.312356541353807
13.0,1.0,1.0,1.0841747480349018,2.938505430601687
3.0,1.0,1.0,0.3587456459804699,3.466966572735344
8.0,1.0,1.0,0.7850092988582438,2.0965560400098484
7.0,1.0,1.0,0.4177092684642457,2.9031293622658234
2.0,1.0,0.0,-0.4662209765421994,-0.03731651468261776
4.0,1.0,1.0,-0.4729309410561511,2.2093135078313506
2.0,1.0,0.0,-0.015002030408997169,2.2755607247267315
2.0,1.0,0.0,-1.1385489831682831,1.577615207836299
6.0,1.0,1.0,-0.20178212913629362,2.6860028153626
3.0,1.0,1.0,0.3902351540322071,-0.4520688626169336
4.0,1.0,0.0,1.6034783894809932,0.6304118529870153
2.0,1.0,1.0,0.38889207394512976,1.6280951242266677
4.0,1.0,1.0,-1.6719088289041413,3.4383362252986096
2.0,1.0,0.0,-1.1038271394444872,1.8165513488204532
9.0,1.0,0.0,-0.28836618470187037,4.3071440550180835
0.0,1.0,0.0,-2.4881326454850248,0.183203981364219
14.0,1.0,1.0,1.319810649434286,3.825280199416235
1.0,1.0,0.0,0.4117407019406478,0.8953636488851497
2.0,1.0,0.0,-0.3430260628416989,1.5558892750499873
1.0,1.0,0.0,-1.1450962592958194,1.0086133712410121
2.0,1.0,1.0,-0.2964443335231727,0.34640120313773615
1.0,1.0,1.0,0.3624034817782102,2.170695873665745
2.0,1.0,0.0,-1.0292452315543927,0.817060462336459
6.0,1.0,1.0,-0.9823294807417365,3.5436970406250983
1.0,1.0,0.0,-1.3024468985590145,2.096909668281386
4.0,1.0,0.0,-0.5011709169704608,2.1884370141499834
1.0,1.0,0.0,-0.9075927870288788,1.3113222063801007
2.0,1.0,0.0,-1.1487712320595398,1.7140812542873762
7.0,1.0,1.0,1.103723651282861,2.487869965880492
7.0,1.0,1.0,0.2832637522855741,2.504809367513543
2.0,1.0,0.0,-0.3269257991508754,1.0934039719270396
2.0,1.0,1.0,0.10250668558223729,2.3486670205391986
0.0,1.0,0.0,-1.0868540824228592,2.4172248977655286
2.0,1.0,0.0,-1.3385552483070668,2.881030429006497
1.0,1.0,1.0,-0.05197839649458455,-0.08995859379437077
4.0,1.0,0.0,1.6823759295710692,1.5523819120222462
9.0,1.0,1.0,0.01657829161464064,3.0095816801517388
4.0,1.0,1.0,-2.1209833562980784,1.9462565165324917
9.0,1.0,1.0,-0.194100206677305,3.6393680959277863
1.0,1.0,1.0,0.244464375035085,1.2093030594162675
4.0,1.0,1.0,-0.19506232167115728,2.047833674939311
6.0,1.0,1.0,-0.4176180901471066,1.9292707278435324
6.0,1.0,0.0,0.7609498339651523,1.3227283592456271
0.0,1.0,1.0,-1.096100245484545,1.9497544346845637
1.0,1.0,0.0,-0.14948924023587573,-0.4869250371472016
4.0,1.0,0.0,-0.9866505797976737,2.849251888689688
6.0,1.0,1.0,0.3181677668388558,3.299031483191621
1.0,1.0,0.0,-0.14411836430932998,0.35747451321422363
1.0,1.0,0.0,-1.8155553477959874,3.8317344722735776
6.0,1.0,0.0,0.543309368577963,2.025103639784147
2.0,1.0,1.0,-0.6597002734868784,1.863351471692533
2.0,1.0,1.0,-1.3211688033846847,2.9370417080563063
6.0,1.0,1.0,1.5893264203526996,2.7524139483269074
9.0,1.0,1.0,0.5477735447556602,1.0529087023404389
4.0,1.0,0.0,0.6985829005848596,0.7706171614843341
3.0,1.0,1.0,-0.20623552822220953,0.24699180152224165
1.0,1.0,0.0,1.467523099656243,-0.33758580754595213
3.0,1.0,1.0,-0.623475667755579,1.3659101309088335
2.0,1.0,1.0,-0.5398209940446278,1.7036753139799936
2.0,1.0,1.0,-0.8706553449195907,0.8472977944601221
7.0,1.0,1.0,0.8873730700799143,3.1594802924883805
1.0,1.0,0.0,0.3010603464262104,1.4088081827978298
4.0,1.0,0.0,0.24666845027002954,1.8290543478739307
7.0,1.0,1.0,1.198456940381715,0.04972532503183258
6.0,1.0,0.0,-1.6411585879713337,3.1763542983354682
1.0,1.0,1.0,-0.7640434181011686,3.3883863195167803
4.0,1.0,1.0,-0.4109220989034239,0.84055950347888
2.0,1.0,1.0,-0.7950759793187145,2.6153715589673556
5.0,1.0,1.0,0.4107780593974495,1.7865688396151533
3.0,1.0,0.0,-0.10748651839880968,2.285054258823587
8.0,1.0,1.0,0.26539656730004424,3.2976830627037463
4.0,1.0,1.0,-0.6152260009937759,3.4005094639085827
4.0,1.0,0.0,0.4107094030151298,1.5974543574664266
7.0,1.0,0.0,-0.3793314839837556,4.6487530273743936
11.0,1.0,0.0,0.41864846724093696,4.899163276903756
2.0,1.0,0.0,-0.04751379868643965,2.316840504292567
4.0,1.0,1.0,-1.059875088786111,3.2703429212862085
3.0,1.0,0.0,-0.7102608205216082,2.8642047570535345
2.0,1.0,1.0,-0.5602384086980642,1.601219198801495
5.0,1.0,1.0,-0.20586196974322646,4.08217598337483
7.0,1.0,0.0,1.1068174887427387,3.1397118251904272
6.0,1.0,1.0,1.2382127060453174,0.737810691278991
3.0,1.0,1.0,0.43378701141522014,-0.6141095366349134
6.0,1.0,0.0,-0.4000306010941322,3.1257325004849434
1.0,1.0,0.0,-0.289416935685833,1.3604012349270347
3.0,1.0,1.0,2.1352483547975827,1.431716411918952
4.0,1.0,1.0,0.9024633846441956,1.4833067684189178
8.0,1.0,1.0,-0.4508382220767643,2.958117743621959
3.0,1.0,1.0,-0.45040466331654855,1.4811208565975738
3.0,1.0,0.0,-0.6183797182361586,3.040894422053933
6.0,1.0,1.0,0.770455421044195,2.1027353831298905
6.0,1.0,1.0,0.9738415346771556,0.5857849734293166
7.0,1.0,1.0,0.47404909823662206,3.073604988019115
4.0,1.0,1.0,-1.0249182457298551,3.48612497979469
2.0,1.0,1.0,-0.5098656803035999,1.055211278712277
7.0,1.0,1.0,-0.6380585346931498,4.066568981963285
1.0,1.0,0.0,-0.7406137915186423,-1.1213143135595836
1.0,1.0,0.0,-0.010230316335589101,1.3495983307514026
1.0,1.0,0.0,0.4180033388657529,2.1624809874369513
0.0,1.0,0.0,-0.20228701585599268,1.285157796645534
8.0,1.0,0.0,1.8380369303655666,1.8923296116186945
4.0,1.0,0.0,-1.3342611271633726,3.126101602691936
4.0,1.0,0.0,-1.3850238015875067,3.1344056727681258
3.0,1.0,1.0,0.6083928567500321,0.912128299128925
7.0,1.0,0.0,0.7347763285940624,1.418898485821516
4.0,1.0,1.0,0.7165130196246532,1.3765624591695267
2.0,1.0,0.0,-0.07088076814350247,1.4407832018913582
3.0,1.0,1.0,0.0316063580669349,0.6099825796466694
3.0,1.0,0.0,0.547132695705932,2.073843030026209
6.0,1.0,0.0,0.3600746380800828,1.950849774062444
3.0,1.0,0.0,-0.3650458698307779,2.027706255832248
0.0,1.0,0.0,-0.47676427739412475,1.0170448534448253
4.0,1.0,0.0,-0.8429515717963115,4.602542137110745
2.0,1.0,1.0,0.48479567793708744,1.1925680038826683
2.0,1.0,0.0,-2.331415265814149,0.33279548399229864
6.0,1.0,1.0,0.7573164417256683,0.7995621736828011
12.0,1.0,1.0,0.8247889351623261,4.151430744281699
9.0,1.0,1.0,0.513052517063286,1.2759255405151388
2.0,1.0,0.0,0.6053907081988269,2.0023287409616275
1.0,1.0,0.0,0.009791979290082284,1.3949934243121755
2.0,1.0,1.0,0.24168193777638985,0.7993899689172497
8.0,1.0,1.0,1.1661856262104444,3.0480898989970333
3.0,1.0,0.0,-0.10366309832851675,2.015169191885436
6.0,1.0,1.0,-1.0910882536568876,4.358863349030086
2.0,1.0,0.0,-0.6197930392736938,2.3034077710111514
0.0,1.0,0.0,0.386917687440697,0.6586473274531095
3.0,1.0,1.0,-1.5098854892575586,2.305697946965073
6.0,1.0,0.0,0.8544290562254493,2.4345811962147597
4.0,1.0,0.0,0.05023366455454881,1.6913457298266439
7.0,1.0,0.0,-0.12217455851626538,3.4734102593528915
9.0,1.0,0.0,0.5453295023426808,2.969571963967334
2.0,1.0,0.0,-1.0582586529096114,2.6753577775433146
8.0,1.0,1.0,0.88713070954988,2.4065187693848635
1.0,1.0,0.0,-1.1957450299370418,-0.27978167200713266
4.0,1.0,1.0,-0.1853468924709023,2.6652478762695964
5.0,1.0,1.0,-0.3179483631730227,2.5377837837157844
2.0,1.0,1.0,1.0628702170489048,-0.9629659324554254
3.0,1.0,0.0,-0.37681167754910233,1.6459458032464918
4.0,1.0,0.0,-0.2778474695224674,1.0938242725251195
11.0,1.0,1.0,0.6745008032550999,1.9556560325230237
12.0,1.0,0.0,1.7488210139340972,2.821783935822453
5.0,1.0,1.0,-0.7179279283898885,3.177752462740979
2.0,1.0,1.0,-1.4311255645660612,3.217150064230776
0.0,1.0,0.0,-1.1945344144771421,-0.13569245286501452
