survey_year,gender,state,sport,schools,participants
1993-94,Girls,Alaska,Competitive Spirit Squads,85.0,700.0
1993-94,Girls,Arizona,Competitive Spirit Squads,,421.0
1993-94,Girls,Arkansas,Competitive Spirit Squads,74.0,
1993-94,Girls,California,Competitive Spirit Squads,,1639.0
1993-94,Girls,Colorado,Basketball,103.0,1844.0
1993-94,Girls,Colorado,Competitive Spirit Squads,147.0,
1993-94,Girls,Connecticut,Basketball,,54.0
1993-94,Girls,Connecticut,Competitive Spirit Squads,31.0,409.0
1993-94,Girls,District of Columbia,Basketball,14.0,150.0
1993-94,Girls,District of Columbia,Competitive Spirit Squads,,88.0
1993-94,Girls,Georgia,Basketball,61.0,732.0
1993-94,Girls,Kentucky,Basketball,253.0,4961.0
1993-94,Girls,Louisiana,Basketball,,984.0
1993-94,Girls,Maryland,Basketball,33.0,830.0
1993-94,Girls,Massachusetts,Basketball,173.0,6304.0
1993-94,Girls,Missouri,Basketball,150.0,2550.0
1993-94,Girls,Nevada,Basketball,35.0,749.0
1993-94,Girls,New Mexico,Basketball,65.0,843.0
1993-94,Girls,North Carolina,Basketball,11.0,194.0
1993-94,Girls,Oklahoma,Basketball,130.0,1950.0
1993-94,Girls,South Dakota,Basketball,64.0,768.0
1993-94,Girls,South Dakota,Competitive Spirit Squads,,2060.0
1993-94,Girls,Tennessee,Competitive Spirit Squads,,26053.0
1993-94,Girls,Tennessee,Basketball,85.0,1678.0
1993-94,Girls,Vermont,Basketball,28.0,243.0
1993-94,Girls,Vermont,Competitive Spirit Squads,,295.0
1993-94,Girls,Virginia,Competitive Spirit Squads,,2190.0
1993-94,Girls,West Virginia,Basketball,144.0,2721.0
1993-94,Girls,West Virginia,Competitive Spirit Squads,,455.0
1993-94,Girls,Wyoming,Competitive Spirit Squads,,242.0
1993-94,Girls,Alabama,Gymnastics,21.0,44.0
1993-94,Girls,Alabama,Skiing Cross Country,,141.0
1993-94,Girls,Arizona,Gymnastics,40.0,215.0
1993-94,Girls,Arizona,Skiing Cross Country,16.0,280.0
1993-94,Girls,California,Golf,61.0,2090.0
1993-94,Girls,California,Gymnastics,229.0,487.0
1993-94,Girls,California,Skiing Cross Country,60.0,1464.0
1993-94,Girls,Colorado,Skiing Cross Country,58.0,533.0
1993-94,Girls,Connecticut,Golf,71.0,2712.0
1993-94,Girls,Connecticut,Gymnastics,37.0,123.0
1993-94,Girls,Delaware,Golf,40.0,1399.0
1993-94,Girls,Delaware,Gymnastics,12.0,17.0
1993-94,Girls,Florida,Gymnastics,172.0,1142.0
1993-94,Girls,Georgia,Gymnastics,68.0,131.0
1993-94,Girls,Georgia,Skiing Cross Country,26.0,251.0
1993-94,Girls,Hawaii,Gymnastics,21.0,34.0
1993-94,Girls,Idaho,Gymnastics,201.0,1065.0
1993-94,Girls,Idaho,Skiing Cross Country,102.0,1958.0
1993-94,Girls,Indiana,Gymnastics,187.0,1705.0
1993-94,Girls,Indiana,Skiing Cross Country,94.0,1140.0
1993-94,Girls,Kansas,Gymnastics,60.0,598.0
1993-94,Girls,Kansas,Skiing Cross Country,18.0,236.0
1993-94,Girls,Kansas,Golf,,567.0
1993-94,Girls,Kentucky,Golf,14.0,
1993-94,Girls,Louisiana,Gymnastics,22.0,44.0
1993-94,Girls,Louisiana,Skiing Cross Country,18.0,216.0
1993-94,Girls,Maine,Golf,76.0,3017.0
1993-94,Girls,Maine,Gymnastics,38.0,
1993-94,Girls,Maine,Skiing Cross Country,15.0,166.0
1993-94,Girls,Maryland,Gymnastics,83.0,83.0
1993-94,Girls,Maryland,Skiing Cross Country,28.0,143.0
1993-94,Girls,Maryland,Golf,103.0,3333.0
1993-94,Girls,Massachusetts,Golf,182.0,7621.0
1993-94,Girls,Massachusetts,Gymnastics,51.0,242.0
1993-94,Girls,Massachusetts,Skiing Cross Country,82.0,1216.0
1993-94,Girls,Michigan,Golf,,222.0
1993-94,Girls,Michigan,Gymnastics,166.0,2429.0
1993-94,Girls,Michigan,Skiing Cross Country,73.0,1108.0
1993-94,Girls,Minnesota,Gymnastics,324.0,1983.0
1993-94,Girls,Missouri,Golf,19.0,772.0
1993-94,Girls,Missouri,Gymnastics,60.0,633.0
1993-94,Girls,Montana,Gymnastics,69.0,509.0
1993-94,Girls,Nebraska,Gymnastics,71.0,684.0
1993-94,Girls,Nebraska,Skiing Cross Country,17.0,
1993-94,Girls,Nevada,Gymnastics,28.0,308.0
1993-94,Girls,New Hampshire,Golf,52.0,1847.0
1993-94,Girls,New Hampshire,Gymnastics,12.0,
1993-94,Girls,New Hampshire,Skiing Cross Country,11.0,
1993-94,Girls,New Mexico,Gymnastics,43.0,341.0
1993-94,Girls,New York,Golf,221.0,7488.0
1993-94,Girls,New York,Gymnastics,52.0,328.0
1993-94,Girls,New York,Skiing Cross Country,117.0,
1993-94,Girls,North Dakota,Gymnastics,64.0,501.0
1993-94,Girls,North Dakota,Skiing Cross Country,15.0,
1993-94,Girls,Ohio,Golf,31.0,1159.0
1993-94,Girls,Ohio,Gymnastics,479.0,478.0
1993-94,Girls,Ohio,Skiing Cross Country,111.0,
1993-94,Girls,Oklahoma,Gymnastics,125.0,
1993-94,Girls,Oregon,Gymnastics,120.0,960.0
1993-94,Girls,Pennsylvania,Golf,,8505.0
1993-94,Girls,Pennsylvania,Gymnastics,190.0,7900.0
1993-94,Girls,Pennsylvania,Skiing Cross Country,27.0,
1993-94,Girls,Rhode Island,Golf,19.0,569.0
1993-94,Girls,Rhode Island,Skiing Cross Country,16.0,
1993-94,Girls,South Carolina,Skiing Cross Country,35.0,
1993-94,Girls,South Dakota,Gymnastics,78.0,622.0
1993-94,Girls,Tennessee,Gymnastics,192.0,792.0
1993-94,Girls,Texas,Gymnastics,710.0,
1993-94,Girls,Vermont,Golf,,1113.0
1993-94,Girls,Vermont,Skiing Cross Country,,132.0
1993-94,Girls,Virginia,Golf,,2731.0
1993-94,Girls,Virginia,Skiing Cross Country,75.0,908.0
1993-94,Girls,Washington,Gymnastics,181.0,1529.0
1993-94,Girls,Washington,Skiing Cross Country,,1431.0
1993-94,Girls,Wisconsin,Gymnastics,,707.0
1993-94,Girls,Wisconsin,Skiing Cross Country,123.0,1606.0
1993-94,Girls,Wyoming,Gymnastics,,166.0
1993-94,Girls,Wyoming,Skiing Cross Country,,162.0
1993-94,Girls,Alabama,Soccer,,278.0
1993-94,Girls,Alabama,Softball Slow Pitch,12.0,406.0
1993-94,Girls,Alaska,Soccer,24.0,
1993-94,Girls,Alaska,Softball Slow Pitch,36.0,1185.0
1993-94,Girls,California,Soccer,,91.0
1993-94,Girls,California,Softball Fast Pitch,16.0,203.0
1993-94,Girls,California,Softball Slow Pitch,683.0,20349.0
1993-94,Girls,Colorado,Softball Slow Pitch,132.0,3813.0
1993-94,Girls,Connecticut,Softball Slow Pitch,11.0,247.0
1993-94,Girls,District of Columbia,Softball Fast Pitch,,40.0
1993-94,Girls,District of Columbia,Softball Slow Pitch,252.0,6337.0
1993-94,Girls,Florida,Softball Slow Pitch,149.0,3217.0
1993-94,Girls,Georgia,Softball Slow Pitch,44.0,1269.0
1993-94,Girls,Hawaii,Soccer,,39.0
1993-94,Girls,Hawaii,Softball Slow Pitch,15.0,284.0
1993-94,Girls,Idaho,Soccer,11.0,
1993-94,Girls,Illinois,Softball Slow Pitch,163.0,3798.0
1993-94,Girls,Indiana,Softball Slow Pitch,45.0,1016.0
1993-94,Girls,Iowa,Softball Slow Pitch,32.0,1315.0
1993-94,Girls,Kansas,Softball Slow Pitch,68.0,1981.0
1993-94,Girls,Louisiana,Softball Slow Pitch,38.0,570.0
1993-94,Girls,Louisiana,Soccer,31.0,289.0
1993-94,Girls,Louisiana,Softball Fast Pitch,34.0,349.0
1993-94,Girls,Maine,Softball Slow Pitch,421.0,3470.0
1993-94,Girls,Massachusetts,Soccer,18.0,202.0
1993-94,Girls,Massachusetts,Softball Fast Pitch,47.0,743.0
1993-94,Girls,Massachusetts,Softball Slow Pitch,251.0,8159.0
1993-94,Girls,Michigan,Softball Slow Pitch,,2358.0
1993-94,Girls,Minnesota,Soccer,82.0,876.0
1993-94,Girls,Minnesota,Softball Fast Pitch,56.0,461.0
1993-94,Girls,Minnesota,Softball Slow Pitch,87.0,
1993-94,Girls,Mississippi,Softball Slow Pitch,27.0,620.0
1993-94,Girls,Montana,Softball Slow Pitch,,259.0
1993-94,Girls,Nebraska,Softball Fast Pitch,,163.0
1993-94,Girls,Nebraska,Softball Slow Pitch,15.0,540.0
1993-94,Girls,Nevada,Softball Fast Pitch,14.0,
1993-94,Girls,New Hampshire,Soccer,27.0,225.0
1993-94,Girls,New Hampshire,Softball Fast Pitch,36.0,275.0
1993-94,Girls,New Hampshire,Softball Slow Pitch,58.0,1834.0
1993-94,Girls,New Jersey,Softball Slow Pitch,34.0,826.0
1993-94,Girls,New Mexico,Soccer,78.0,906.0
1993-94,Girls,New Mexico,Softball Slow Pitch,547.0,18676.0
1993-94,Girls,New York,Softball Slow Pitch,117.0,3269.0
1993-94,Girls,North Dakota,Softball Slow Pitch,11.0,460.0
1993-94,Girls,Ohio,Softball Slow Pitch,55.0,1100.0
1993-94,Girls,Oklahoma,Softball Slow Pitch,99.0,2475.0
1993-94,Girls,Oregon,Softball Slow Pitch,252.0,8820.0
1993-94,Girls,Rhode Island,Softball Slow Pitch,35.0,4171.0
1993-94,Girls,South Dakota,Softball Slow Pitch,110.0,2442.0
1993-94,Girls,Tennessee,Softball Slow Pitch,247.0,10480.0
1993-94,Girls,Texas,Softball Slow Pitch,,1758.0
1993-94,Girls,Utah,Soccer,,203.0
1993-94,Girls,Utah,Softball Fast Pitch,,227.0
1993-94,Girls,Utah,Softball Slow Pitch,,1925.0
1993-94,Girls,Virginia,Softball Slow Pitch,,3205.0
1993-94,Girls,Washington,Softball Slow Pitch,,69.0
1993-94,Girls,West Virginia,Softball Slow Pitch,104.0,4071.0
1993-94,Girls,Wisconsin,Softball Slow Pitch,,537.0
1993-94,Girls,Alabama,Track and Field Indoor,335.0,5682.0
1993-94,Girls,Alabama,Track and Field Outdoor,29.0,138.0
1993-94,Girls,Alabama,Tennis,12.0,320.0
1993-94,Girls,Alaska,Track and Field Outdoor,60.0,1410.0
1993-94,Girls,Arizona,Tennis,163.0,4743.0
1993-94,Girls,Arizona,Track and Field Outdoor,24.0,170.0
1993-94,Girls,Arkansas,Track and Field Outdoor,601.0,19786.0
1993-94,Girls,California,Tennis,924.0,26346.0
1993-94,Girls,Colorado,Tennis,79.0,2236.0
1993-94,Girls,Colorado,Track and Field Outdoor,104.0,3242.0
1993-94,Girls,Connecticut,Tennis,169.0,
1993-94,Girls,Delaware,Tennis,36.0,1127.0
1993-94,Girls,Delaware,Track and Field Outdoor,23.0,595.0
1993-94,Girls,District of Columbia,Tennis,12.0,
1993-94,Girls,Florida,Tennis,393.0,8265.0
1993-94,Girls,Florida,Track and Field Indoor,24.0,331.0
1993-94,Girls,Florida,Track and Field Outdoor,268.0,5151.0
1993-94,Girls,Georgia,Track and Field Outdoor,49.0,488.0
1993-94,Girls,Hawaii,Tennis,54.0,818.0
1993-94,Girls,Hawaii,Track and Field Indoor,61.0,1611.0
1993-94,Girls,Idaho,Track and Field Outdoor,238.0,4808.0
1993-94,Girls,Idaho,Tennis,596.0,14066.0
1993-94,Girls,Indiana,Tennis,303.0,7560.0
1993-94,Girls,Indiana,Track and Field Outdoor,209.0,4116.0
1993-94,Girls,Kansas,Tennis,126.0,3526.0
1993-94,Girls,Kansas,Track and Field Outdoor,45.0,1089.0
1993-94,Girls,Kansas,Track and Field Indoor,259.0,5157.0
1993-94,Girls,Kentucky,Track and Field Outdoor,36.0,360.0
1993-94,Girls,Louisiana,Tennis,352.0,5280.0
1993-94,Girls,Louisiana,Track and Field Indoor,,168.0
1993-94,Girls,Louisiana,Track and Field Outdoor,37.0,699.0
1993-94,Girls,Maryland,Track and Field Outdoor,,2768.0
1993-94,Girls,Massachusetts,Tennis,295.0,6498.0
1993-94,Girls,Massachusetts,Track and Field Outdoor,110.0,
1993-94,Girls,Michigan,Tennis,619.0,716006.0
1993-94,Girls,Michigan,Track and Field Outdoor,189.0,5183.0
1993-94,Girls,Minnesota,Tennis,339.0,6280.0
1993-94,Girls,Mississippi,Tennis,18.0,540.0
1993-94,Girls,Mississippi,Track and Field Indoor,136.0,2607.0
1993-94,Girls,Mississippi,Track and Field Outdoor,36.0,332.0
1993-94,Girls,Missouri,Track and Field Outdoor,20.0,210.0
1993-94,Girls,Montana,Tennis,27.0,562.0
1993-94,Girls,Nebraska,Tennis,29.0,445.0
1993-94,Girls,Nebraska,Track and Field Outdoor,39.0,864.0
1993-94,Girls,Nevada,Tennis,52.0,
1993-94,Girls,New Hampshire,Tennis,85.0,2362.0
1993-94,Girls,New Hampshire,Track and Field Outdoor,15.0,253.0
1993-94,Girls,New Jersey,Tennis,370.0,11011.0
1993-94,Girls,New Jersey,Track and Field Outdoor,90.0,3460.0
1993-94,Girls,New Mexico,Tennis,41.0,
1993-94,Girls,New York,Tennis,657.0,17590.0
1993-94,Girls,New York,Track and Field Outdoor,249.0,5075.0
1993-94,Girls,New York,Track and Field Indoor,317.0,7725.0
1993-94,Girls,North Dakota,Track and Field Outdoor,12.0,281.0
1993-94,Girls,North Dakota,Tennis,644.0,15113.0
1993-94,Girls,North Dakota,Track and Field Indoor,86.0,2287.0
1993-94,Girls,Oregon,Tennis,166.0,4980.0
1993-94,Girls,Oregon,Track and Field Outdoor,102.0,1530.0
1993-94,Girls,Rhode Island,Tennis,20.0,448.0
1993-94,Girls,Rhode Island,Track and Field Indoor,28.0,625.0
1993-94,Girls,Rhode Island,Track and Field Outdoor,,187.0
1993-94,Girls,South Carolina,Tennis,184.0,3667.0
1993-94,Girls,Tennessee,Tennis,298.0,4611.0
1993-94,Girls,Tennessee,Track and Field Outdoor,248.0,5705.0
1993-94,Girls,Utah,Tennis,78.0,1764.0
1993-94,Girls,Utah,Track and Field Outdoor,56.0,1207.0
1993-94,Girls,Vermont,Tennis,51.0,1361.0
1993-94,Girls,Vermont,Track and Field Indoor,,205.0
1993-94,Girls,Vermont,Track and Field Outdoor,69.0,1705.0
1993-94,Girls,Virginia,Tennis,243.0,5763.0
1993-94,Girls,Washington,Tennis,138.0,4241.0
1993-94,Girls,Washington,Track and Field Indoor,162.0,4815.0
1993-94,Girls,Washington,Track and Field Outdoor,120.0,4692.0
1993-94,Girls,West Virginia,Tennis,101.0,1859.0
1993-94,Girls,Wisconsin,Tennis,361.0,10833.0
1993-94,Girls,Wisconsin,Track and Field Outdoor,124.0,3084.0
1994-95,Girls,Alaska,Basketball,86.0,1223.0
1994-95,Girls,Alaska,Cross Country,64.0,437.0
1994-95,Girls,Arizona,Basketball,175.0,
1994-95,Girls,Arizona,Cross Country,82.0,513.0
1994-95,Girls,California,Cross Country,748.0,11334.0
1994-95,Girls,California,Basketball,940.0,26002.0
1994-95,Girls,California,Competitive Spirit Squads,103.0,1412.0
1994-95,Girls,Colorado,Cross Country,,1716.0
1994-95,Girls,Connecticut,Basketball,168.0,3821.0
1994-95,Girls,Connecticut,Cross Country,147.0,
1994-95,Girls,Connecticut,Competitive Spirit Squads,,171.0
1994-95,Girls,Delaware,Competitive Spirit Squads,,131.0
1994-95,Girls,Delaware,Cross Country,10.0,74.0
1994-95,Girls,District of Columbia,Basketball,14.0,187.0
1994-95,Girls,District of Columbia,Cross Country,326.0,3660.0
1994-95,Girls,Florida,Basketball,426.0,
1994-95,Girls,Florida,Cross Country,,2694.0
1994-95,Girls,Georgia,Basketball,335.0,8951.0
1994-95,Girls,Georgia,Competitive Spirit Squads,210.0,3546.0
1994-95,Girls,Georgia,Cross Country,234.0,
1994-95,Girls,Hawaii,Basketball,55.0,1382.0
1994-95,Girls,Hawaii,Competitive Spirit Squads,63.0,751.0
1994-95,Girls,Hawaii,Cross Country,54.0,346.0
1994-95,Girls,Indiana,Basketball,394.0,11881.0
1994-95,Girls,Indiana,Cross Country,266.0,2217.0
1994-95,Girls,Iowa,Basketball,,8468.0
1994-95,Girls,Iowa,Cross Country,221.0,1773.0
1994-95,Girls,Kansas,Basketball,361.0,
1994-95,Girls,Kansas,Cross Country,205.0,1812.0
1994-95,Girls,Kentucky,Basketball,274.0,5426.0
1994-95,Girls,Kentucky,Competitive Spirit Squads,253.0,4961.0
1994-95,Girls,Kentucky,Cross Country,204.0,1224.0
1994-95,Girls,Louisiana,Basketball,376.0,
1994-95,Girls,Louisiana,Cross Country,105.0,839.0
1994-95,Girls,Louisiana,Competitive Spirit Squads,71.0,956.0
1994-95,Girls,Maryland,Basketball,169.0,3963.0
1994-95,Girls,Maryland,Competitive Spirit Squads,33.0,860.0
1994-95,Girls,Maryland,Cross Country,138.0,1455.0
1994-95,Girls,Massachusetts,Basketball,303.0,9719.0
1994-95,Girls,Michigan,Basketball,696.0,19463.0
1994-95,Girls,Michigan,Competitive Spirit Squads,203.0,2164.0
1994-95,Girls,Michigan,Cross Country,534.0,5446.0
1994-95,Girls,Minnesota,Basketball,420.0,6968.0
1994-95,Girls,Mississippi,Basketball,261.0,4650.0
1994-95,Girls,Mississippi,Cross Country,42.0,840.0
1994-95,Girls,Missouri,Competitive Spirit Squads,160.0,1600.0
1994-95,Girls,Missouri,Cross Country,234.0,3109.0
1994-95,Girls,Missouri,Basketball,524.0,12222.0
1994-95,Girls,Montana,Basketball,181.0,4056.0
1994-95,Girls,Montana,Cross Country,76.0,685.0
1994-95,Girls,Nebraska,Cross Country,154.0,1210.0
1994-95,Girls,Nebraska,Basketball,338.0,7771.0
1994-95,Girls,Nevada,Competitive Spirit Squads,69.0,1199.0
1994-95,Girls,Nevada,Cross Country,63.0,633.0
1994-95,Girls,New Hampshire,Basketball,85.0,2365.0
1994-95,Girls,New Hampshire,Cross Country,,3399.0
1994-95,Girls,New Jersey,Competitive Spirit Squads,76.0,1553.0
1994-95,Girls,New Jersey,Cross Country,70.0,756.0
1994-95,Girls,New Mexico,Basketball,127.0,3199.0
1994-95,Girls,New Mexico,Cross Country,,4689.0
1994-95,Girls,New York,Basketball,696.0,16154.0
1994-95,Girls,New York,Cross Country,461.0,
1994-95,Girls,New York,Competitive Spirit Squads,31.0,600.0
1994-95,Girls,North Carolina,Basketball,321.0,
1994-95,Girls,North Carolina,Cross Country,43.0,316.0
1994-95,Girls,Ohio,Cross Country,635.0,5806.0
1994-95,Girls,Ohio,Basketball,775.0,18588.0
1994-95,Girls,Oklahoma,Basketball,472.0,9702.0
1994-95,Girls,Oklahoma,Competitive Spirit Squads,138.0,2071.0
1994-95,Girls,Oklahoma,Cross Country,94.0,947.0
1994-95,Girls,Oregon,Basketball,260.0,6760.0
1994-95,Girls,Oregon,Cross Country,180.0,
1994-95,Girls,Pennsylvania,Basketball,620.0,
1994-95,Girls,Pennsylvania,Cross Country,36.0,578.0
1994-95,Girls,Rhode Island,Basketball,45.0,921.0
1994-95,Girls,Rhode Island,Cross Country,100.0,1030.0
1994-95,Girls,South Carolina,Basketball,200.0,5112.0
1994-95,Girls,South Carolina,Cross Country,98.0,579.0
1994-95,Girls,South Dakota,Basketball,186.0,3858.0
1994-95,Girls,South Dakota,Cross Country,172.0,1858.0
1994-95,Girls,Tennessee,Cross Country,1028.0,30156.0
1994-95,Girls,Tennessee,Basketball,1154.0,62273.0
1994-95,Girls,Tennessee,Competitive Spirit Squads,85.0,1727.0
1994-95,Girls,Vermont,Competitive Spirit Squads,13.0,176.0
1994-95,Girls,Vermont,Cross Country,30.0,245.0
1994-95,Girls,Vermont,Basketball,47.0,1254.0
1994-95,Girls,Virginia,Basketball,280.0,6079.0
1994-95,Girls,Virginia,Cross Country,226.0,2319.0
1994-95,Girls,Virginia,Competitive Spirit Squads,,3426.0
1994-95,Girls,Washington,Basketball,357.0,10476.0
1994-95,Girls,Washington,Competitive Spirit Squads,142.0,
1994-95,Girls,Washington,Cross Country,60.0,454.0
1994-95,Girls,West Virginia,Cross Country,329.0,3561.0
1994-95,Girls,Wisconsin,Basketball,415.0,12308.0
1994-95,Girls,Wisconsin,Cross Country,29.0,279.0
1994-95,Girls,Wyoming,Basketball,69.0,1729.0
1994-95,Girls,Alabama,Skiing Cross Country,,144.0
1994-95,Girls,Alaska,Gymnastics,40.0,355.0
1994-95,Girls,Arizona,Gymnastics,,206.0
1994-95,Girls,Arizona,Skiing Cross Country,34.0,361.0
1994-95,Girls,Arkansas,Skiing Cross Country,60.0,1464.0
1994-95,Girls,Arkansas,Golf,,2090.0
1994-95,Girls,Arkansas,Gymnastics,229.0,487.0
1994-95,Girls,California,Golf,61.0,
1994-95,Girls,California,Gymnastics,,379.0
1994-95,Girls,California,Skiing Cross Country,68.0,761.0
1994-95,Girls,Colorado,Gymnastics,56.0,
1994-95,Girls,Colorado,Skiing Cross Country,,552.0
1994-95,Girls,Colorado,Golf,,2727.0
1994-95,Girls,Connecticut,Golf,72.0,
1994-95,Girls,Connecticut,Gymnastics,,25.0
1994-95,Girls,Delaware,Gymnastics,186.0,1280.0
1994-95,Girls,Florida,Skiing Cross Country,,321.0
1994-95,Girls,Florida,Gymnastics,121.0,228.0
1994-95,Girls,Georgia,Gymnastics,,47.0
1994-95,Girls,Georgia,Skiing Cross Country,,26.0
1994-95,Girls,Hawaii,Skiing Cross Country,,82.0
1994-95,Girls,Hawaii,Gymnastics,55.0,313.0
1994-95,Girls,Idaho,Gymnastics,,1109.0
1994-95,Girls,Idaho,Skiing Cross Country,110.0,2101.0
1994-95,Girls,Illinois,Skiing Cross Country,93.0,1184.0
1994-95,Girls,Illinois,Gymnastics,194.0,1724.0
1994-95,Girls,Indiana,Gymnastics,,3957.0
1994-95,Girls,Iowa,Gymnastics,460.0,
1994-95,Girls,Iowa,Skiing Cross Country,18.0,241.0
1994-95,Girls,Kansas,Skiing Cross Country,,24.0
1994-95,Girls,Kansas,Gymnastics,,697.0
1994-95,Girls,Kansas,Golf,14.0,567.0
1994-95,Girls,Kentucky,Skiing Cross Country,18.0,216.0
1994-95,Girls,Kentucky,Gymnastics,22.0,44.0
1994-95,Girls,Louisiana,Skiing Cross Country,,129.0
1994-95,Girls,Louisiana,Gymnastics,38.0,75.0
1994-95,Girls,Maine,Golf,71.0,2730.0
1994-95,Girls,Maine,Skiing Cross Country,13.0,198.0
1994-95,Girls,Maine,Gymnastics,82.0,85.0
1994-95,Girls,Maryland,Skiing Cross Country,,1220.0
1994-95,Girls,Maryland,Gymnastics,55.0,267.0
1994-95,Girls,Massachusetts,Golf,184.0,7771.0
1994-95,Girls,Massachusetts,Skiing Cross Country,76.0,1213.0
1994-95,Girls,Michigan,Golf,11.0,220.0
1994-95,Girls,Michigan,Gymnastics,171.0,2343.0
1994-95,Girls,Michigan,Skiing Cross Country,,1268.0
1994-95,Girls,Minnesota,Gymnastics,,2095.0
1994-95,Girls,Minnesota,Skiing Cross Country,170.0,
1994-95,Girls,Mississippi,Skiing Cross Country,,35.0
1994-95,Girls,Mississippi,Gymnastics,72.0,737.0
1994-95,Girls,Missouri,Golf,19.0,765.0
1994-95,Girls,Missouri,Gymnastics,,478.0
1994-95,Girls,Montana,Gymnastics,60.0,
1994-95,Girls,Montana,Skiing Cross Country,,195.0
1994-95,Girls,Nebraska,Gymnastics,,351.0
1994-95,Girls,Nevada,Skiing Cross Country,,93.0
1994-95,Girls,Nevada,Gymnastics,13.0,69.0
1994-95,Girls,New Hampshire,Golf,51.0,1807.0
1994-95,Girls,New Hampshire,Skiing Cross Country,80.0,1007.0
1994-95,Girls,New Hampshire,Gymnastics,13.0,255.0
1994-95,Girls,New Jersey,Gymnastics,47.0,397.0
1994-95,Girls,New Mexico,Gymnastics,,347.0
1994-95,Girls,New Mexico,Skiing Cross Country,117.0,1414.0
1994-95,Girls,New Mexico,Golf,223.0,8004.0
1994-95,Girls,New York,Skiing Cross Country,,85.0
1994-95,Girls,New York,Gymnastics,53.0,136.0
1994-95,Girls,North Carolina,Gymnastics,,499.0
1994-95,Girls,North Carolina,Skiing Cross Country,14.0,89.0
1994-95,Girls,North Dakota,Skiing Cross Country,,978.0
1994-95,Girls,North Dakota,Gymnastics,155.0,619.0
1994-95,Girls,Ohio,Golf,31.0,1146.0
1994-95,Girls,Ohio,Gymnastics,,542.0
1994-95,Girls,Oklahoma,Gymnastics,119.0,952.0
1994-95,Girls,Oregon,Gymnastics,,2060.0
1994-95,Girls,Oregon,Skiing Cross Country,18.0,180.0
1994-95,Girls,Pennsylvania,Golf,246.0,8610.0
1994-95,Girls,Pennsylvania,Gymnastics,206.0,
1994-95,Girls,Pennsylvania,Skiing Cross Country,,141.0
1994-95,Girls,South Carolina,Skiing Cross Country,,391.0
1994-95,Girls,South Carolina,Gymnastics,72.0,645.0
1994-95,Girls,Tennessee,Gymnastics,,9879.0
1994-95,Girls,Texas,Gymnastics,20.0,
1994-95,Girls,Utah,Golf,25.0,954.0
1994-95,Girls,Utah,Gymnastics,16.0,
1994-95,Girls,Vermont,Skiing Cross Country,,845.0
1994-95,Girls,Vermont,Golf,84.0,2916.0
1994-95,Girls,Virginia,Gymnastics,,1569.0
1994-95,Girls,Virginia,Skiing Cross Country,70.0,1435.0
1994-95,Girls,Washington,Gymnastics,193.0,
1994-95,Girls,West Virginia,Skiing Cross Country,99.0,1508.0
1994-95,Girls,Wisconsin,Gymnastics,72.0,801.0
1994-95,Girls,Wisconsin,Skiing Cross Country,,157.0
1994-95,Girls,California,Soccer,16.0,203.0
1994-95,Girls,Colorado,Soccer,13.0,120.0
1994-95,Girls,District of Columbia,Soccer,,72.0
1994-95,Girls,Kentucky,Soccer,,10.0
1994-95,Girls,Maine,Soccer,39.0,297.0
1994-95,Girls,Massachusetts,Soccer,47.0,745.0
1994-95,Girls,Michigan,Soccer,76.0,
1994-95,Girls,Minnesota,Soccer,54.0,447.0
1994-95,Girls,Nevada,Soccer,14.0,273.0
1994-95,Girls,New Hampshire,Soccer,44.0,339.0
1994-95,Girls,New Jersey,Soccer,,120.0
1994-95,Girls,Ohio,Soccer,,42.0
1994-95,Girls,Vermont,Soccer,24.0,250.0
1994-95,Girls,Wyoming,Soccer,,63.0
1994-95,Girls,Alabama,Tennis,41.0,
1994-95,Girls,Alabama,Track and Field Outdoor,,338.0
1994-95,Girls,Alaska,Track and Field Outdoor,62.0,1731.0
1994-95,Girls,Alaska,Tennis,,5114.0
1994-95,Girls,Arizona,Track and Field Outdoor,,206.0
1994-95,Girls,Arkansas,Track and Field Outdoor,601.0,19786.0
1994-95,Girls,Arkansas,Tennis,,26346.0
1994-95,Girls,California,Tennis,924.0,
1994-95,Girls,California,Track and Field Outdoor,,3326.0
1994-95,Girls,Colorado,Track and Field Outdoor,70.0,1795.0
1994-95,Girls,Connecticut,Tennis,169.0,4620.0
1994-95,Girls,Connecticut,Track and Field Outdoor,,635.0
1994-95,Girls,Delaware,Track and Field Outdoor,,47.0
1994-95,Girls,Delaware,Tennis,15.0,196.0
1994-95,Girls,District of Columbia,Track and Field Outdoor,271.0,5039.0
1994-95,Girls,District of Columbia,Tennis,,8959.0
1994-95,Girls,Florida,Track and Field Outdoor,,1760.0
1994-95,Girls,Florida,Track and Field Indoor,283.0,6734.0
1994-95,Girls,Georgia,Tennis,53.0,1140.0
1994-95,Girls,Georgia,Track and Field Outdoor,,433.0
1994-95,Girls,Hawaii,Tennis,,985.0
1994-95,Girls,Hawaii,Track and Field Indoor,34.0,978.0
1994-95,Girls,Idaho,Track and Field Outdoor,,6104.0
1994-95,Girls,Idaho,Tennis,603.0,18192.0
1994-95,Girls,Indiana,Track and Field Outdoor,60.0,1255.0
1994-95,Girls,Indiana,Tennis,386.0,8810.0
1994-95,Girls,Iowa,Track and Field Outdoor,47.0,1052.0
1994-95,Girls,Iowa,Tennis,,3659.0
1994-95,Girls,Kansas,Track and Field Outdoor,,958.0
1994-95,Girls,Kansas,Track and Field Indoor,95.0,1995.0
1994-95,Girls,Kansas,Tennis,231.0,4851.0
1994-95,Girls,Kentucky,Track and Field Outdoor,,360.0
1994-95,Girls,Kentucky,Tennis,,280.0
1994-95,Girls,Louisiana,Tennis,352.0,
1994-95,Girls,Louisiana,Track and Field Outdoor,42.0,719.0
1994-95,Girls,Maine,Track and Field Outdoor,57.0,1251.0
1994-95,Girls,Maine,Tennis,161.0,4032.0
1994-95,Girls,Maryland,Track and Field Outdoor,110.0,2745.0
1994-95,Girls,Maryland,Tennis,,6468.0
1994-95,Girls,Massachusetts,Track and Field Outdoor,190.0,5444.0
1994-95,Girls,Massachusetts,Tennis,,16187.0
1994-95,Girls,Michigan,Tennis,621.0,
1994-95,Girls,Michigan,Track and Field Outdoor,161.0,2101.0
1994-95,Girls,Minnesota,Track and Field Outdoor,,372.0
1994-95,Girls,Minnesota,Track and Field Indoor,,2710.0
1994-95,Girls,Minnesota,Tennis,18.0,563.0
1994-95,Girls,Mississippi,Track and Field Outdoor,83.0,2203.0
1994-95,Girls,Mississippi,Tennis,,7919.0
1994-95,Girls,Missouri,Tennis,374.0,
1994-95,Girls,Missouri,Track and Field Outdoor,,336.0
1994-95,Girls,Montana,Track and Field Outdoor,39.0,825.0
1994-95,Girls,Montana,Tennis,,796.0
1994-95,Girls,Nebraska,Track and Field Outdoor,,717.0
1994-95,Girls,Nebraska,Tennis,57.0,1452.0
1994-95,Girls,Nevada,Track and Field Outdoor,19.0,258.0
1994-95,Girls,Nevada,Tennis,,2365.0
1994-95,Girls,New Hampshire,Track and Field Outdoor,,3427.0
1994-95,Girls,New Hampshire,Tennis,363.0,11187.0
1994-95,Girls,New Jersey,Track and Field Outdoor,25.0,511.0
1994-95,Girls,New Jersey,Tennis,44.0,1118.0
1994-95,Girls,New Mexico,Track and Field Outdoor,,5436.0
1994-95,Girls,New Mexico,Tennis,698.0,17985.0
1994-95,Girls,New Mexico,Track and Field Indoor,,7584.0
1994-95,Girls,North Carolina,Track and Field Outdoor,,275.0
1994-95,Girls,North Dakota,Track and Field Outdoor,269.0,4378.0
1994-95,Girls,North Dakota,Tennis,,15889.0
1994-95,Girls,North Dakota,Track and Field Indoor,76.0,2383.0
1994-95,Girls,Oklahoma,Track and Field Outdoor,,1650.0
1994-95,Girls,Oklahoma,Tennis,,5430.0
1994-95,Girls,Oregon,Track and Field Outdoor,,4464.0
1994-95,Girls,Oregon,Tennis,566.0,18112.0
1994-95,Girls,Pennsylvania,Track and Field Indoor,28.0,581.0
1994-95,Girls,Pennsylvania,Tennis,20.0,470.0
1994-95,Girls,Rhode Island,Tennis,187.0,3864.0
1994-95,Girls,South Dakota,Tennis,,5456.0
1994-95,Girls,Tennessee,Track and Field Outdoor,298.0,7096.0
1994-95,Girls,Tennessee,Tennis,541.0,20719.0
1994-95,Girls,Texas,Track and Field Outdoor,,1290.0
1994-95,Girls,Texas,Tennis,,1919.0
1994-95,Girls,Utah,Tennis,,1399.0
1994-95,Girls,Vermont,Track and Field Outdoor,,1831.0
1994-95,Girls,Vermont,Tennis,,5775.0
1994-95,Girls,Virginia,Tennis,255.0,
1994-95,Girls,Virginia,Track and Field Outdoor,124.0,3331.0
1994-95,Girls,Virginia,Track and Field Indoor,159.0,4214.0
1994-95,Girls,Washington,Tennis,,2302.0
1994-95,Girls,West Virginia,Track and Field Outdoor,,3284.0
1994-95,Girls,West Virginia,Tennis,,10780.0
1995-96,Girls,Alabama,Basketball,368.0,5573.0
1995-96,Girls,Alabama,Cross Country,50.0,473.0
1995-96,Girls,Alaska,Basketball,93.0,2083.0
1995-96,Girls,Alaska,Cross Country,70.0,685.0
1995-96,Girls,Arizona,Basketball,180.0,5330.0
1995-96,Girls,Arkansas,Basketball,331.0,7782.0
1995-96,Girls,Arkansas,Cross Country,82.0,537.0
1995-96,Girls,California,Basketball,989.0,27856.0
1995-96,Girls,California,Cross Country,785.0,12193.0
1995-96,Girls,California,Field Hockey,61.0,1956.0
1995-96,Girls,Colorado,Basketball,271.0,7073.0
1995-96,Girls,Colorado,Competitive Spirit Squads,115.0,
1995-96,Girls,Colorado,Cross Country,154.0,1837.0
1995-96,Girls,Connecticut,Basketball,169.0,3994.0
1995-96,Girls,Connecticut,Cross Country,148.0,1759.0
1995-96,Girls,Connecticut,Field Hockey,71.0,2826.0
1995-96,Girls,Delaware,Basketball,44.0,1019.0
1995-96,Girls,Delaware,Cross Country,32.0,398.0
1995-96,Girls,Delaware,Field Hockey,39.0,
1995-96,Girls,District of Columbia,Basketball,14.0,162.0
1995-96,Girls,District of Columbia,Competitive Spirit Squads,10.0,171.0
1995-96,Girls,District of Columbia,Cross Country,10.0,80.0
1995-96,Girls,Florida,Basketball,442.0,9076.0
1995-96,Girls,Florida,Cross Country,344.0,4020.0
1995-96,Girls,Florida,Competitive Spirit Squads,210.0,3546.0
1995-96,Girls,Hawaii,Basketball,55.0,1382.0
1995-96,Girls,Hawaii,Competitive Spirit Squads,63.0,751.0
1995-96,Girls,Hawaii,Cross Country,54.0,346.0
1995-96,Girls,Indiana,Basketball,379.0,11812.0
1995-96,Girls,Indiana,Cross Country,344.0,3927.0
1995-96,Girls,Indiana,Competitive Spirit Squads,44.0,
1995-96,Girls,Kansas,Basketball,354.0,8574.0
1995-96,Girls,Kentucky,Basketball,273.0,5405.0
1995-96,Girls,Kentucky,Competitive Spirit Squads,255.0,5001.0
1995-96,Girls,Kentucky,Cross Country,209.0,1848.0
1995-96,Girls,Kentucky,Field Hockey,14.0,567.0
1995-96,Girls,Louisiana,Basketball,376.0,9400.0
1995-96,Girls,Louisiana,Cross Country,204.0,1224.0
1995-96,Girls,Louisiana,Competitive Spirit Squads,,4101.0
1995-96,Girls,Louisiana,Field Hockey,76.0,
1995-96,Girls,Maryland,Basketball,170.0,4275.0
1995-96,Girls,Maryland,Cross Country,140.0,1589.0
1995-96,Girls,Maryland,Field Hockey,107.0,
1995-96,Girls,Massachusetts,Basketball,304.0,9676.0
1995-96,Girls,Massachusetts,Cross Country,247.0,3440.0
1995-96,Girls,Massachusetts,Field Hockey,184.0,8063.0
1995-96,Girls,Michigan,Basketball,698.0,20239.0
1995-96,Girls,Michigan,Competitive Spirit Squads,161.0,2379.0
1995-96,Girls,Michigan,Cross Country,545.0,5926.0
1995-96,Girls,Minnesota,Basketball,427.0,
1995-96,Girls,Mississippi,Basketball,261.0,4860.0
1995-96,Girls,Mississippi,Competitive Spirit Squads,99.0,1300.0
1995-96,Girls,Mississippi,Cross Country,45.0,910.0
1995-96,Girls,Missouri,Basketball,524.0,12677.0
1995-96,Girls,Missouri,Competitive Spirit Squads,135.0,1965.0
1995-96,Girls,Missouri,Cross Country,235.0,3336.0
1995-96,Girls,Missouri,Field Hockey,19.0,748.0
1995-96,Girls,Montana,Basketball,182.0,4168.0
1995-96,Girls,Montana,Cross Country,76.0,829.0
1995-96,Girls,Nebraska,Basketball,335.0,7784.0
1995-96,Girls,Nebraska,Cross Country,163.0,1317.0
1995-96,Girls,Nevada,Basketball,71.0,1879.0
1995-96,Girls,Nevada,Cross Country,50.0,460.0
1995-96,Girls,Nevada,Competitive Spirit Squads,120.0,
1995-96,Girls,Nevada,Field Hockey,49.0,1911.0
1995-96,Girls,New Hampshire,Basketball,85.0,
1995-96,Girls,New Jersey,Basketball,372.0,9657.0
1995-96,Girls,New Jersey,Cross Country,333.0,3972.0
1995-96,Girls,New Jersey,Field Hockey,204.0,9567.0
1995-96,Girls,New Mexico,Basketball,422.0,3073.0
1995-96,Girls,New Mexico,Competitive Spirit Squads,125.0,1879.0
1995-96,Girls,New Mexico,Cross Country,78.0,978.0
1995-96,Girls,New Mexico,Field Hockey,223.0,8004.0
1995-96,Girls,New York,Basketball,696.0,
1995-96,Girls,North Carolina,Basketball,320.0,7184.0
1995-96,Girls,North Carolina,Competitive Spirit Squads,32.0,544.0
1995-96,Girls,North Carolina,Cross Country,237.0,2718.0
1995-96,Girls,North Dakota,Basketball,162.0,3572.0
1995-96,Girls,North Dakota,Cross Country,35.0,316.0
1995-96,Girls,North Dakota,Field Hockey,31.0,1131.0
1995-96,Girls,North Dakota,Competitive Spirit Squads,163.0,2430.0
1995-96,Girls,Oregon,Basketball,276.0,7728.0
1995-96,Girls,Oregon,Cross Country,136.0,2940.0
1995-96,Girls,Oregon,Field Hockey,250.0,
1995-96,Girls,Pennsylvania,Basketball,625.0,18750.0
1995-96,Girls,Pennsylvania,Field Hockey,,8750.0
1995-96,Girls,Pennsylvania,Cross Country,39.0,583.0
1995-96,Girls,South Carolina,Basketball,200.0,6129.0
1995-96,Girls,South Carolina,Cross Country,103.0,1187.0
1995-96,Girls,South Carolina,Field Hockey,,47.0
1995-96,Girls,South Dakota,Basketball,176.0,3599.0
1995-96,Girls,South Dakota,Cross Country,97.0,559.0
1995-96,Girls,South Dakota,Competitive Spirit Squads,67.0,804.0
1995-96,Girls,Tennessee,Basketball,330.0,6179.0
1995-96,Girls,Tennessee,Cross Country,1025.0,29354.0
1995-96,Girls,Tennessee,Competitive Spirit Squads,87.0,1703.0
1995-96,Girls,Tennessee,Field Hockey,25.0,954.0
1995-96,Girls,Vermont,Basketball,47.0,1254.0
1995-96,Girls,Virginia,Basketball,281.0,6308.0
1995-96,Girls,Virginia,Cross Country,217.0,2429.0
1995-96,Girls,Virginia,Field Hockey,85.0,3015.0
1995-96,Girls,Washington,Basketball,361.0,10032.0
1995-96,Girls,Washington,Cross Country,266.0,3065.0
1995-96,Girls,West Virginia,Basketball,136.0,2836.0
1995-96,Girls,West Virginia,Competitive Spirit Squads,140.0,2352.0
1995-96,Girls,West Virginia,Cross Country,63.0,550.0
1995-96,Girls,Wisconsin,Basketball,,12630.0
1995-96,Girls,Wyoming,Basketball,67.0,1738.0
1995-96,Girls,Wyoming,Cross Country,31.0,320.0
1995-96,Girls,Alabama,Golf,87.0,182.0
1995-96,Girls,Alabama,Gymnastics,,40.0
1995-96,Girls,Alaska,Gymnastics,,143.0
1995-96,Girls,Alaska,Skiing Cross Country,25.0,344.0
1995-96,Girls,Arizona,Golf,47.0,343.0
1995-96,Girls,Arkansas,Golf,103.0,259.0
1995-96,Girls,Arkansas,Gymnastics,34.0,291.0
1995-96,Girls,California,Golf,13.0,
1995-96,Girls,California,Gymnastics,66.0,1300.0
1995-96,Girls,California,Skiing Cross Country,,58.0
1995-96,Girls,California,Skiing Alpine,26.0,275.0
1995-96,Girls,Colorado,Golf,67.0,515.0
1995-96,Girls,Colorado,Gymnastics,66.0,678.0
1995-96,Girls,Colorado,Skiing Cross Country,,45.0
1995-96,Girls,Colorado,Skiing Alpine,12.0,87.0
1995-96,Girls,Connecticut,Gymnastics,55.0,508.0
1995-96,Girls,Delaware,Golf,12.0,20.0
1995-96,Girls,Delaware,Skiing Alpine,,75.0
1995-96,Girls,Florida,Golf,215.0,
1995-96,Girls,Georgia,Golf,,228.0
1995-96,Girls,Georgia,Gymnastics,28.0,321.0
1995-96,Girls,Hawaii,Golf,,47.0
1995-96,Girls,Hawaii,Gymnastics,,26.0
1995-96,Girls,Idaho,Golf,67.0,333.0
1995-96,Girls,Idaho,Gymnastics,,72.0
1995-96,Girls,Idaho,Skiing Cross Country,,149.0
1995-96,Girls,Illinois,Gymnastics,100.0,
1995-96,Girls,Indiana,Golf,194.0,
1995-96,Girls,Indiana,Gymnastics,85.0,
1995-96,Girls,Indiana,Skiing Alpine,,17.0
1995-96,Girls,Kansas,Golf,68.0,686.0
1995-96,Girls,Kansas,Gymnastics,17.0,218.0
1995-96,Girls,Kentucky,Golf,182.0,755.0
1995-96,Girls,Kentucky,Gymnastics,,24.0
1995-96,Girls,Kentucky,Skiing Alpine,,10.0
1995-96,Girls,Louisiana,Golf,22.0,44.0
1995-96,Girls,Louisiana,Gymnastics,18.0,216.0
1995-96,Girls,Maine,Skiing Cross Country,,316.0
1995-96,Girls,Maine,Skiing Alpine,43.0,
1995-96,Girls,Maine,Golf,38.0,74.0
1995-96,Girls,Maine,Gymnastics,13.0,119.0
1995-96,Girls,Maryland,Golf,100.0,114.0
1995-96,Girls,Maryland,Gymnastics,,73.0
1995-96,Girls,Massachusetts,Golf,59.0,254.0
1995-96,Girls,Massachusetts,Gymnastics,86.0,
1995-96,Girls,Massachusetts,Skiing Cross Country,,285.0
1995-96,Girls,Massachusetts,Skiing Alpine,61.0,917.0
1995-96,Girls,Michigan,Golf,197.0,2514.0
1995-96,Girls,Michigan,Skiing Alpine,77.0,971.0
1995-96,Girls,Michigan,Skiing Cross Country,85.0,1168.0
1995-96,Girls,Minnesota,Golf,321.0,2145.0
1995-96,Girls,Mississippi,Golf,,71.0
1995-96,Girls,Missouri,Golf,74.0,794.0
1995-96,Girls,Missouri,Gymnastics,,56.0
1995-96,Girls,Montana,Golf,72.0,625.0
1995-96,Girls,Nebraska,Golf,88.0,876.0
1995-96,Girls,Nebraska,Gymnastics,21.0,208.0
1995-96,Girls,Nevada,Golf,43.0,291.0
1995-96,Girls,Nevada,Skiing Alpine,14.0,284.0
1995-96,Girls,New Hampshire,Golf,20.0,32.0
1995-96,Girls,New Hampshire,Gymnastics,13.0,85.0
1995-96,Girls,New Hampshire,Skiing Cross Country,48.0,239.0
1995-96,Girls,New Hampshire,Skiing Alpine,,416.0
1995-96,Girls,New Jersey,Golf,12.0,261.0
1995-96,Girls,New Jersey,Gymnastics,74.0,989.0
1995-96,Girls,New Jersey,Skiing Alpine,,144.0
1995-96,Girls,New Mexico,Golf,45.0,299.0
1995-96,Girls,New Mexico,Skiing Cross Country,91.0,1114.0
1995-96,Girls,New York,Golf,75.0,347.0
1995-96,Girls,North Carolina,Golf,63.0,4105.0
1995-96,Girls,North Carolina,Gymnastics,16.0,168.0
1995-96,Girls,North Dakota,Golf,67.0,623.0
1995-96,Girls,North Dakota,Gymnastics,14.0,
1995-96,Girls,Ohio,Golf,208.0,717.0
1995-96,Girls,Ohio,Gymnastics,98.0,974.0
1995-96,Girls,Ohio,Skiing Cross Country,,52.0
1995-96,Girls,Ohio,Skiing Alpine,,20.0
1995-96,Girls,Oregon,Golf,134.0,1072.0
1995-96,Girls,Pennsylvania,Golf,210.0,2100.0
1995-96,Girls,Pennsylvania,Gymnastics,16.0,160.0
1995-96,Girls,South Carolina,Golf,,51.0
1995-96,Girls,South Dakota,Golf,76.0,617.0
1995-96,Girls,South Dakota,Gymnastics,37.0,409.0
1995-96,Girls,Tennessee,Golf,195.0,742.0
1995-96,Girls,Utah,Golf,26.0,33.0
1995-96,Girls,Vermont,Skiing Cross Country,,173.0
1995-96,Girls,Vermont,Skiing Alpine,24.0,
1995-96,Girls,Vermont,Golf,16.0,79.0
1995-96,Girls,Vermont,Gymnastics,,62.0
1995-96,Girls,Virginia,Gymnastics,69.0,810.0
1995-96,Girls,Washington,Golf,217.0,1434.0
1995-96,Girls,Washington,Gymnastics,72.0,
1995-96,Girls,West Virginia,Golf,14.0,18.0
1995-96,Girls,Wisconsin,Golf,84.0,878.0
1995-96,Girls,Wisconsin,Gymnastics,98.0,1293.0
1995-96,Girls,Wyoming,Golf,29.0,216.0
1995-96,Girls,Wyoming,Gymnastics,10.0,164.0
1995-96,Girls,Wyoming,Skiing Cross Country,,93.0
1995-96,Girls,Wyoming,Skiing Alpine,,64.0
1995-96,Girls,Alabama,Soccer,57.0,1426.0
1995-96,Girls,Alabama,Softball Fast Pitch,61.0,976.0
1995-96,Girls,Alaska,Soccer,17.0,466.0
1995-96,Girls,Arizona,Soccer,72.0,
1995-96,Girls,Arizona,Softball Fast Pitch,168.0,5313.0
1995-96,Girls,California,Soccer,799.0,24353.0
1995-96,Girls,California,Softball Fast Pitch,927.0,26407.0
1995-96,Girls,Colorado,Soccer,,3888.0
1995-96,Girls,Colorado,Softball Fast Pitch,107.0,2998.0
1995-96,Girls,Connecticut,Soccer,137.0,4279.0
1995-96,Girls,Connecticut,Softball Fast Pitch,168.0,4593.0
1995-96,Girls,Delaware,Soccer,33.0,
1995-96,Girls,Delaware,Softball Fast Pitch,361153.0,
1995-96,Girls,District of Columbia,Soccer,,19.0
1995-96,Girls,District of Columbia,Softball Fast Pitch,13.0,173.0
1995-96,Girls,Florida,Soccer,310.0,8128.0
1995-96,Girls,Florida,Softball Fast Pitch,420.0,
1995-96,Girls,Georgia,Soccer,185.0,4375.0
1995-96,Girls,Georgia,Softball Fast Pitch,531140.0,
1995-96,Girls,Hawaii,Soccer,47.0,
1995-96,Girls,Hawaii,Softball Fast Pitch,46.0,741.0
1995-96,Girls,Idaho,Soccer,13.0,
1995-96,Girls,Idaho,Softball Fast Pitch,66.0,1742.0
1995-96,Girls,Illinois,Soccer,215.0,9964.0
1995-96,Girls,Illinois,Softball Fast Pitch,612.0,17619.0
1995-96,Girls,Indiana,Soccer,118.0,3413.0
1995-96,Girls,Indiana,Softball Fast Pitch,323.0,8535.0
1995-96,Girls,Kansas,Soccer,38.0,1597.0
1995-96,Girls,Kansas,Softball Fast Pitch,143.0,3781.0
1995-96,Girls,Kentucky,Soccer,89.0,2593.0
1995-96,Girls,Kentucky,Softball Fast Pitch,215.0,4515.0
1995-96,Girls,Louisiana,Soccer,38.0,570.0
1995-96,Girls,Louisiana,Softball Fast Pitch,352.0,5280.0
1995-96,Girls,Maryland,Soccer,118.0,3970.0
1995-96,Girls,Maryland,Softball Fast Pitch,163.0,4458.0
1995-96,Girls,Massachusetts,Soccer,269.0,9666.0
1995-96,Girls,Massachusetts,Softball Fast Pitch,297.0,9882.0
1995-96,Girls,Michigan,Soccer,239.0,8347.0
1995-96,Girls,Michigan,Softball Fast Pitch,626.0,16466.0
1995-96,Girls,Minnesota,Soccer,98.0,3203.0
1995-96,Girls,Minnesota,Softball Fast Pitch,364.0,
1995-96,Girls,Mississippi,Soccer,40.0,1200.0
1995-96,Girls,Mississippi,Softball Fast Pitch,28.0,840.0
1995-96,Girls,Missouri,Soccer,118.0,4266.0
1995-96,Girls,Missouri,Softball Fast Pitch,389.0,
1995-96,Girls,Montana,Soccer,14.0,357.0
1995-96,Girls,Montana,Softball Fast Pitch,29.0,756.0
1995-96,Girls,Nebraska,Soccer,46.0,1549.0
1995-96,Girls,Nebraska,Softball Fast Pitch,34.0,806.0
1995-96,Girls,Nevada,Soccer,28.0,934.0
1995-96,Girls,Nevada,Softball Fast Pitch,60.0,1977.0
1995-96,Girls,New Hampshire,Soccer,,2051.0
1995-96,Girls,New Hampshire,Softball Fast Pitch,85.0,2420.0
1995-96,Girls,New Jersey,Soccer,287.0,9001.0
1995-96,Girls,New Jersey,Softball Fast Pitch,369.0,12814.0
1995-96,Girls,New Mexico,Soccer,40.0,1190.0
1995-96,Girls,New Mexico,Softball Fast Pitch,56.0,
1995-96,Girls,New York,Soccer,885.0,19664.0
1995-96,Girls,New York,Softball Fast Pitch,698.0,17985.0
1995-96,Girls,North Carolina,Soccer,172.0,4723.0
1995-96,Girls,North Carolina,Softball Fast Pitch,154.0,3362.0
1995-96,Girls,North Dakota,Soccer,12.0,579.0
1995-96,Girls,North Dakota,Softball Fast Pitch,606.0,15639.0
1995-96,Girls,Oklahoma,Soccer,66.0,1340.0
1995-96,Girls,Oklahoma,Softball Fast Pitch,241.0,3957.0
1995-96,Girls,Oregon,Soccer,115.0,3450.0
1995-96,Girls,Oregon,Softball Fast Pitch,190.0,5700.0
1995-96,Girls,Pennsylvania,Soccer,306.0,10710.0
1995-96,Girls,Pennsylvania,Softball Fast Pitch,575.0,18400.0
1995-96,Girls,Rhode Island,Soccer,38.0,1072.0
1995-96,Girls,Rhode Island,Softball Fast Pitch,27.0,612.0
1995-96,Girls,South Carolina,Soccer,63.0,1564.0
1995-96,Girls,South Carolina,Softball Fast Pitch,188.0,4177.0
1995-96,Girls,Tennessee,Soccer,119.0,
1995-96,Girls,Tennessee,Softball Fast Pitch,307.0,696.0
1995-96,Girls,Utah,Soccer,68.0,2124.0
1995-96,Girls,Utah,Softball Fast Pitch,,1968.0
1995-96,Girls,Vermont,Soccer,49.0,1750.0
1995-96,Girls,Vermont,Softball Fast Pitch,48.0,1399.0
1995-96,Girls,Virginia,Soccer,129.0,3894.0
1995-96,Girls,Virginia,Softball Fast Pitch,259.0,
1995-96,Girls,Washington,Soccer,217.0,6678.0
1995-96,Girls,Washington,Softball Fast Pitch,197.0,6746.0
1995-96,Girls,West Virginia,Soccer,46.0,
1995-96,Girls,West Virginia,Softball Fast Pitch,109.0,
1995-96,Girls,Wisconsin,Soccer,127.0,4107.0
1995-96,Girls,Wisconsin,Softball Fast Pitch,372.0,11233.0
1995-96,Girls,Wyoming,Soccer,14.0,593.0
1995-96,Girls,Alabama,Tennis,139.0,
1995-96,Girls,Alabama,Track and Field Indoor,37.0,377.0
1995-96,Girls,Alabama,Track and Field Outdoor,267.0,4034.0
1995-96,Girls,Alabama,Volleyball,256.0,3967.0
1995-96,Girls,Alaska,Tennis,,92.0
1995-96,Girls,Alaska,Track and Field Outdoor,36.0,770.0
1995-96,Girls,Alaska,Volleyball,,1346.0
1995-96,Girls,Arizona,Tennis,105.0,1882.0
1995-96,Girls,Arizona,Track and Field Outdoor,154.0,4410.0
1995-96,Girls,Arizona,Volleyball,181.0,6148.0
1995-96,Girls,Arkansas,Tennis,1230.0,1141.0
1995-96,Girls,Arkansas,Track and Field Outdoor,269.0,4591.0
1995-96,Girls,Arkansas,Volleyball,712272.0,
1995-96,Girls,California,Tennis,762.0,15628.0
1995-96,Girls,California,Track and Field Outdoor,848.0,27325.0
1995-96,Girls,California,Volleyball,989.0,28035.0
1995-96,Girls,Colorado,Tennis,110.0,2598.0
1995-96,Girls,Colorado,Track and Field Outdoor,262.0,5514.0
1995-96,Girls,Colorado,Volleyball,277.0,8259.0
1995-96,Girls,Connecticut,Tennis,123.0,2179.0
1995-96,Girls,Connecticut,Track and Field Indoor,98.0,2465.0
1995-96,Girls,Connecticut,Track and Field Outdoor,153.0,5084.0
1995-96,Girls,Connecticut,Volleyball,130.0,3076.0
1995-96,Girls,Delaware,Tennis,30.0,470.0
1995-96,Girls,Delaware,Track and Field Indoor,27.0,505.0
1995-96,Girls,Delaware,Track and Field Outdoor,32.0,834.0
1995-96,Girls,Delaware,Volleyball,29.0,857.0
1995-96,Girls,District of Columbia,Tennis,,53.0
1995-96,Girls,District of Columbia,Track and Field Indoor,12.0,100.0
1995-96,Girls,District of Columbia,Track and Field Outdoor,14.0,156.0
1995-96,Girls,District of Columbia,Volleyball,15.0,146.0
1995-96,Girls,Florida,Tennis,340.0,3256.0
1995-96,Girls,Florida,Track and Field Outdoor,378.0,
1995-96,Girls,Florida,Volleyball,434.0,9425.0
1995-96,Girls,Georgia,Tennis,322.0,4026.0
1995-96,Girls,Georgia,Track and Field Outdoor,318.0,
1995-96,Girls,Georgia,Volleyball,71.0,
1995-96,Girls,Hawaii,Tennis,50.0,649.0
1995-96,Girls,Hawaii,Track and Field Outdoor,51.0,716.0
1995-96,Girls,Hawaii,Volleyball,52.0,1092.0
1995-96,Girls,Idaho,Tennis,50.0,783.0
1995-96,Girls,Idaho,Track and Field Outdoor,138.0,
1995-96,Girls,Idaho,Volleyball,150.0,3957.0
1995-96,Girls,Indiana,Tennis,302.0,865437.0
1995-96,Girls,Indiana,Track and Field Outdoor,367.0,
1995-96,Girls,Indiana,Volleyball,382.0,10545.0
1995-96,Girls,Indiana,Track and Field Indoor,70.0,1777.0
1995-96,Girls,Kansas,Tennis,120.0,62164.0
1995-96,Girls,Kansas,Track and Field Outdoor,361.0,6539.0
1995-96,Girls,Kansas,Volleyball,359.0,10340.0
1995-96,Girls,Kentucky,Tennis,206.0,2006.0
1995-96,Girls,Kentucky,Track and Field Outdoor,234.0,3819.0
1995-96,Girls,Kentucky,Volleyball,88.0,1717.0
1995-96,Girls,Louisiana,Tennis,149.0,1043.0
1995-96,Girls,Louisiana,Track and Field Indoor,82.0,820.0
1995-96,Girls,Louisiana,Track and Field Outdoor,367.0,4037.0
1995-96,Girls,Louisiana,Volleyball,164.0,2296.0
1995-96,Girls,Maine,Tennis,83.0,1454.0
1995-96,Girls,Maine,Track and Field Indoor,34.0,205.0
1995-96,Girls,Maine,Track and Field Outdoor,95.0,2383.0
1995-96,Girls,Maine,Volleyball,26.0,417.0
1995-96,Girls,Maryland,Tennis,148.0,81979.0
1995-96,Girls,Maryland,Track and Field Indoor,113.0,2453.0
1995-96,Girls,Maryland,Track and Field Outdoor,156.0,3980.0
1995-96,Girls,Maryland,Volleyball,162.0,3858.0
1995-96,Girls,Massachusetts,Tennis,211.0,3534.0
1995-96,Girls,Massachusetts,Track and Field Indoor,165.0,5025.0
1995-96,Girls,Massachusetts,Track and Field Outdoor,245.0,9415.0
1995-96,Girls,Massachusetts,Volleyball,148.0,3728.0
1995-96,Girls,Michigan,Tennis,322.0,
1995-96,Girls,Michigan,Track and Field Outdoor,638.0,17307.0
1995-96,Girls,Michigan,Volleyball,682.0,20037.0
1995-96,Girls,Minnesota,Tennis,204.0,4239.0
1995-96,Girls,Minnesota,Track and Field Outdoor,408.0,
1995-96,Girls,Minnesota,Volleyball,421.0,
1995-96,Girls,Mississippi,Tennis,161.0,1075.0
1995-96,Girls,Mississippi,Track and Field Indoor,21.0,268.0
1995-96,Girls,Mississippi,Track and Field Outdoor,236.0,3621.0
1995-96,Girls,Mississippi,Volleyball,38.0,510.0
1995-96,Girls,Missouri,Tennis,151.0,3104.0
1995-96,Girls,Missouri,Track and Field Outdoor,420.0,11032.0
1995-96,Girls,Missouri,Volleyball,404.0,10557.0
1995-96,Girls,Montana,Tennis,60.0,
1995-96,Girls,Montana,Track and Field Outdoor,182.0,
1995-96,Girls,Montana,Volleyball,157.0,4034.0
1995-96,Girls,Nebraska,Tennis,52.0,1168.0
1995-96,Girls,Nebraska,Track and Field Outdoor,338.0,
1995-96,Girls,Nebraska,Volleyball,335.0,
1995-96,Girls,Nevada,Tennis,32.0,442.0
1995-96,Girls,Nevada,Track and Field Outdoor,65.0,1656.0
1995-96,Girls,Nevada,Volleyball,,2106.0
1995-96,Girls,New Hampshire,Tennis,45.0,606.0
1995-96,Girls,New Hampshire,Track and Field Indoor,35.0,716.0
1995-96,Girls,New Hampshire,Track and Field Outdoor,65.0,1584.0
1995-96,Girls,New Hampshire,Volleyball,45.0,1059.0
1995-96,Girls,New Jersey,Tennis,322.0,5934.0
1995-96,Girls,New Jersey,Track and Field Indoor,237.0,5574.0
1995-96,Girls,New Jersey,Track and Field Outdoor,336.0,11869.0
1995-96,Girls,New Jersey,Volleyball,133.0,2358.0
1995-96,Girls,New Mexico,Tennis,41.0,551.0
1995-96,Girls,New Mexico,Track and Field Outdoor,113.0,2596.0
1995-96,Girls,New Mexico,Volleyball,126.0,3252.0
1995-96,Girls,New York,Tennis,427.0,7480.0
1995-96,Girls,New York,Track and Field Indoor,258.0,
1995-96,Girls,New York,Track and Field Outdoor,552.0,15013.0
1995-96,Girls,New York,Volleyball,583.0,13862.0
1995-96,Girls,North Dakota,Tennis,18.0,392.0
1995-96,Girls,North Dakota,Track and Field Outdoor,184.0,2016.0
1995-96,Girls,North Dakota,Volleyball,145.0,3104.0
1995-96,Girls,Ohio,Tennis,385.0,6061.0
1995-96,Girls,Ohio,Track and Field Indoor,123.0,2614.0
1995-96,Girls,Ohio,Track and Field Outdoor,735.0,18528.0
1995-96,Girls,Ohio,Volleyball,700.0,18116.0
1995-96,Girls,Oklahoma,Tennis,108.0,947.0
1995-96,Girls,Oklahoma,Track and Field Indoor,22.0,190.0
1995-96,Girls,Oklahoma,Track and Field Outdoor,390.0,
1995-96,Girls,Oklahoma,Volleyball,56.0,783.0
1995-96,Girls,Oregon,Tennis,123.0,984.0
1995-96,Girls,Oregon,Track and Field Outdoor,276.0,
1995-96,Girls,Oregon,Volleyball,276.0,5520.0
1995-96,Girls,Pennsylvania,Tennis,354.0,3540.0
1995-96,Girls,Pennsylvania,Track and Field Indoor,136.0,2448.0
1995-96,Girls,Pennsylvania,Track and Field Outdoor,496.0,15872.0
1995-96,Girls,Pennsylvania,Volleyball,438.0,7884.0
1995-96,Girls,Rhode Island,Tennis,,726.0
1995-96,Girls,Rhode Island,Track and Field Indoor,31.0,722.0
1995-96,Girls,Rhode Island,Track and Field Outdoor,36.0,
1995-96,Girls,Rhode Island,Volleyball,40.0,981.0
1995-96,Girls,South Carolina,Tennis,108.0,1468.0
1995-96,Girls,South Carolina,Track and Field Outdoor,185.0,
1995-96,Girls,South Carolina,Volleyball,176.0,3357.0
1995-96,Girls,South Dakota,Tennis,21.0,296.0
1995-96,Girls,South Dakota,Track and Field Outdoor,171.0,2826.0
1995-96,Girls,South Dakota,Volleyball,134.0,3577.0
1995-96,Girls,Tennessee,Tennis,225.0,2239.0
1995-96,Girls,Tennessee,Track and Field Outdoor,209.0,4454.0
1995-96,Girls,Tennessee,Volleyball,216.0,3933.0
1995-96,Girls,Vermont,Tennis,28.0,387.0
1995-96,Girls,Vermont,Track and Field Indoor,,99.0
1995-96,Girls,Vermont,Track and Field Outdoor,28.0,723.0
1995-96,Girls,Vermont,Volleyball,,20.0
1995-96,Girls,Virginia,Tennis,,2709.0
1995-96,Girls,Virginia,Track and Field Indoor,144.0,3168.0
1995-96,Girls,Virginia,Track and Field Outdoor,266.0,6647.0
1995-96,Girls,Virginia,Volleyball,214.0,
1995-96,Girls,Washington,Tennis,234.0,5150.0
1995-96,Girls,Washington,Track and Field Outdoor,339.0,
1995-96,Girls,Washington,Volleyball,354.0,9992.0
1995-96,Girls,West Virginia,Tennis,82.0,920.0
1995-96,Girls,West Virginia,Track and Field Outdoor,102.0,2374.0
1995-96,Girls,West Virginia,Volleyball,96.0,2082.0
1995-96,Girls,Wisconsin,Tennis,,4387.0
1995-96,Girls,Wisconsin,Track and Field Outdoor,377.0,
1995-96,Girls,Wisconsin,Volleyball,418.0,15467.0
1995-96,Girls,Wyoming,Tennis,17.0,255.0
1995-96,Girls,Wyoming,Track and Field Indoor,10.0,169.0
1995-96,Girls,Wyoming,Track and Field Outdoor,69.0,1461.0
1995-96,Girls,Wyoming,Volleyball,68.0,1889.0
1996-97,Girls,Alabama,Basketball,366.0,5543.0
1996-97,Girls,Alabama,Competitive Spirit Squads,46.0,
1996-97,Girls,California,Basketball,989.0,27856.0
1996-97,Girls,California,Competitive Spirit Squads,785.0,12193.0
1996-97,Girls,Colorado,Basketball,277.0,7276.0
1996-97,Girls,Colorado,Competitive Spirit Squads,163.0,1985.0
1996-97,Girls,Connecticut,Basketball,170.0,
1996-97,Girls,Connecticut,Competitive Spirit Squads,149.0,
1996-97,Girls,District of Columbia,Basketball,13.0,169.0
1996-97,Girls,District of Columbia,Competitive Spirit Squads,,134.0
1996-97,Girls,Florida,Basketball,473.0,8141.0
1996-97,Girls,Florida,Competitive Spirit Squads,389.0,4295.0
1996-97,Girls,Georgia,Basketball,340.0,8916.0
1996-97,Girls,Georgia,Competitive Spirit Squads,264.0,2983.0
1996-97,Girls,Idaho,Basketball,158.0,4124.0
1996-97,Girls,Idaho,Competitive Spirit Squads,84.0,
1996-97,Girls,Indiana,Basketball,380.0,11873.0
1996-97,Girls,Indiana,Competitive Spirit Squads,349.0,3079.0
1996-97,Girls,Kansas,Basketball,362.0,7216.0
1996-97,Girls,Kansas,Competitive Spirit Squads,235.0,
1996-97,Girls,Louisiana,Basketball,376.0,9400.0
1996-97,Girls,Louisiana,Competitive Spirit Squads,204.0,
1996-97,Girls,Maryland,Basketball,172.0,4480.0
1996-97,Girls,Maryland,Competitive Spirit Squads,156.0,1941.0
1996-97,Girls,Massachusetts,Basketball,327.0,9783.0
1996-97,Girls,Massachusetts,Competitive Spirit Squads,259.0,3547.0
1996-97,Girls,Mississippi,Basketball,261.0,
1996-97,Girls,Mississippi,Competitive Spirit Squads,45.0,950.0
1996-97,Girls,Missouri,Basketball,528.0,13103.0
1996-97,Girls,Missouri,Competitive Spirit Squads,242.0,3466.0
1996-97,Girls,Nebraska,Basketball,334.0,7571.0
1996-97,Girls,Nebraska,Competitive Spirit Squads,,1392.0
1996-97,Girls,New Hampshire,Basketball,85.0,2338.0
1996-97,Girls,New Hampshire,Competitive Spirit Squads,87.0,731.0
1996-97,Girls,South Carolina,Basketball,321.0,7476.0
1996-97,Girls,South Carolina,Competitive Spirit Squads,245.0,
1996-97,Girls,Ohio,Basketball,780.0,19162.0
1996-97,Girls,Ohio,Competitive Spirit Squads,485.0,6705.0
1996-97,Girls,Oregon,Basketball,255.0,
1996-97,Girls,Oregon,Competitive Spirit Squads,176.0,1900.0
1996-97,Girls,Rhode Island,Basketball,45.0,
1996-97,Girls,Rhode Island,Competitive Spirit Squads,37.0,615.0
1996-97,Girls,Utah,Basketball,,2900.0
1996-97,Girls,Utah,Competitive Spirit Squads,91.0,1180.0
1996-97,Girls,Virginia,Basketball,275.0,6861.0
1996-97,Girls,Virginia,Competitive Spirit Squads,238.0,
1996-97,Girls,West Virginia,Basketball,176.0,2776.0
1996-97,Girls,West Virginia,Competitive Spirit Squads,63.0,
1996-97,Girls,Wyoming,Basketball,70.0,1764.0
1996-97,Girls,Wyoming,Competitive Spirit Squads,29.0,
1996-97,Girls,Alaska,Gymnastics,,161.0
1996-97,Girls,Alaska,Golf,47.0,593.0
1996-97,Girls,Alaska,Skiing Cross Country,26.0,275.0
1996-97,Girls,Colorado,Golf,89.0,901.0
1996-97,Girls,Colorado,Gymnastics,67.0,761.0
1996-97,Girls,Colorado,Skiing Cross Country,12.0,92.0
1996-97,Girls,Connecticut,Golf,40.0,172.0
1996-97,Girls,Connecticut,Gymnastics,55.0,507.0
1996-97,Girls,Delaware,Golf,12.0,19.0
1996-97,Girls,Florida,Golf,318.0,1595.0
1996-97,Girls,Florida,Gymnastics,28.0,344.0
1996-97,Girls,Illinois,Golf,260.0,1903.0
1996-97,Girls,Illinois,Gymnastics,95.0,2006.0
1996-97,Girls,Louisiana,Golf,22.0,44.0
1996-97,Girls,Louisiana,Gymnastics,18.0,216.0
1996-97,Girls,Louisiana,Skiing Cross Country,43.0,423.0
1996-97,Girls,Massachusetts,Golf,62.0,285.0
1996-97,Girls,Massachusetts,Gymnastics,83.0,1284.0
1996-97,Girls,Massachusetts,Skiing Cross Country,59.0,
1996-97,Girls,Mississippi,Golf,12.0,65.0
1996-97,Girls,Mississippi,Gymnastics,,36.0
1996-97,Girls,Nebraska,Golf,98.0,
1996-97,Girls,Nebraska,Gymnastics,19.0,205.0
1996-97,Girls,Nebraska,Skiing Cross Country,14.0,303.0
1996-97,Girls,New Hampshire,Golf,22.0,50.0
1996-97,Girls,New Hampshire,Gymnastics,19.0,161.0
1996-97,Girls,New Hampshire,Skiing Cross Country,49.0,408.0
1996-97,Girls,New Jersey,Golf,12.0,277.0
1996-97,Girls,New Jersey,Gymnastics,75.0,1018.0
1996-97,Girls,New Jersey,Skiing Cross Country,,132.0
1996-97,Girls,New Mexico,Golf,56.0,240.0
1996-97,Girls,New Mexico,Gymnastics,114.0,1763.0
1996-97,Girls,New Mexico,Skiing Cross Country,,208.0
1996-97,Girls,Rhode Island,Golf,,20.0
1996-97,Girls,Rhode Island,Gymnastics,15.0,159.0
1996-97,Girls,South Carolina,Golf,15.0,94.0
1996-97,Girls,South Dakota,Golf,74.0,658.0
1996-97,Girls,South Dakota,Gymnastics,35.0,388.0
1996-97,Girls,Vermont,Gymnastics,,129.0
1996-97,Girls,Vermont,Skiing Cross Country,24.0,207.0
1996-97,Girls,Virginia,Gymnastics,76.0,934.0
1996-97,Girls,Virginia,Golf,,1668.0
1996-97,Girls,Washington,Golf,220.0,
1996-97,Girls,Washington,Gymnastics,80.0,1487.0
1996-97,Girls,West Virginia,Golf,18.0,28.0
1996-97,Girls,Wisconsin,Golf,,925.0
1996-97,Girls,Wisconsin,Gymnastics,98.0,1471.0
1996-97,Girls,Alaska,Soccer,13.0,
1996-97,Girls,Alaska,Softball Fast Pitch,,426.0
1996-97,Girls,Alaska,Swimming and Diving,21.0,449.0
1996-97,Girls,Alaska,Softball Slow Pitch,235.0,4257.0
1996-97,Girls,Colorado,Soccer,134.0,4397.0
1996-97,Girls,Colorado,Softball Fast Pitch,119.0,3224.0
1996-97,Girls,Colorado,Swimming and Diving,111.0,3636.0
1996-97,Girls,Delaware,Soccer,35.0,916.0
1996-97,Girls,Delaware,Softball Fast Pitch,36.0,1096.0
1996-97,Girls,Delaware,Swimming and Diving,24.0,620.0
1996-97,Girls,District of Columbia,Soccer,,28.0
1996-97,Girls,District of Columbia,Softball Fast Pitch,14.0,169.0
1996-97,Girls,District of Columbia,Swimming and Diving,,58.0
1996-97,Girls,Florida,Softball Fast Pitch,456.0,
1996-97,Girls,Florida,Soccer,271.0,8383.0
1996-97,Girls,Florida,Swimming and Diving,301.0,5977.0
1996-97,Girls,Florida,Softball Slow Pitch,239.0,5887.0
1996-97,Girls,Illinois,Soccer,235.0,10544.0
1996-97,Girls,Illinois,Softball Fast Pitch,622.0,18042.0
1996-97,Girls,Illinois,Swimming and Diving,261.0,7656.0
1996-97,Girls,Kentucky,Soccer,126.0,3191.0
1996-97,Girls,Kentucky,Softball Fast Pitch,227.0,4859.0
1996-97,Girls,Kentucky,Softball Slow Pitch,28.0,531.0
1996-97,Girls,Kentucky,Swimming and Diving,90.0,1322.0
1996-97,Girls,Louisiana,Soccer,38.0,570.0
1996-97,Girls,Louisiana,Softball Fast Pitch,352.0,5280.0
1996-97,Girls,Louisiana,Swimming and Diving,36.0,360.0
1996-97,Girls,Maine,Soccer,118.0,3573.0
1996-97,Girls,Maine,Softball Fast Pitch,118.0,3048.0
1996-97,Girls,Maine,Swimming and Diving,46.0,826.0
1996-97,Girls,Massachusetts,Soccer,294.0,10515.0
1996-97,Girls,Massachusetts,Softball Fast Pitch,319.0,10114.0
1996-97,Girls,Massachusetts,Swimming and Diving,140.0,3338.0
1996-97,Girls,Minnesota,Soccer,127.0,4276.0
1996-97,Girls,Minnesota,Softball Fast Pitch,378.0,10801.0
1996-97,Girls,Minnesota,Swimming and Diving,175.0,5178.0
1996-97,Girls,Minnesota,Softball Slow Pitch,209.0,
1996-97,Girls,Missouri,Soccer,125.0,
1996-97,Girls,Missouri,Softball Fast Pitch,404.0,9531.0
1996-97,Girls,Missouri,Swimming and Diving,94.0,2658.0
1996-97,Girls,Nebraska,Soccer,47.0,
1996-97,Girls,Nebraska,Softball Fast Pitch,52.0,1285.0
1996-97,Girls,Nebraska,Swimming and Diving,42.0,968.0
1996-97,Girls,New Hampshire,Soccer,54.0,2220.0
1996-97,Girls,New Hampshire,Softball Fast Pitch,85.0,2246.0
1996-97,Girls,New Hampshire,Swimming and Diving,176.0,4009.0
1996-97,Girls,New Hampshire,Softball Slow Pitch,109.0,
1996-97,Girls,Oklahoma,Soccer,68.0,1356.0
1996-97,Girls,Oklahoma,Softball Fast Pitch,270.0,4482.0
1996-97,Girls,Oklahoma,Softball Slow Pitch,295.0,4884.0
1996-97,Girls,Oklahoma,Swimming and Diving,41.0,500.0
1996-97,Girls,Rhode Island,Soccer,,1207.0
1996-97,Girls,Rhode Island,Softball Fast Pitch,28.0,718.0
1996-97,Girls,Rhode Island,Softball Slow Pitch,20.0,
1996-97,Girls,Rhode Island,Swimming and Diving,,255.0
1996-97,Girls,South Carolina,Soccer,75.0,1997.0
1996-97,Girls,South Carolina,Softball Fast Pitch,190.0,4618.0
1996-97,Girls,South Carolina,Swimming and Diving,31.0,316.0
1996-97,Girls,Tennessee,Soccer,137.0,3404.0
1996-97,Girls,Tennessee,Softball Fast Pitch,314.0,5825.0
1996-97,Girls,Tennessee,Swimming and Diving,326.0,6207.0
1996-97,Girls,Tennessee,Softball Slow Pitch,,111.0
1996-97,Girls,West Virginia,Soccer,58.0,938.0
1996-97,Girls,West Virginia,Softball Fast Pitch,11.0,2244.0
1996-97,Girls,West Virginia,Swimming and Diving,27.0,372.0
1996-97,Girls,Alaska,Track and Field Indoor,77.0,1357.0
1996-97,Girls,Colorado,Track and Field Indoor,281.0,8484.0
1996-97,Girls,Connecticut,Tennis,102.0,2749.0
1996-97,Girls,Connecticut,Track and Field Indoor,129.0,3132.0
1996-97,Girls,Delaware,Tennis,27.0,575.0
1996-97,Girls,Delaware,Track and Field Indoor,,955.0
1996-97,Girls,Florida,Track and Field Indoor,476.0,8887.0
1996-97,Girls,Hawaii,Track and Field Indoor,55.0,1442.0
1996-97,Girls,Hawaii,Tennis,,1795.0
1996-97,Girls,Kentucky,Track and Field Indoor,84.0,1839.0
1996-97,Girls,Kentucky,Tennis,82.0,820.0
1996-97,Girls,Maine,Tennis,38.0,786.0
1996-97,Girls,Maine,Track and Field Indoor,27.0,443.0
1996-97,Girls,Massachusetts,Tennis,175.0,5328.0
1996-97,Girls,Massachusetts,Track and Field Indoor,172.0,4212.0
1996-97,Girls,Minnesota,Track and Field Indoor,426.0,14900.0
1996-97,Girls,Minnesota,Tennis,23.0,279.0
1996-97,Girls,Missouri,Track and Field Indoor,409.0,11416.0
1996-97,Girls,Nebraska,Track and Field Indoor,337.0,9480.0
1996-97,Girls,Nebraska,Tennis,36.0,
1996-97,Girls,New Mexico,Track and Field Indoor,129.0,2764.0
1996-97,Girls,New Mexico,Tennis,276.0,6834.0
1996-97,Girls,Pennsylvania,Track and Field Indoor,443.0,
1996-97,Girls,Pennsylvania,Tennis,134.0,2412.0
1996-97,Girls,Rhode Island,Tennis,29.0,967.0
1996-97,Girls,Rhode Island,Track and Field Indoor,40.0,914.0
1996-97,Girls,South Dakota,Track and Field Indoor,144.0,3825.0
1996-97,Girls,Tennessee,Track and Field Indoor,225.0,4050.0
1996-97,Girls,Vermont,Tennis,,145.0
1996-97,Girls,Vermont,Track and Field Indoor,,15.0
1996-97,Girls,Washington,Track and Field Indoor,357.0,16001.0
1996-97,Girls,West Virginia,Track and Field Indoor,125.0,2097.0
1996-97,Girls,Wisconsin,Track and Field Indoor,415.0,15952.0
1996-97,Girls,Wisconsin,Tennis,12.0,199.0
1997-98,Girls,Alabama,Basketball,389.0,5891.0
1997-98,Girls,Alabama,Cross Country,48.0,501.0
1997-98,Girls,Alaska,Basketball,105.0,1827.0
1997-98,Girls,Alaska,Competitive Spirit Squads,13.0,224.0
1997-98,Girls,Alaska,Cross Country,78.0,
1997-98,Girls,Arizona,Basketball,185.0,5560.0
1997-98,Girls,Arizona,Cross Country,133.0,1560.0
1997-98,Girls,Arkansas,Basketball,337.0,5330.0
1997-98,Girls,Arkansas,Cross Country,94.0,493.0
1997-98,Girls,California,Basketball,1098.0,30979.0
1997-98,Girls,California,Cross Country,839.0,14245.0
1997-98,Girls,California,Field Hockey,63.0,2111.0
1997-98,Girls,Colorado,Basketball,282.0,7401.0
1997-98,Girls,Colorado,Competitive Spirit Squads,126.0,2559.0
1997-98,Girls,Colorado,Cross Country,176.0,
1997-98,Girls,Colorado,Field Hockey,,214.0
1997-98,Girls,Connecticut,Basketball,169.0,4016.0
1997-98,Girls,Connecticut,Cross Country,149.0,2013.0
1997-98,Girls,Connecticut,Field Hockey,,2884.0
1997-98,Girls,Delaware,Basketball,41.0,1074.0
1997-98,Girls,Delaware,Cross Country,34.0,495.0
1997-98,Girls,Delaware,Field Hockey,39.0,1512.0
1997-98,Girls,District of Columbia,Basketball,,154.0
1997-98,Girls,District of Columbia,Competitive Spirit Squads,10.0,204.0
1997-98,Girls,District of Columbia,Cross Country,,72.0
1997-98,Girls,Florida,Basketball,447.0,10552.0
1997-98,Girls,Florida,Cross Country,365.0,4880.0
1997-98,Girls,Georgia,Basketball,340.0,8916.0
1997-98,Girls,Georgia,Competitive Spirit Squads,205.0,3535.0
1997-98,Girls,Georgia,Cross Country,264.0,
1997-98,Girls,Hawaii,Basketball,78.0,1645.0
1997-98,Girls,Hawaii,Competitive Spirit Squads,44.0,668.0
1997-98,Girls,Hawaii,Cross Country,58.0,750.0
1997-98,Girls,Illinois,Basketball,588.0,
1997-98,Girls,Illinois,Cross Country,394.0,5985.0
1997-98,Girls,Indiana,Basketball,380.0,12466.0
1997-98,Girls,Indiana,Cross Country,853.0,3232.0
1997-98,Girls,Indiana,Competitive Spirit Squads,44.0,879.0
1997-98,Girls,Kansas,Basketball,365.0,7004.0
1997-98,Girls,Kansas,Cross Country,242.0,2302.0
1997-98,Girls,Kentucky,Basketball,274.0,6055.0
1997-98,Girls,Kentucky,Competitive Spirit Squads,17.0,
1997-98,Girls,Kentucky,Cross Country,215.0,2360.0
1997-98,Girls,Kentucky,Field Hockey,15.0,621.0
1997-98,Girls,Louisiana,Basketball,376.0,
1997-98,Girls,Louisiana,Cross Country,204.0,1224.0
1997-98,Girls,Maine,Basketball,142.0,3696.0
1997-98,Girls,Maine,Competitive Spirit Squads,84.0,1379.0
1997-98,Girls,Maine,Cross Country,107.0,4017.0
1997-98,Girls,Maine,Field Hockey,62.0,
1997-98,Girls,Massachusetts,Basketball,320.0,9732.0
1997-98,Girls,Massachusetts,Cross Country,256.0,
1997-98,Girls,Massachusetts,Field Hockey,185.0,8287.0
1997-98,Girls,Massachusetts,Competitive Spirit Squads,144.0,2562.0
1997-98,Girls,Mississippi,Basketball,260.0,
1997-98,Girls,Mississippi,Competitive Spirit Squads,105.0,5425.0
1997-98,Girls,Mississippi,Cross Country,50.0,996.0
1997-98,Girls,Missouri,Basketball,532.0,2631.0
1997-98,Girls,Missouri,Competitive Spirit Squads,120.0,1400.0
1997-98,Girls,Missouri,Cross Country,270.0,3604.0
1997-98,Girls,Missouri,Field Hockey,21.0,854.0
1997-98,Girls,Montana,Basketball,180.0,4197.0
1997-98,Girls,Montana,Cross Country,64.0,
1997-98,Girls,Nebraska,Basketball,333.0,7219.0
1997-98,Girls,Nebraska,Cross Country,168.0,1359.0
1997-98,Girls,Nevada,Basketball,74.0,1970.0
1997-98,Girls,Nevada,Cross Country,54.0,480.0
1997-98,Girls,New Hampshire,Basketball,86.0,
1997-98,Girls,New Hampshire,Competitive Spirit Squads,118.0,720.0
1997-98,Girls,New Hampshire,Cross Country,67.0,137.0
1997-98,Girls,New Hampshire,Field Hockey,53.0,1959.0
1997-98,Girls,New Jersey,Basketball,395.0,10027.0
1997-98,Girls,New Jersey,Cross Country,352.0,4426.0
1997-98,Girls,New Jersey,Field Hockey,214.0,
1997-98,Girls,New Jersey,Competitive Spirit Squads,111.0,723.0
1997-98,Girls,New York,Cross Country,463.0,5401.0
1997-98,Girls,New York,Field Hockey,221.0,8235.0
1997-98,Girls,North Carolina,Basketball,325.0,7423.0
1997-98,Girls,North Carolina,Competitive Spirit Squads,55.0,1167.0
1997-98,Girls,North Carolina,Cross Country,248.0,3053.0
1997-98,Girls,North Carolina,Field Hockey,,400.0
1997-98,Girls,North Dakota,Basketball,161.0,3530.0
1997-98,Girls,North Dakota,Cross Country,36.0,325.0
1997-98,Girls,Ohio,Basketball,786.0,8448.0
1997-98,Girls,Ohio,Cross Country,487.0,6734.0
1997-98,Girls,Ohio,Field Hockey,30.0,955.0
1997-98,Girls,Oklahoma,Basketball,47.0,9805.0
1997-98,Girls,Oklahoma,Competitive Spirit Squads,182.0,2688.0
1997-98,Girls,Oklahoma,Cross Country,49.0,
1997-98,Girls,Oregon,Basketball,267.0,6789.0
1997-98,Girls,Oregon,Cross Country,73.0,2071.0
1997-98,Girls,Pennsylvania,Basketball,634.0,9020.0
1997-98,Girls,Pennsylvania,Cross Country,457.0,4570.0
1997-98,Girls,Pennsylvania,Field Hockey,252.0,8820.0
1997-98,Girls,Rhode Island,Basketball,44.0,90.0
1997-98,Girls,Rhode Island,Cross Country,38.0,628.0
1997-98,Girls,Rhode Island,Field Hockey,20.0,
1997-98,Girls,South Carolina,Basketball,199.0,5318.0
1997-98,Girls,South Carolina,Competitive Spirit Squads,82.0,1786.0
1997-98,Girls,South Carolina,Cross Country,19.0,1480.0
1997-98,Girls,South Carolina,Field Hockey,,41.0
1997-98,Girls,South Dakota,Basketball,189.0,380.0
1997-98,Girls,South Dakota,Competitive Spirit Squads,24.0,220.0
1997-98,Girls,South Dakota,Cross Country,104.0,
1997-98,Girls,Tennessee,Basketball,334.0,6262.0
1997-98,Girls,Tennessee,Competitive Spirit Squads,74.0,
1997-98,Girls,Tennessee,Cross Country,222.0,2442.0
1997-98,Girls,Utah,Basketball,114.0,3001.0
1997-98,Girls,Utah,Competitive Spirit Squads,93.0,1734.0
1997-98,Girls,Utah,Cross Country,95.0,1274.0
1997-98,Girls,Vermont,Basketball,41.0,1216.0
1997-98,Girls,Vermont,Competitive Spirit Squads,13.0,178.0
1997-98,Girls,Vermont,Cross Country,28.0,252.0
1997-98,Girls,Vermont,Field Hockey,21.0,824.0
1997-98,Girls,Virginia,Basketball,215.0,529.0
1997-98,Girls,Virginia,Cross Country,187.0,2128.0
1997-98,Girls,Virginia,Field Hockey,,2483.0
1997-98,Girls,Washington,Basketball,374.0,314.0
1997-98,Girls,Washington,Cross Country,274.0,3452.0
1997-98,Girls,West Virginia,Basketball,139.0,2824.0
1997-98,Girls,West Virginia,Competitive Spirit Squads,132.0,2625.0
1997-98,Girls,West Virginia,Cross Country,65.0,556.0
1997-98,Girls,Wisconsin,Basketball,416.0,12338.0
1997-98,Girls,Wisconsin,Cross Country,332.0,4075.0
1997-98,Girls,Wyoming,Basketball,71.0,1734.0
1997-98,Girls,Wyoming,Competitive Spirit Squads,37.0,
1997-98,Girls,Wyoming,Cross Country,30.0,330.0
1997-98,Girls,Alabama,Golf,78.0,1951.0
1997-98,Girls,Alabama,Gymnastics,235.0,
1997-98,Girls,Alabama,Skiing Cross Country,34.0,294.0
1997-98,Girls,Alaska,Golf,26.0,804.0
1997-98,Girls,Alaska,Skiing Cross Country,26.0,494.0
1997-98,Girls,Arizona,Golf,109.0,2698.0
1997-98,Girls,Arizona,Skiing Cross Country,70.0,1978.0
1997-98,Girls,Arkansas,Gymnastics,265.0,3836.0
1997-98,Girls,Arkansas,Skiing Cross Country,26.0,
1997-98,Girls,California,Golf,925.0,30222.0
1997-98,Girls,California,Skiing Cross Country,692.0,25157.0
1997-98,Girls,Colorado,Golf,136.0,4463.0
1997-98,Girls,Colorado,Skiing Cross Country,109.0,3603.0
1997-98,Girls,Connecticut,Golf,142.0,4542.0
1997-98,Girls,Connecticut,Skiing Cross Country,78.0,2155.0
1997-98,Girls,Delaware,Golf,33.0,1073.0
1997-98,Girls,Delaware,Skiing Cross Country,25.0,
1997-98,Girls,District of Columbia,Golf,,45.0
1997-98,Girls,District of Columbia,Skiing Cross Country,,45.0
1997-98,Girls,Florida,Golf,340.0,10543.0
1997-98,Girls,Florida,Gymnastics,,137.0
1997-98,Girls,Florida,Skiing Cross Country,300.0,6931.0
1997-98,Girls,Georgia,Golf,210.0,5472.0
1997-98,Girls,Georgia,Gymnastics,239.0,5887.0
1997-98,Girls,Georgia,Skiing Cross Country,112.0,2413.0
1997-98,Girls,Hawaii,Golf,54.0,2614.0
1997-98,Girls,Hawaii,Skiing Cross Country,52.0,699.0
1997-98,Girls,Hawaii,Gymnastics,12.0,227.0
1997-98,Girls,Kansas,Golf,,1690.0
1997-98,Girls,Kansas,Skiing Cross Country,47.0,1149.0
1997-98,Girls,Kentucky,Golf,109.0,2760.0
1997-98,Girls,Kentucky,Gymnastics,29.0,549.0
1997-98,Girls,Kentucky,Skiing Cross Country,106.0,
1997-98,Girls,Louisiana,Golf,38.0,570.0
1997-98,Girls,Louisiana,Skiing Cross Country,36.0,360.0
1997-98,Girls,Mississippi,Golf,50.0,1270.0
1997-98,Girls,Mississippi,Gymnastics,212.0,4300.0
1997-98,Girls,Mississippi,Skiing Cross Country,42.0,491.0
1997-98,Girls,New Hampshire,Golf,58.0,2218.0
1997-98,Girls,New Hampshire,Skiing Cross Country,185.0,4513.0
1997-98,Girls,North Carolina,Golf,196.0,804.0
1997-98,Girls,North Carolina,Gymnastics,42.0,738.0
1997-98,Girls,North Carolina,Skiing Cross Country,137.0,2532.0
1997-98,Girls,North Dakota,Golf,13.0,619.0
1997-98,Girls,North Dakota,Skiing Cross Country,12.0,
1997-98,Girls,Ohio,Golf,320.0,9608.0
1997-98,Girls,Ohio,Gymnastics,57.0,1641.0
1997-98,Girls,Ohio,Skiing Cross Country,327.0,5329.0
1997-98,Girls,Oklahoma,Golf,82.0,5853.0
1997-98,Girls,Oklahoma,Gymnastics,314.0,6860.0
1997-98,Girls,Oklahoma,Skiing Cross Country,44.0,520.0
1997-98,Girls,Oregon,Golf,134.0,
1997-98,Girls,Oregon,Skiing Cross Country,,2253.0
1997-98,Girls,Pennsylvania,Golf,360.0,12600.0
1997-98,Girls,Pennsylvania,Skiing Cross Country,285.0,
1997-98,Girls,Rhode Island,Golf,45.0,1337.0
1997-98,Girls,Rhode Island,Gymnastics,19.0,
1997-98,Girls,Rhode Island,Skiing Cross Country,,294.0
1997-98,Girls,South Carolina,Golf,85.0,2335.0
1997-98,Girls,South Carolina,Skiing Cross Country,30.0,313.0
1997-98,Girls,Tennessee,Golf,152.0,3648.0
1997-98,Girls,Tennessee,Skiing Cross Country,330.0,
1997-98,Girls,Utah,Golf,,2332.0
1997-98,Girls,Utah,Skiing Cross Country,67.0,1451.0
1997-98,Girls,Vermont,Golf,43.0,4501.0
1997-98,Girls,Virginia,Golf,174.0,4274.0
1997-98,Girls,Virginia,Skiing Cross Country,84.0,2129.0
1997-98,Girls,Washington,Golf,237.0,7392.0
1997-98,Girls,Washington,Gymnastics,104.0,1895.0
1997-98,Girls,Washington,Skiing Cross Country,150.0,4092.0
1997-98,Girls,West Virginia,Golf,47.0,1149.0
1997-98,Girls,West Virginia,Skiing Cross Country,29.0,435.0
1997-98,Girls,Wisconsin,Golf,136.0,
1997-98,Girls,Wisconsin,Skiing Cross Country,126.0,3687.0
1997-98,Girls,Alabama,Soccer,148.0,1509.0
1997-98,Girls,Alabama,Softball Fast Pitch,216.0,3264.0
1997-98,Girls,Alaska,Soccer,,59.0
1997-98,Girls,Alaska,Softball Fast Pitch,44.0,
1997-98,Girls,Arizona,Soccer,116.0,1804.0
1997-98,Girls,Arizona,Softball Fast Pitch,169.0,4594.0
1997-98,Girls,Arkansas,Soccer,422.0,968.0
1997-98,Girls,Arkansas,Softball Fast Pitch,265.0,3858.0
1997-98,Girls,California,Soccer,833.0,17383.0
1997-98,Girls,California,Softball Fast Pitch,883.0,29682.0
1997-98,Girls,Colorado,Soccer,121.0,2916.0
1997-98,Girls,Colorado,Softball Fast Pitch,271.0,
1997-98,Girls,Connecticut,Soccer,113.0,2155.0
1997-98,Girls,Connecticut,Softball Fast Pitch,150.0,
1997-98,Girls,Delaware,Soccer,30.0,423.0
1997-98,Girls,Delaware,Softball Fast Pitch,33.0,837.0
1997-98,Girls,District of Columbia,Soccer,12.0,48.0
1997-98,Girls,District of Columbia,Softball Fast Pitch,,165.0
1997-98,Girls,Georgia,Soccer,319.0,4142.0
1997-98,Girls,Georgia,Softball Fast Pitch,318.0,
1997-98,Girls,Hawaii,Softball Fast Pitch,54.0,1250.0
1997-98,Girls,Hawaii,Soccer,55.0,879.0
1997-98,Girls,Indiana,Soccer,303.0,5455.0
1997-98,Girls,Indiana,Softball Fast Pitch,363.0,9684.0
1997-98,Girls,Kansas,Soccer,126.0,2250.0
1997-98,Girls,Kansas,Softball Fast Pitch,365.0,6405.0
1997-98,Girls,Maryland,Soccer,159.0,
1997-98,Girls,Maryland,Softball Fast Pitch,162.0,
1997-98,Girls,Massachusetts,Soccer,224.0,3701.0
1997-98,Girls,Massachusetts,Softball Fast Pitch,270.0,9778.0
1997-98,Girls,Michigan,Soccer,339.0,7937.0
1997-98,Girls,Michigan,Softball Fast Pitch,648.0,18303.0
1997-98,Girls,Minnesota,Soccer,217.0,4867.0
1997-98,Girls,Minnesota,Softball Fast Pitch,414.0,12068.0
1997-98,Girls,Mississippi,Soccer,142.0,1058.0
1997-98,Girls,Mississippi,Softball Fast Pitch,236.0,3821.0
1997-98,Girls,Missouri,Soccer,158.0,
1997-98,Girls,Missouri,Softball Fast Pitch,435.0,10932.0
1997-98,Girls,Montana,Soccer,53.0,843.0
1997-98,Girls,Montana,Softball Fast Pitch,176.0,
1997-98,Girls,Nebraska,Soccer,58.0,1138.0
1997-98,Girls,Nebraska,Softball Fast Pitch,333.0,6747.0
1997-98,Girls,Nevada,Soccer,33.0,450.0
1997-98,Girls,Nevada,Softball Fast Pitch,67.0,1700.0
1997-98,Girls,New Hampshire,Soccer,46.0,692.0
1997-98,Girls,New Hampshire,Softball Fast Pitch,67.0,1768.0
1997-98,Girls,New Jersey,Soccer,338.0,
1997-98,Girls,New Jersey,Softball Fast Pitch,349.0,12351.0
1997-98,Girls,New Mexico,Soccer,70.0,409.0
1997-98,Girls,New Mexico,Softball Fast Pitch,136.0,
1997-98,Girls,New York,Soccer,437.0,7947.0
1997-98,Girls,New York,Softball Fast Pitch,573.0,16419.0
1997-98,Girls,North Carolina,Soccer,259.0,8212.0
1997-98,Girls,North Carolina,Softball Fast Pitch,285.0,7359.0
1997-98,Girls,North Dakota,Soccer,18.0,367.0
1997-98,Girls,North Dakota,Softball Fast Pitch,144.0,2001.0
1997-98,Girls,Ohio,Soccer,360.0,
1997-98,Girls,Ohio,Softball Fast Pitch,732.0,19759.0
1997-98,Girls,Oklahoma,Soccer,109.0,1008.0
1997-98,Girls,Oklahoma,Softball Fast Pitch,394.0,
1997-98,Girls,Oregon,Soccer,119.0,2227.0
1997-98,Girls,Oregon,Softball Fast Pitch,234.0,6107.0
1997-98,Girls,Pennsylvania,Soccer,364.0,3640.0
1997-98,Girls,Pennsylvania,Softball Fast Pitch,504.0,16128.0
1997-98,Girls,Rhode Island,Soccer,42.0,850.0
1997-98,Girls,Rhode Island,Softball Fast Pitch,37.0,1173.0
1997-98,Girls,South Carolina,Soccer,119.0,
1997-98,Girls,South Carolina,Softball Fast Pitch,183.0,
1997-98,Girls,South Dakota,Soccer,22.0,352.0
1997-98,Girls,South Dakota,Softball Fast Pitch,181.0,3069.0
1997-98,Girls,Utah,Soccer,76.0,1075.0
1997-98,Girls,Utah,Softball Fast Pitch,106.0,3218.0
1997-98,Girls,Vermont,Soccer,,283.0
1997-98,Girls,Vermont,Softball Fast Pitch,30.0,772.0
1997-98,Girls,Washington,Soccer,237.0,5499.0
1997-98,Girls,Washington,Softball Fast Pitch,229.0,8398.0
1997-98,Girls,West Virginia,Soccer,77.0,
1997-98,Girls,West Virginia,Softball Fast Pitch,100.0,
1997-98,Girls,Wisconsin,Soccer,165.0,4602.0
1997-98,Girls,Wisconsin,Softball Fast Pitch,377.0,10617.0
1997-98,Girls,Wyoming,Soccer,14.0,248.0
1997-98,Girls,Wyoming,Softball Fast Pitch,69.0,1384.0
1998-99,Girls,Alabama,Basketball,389.0,5891.0
1998-99,Girls,Alaska,Basketball,94.0,1471.0
1998-99,Girls,Alaska,Competitive Spirit Squads,21.0,324.0
1998-99,Girls,Arizona,Competitive Spirit Squads,22.0,407.0
1998-99,Girls,Arkansas,Basketball,299.0,5408.0
1998-99,Girls,Arkansas,Cross Country,63.0,2114.0
1998-99,Girls,California,Basketball,1098.0,30979.0
1998-99,Girls,California,Competitive Spirit Squads,438.0,
1998-99,Girls,California,Cross Country,10.0,401.0
1998-99,Girls,Colorado,Basketball,29.0,7233.0
1998-99,Girls,Colorado,Competitive Spirit Squads,,2488.0
1998-99,Girls,Colorado,Cross Country,71.0,2875.0
1998-99,Girls,Connecticut,Cross Country,39.0,
1998-99,Girls,Connecticut,Basketball,,966.0
1998-99,Girls,Delaware,Competitive Spirit Squads,,132.0
1998-99,Girls,District of Columbia,Basketball,43.0,200.0
1998-99,Girls,Florida,Basketball,420.0,9708.0
1998-99,Girls,Georgia,Basketball,343.0,8855.0
1998-99,Girls,Georgia,Competitive Spirit Squads,219.0,4051.0
1998-99,Girls,Hawaii,Basketball,173.0,4094.0
1998-99,Girls,Illinois,Basketball,,42510.0
1998-99,Girls,Indiana,Basketball,38.0,
1998-99,Girls,Indiana,Competitive Spirit Squads,,883.0
1998-99,Girls,Louisiana,Basketball,376.0,9400.0
1998-99,Girls,Louisiana,Competitive Spirit Squads,,1253.0
1998-99,Girls,Louisiana,Cross Country,79.0,2947.0
1998-99,Girls,Maryland,Basketball,176.0,4518.0
1998-99,Girls,Maryland,Cross Country,190.0,8447.0
1998-99,Girls,Massachusetts,Basketball,319.0,9830.0
1998-99,Girls,Massachusetts,Competitive Spirit Squads,265.0,2059.0
1998-99,Girls,Michigan,Basketball,442.0,12673.0
1998-99,Girls,Minnesota,Basketball,,5612.0
1998-99,Girls,Minnesota,Competitive Spirit Squads,130.0,2500.0
1998-99,Girls,Mississippi,Basketball,260.0,
1998-99,Girls,Mississippi,Competitive Spirit Squads,24.0,4400.0
1998-99,Girls,Mississippi,Cross Country,21.0,858.0
1998-99,Girls,Montana,Basketball,329.0,7462.0
1998-99,Girls,Nebraska,Basketball,,2225.0
1998-99,Girls,Nebraska,Cross Country,,1944.0
1998-99,Girls,Nebraska,Competitive Spirit Squads,14.0,1454.0
1998-99,Girls,New Hampshire,Basketball,86.0,
1998-99,Girls,New Hampshire,Cross Country,,9409.0
1998-99,Girls,New Hampshire,Competitive Spirit Squads,111.0,865.0
1998-99,Girls,North Carolina,Basketball,460.0,3466.0
1998-99,Girls,North Dakota,Cross Country,,1148.0
1998-99,Girls,North Dakota,Basketball,781.0,18424.0
1998-99,Girls,Ohio,Basketball,,9790.0
1998-99,Girls,Ohio,Competitive Spirit Squads,184.0,3009.0
1998-99,Girls,Oklahoma,Competitive Spirit Squads,254.0,4790.0
1998-99,Girls,Oklahoma,Basketball,260.0,6516.0
1998-99,Girls,Oregon,Cross Country,255.0,8925.0
1998-99,Girls,Oregon,Basketball,633.0,18990.0
1998-99,Girls,Pennsylvania,Cross Country,20.0,651.0
1998-99,Girls,Pennsylvania,Basketball,44.0,956.0
1998-99,Girls,Rhode Island,Basketball,,5289.0
1998-99,Girls,Rhode Island,Competitive Spirit Squads,85.0,4929.0
1998-99,Girls,South Carolina,Basketball,196.0,
1998-99,Girls,South Carolina,Competitive Spirit Squads,23.0,256.0
1998-99,Girls,South Dakota,Basketball,176.0,3478.0
1998-99,Girls,South Dakota,Competitive Spirit Squads,,910.0
1998-99,Girls,Tennessee,Basketball,1473.0,70407.0
1998-99,Girls,Tennessee,Competitive Spirit Squads,4175.0,23110.0
1998-99,Girls,Texas,Basketball,,3086.0
1998-99,Girls,Texas,Competitive Spirit Squads,89.0,4748.0
1998-99,Girls,Texas,Cross Country,,1100.0
1998-99,Girls,Vermont,Cross Country,,3046.0
1998-99,Girls,Vermont,Competitive Spirit Squads,259.0,7390.0
1998-99,Girls,Vermont,Basketball,263.0,6385.0
1998-99,Girls,Virginia,Basketball,377.0,10671.0
1998-99,Girls,Washington,Basketball,,2335.0
1998-99,Girls,Washington,Competitive Spirit Squads,129.0,2476.0
1998-99,Girls,West Virginia,Basketball,133.0,
1998-99,Girls,Wisconsin,Basketball,,42462.0
1998-99,Girls,Wyoming,Basketball,,4651.0
1998-99,Girls,Wyoming,Competitive Spirit Squads,,64.0
1998-99,Girls,Alabama,Gymnastics,20.0,391.0
1998-99,Girls,Alaska,Golf,,550.0
1998-99,Girls,Arizona,Golf,,338.0
1998-99,Girls,Arkansas,Skiing Cross Country,16.0,168.0
1998-99,Girls,Arkansas,Gymnastics,,75.0
1998-99,Girls,California,Golf,366.0,4447.0
1998-99,Girls,California,Skiing Cross Country,42.0,98.0
1998-99,Girls,California,Gymnastics,12.0,89.0
1998-99,Girls,Connecticut,Golf,,90.0
1998-99,Girls,Delaware,Golf,10.0,
1998-99,Girls,Delaware,Skiing Cross Country,,131.0
1998-99,Girls,Florida,Golf,188.0,692.0
1998-99,Girls,Georgia,Golf,,119.0
1998-99,Girls,Hawaii,Golf,38.0,
1998-99,Girls,Hawaii,Gymnastics,,58.0
1998-99,Girls,Indiana,Golf,351.0,4102.0
1998-99,Girls,Arkansas,Golf,,1340.0
1998-99,Girls,Louisiana,Gymnastics,,379.0
1998-99,Girls,Louisiana,Skiing Cross Country,,379.0
1998-99,Girls,Louisiana,Golf,,84.0
1998-99,Girls,Maine,Golf,46.0,
1998-99,Girls,Maryland,Golf,67.0,96.0
1998-99,Girls,Maryland,Gymnastics,19.0,297.0
1998-99,Girls,Maryland,Skiing Cross Country,60.0,802.0
1998-99,Girls,Massachusetts,Golf,82.0,319.0
1998-99,Girls,Massachusetts,Skiing Cross Country,83.0,873.0
1998-99,Girls,Michigan,Golf,257.0,
1998-99,Girls,Michigan,Gymnastics,,1976.0
1998-99,Girls,Michigan,Skiing Cross Country,76.0,714.0
1998-99,Girls,Mississippi,Golf,42.0,72.0
1998-99,Girls,Montana,Golf,108.0,4427.0
1998-99,Girls,Nebraska,Skiing Cross Country,14.0,275.0
1998-99,Girls,Nebraska,Golf,48.0,335.0
1998-99,Girls,Nevada,Gymnastics,,291.0
1998-99,Girls,Nevada,Skiing Cross Country,49.0,384.0
1998-99,Girls,Nevada,Golf,34.0,69.0
1998-99,Girls,New Hampshire,Skiing Cross Country,,118.0
1998-99,Girls,New Hampshire,Golf,,329.0
1998-99,Girls,New Jersey,Golf,,346.0
1998-99,Girls,New Mexico,Golf,63.0,
1998-99,Girls,New Mexico,Gymnastics,93.0,4145.0
1998-99,Girls,New York,Golf,99.0,375.0
1998-99,Girls,North Carolina,Golf,87.0,598.0
1998-99,Girls,North Dakota,Skiing Cross Country,,117.0
1998-99,Girls,North Dakota,Golf,,1202.0
1998-99,Girls,Oklahoma,Golf,163.0,799.0
1998-99,Girls,Pennsylvania,Golf,244.0,2440.0
1998-99,Girls,Rhode Island,Golf,30.0,204.0
1998-99,Girls,South Carolina,Golf,,813.0
1998-99,Girls,South Dakota,Golf,97.0,
1998-99,Girls,Tennessee,Golf,1065.0,8986.0
1998-99,Girls,Texas,Golf,22.0,
1998-99,Girls,Utah,Gymnastics,,262.0
1998-99,Girls,Utah,Skiing Cross Country,30.0,296.0
1998-99,Girls,Utah,Golf,,147.0
1998-99,Girls,Washington,Golf,240.0,2096.0
1998-99,Girls,Virginia,Golf,105.0,1245.0
1998-99,Girls,Wyoming,Golf,0.0,
1998-99,Girls,Alabama,Swimming and Diving,,393.0
1998-99,Girls,Alabama,Soccer,20.0,588.0
1998-99,Girls,Alabama,Softball Fast Pitch,11.0,348.0
1998-99,Girls,Alaska,Swimming and Diving,,2054.0
1998-99,Girls,Alaska,Softball Fast Pitch,79.0,5172.0
1998-99,Girls,Arizona,Soccer,92.0,2828.0
1998-99,Girls,Arizona,Softball Slow Pitch,,3706.0
1998-99,Girls,Arizona,Swimming and Diving,,180.0
1998-99,Girls,Arizona,Softball Fast Pitch,53.0,4204.0
1998-99,Girls,Arkansas,Swimming and Diving,692.0,25157.0
1998-99,Girls,California,Soccer,925.0,30222.0
1998-99,Girls,California,Softball Fast Pitch,4020.0,28979.0
1998-99,Girls,California,Swimming and Diving,109.0,3699.0
1998-99,Girls,Colorado,Soccer,147.0,4625.0
1998-99,Girls,Colorado,Swimming and Diving,77.0,2145.0
1998-99,Girls,Colorado,Softball Fast Pitch,445.0,4525.0
1998-99,Girls,Connecticut,Soccer,143.0,4552.0
1998-99,Girls,Connecticut,Swimming and Diving,28.0,646.0
1998-99,Girls,Connecticut,Softball Fast Pitch,,1097.0
1998-99,Girls,Delaware,Soccer,32.0,4126.0
1998-99,Girls,Delaware,Softball Fast Pitch,37.0,
1998-99,Girls,Delaware,Swimming and Diving,,34.0
1998-99,Girls,District of Columbia,Softball Slow Pitch,24.0,480.0
1998-99,Girls,District of Columbia,Swimming and Diving,282.0,6453.0
1998-99,Girls,District of Columbia,Soccer,,10130.0
1998-99,Girls,District of Columbia,Softball Fast Pitch,396.0,9697.0
1998-99,Girls,Florida,Soccer,334.0,
1998-99,Girls,Florida,Softball Slow Pitch,,3990.0
1998-99,Girls,Florida,Swimming and Diving,134.0,2509.0
1998-99,Girls,Florida,Softball Fast Pitch,78.0,4425.0
1998-99,Girls,Georgia,Soccer,234.0,
1998-99,Girls,Georgia,Swimming and Diving,55.0,691.0
1998-99,Girls,Georgia,Softball Fast Pitch,50.0,914.0
1998-99,Girls,Hawaii,Soccer,57.0,
1998-99,Girls,Hawaii,Softball Fast Pitch,82.0,2069.0
1998-99,Girls,Hawaii,Softball Slow Pitch,12.0,189.0
1998-99,Girls,Idaho,Softball Fast Pitch,,15891.0
1998-99,Girls,Idaho,Swimming and Diving,221.0,5746.0
1998-99,Girls,Idaho,Soccer,247.0,10911.0
1998-99,Girls,Illinois,Softball Fast Pitch,,9824.0
1998-99,Girls,Illinois,Swimming and Diving,210.0,4500.0
1998-99,Girls,Illinois,Soccer,70.0,5194.0
1998-99,Girls,Indiana,Swimming and Diving,57.0,1695.0
1998-99,Girls,Indiana,Soccer,,2197.0
1998-99,Girls,Indiana,Softball Fast Pitch,391.0,40214.0
1998-99,Girls,Kansas,Swimming and Diving,,1909.0
1998-99,Girls,Kansas,Softball Fast Pitch,254.0,5436.0
1998-99,Girls,Kansas,Softball Slow Pitch,26.0,542.0
1998-99,Girls,Kentucky,Soccer,123.0,3115.0
1998-99,Girls,Kentucky,Softball Fast Pitch,,5280.0
1998-99,Girls,Kentucky,Swimming and Diving,36.0,360.0
1998-99,Girls,Louisiana,Swimming and Diving,,4020.0
1998-99,Girls,Louisiana,Soccer,426.0,3888.0
1998-99,Girls,Louisiana,Softball Fast Pitch,126.0,3199.0
1998-99,Girls,Maryland,Swimming and Diving,143.0,3672.0
1998-99,Girls,Maryland,Soccer,,10810.0
1998-99,Girls,Maryland,Softball Fast Pitch,281.0,9303.0
1998-99,Girls,Maryland,Softball Slow Pitch,24.0,604.0
1998-99,Girls,Massachusetts,Soccer,295.0,
1998-99,Girls,Massachusetts,Swimming and Diving,223.0,5893.0
1998-99,Girls,Massachusetts,Softball Fast Pitch,631.0,16514.0
1998-99,Girls,Michigan,Soccer,314.0,10756.0
1998-99,Girls,Michigan,Swimming and Diving,177.0,5621.0
1998-99,Girls,Michigan,Softball Fast Pitch,,11382.0
1998-99,Girls,Minnesota,Swimming and Diving,42.0,700.0
1998-99,Girls,Minnesota,Softball Fast Pitch,,2565.0
1998-99,Girls,Minnesota,Softball Slow Pitch,209.0,4225.0
1998-99,Girls,Mississippi,Soccer,59.0,4425.0
1998-99,Girls,Mississippi,Softball Fast Pitch,92.0,
1998-99,Girls,Mississippi,Swimming and Diving,,2805.0
1998-99,Girls,Missouri,Soccer,,5308.0
1998-99,Girls,Missouri,Softball Fast Pitch,432.0,9436.0
1998-99,Girls,Missouri,Swimming and Diving,,364.0
1998-99,Girls,Montana,Swimming and Diving,44.0,908.0
1998-99,Girls,Montana,Softball Fast Pitch,66.0,1665.0
1998-99,Girls,Montana,Soccer,54.0,1732.0
1998-99,Girls,Nevada,Soccer,42.0,1180.0
1998-99,Girls,Nevada,Softball Fast Pitch,,2444.0
1998-99,Girls,New Hampshire,Soccer,60.0,2385.0
1998-99,Girls,New Hampshire,Softball Fast Pitch,85.0,
1998-99,Girls,New Hampshire,Swimming and Diving,191.0,4688.0
1998-99,Girls,New Jersey,Swimming and Diving,,590.0
1998-99,Girls,New Jersey,Soccer,,4501.0
1998-99,Girls,New Jersey,Softball Fast Pitch,72.0,1338.0
1998-99,Girls,New Mexico,Soccer,52.0,
1998-99,Girls,New Mexico,Swimming and Diving,276.0,7204.0
1998-99,Girls,New Mexico,Softball Fast Pitch,700.0,18532.0
1998-99,Girls,North Dakota,Swimming and Diving,321.0,5634.0
1998-99,Girls,North Dakota,Softball Fast Pitch,,17965.0
1998-99,Girls,North Dakota,Softball Slow Pitch,34.0,901.0
1998-99,Girls,North Dakota,Soccer,341.0,10142.0
1998-99,Girls,Ohio,Swimming and Diving,44.0,520.0
1998-99,Girls,Ohio,Softball Fast Pitch,,6840.0
1998-99,Girls,Ohio,Softball Slow Pitch,315.0,6878.0
1998-99,Girls,Ohio,Soccer,,1565.0
1998-99,Girls,Oklahoma,Soccer,83.0,
1998-99,Girls,Oklahoma,Swimming and Diving,,2390.0
1998-99,Girls,Oklahoma,Softball Fast Pitch,,5133.0
1998-99,Girls,Oregon,Soccer,135.0,
1998-99,Girls,Oregon,Swimming and Diving,,4932.0
1998-99,Girls,Oregon,Softball Fast Pitch,601.0,19232.0
1998-99,Girls,Pennsylvania,Soccer,378.0,43230.0
1998-99,Girls,Pennsylvania,Softball Slow Pitch,16.0,301.0
1998-99,Girls,Pennsylvania,Swimming and Diving,,361.0
1998-99,Girls,Pennsylvania,Softball Fast Pitch,32.0,836.0
1998-99,Girls,South Dakota,Softball Fast Pitch,,5975.0
1998-99,Girls,South Dakota,Soccer,,4032.0
1998-99,Girls,Tennessee,Swimming and Diving,,6386.0
1998-99,Girls,Tennessee,Soccer,,16260.0
1998-99,Girls,Tennessee,Softball Fast Pitch,815.0,27006.0
1998-99,Girls,Texas,Swimming and Diving,,1352.0
1998-99,Girls,Texas,Softball Fast Pitch,,2153.0
1998-99,Girls,Texas,Soccer,,2353.0
1998-99,Girls,Utah,Softball Fast Pitch,,4355.0
1998-99,Girls,Utah,Soccer,,2035.0
1998-99,Girls,Vermont,Swimming and Diving,108.0,2725.0
1998-99,Girls,Vermont,Softball Fast Pitch,,6313.0
1998-99,Girls,Vermont,Soccer,,4884.0
1998-99,Girls,Virginia,Soccer,200.0,
1998-99,Girls,Virginia,Swimming and Diving,,4081.0
1998-99,Girls,Virginia,Softball Fast Pitch,,7681.0
1998-99,Girls,Virginia,Softball Slow Pitch,,4818.0
1998-99,Girls,Washington,Soccer,250.0,
1998-99,Girls,Washington,Softball Fast Pitch,114.0,2452.0
1998-99,Girls,Wyoming,Soccer,0.0,
1998-99,Girls,Wyoming,Softball Fast Pitch,,66.0
1998-99,Girls,Alabama,Tennis,,63.0
1998-99,Girls,Alabama,Track and Field Outdoor,36.0,694.0
1998-99,Girls,Alabama,Volleyball,79.0,1445.0
1998-99,Girls,Alaska,Track and Field Outdoor,168.0,
1998-99,Girls,Alaska,Volleyball,,6284.0
1998-99,Girls,Arizona,Tennis,118.0,1822.0
1998-99,Girls,Arizona,Track and Field Outdoor,,5147.0
1998-99,Girls,Arizona,Volleyball,19.0,
1998-99,Girls,Arkansas,Tennis,76.0,762.0
1998-99,Girls,Arkansas,Track and Field Indoor,37.0,545.0
1998-99,Girls,Arkansas,Track and Field Outdoor,,3349.0
1998-99,Girls,Arkansas,Volleyball,65.0,1465.0
1998-99,Girls,California,Tennis,833.0,17383.0
1998-99,Girls,California,Track and Field Outdoor,883.0,29682.0
1998-99,Girls,California,Volleyball,1092.0,30879.0
1998-99,Girls,Connecticut,Tennis,,2140.0
1998-99,Girls,Connecticut,Track and Field Indoor,100.0,
1998-99,Girls,Connecticut,Track and Field Outdoor,151.0,5056.0
1998-99,Girls,Connecticut,Volleyball,13.0,3154.0
1998-99,Girls,Delaware,Tennis,31.0,451.0
1998-99,Girls,Delaware,Track and Field Indoor,29.0,530.0
1998-99,Girls,Delaware,Volleyball,32.0,935.0
1998-99,Girls,Delaware,Track and Field Outdoor,,161.0
1998-99,Girls,District of Columbia,Tennis,12.0,49.0
1998-99,Girls,District of Columbia,Track and Field Indoor,11.0,139.0
1998-99,Girls,District of Columbia,Volleyball,15.0,160.0
1998-99,Girls,District of Columbia,Track and Field Outdoor,356.0,9752.0
1998-99,Girls,Georgia,Tennis,326.0,3937.0
1998-99,Girls,Georgia,Track and Field Outdoor,329.0,7799.0
1998-99,Girls,Georgia,Volleyball,13.0,2175.0
1998-99,Girls,Hawaii,Tennis,54.0,823.0
1998-99,Girls,Hawaii,Volleyball,,1624.0
1998-99,Girls,Hawaii,Track and Field Outdoor,,2958.0
1998-99,Girls,Idaho,Tennis,47.0,957.0
1998-99,Girls,Idaho,Track and Field Outdoor,156.0,
1998-99,Girls,Idaho,Volleyball,,4419.0
1998-99,Girls,Illinois,Tennis,279.0,10990.0
1998-99,Girls,Illinois,Track and Field Outdoor,517.0,15106.0
1998-99,Girls,Illinois,Volleyball,626.0,20229.0
1998-99,Girls,Indiana,Tennis,118.0,2927.0
1998-99,Girls,Indiana,Track and Field Indoor,71.0,1840.0
1998-99,Girls,Indiana,Track and Field Outdoor,375.0,9064.0
1998-99,Girls,Indiana,Volleyball,399.0,14254.0
1998-99,Girls,Iowa,Track and Field Outdoor,366.0,6940.0
1998-99,Girls,Iowa,Volleyball,364.0,10268.0
1998-99,Girls,Kansas,Tennis,131.0,2322.0
1998-99,Girls,Kansas,Track and Field Outdoor,243.0,4615.0
1998-99,Girls,Kansas,Volleyball,114.0,
1998-99,Girls,Louisiana,Tennis,149.0,1043.0
1998-99,Girls,Louisiana,Track and Field Indoor,82.0,820.0
1998-99,Girls,Louisiana,Track and Field Outdoor,367.0,
1998-99,Girls,Louisiana,Volleyball,164.0,2296.0
1998-99,Girls,Maryland,Tennis,174.0,2133.0
1998-99,Girls,Maryland,Track and Field Indoor,146.0,3108.0
1998-99,Girls,Maryland,Track and Field Outdoor,170.0,4140.0
1998-99,Girls,Maryland,Volleyball,170.0,4244.0
1998-99,Girls,Massachusetts,Tennis,,3817.0
1998-99,Girls,Massachusetts,Track and Field Indoor,187.0,5778.0
1998-99,Girls,Massachusetts,Track and Field Outdoor,264.0,10102.0
1998-99,Girls,Massachusetts,Volleyball,84.0,4713.0
1998-99,Girls,Michigan,Tennis,344.0,8285.0
1998-99,Girls,Michigan,Track and Field Outdoor,653.0,18183.0
1998-99,Girls,Michigan,Volleyball,694.0,21220.0
1998-99,Girls,Minnesota,Tennis,217.0,4876.0
1998-99,Girls,Minnesota,Track and Field Outdoor,424.0,12436.0
1998-99,Girls,Minnesota,Volleyball,430.0,15530.0
1998-99,Girls,Mississippi,Tennis,141.0,1415.0
1998-99,Girls,Mississippi,Track and Field Indoor,23.0,285.0
1998-99,Girls,Mississippi,Track and Field Outdoor,236.0,3956.0
1998-99,Girls,Mississippi,Volleyball,51.0,970.0
1998-99,Girls,Missouri,Tennis,163.0,2989.0
1998-99,Girls,Missouri,Track and Field Outdoor,437.0,10961.0
1998-99,Girls,Missouri,Volleyball,,14170.0
1998-99,Girls,Montana,Track and Field Outdoor,325.0,6461.0
1998-99,Girls,Montana,Volleyball,330.0,9056.0
1998-99,Girls,Nebraska,Tennis,56.0,1088.0
1998-99,Girls,Nebraska,Track and Field Outdoor,,1802.0
1998-99,Girls,Nevada,Tennis,35.0,454.0
1998-99,Girls,Nevada,Track and Field Outdoor,78.0,
1998-99,Girls,Nevada,Volleyball,,2225.0
1998-99,Girls,New Hampshire,Tennis,46.0,705.0
1998-99,Girls,New Hampshire,Track and Field Indoor,,17.0
1998-99,Girls,New Hampshire,Track and Field Outdoor,67.0,4641.0
1998-99,Girls,New Hampshire,Volleyball,47.0,1131.0
1998-99,Girls,New Mexico,Tennis,416.0,8003.0
1998-99,Girls,New Mexico,Track and Field Indoor,302.0,7842.0
1998-99,Girls,New Mexico,Track and Field Outdoor,590.0,16830.0
1998-99,Girls,New Mexico,Volleyball,608.0,14902.0
1998-99,Girls,New York,Tennis,274.0,3334.0
1998-99,Girls,New York,Track and Field Indoor,420.0,1680.0
1998-99,Girls,New York,Track and Field Outdoor,307.0,7997.0
1998-99,Girls,New York,Volleyball,326.0,
1998-99,Girls,North Carolina,Volleyball,,6934.0
1998-99,Girls,North Carolina,Tennis,16.0,350.0
1998-99,Girls,North Carolina,Track and Field Outdoor,144.0,2066.0
1998-99,Girls,North Dakota,Volleyball,122.0,3909.0
1998-99,Girls,Ohio,Track and Field Indoor,129.0,2548.0
1998-99,Girls,Ohio,Track and Field Outdoor,719.0,
1998-99,Girls,Ohio,Tennis,400.0,6473.0
1998-99,Girls,Ohio,Volleyball,773.0,18970.0
1998-99,Girls,Oklahoma,Tennis,109.0,4008.0
1998-99,Girls,Oklahoma,Track and Field Indoor,26.0,265.0
1998-99,Girls,Oklahoma,Track and Field Outdoor,390.0,3057.0
1998-99,Girls,Oklahoma,Volleyball,80.0,4019.0
1998-99,Girls,Oregon,Tennis,119.0,2243.0
1998-99,Girls,Oregon,Track and Field Outdoor,240.0,6269.0
1998-99,Girls,Oregon,Volleyball,259.0,7035.0
1998-99,Girls,Pennsylvania,Tennis,365.0,3650.0
1998-99,Girls,Pennsylvania,Track and Field Indoor,133.0,2394.0
1998-99,Girls,Pennsylvania,Track and Field Outdoor,507.0,16224.0
1998-99,Girls,Pennsylvania,Volleyball,464.0,8352.0
1998-99,Girls,Rhode Island,Tennis,43.0,845.0
1998-99,Girls,Rhode Island,Track and Field Indoor,38.0,4445.0
1998-99,Girls,Rhode Island,Track and Field Outdoor,35.0,1252.0
1998-99,Girls,Rhode Island,Volleyball,40.0,964.0
1998-99,Girls,South Carolina,Volleyball,174.0,3522.0
1998-99,Girls,South Dakota,Tennis,19.0,283.0
1998-99,Girls,South Dakota,Track and Field Outdoor,178.0,2823.0
1998-99,Girls,South Dakota,Volleyball,150.0,3718.0
1998-99,Girls,Tennessee,Tennis,241.0,1928.0
1998-99,Girls,Tennessee,Track and Field Outdoor,235.0,4935.0
1998-99,Girls,Tennessee,Volleyball,243.0,4374.0
1998-99,Girls,Utah,Volleyball,115.0,2888.0
1998-99,Girls,Vermont,Tennis,30.0,390.0
1998-99,Girls,Vermont,Track and Field Indoor,10.0,133.0
1998-99,Girls,Vermont,Track and Field Outdoor,34.0,1056.0
1998-99,Girls,Virginia,Tennis,214.0,2747.0
1998-99,Girls,Virginia,Track and Field Indoor,449.0,3836.0
1998-99,Girls,Virginia,Track and Field Outdoor,262.0,6868.0
1998-99,Girls,Virginia,Volleyball,220.0,4718.0
1998-99,Girls,Washington,Tennis,237.0,5750.0
1998-99,Girls,Washington,Track and Field Outdoor,340.0,9364.0
1998-99,Girls,Washington,Volleyball,373.0,10955.0
1998-99,Girls,West Virginia,Tennis,81.0,947.0
1998-99,Girls,West Virginia,Track and Field Outdoor,105.0,2281.0
1998-99,Girls,West Virginia,Volleyball,99.0,2047.0
1998-99,Girls,Wisconsin,Tennis,168.0,4567.0
1998-99,Girls,Wisconsin,Track and Field Outdoor,378.0,9630.0
1998-99,Girls,Wisconsin,Volleyball,416.0,15234.0
1998-99,Girls,Wyoming,Tennis,16.0,281.0
1998-99,Girls,Wyoming,Track and Field Indoor,13.0,495.0
1998-99,Girls,Wyoming,Track and Field Outdoor,69.0,1424.0
1998-99,Girls,Wyoming,Volleyball,68.0,1814.0
1999-00,Girls,Alabama,Basketball,392.0,5891.0
1999-00,Girls,Alabama,Cross Country,46.0,335.0
1999-00,Girls,Alaska,Basketball,123.0,1857.0
1999-00,Girls,Alaska,Competitive Spirit Squads,28.0,348.0
1999-00,Girls,Alaska,Cross Country,80.0,948.0
1999-00,Girls,Arizona,Basketball,197.0,5846.0
1999-00,Girls,Arizona,Cross Country,144.0,
1999-00,Girls,Arkansas,Basketball,280.0,5245.0
1999-00,Girls,Arkansas,Competitive Spirit Squads,61.0,1367.0
1999-00,Girls,Arkansas,Cross Country,61.0,543.0
1999-00,Girls,California,Basketball,1103.0,32218.0
1999-00,Girls,California,Cross Country,847.0,14815.0
1999-00,Girls,California,Field Hockey,,2195.0
1999-00,Girls,Colorado,Basketball,290.0,7211.0
1999-00,Girls,Colorado,Competitive Spirit Squads,139.0,2808.0
1999-00,Girls,Colorado,Cross Country,193.0,2361.0
1999-00,Girls,Colorado,Field Hockey,11.0,441.0
1999-00,Girls,Connecticut,Basketball,170.0,4047.0
1999-00,Girls,Connecticut,Competitive Spirit Squads,66.0,1320.0
1999-00,Girls,Connecticut,Cross Country,149.0,
1999-00,Girls,Connecticut,Field Hockey,71.0,2890.0
1999-00,Girls,Delaware,Basketball,45.0,1018.0
1999-00,Girls,Delaware,Competitive Spirit Squads,,212.0
1999-00,Girls,Delaware,Cross Country,37.0,525.0
1999-00,Girls,Delaware,Field Hockey,40.0,1555.0
1999-00,Girls,District of Columbia,Basketball,12.0,210.0
1999-00,Girls,District of Columbia,Competitive Spirit Squads,,85.0
1999-00,Girls,District of Columbia,Cross Country,,80.0
1999-00,Girls,Florida,Basketball,500.0,10987.0
1999-00,Girls,Florida,Cross Country,306.0,2066.0
1999-00,Girls,Georgia,Basketball,343.0,8855.0
1999-00,Girls,Georgia,Competitive Spirit Squads,219.0,4051.0
1999-00,Girls,Georgia,Cross Country,269.0,
1999-00,Girls,Hawaii,Basketball,61.0,1531.0
1999-00,Girls,Hawaii,Competitive Spirit Squads,46.0,771.0
1999-00,Girls,Hawaii,Cross Country,51.0,691.0
1999-00,Girls,Indiana,Basketball,381.0,11499.0
1999-00,Girls,Indiana,Cross Country,360.0,3683.0
1999-00,Girls,Indiana,Competitive Spirit Squads,57.0,1645.0
1999-00,Girls,Kansas,Basketball,350.0,10120.0
1999-00,Girls,Kansas,Cross Country,208.0,2324.0
1999-00,Girls,Kentucky,Basketball,267.0,5674.0
1999-00,Girls,Kentucky,Competitive Spirit Squads,202.0,3942.0
1999-00,Girls,Kentucky,Cross Country,204.0,2021.0
1999-00,Girls,Kentucky,Field Hockey,18.0,664.0
1999-00,Girls,Louisiana,Basketball,376.0,9400.0
1999-00,Girls,Louisiana,Cross Country,204.0,1224.0
1999-00,Girls,Louisiana,Competitive Spirit Squads,89.0,1608.0
1999-00,Girls,Louisiana,Field Hockey,83.0,2974.0
1999-00,Girls,Maryland,Basketball,176.0,4904.0
1999-00,Girls,Maryland,Cross Country,158.0,1821.0
1999-00,Girls,Maryland,Field Hockey,114.0,4059.0
1999-00,Girls,Massachusetts,Basketball,322.0,9269.0
1999-00,Girls,Massachusetts,Cross Country,233.0,3926.0
1999-00,Girls,Massachusetts,Field Hockey,193.0,8418.0
1999-00,Girls,Michigan,Basketball,705.0,19760.0
1999-00,Girls,Michigan,Competitive Spirit Squads,145.0,3019.0
1999-00,Girls,Michigan,Cross Country,75.0,6761.0
1999-00,Girls,Minnesota,Basketball,444.0,12280.0
1999-00,Girls,Minnesota,Cross Country,324.0,3952.0
1999-00,Girls,Mississippi,Basketball,256.0,5662.0
1999-00,Girls,Mississippi,Competitive Spirit Squads,145.0,3000.0
1999-00,Girls,Mississippi,Cross Country,58.0,1101.0
1999-00,Girls,Missouri,Basketball,534.0,12646.0
1999-00,Girls,Missouri,Competitive Spirit Squads,120.0,1400.0
1999-00,Girls,Missouri,Cross Country,281.0,3795.0
1999-00,Girls,Missouri,Field Hockey,21.0,839.0
1999-00,Girls,Montana,Basketball,180.0,3984.0
1999-00,Girls,Montana,Cross Country,68.0,767.0
1999-00,Girls,Nebraska,Basketball,828.0,7223.0
1999-00,Girls,Nebraska,Cross Country,176.0,1450.0
1999-00,Girls,Nevada,Basketball,80.0,2253.0
1999-00,Girls,Nevada,Cross Country,54.0,527.0
1999-00,Girls,New Hampshire,Basketball,87.0,2343.0
1999-00,Girls,New Hampshire,Competitive Spirit Squads,108.0,1663.0
1999-00,Girls,New Hampshire,Cross Country,67.0,720.0
1999-00,Girls,New Hampshire,Field Hockey,53.0,2106.0
1999-00,Girls,New Jersey,Basketball,381.0,10016.0
1999-00,Girls,New Jersey,Cross Country,353.0,4463.0
1999-00,Girls,New Jersey,Field Hockey,206.0,9602.0
1999-00,Girls,New Mexico,Basketball,130.0,
1999-00,Girls,New Mexico,Competitive Spirit Squads,111.0,865.0
1999-00,Girls,New Mexico,Cross Country,85.0,962.0
1999-00,Girls,New York,Basketball,714.0,17334.0
1999-00,Girls,New York,Cross Country,487.0,5841.0
1999-00,Girls,New York,Field Hockey,228.0,8524.0
1999-00,Girls,North Carolina,Basketball,329.0,7791.0
1999-00,Girls,North Carolina,Competitive Spirit Squads,75.0,1933.0
1999-00,Girls,North Carolina,Cross Country,270.0,4037.0
1999-00,Girls,North Carolina,Field Hockey,,175.0
1999-00,Girls,North Dakota,Basketball,157.0,3354.0
1999-00,Girls,North Dakota,Cross Country,46.0,369.0
1999-00,Girls,Oklahoma,Basketball,469.0,6580.0
1999-00,Girls,Oklahoma,Competitive Spirit Squads,171.0,2565.0
1999-00,Girls,Oklahoma,Cross Country,149.0,1161.0
1999-00,Girls,Oregon,Basketball,267.0,6446.0
1999-00,Girls,Oregon,Competitive Spirit Squads,66.0,710.0
1999-00,Girls,Oregon,Cross Country,182.0,1987.0
1999-00,Girls,Pennsylvania,Basketball,639.0,19170.0
1999-00,Girls,Pennsylvania,Cross Country,460.0,4600.0
1999-00,Girls,Pennsylvania,Field Hockey,254.0,8890.0
1999-00,Girls,Rhode Island,Basketball,44.0,1093.0
1999-00,Girls,Rhode Island,Cross Country,40.0,687.0
1999-00,Girls,Rhode Island,Field Hockey,20.0,678.0
1999-00,Girls,South Carolina,Basketball,193.0,5148.0
1999-00,Girls,South Carolina,Competitive Spirit Squads,78.0,1828.0
1999-00,Girls,South Carolina,Cross Country,124.0,1473.0
1999-00,Girls,South Carolina,Field Hockey,,67.0
1999-00,Girls,South Dakota,Basketball,168.0,3276.0
1999-00,Girls,South Dakota,Competitive Spirit Squads,20.0,
1999-00,Girls,South Dakota,Cross Country,74.0,615.0
1999-00,Girls,Tennessee,Basketball,342.0,
1999-00,Girls,Tennessee,Competitive Spirit Squads,75.0,975.0
1999-00,Girls,Tennessee,Cross Country,232.0,2618.0
1999-00,Girls,Vermont,Basketball,70.0,1833.0
1999-00,Girls,Vermont,Competitive Spirit Squads,22.0,367.0
1999-00,Girls,Vermont,Cross Country,44.0,452.0
1999-00,Girls,Vermont,Field Hockey,32.0,1159.0
1999-00,Girls,Virginia,Basketball,253.0,6178.0
1999-00,Girls,Virginia,Cross Country,223.0,2879.0
1999-00,Girls,Virginia,Field Hockey,96.0,3136.0
1999-00,Girls,Washington,Basketball,372.0,10138.0
1999-00,Girls,Washington,Cross Country,271.0,3455.0
1999-00,Girls,West Virginia,Basketball,134.0,2467.0
1999-00,Girls,West Virginia,Competitive Spirit Squads,130.0,
1999-00,Girls,West Virginia,Cross Country,67.0,648.0
1999-00,Girls,Wisconsin,Basketball,419.0,12108.0
1999-00,Girls,Wisconsin,Cross Country,345.0,4160.0
1999-00,Girls,Wyoming,Basketball,70.0,1658.0
1999-00,Girls,Wyoming,Competitive Spirit Squads,34.0,364.0
1999-00,Girls,Wyoming,Cross Country,30.0,360.0
1999-00,Girls,Alabama,Golf,123.0,367.0
1999-00,Girls,Alaska,Gymnastics,10.0,176.0
1999-00,Girls,Alaska,Skiing Cross Country,27.0,455.0
1999-00,Girls,Arizona,Golf,96.0,620.0
1999-00,Girls,Arkansas,Golf,50.0,242.0
1999-00,Girls,Arkansas,Gymnastics,10.0,114.0
1999-00,Girls,California,Golf,372.0,1505.0
1999-00,Girls,California,Gymnastics,72.0,1280.0
1999-00,Girls,Colorado,Golf,104.0,1162.0
1999-00,Girls,Colorado,Gymnastics,60.0,673.0
1999-00,Girls,Colorado,Skiing Cross Country,14.0,104.0
1999-00,Girls,Connecticut,Golf,42.0,120.0
1999-00,Girls,Connecticut,Gymnastics,66.0,512.0
1999-00,Girls,Delaware,Golf,12.0,18.0
1999-00,Girls,Florida,Golf,306.0,2066.0
1999-00,Girls,Georgia,Golf,188.0,692.0
1999-00,Girls,Georgia,Gymnastics,29.0,300.0
1999-00,Girls,Hawaii,Golf,45.0,178.0
1999-00,Girls,Hawaii,Gymnastics,,35.0
1999-00,Girls,Idaho,Golf,98.0,570.0
1999-00,Girls,Idaho,Skiing Cross Country,,79.0
1999-00,Girls,Idaho,Gymnastics,94.0,1833.0
1999-00,Girls,Indiana,Golf,241.0,2411.0
1999-00,Girls,Indiana,Gymnastics,92.0,1171.0
1999-00,Girls,Kansas,Golf,80.0,890.0
1999-00,Girls,Kansas,Gymnastics,27.0,222.0
1999-00,Girls,Kentucky,Golf,170.0,1037.0
1999-00,Girls,Louisiana,Golf,22.0,44.0
1999-00,Girls,Louisiana,Gymnastics,18.0,216.0
1999-00,Girls,Maine,Golf,47.0,91.0
1999-00,Girls,Maine,Gymnastics,18.0,86.0
1999-00,Girls,Maine,Skiing Cross Country,39.0,359.0
1999-00,Girls,Maryland,Golf,69.0,88.0
1999-00,Girls,Maryland,Gymnastics,,187.0
1999-00,Girls,Massachusetts,Golf,36.0,301.0
1999-00,Girls,Massachusetts,Gymnastics,87.0,1264.0
1999-00,Girls,Massachusetts,Skiing Cross Country,18.0,228.0
1999-00,Girls,Michigan,Golf,268.0,3564.0
1999-00,Girls,Michigan,Gymnastics,71.0,1078.0
1999-00,Girls,Minnesota,Golf,373.0,4138.0
1999-00,Girls,Minnesota,Gymnastics,197.0,2821.0
1999-00,Girls,Minnesota,Skiing Cross Country,114.0,2054.0
1999-00,Girls,Mississippi,Golf,13.0,85.0
1999-00,Girls,Missouri,Golf,122.0,1371.0
1999-00,Girls,Missouri,Gymnastics,,35.0
1999-00,Girls,Montana,Golf,86.0,859.0
1999-00,Girls,Nebraska,Golf,121.0,1199.0
1999-00,Girls,Nebraska,Gymnastics,18.0,181.0
1999-00,Girls,Nevada,Golf,56.0,402.0
1999-00,Girls,New Hampshire,Golf,34.0,73.0
1999-00,Girls,New Hampshire,Gymnastics,20.0,175.0
1999-00,Girls,New Hampshire,Skiing Cross Country,51.0,272.0
1999-00,Girls,New Jersey,Golf,12.0,339.0
1999-00,Girls,New Jersey,Gymnastics,73.0,918.0
1999-00,Girls,New Mexico,Golf,63.0,346.0
1999-00,Girls,New York,Golf,87.0,607.0
1999-00,Girls,New York,Gymnastics,115.0,1642.0
1999-00,Girls,New York,Skiing Cross Country,93.0,1145.0
1999-00,Girls,North Dakota,Golf,93.0,680.0
1999-00,Girls,North Dakota,Gymnastics,13.0,107.0
1999-00,Girls,Ohio,Golf,383.0,1484.0
1999-00,Girls,Ohio,Gymnastics,134.0,1165.0
1999-00,Girls,Oklahoma,Golf,183.0,915.0
1999-00,Girls,Oregon,Golf,144.0,4177.0
1999-00,Girls,Pennsylvania,Golf,239.0,
1999-00,Girls,Pennsylvania,Gymnastics,19.0,190.0
1999-00,Girls,South Carolina,Golf,39.0,303.0
1999-00,Girls,South Dakota,Golf,84.0,829.0
1999-00,Girls,South Dakota,Gymnastics,30.0,384.0
1999-00,Girls,Tennessee,Golf,288.0,1099.0
1999-00,Girls,Tennessee,Gymnastics,73.0,837.0
1999-00,Girls,Utah,Golf,18.0,35.0
1999-00,Girls,Vermont,Golf,,122.0
1999-00,Girls,Vermont,Gymnastics,12.0,153.0
1999-00,Girls,Vermont,Skiing Cross Country,26.0,284.0
1999-00,Girls,Virginia,Gymnastics,66.0,756.0
1999-00,Girls,Washington,Golf,243.0,2134.0
1999-00,Girls,Washington,Gymnastics,,1519.0
1999-00,Girls,West Virginia,Golf,22.0,
1999-00,Girls,Wisconsin,Golf,113.0,1369.0
1999-00,Girls,Wisconsin,Gymnastics,93.0,1416.0
1999-00,Girls,Wyoming,Golf,82.0,228.0
1999-00,Girls,Wyoming,Gymnastics,,115.0
1999-00,Girls,Wyoming,Skiing Cross Country,,97.0
1999-00,Girls,Alabama,Soccer,90.0,2307.0
1999-00,Girls,Alabama,Softball Fast Pitch,173.0,2768.0
1999-00,Girls,Alabama,Softball Slow Pitch,198.0,3336.0
1999-00,Girls,Alabama,Swimming and Diving,30.0,257.0
1999-00,Girls,Alaska,Soccer,25.0,786.0
1999-00,Girls,Alaska,Softball Fast Pitch,16.0,481.0
1999-00,Girls,Alaska,Swimming and Diving,26.0,461.0
1999-00,Girls,Arizona,Soccer,125.0,3352.0
1999-00,Girls,Arizona,Softball Fast Pitch,179.0,6037.0
1999-00,Girls,Arizona,Swimming and Diving,81.0,2415.0
1999-00,Girls,Arkansas,Soccer,37.0,718.0
1999-00,Girls,Arkansas,Swimming and Diving,28.0,316.0
1999-00,Girls,California,Soccer,930.0,
1999-00,Girls,California,Softball Fast Pitch,1024.0,30138.0
1999-00,Girls,California,Swimming and Diving,698.0,26163.0
1999-00,Girls,Colorado,Soccer,152.0,4783.0
1999-00,Girls,Colorado,Softball Fast Pitch,139.0,4006.0
1999-00,Girls,Colorado,Swimming and Diving,123.0,4174.0
1999-00,Girls,Connecticut,Soccer,143.0,4562.0
1999-00,Girls,Connecticut,Softball Fast Pitch,145.0,4530.0
1999-00,Girls,Connecticut,Swimming and Diving,77.0,2160.0
1999-00,Girls,Delaware,Soccer,35.0,1171.0
1999-00,Girls,Delaware,Softball Fast Pitch,38.0,983.0
1999-00,Girls,Delaware,Swimming and Diving,28.0,717.0
1999-00,Girls,District of Columbia,Soccer,,43.0
1999-00,Girls,District of Columbia,Softball Fast Pitch,14.0,156.0
1999-00,Girls,District of Columbia,Swimming and Diving,,45.0
1999-00,Girls,Florida,Soccer,366.0,11343.0
1999-00,Girls,Florida,Softball Fast Pitch,479.0,10623.0
1999-00,Girls,Florida,Softball Slow Pitch,37.0,740.0
1999-00,Girls,Florida,Swimming and Diving,327.0,7230.0
1999-00,Girls,Georgia,Soccer,234.0,6124.0
1999-00,Girls,Georgia,Softball Fast Pitch,178.0,4425.0
1999-00,Girls,Georgia,Softball Slow Pitch,173.0,3990.0
1999-00,Girls,Georgia,Swimming and Diving,131.0,2509.0
1999-00,Girls,Hawaii,Soccer,54.0,1390.0
1999-00,Girls,Hawaii,Softball Fast Pitch,52.0,864.0
1999-00,Girls,Hawaii,Swimming and Diving,47.0,604.0
1999-00,Girls,Idaho,Soccer,25.0,762.0
1999-00,Girls,Idaho,Softball Fast Pitch,79.0,2126.0
1999-00,Girls,Idaho,Softball Slow Pitch,16.0,261.0
1999-00,Girls,Idaho,Swimming and Diving,12.0,138.0
1999-00,Girls,Illinois,Soccer,263.0,
1999-00,Girls,Illinois,Softball Fast Pitch,571.0,16034.0
1999-00,Girls,Illinois,Swimming and Diving,221.0,
1999-00,Girls,Indiana,Soccer,181.0,
1999-00,Girls,Indiana,Softball Fast Pitch,356.0,9567.0
1999-00,Girls,Indiana,Swimming and Diving,218.0,4536.0
1999-00,Girls,Kansas,Soccer,56.0,2392.0
1999-00,Girls,Kansas,Softball Fast Pitch,185.0,4872.0
1999-00,Girls,Kansas,Swimming and Diving,55.0,1326.0
1999-00,Girls,Kentucky,Soccer,154.0,3853.0
1999-00,Girls,Kentucky,Softball Fast Pitch,241.0,5280.0
1999-00,Girls,Kentucky,Softball Slow Pitch,19.0,420.0
1999-00,Girls,Kentucky,Swimming and Diving,101.0,1468.0
1999-00,Girls,Louisiana,Soccer,38.0,570.0
1999-00,Girls,Louisiana,Softball Fast Pitch,352.0,5280.0
1999-00,Girls,Louisiana,Swimming and Diving,36.0,360.0
1999-00,Girls,Maine,Soccer,130.0,4017.0
1999-00,Girls,Maine,Softball Fast Pitch,129.0,3264.0
1999-00,Girls,Maine,Swimming and Diving,51.0,1013.0
1999-00,Girls,Maryland,Soccer,152.0,4793.0
1999-00,Girls,Maryland,Softball Fast Pitch,174.0,4898.0
1999-00,Girls,Maryland,Swimming and Diving,73.0,1866.0
1999-00,Girls,Massachusetts,Soccer,286.0,
1999-00,Girls,Massachusetts,Softball Fast Pitch,308.0,9586.0
1999-00,Girls,Massachusetts,Swimming and Diving,142.0,3812.0
1999-00,Girls,Michigan,Soccer,335.0,
1999-00,Girls,Michigan,Softball Fast Pitch,634.0,16806.0
1999-00,Girls,Michigan,Swimming and Diving,228.0,6652.0
1999-00,Girls,Minnesota,Soccer,158.0,6042.0
1999-00,Girls,Minnesota,Softball Fast Pitch,396.0,11447.0
1999-00,Girls,Minnesota,Swimming and Diving,189.0,5710.0
1999-00,Girls,Mississippi,Soccer,65.0,1625.0
1999-00,Girls,Mississippi,Softball Fast Pitch,122.0,3165.0
1999-00,Girls,Mississippi,Softball Slow Pitch,209.0,4225.0
1999-00,Girls,Mississippi,Swimming and Diving,60.0,1020.0
1999-00,Girls,Missouri,Soccer,160.0,5717.0
1999-00,Girls,Missouri,Softball Fast Pitch,440.0,9549.0
1999-00,Girls,Missouri,Swimming and Diving,96.0,
1999-00,Girls,Montana,Soccer,22.0,636.0
1999-00,Girls,Montana,Softball Fast Pitch,50.0,1072.0
1999-00,Girls,Montana,Swimming and Diving,20.0,357.0
1999-00,Girls,Nebraska,Soccer,59.0,1931.0
1999-00,Girls,Nebraska,Softball Fast Pitch,73.0,1699.0
1999-00,Girls,Nebraska,Swimming and Diving,43.0,1046.0
1999-00,Girls,Nevada,Soccer,50.0,1551.0
1999-00,Girls,Nevada,Softball Fast Pitch,68.0,1630.0
1999-00,Girls,Nevada,Swimming and Diving,37.0,803.0
1999-00,Girls,New Hampshire,Soccer,64.0,2482.0
1999-00,Girls,New Hampshire,Softball Fast Pitch,86.0,2445.0
1999-00,Girls,New Jersey,Soccer,317.0,12017.0
1999-00,Girls,New Jersey,Softball Fast Pitch,381.0,12960.0
1999-00,Girls,New Jersey,Swimming and Diving,191.0,4861.0
1999-00,Girls,New Mexico,Soccer,52.0,1501.0
1999-00,Girls,New Mexico,Softball Fast Pitch,72.0,1338.0
1999-00,Girls,New Mexico,Swimming and Diving,33.0,590.0
1999-00,Girls,New York,Soccer,686.0,22391.0
1999-00,Girls,New York,Softball Fast Pitch,700.0,18532.0
1999-00,Girls,New York,Swimming and Diving,276.0,7204.0
1999-00,Girls,North Carolina,Soccer,234.0,6028.0
1999-00,Girls,North Carolina,Softball Fast Pitch,321.0,7598.0
1999-00,Girls,North Carolina,Swimming and Diving,168.0,3321.0
1999-00,Girls,North Dakota,Soccer,15.0,682.0
1999-00,Girls,North Dakota,Swimming and Diving,12.0,354.0
1999-00,Girls,Ohio,Soccer,356.0,10630.0
1999-00,Girls,Ohio,Softball Fast Pitch,765.0,19355.0
1999-00,Girls,Ohio,Softball Slow Pitch,30.0,693.0
1999-00,Girls,Ohio,Swimming and Diving,273.0,5888.0
1999-00,Girls,Oklahoma,Soccer,84.0,1543.0
1999-00,Girls,Oklahoma,Softball Fast Pitch,361.0,6498.0
1999-00,Girls,Oklahoma,Softball Slow Pitch,363.0,6516.0
1999-00,Girls,Oklahoma,Swimming and Diving,43.0,525.0
1999-00,Girls,Oregon,Soccer,146.0,4494.0
1999-00,Girls,Oregon,Softball Fast Pitch,197.0,5136.0
1999-00,Girls,Oregon,Swimming and Diving,112.0,2356.0
1999-00,Girls,Pennsylvania,Soccer,363.0,12705.0
1999-00,Girls,Pennsylvania,Softball Fast Pitch,597.0,19104.0
1999-00,Girls,Pennsylvania,Swimming and Diving,287.0,5166.0
1999-00,Girls,Rhode Island,Soccer,46.0,1324.0
1999-00,Girls,Rhode Island,Softball Fast Pitch,33.0,868.0
1999-00,Girls,Rhode Island,Softball Slow Pitch,16.0,301.0
1999-00,Girls,Rhode Island,Swimming and Diving,,494.0
1999-00,Girls,South Carolina,Soccer,93.0,2538.0
1999-00,Girls,South Carolina,Softball Fast Pitch,185.0,4813.0
1999-00,Girls,South Carolina,Swimming and Diving,43.0,655.0
1999-00,Girls,Tennessee,Soccer,174.0,4320.0
1999-00,Girls,Tennessee,Softball Fast Pitch,330.0,6066.0
1999-00,Girls,Tennessee,Swimming and Diving,352.0,6419.0
1999-00,Girls,Utah,Soccer,74.0,2383.0
1999-00,Girls,Utah,Softball Fast Pitch,90.0,2045.0
1999-00,Girls,Utah,Swimming and Diving,70.0,1298.0
1999-00,Girls,Vermont,Soccer,74.0,2353.0
1999-00,Girls,Vermont,Softball Fast Pitch,65.0,1662.0
1999-00,Girls,Virginia,Soccer,205.0,5408.0
1999-00,Girls,Virginia,Softball Fast Pitch,248.0,6097.0
1999-00,Girls,Virginia,Swimming and Diving,106.0,2592.0
1999-00,Girls,Washington,Soccer,248.0,8092.0
1999-00,Girls,Washington,Softball Fast Pitch,245.0,
1999-00,Girls,Washington,Softball Slow Pitch,80.0,1525.0
1999-00,Girls,Washington,Swimming and Diving,145.0,4332.0
1999-00,Girls,West Virginia,Soccer,62.0,1358.0
1999-00,Girls,West Virginia,Softball Fast Pitch,109.0,2364.0
1999-00,Girls,West Virginia,Swimming and Diving,30.0,537.0
1999-00,Girls,Wisconsin,Soccer,169.0,
1999-00,Girls,Wisconsin,Softball Fast Pitch,384.0,11058.0
1999-00,Girls,Wisconsin,Swimming and Diving,129.0,3885.0
1999-00,Girls,Wyoming,Soccer,16.0,572.0
1999-00,Girls,Wyoming,Swimming and Diving,25.0,647.0
1999-00,Girls,Wyoming,Softball Fast Pitch,,66.0
1999-00,Girls,Alabama,Tennis,161.0,1641.0
1999-00,Girls,Alabama,Track and Field Indoor,39.0,398.0
1999-00,Girls,Alabama,Track and Field Outdoor,285.0,4306.0
1999-00,Girls,Alabama,Volleyball,290.0,4494.0
1999-00,Girls,Alaska,Tennis,,160.0
1999-00,Girls,Alaska,Track and Field Outdoor,42.0,861.0
1999-00,Girls,Alaska,Volleyball,109.0,
1999-00,Girls,Arizona,Tennis,124.0,2009.0
1999-00,Girls,Arizona,Track and Field Outdoor,171.0,4735.0
1999-00,Girls,Arizona,Volleyball,191.0,5518.0
1999-00,Girls,Arkansas,Tennis,77.0,684.0
1999-00,Girls,Arkansas,Track and Field Outdoor,178.0,2651.0
1999-00,Girls,Arkansas,Volleyball,69.0,1588.0
1999-00,Girls,California,Tennis,835.0,18078.0
1999-00,Girls,California,Track and Field Outdoor,887.0,30870.0
1999-00,Girls,California,Volleyball,1097.0,32114.0
1999-00,Girls,Colorado,Tennis,127.0,3206.0
1999-00,Girls,Colorado,Track and Field Outdoor,278.0,6018.0
1999-00,Girls,Colorado,Volleyball,293.0,8752.0
1999-00,Girls,Connecticut,Tennis,115.0,2145.0
1999-00,Girls,Connecticut,Track and Field Indoor,100.0,1780.0
1999-00,Girls,Connecticut,Track and Field Outdoor,151.0,5060.0
1999-00,Girls,Connecticut,Volleyball,131.0,3200.0
1999-00,Girls,Delaware,Tennis,30.0,
1999-00,Girls,Delaware,Track and Field Indoor,27.0,539.0
1999-00,Girls,Delaware,Track and Field Outdoor,35.0,801.0
1999-00,Girls,Delaware,Volleyball,36.0,979.0
1999-00,Girls,District of Columbia,Tennis,12.0,73.0
1999-00,Girls,District of Columbia,Track and Field Indoor,,138.0
1999-00,Girls,District of Columbia,Track and Field Outdoor,,180.0
1999-00,Girls,District of Columbia,Volleyball,13.0,160.0
1999-00,Girls,Florida,Tennis,381.0,4143.0
1999-00,Girls,Florida,Track and Field Outdoor,417.0,10835.0
1999-00,Girls,Florida,Volleyball,488.0,11820.0
1999-00,Girls,Georgia,Tennis,326.0,3937.0
1999-00,Girls,Georgia,Track and Field Outdoor,329.0,7799.0
1999-00,Girls,Georgia,Volleyball,131.0,2775.0
1999-00,Girls,Hawaii,Tennis,53.0,695.0
1999-00,Girls,Hawaii,Track and Field Outdoor,57.0,1152.0
1999-00,Girls,Hawaii,Volleyball,65.0,1611.0
1999-00,Girls,Idaho,Tennis,61.0,978.0
1999-00,Girls,Idaho,Track and Field Outdoor,166.0,2976.0
1999-00,Girls,Idaho,Volleyball,175.0,4377.0
1999-00,Girls,Illinois,Tennis,282.0,
1999-00,Girls,Illinois,Track and Field Outdoor,525.0,14754.0
1999-00,Girls,Illinois,Volleyball,627.0,20424.0
1999-00,Girls,Indiana,Tennis,305.0,5454.0
1999-00,Girls,Indiana,Track and Field Outdoor,372.0,8761.0
1999-00,Girls,Indiana,Volleyball,385.0,10178.0
1999-00,Girls,Indiana,Track and Field Indoor,,1639.0
1999-00,Girls,Kansas,Tennis,123.0,2360.0
1999-00,Girls,Kansas,Track and Field Outdoor,341.0,6839.0
1999-00,Girls,Kansas,Volleyball,355.0,
1999-00,Girls,Kentucky,Tennis,204.0,2345.0
1999-00,Girls,Kentucky,Track and Field Outdoor,228.0,4243.0
1999-00,Girls,Kentucky,Volleyball,138.0,2929.0
1999-00,Girls,Louisiana,Tennis,149.0,1043.0
1999-00,Girls,Louisiana,Track and Field Indoor,82.0,820.0
1999-00,Girls,Louisiana,Track and Field Outdoor,367.0,4037.0
1999-00,Girls,Louisiana,Volleyball,164.0,2296.0
1999-00,Girls,Maine,Tennis,86.0,1413.0
1999-00,Girls,Maine,Track and Field Indoor,52.0,968.0
1999-00,Girls,Maine,Track and Field Outdoor,104.0,2559.0
1999-00,Girls,Maine,Volleyball,17.0,293.0
1999-00,Girls,Maryland,Tennis,173.0,2271.0
1999-00,Girls,Maryland,Track and Field Indoor,157.0,3196.0
1999-00,Girls,Maryland,Track and Field Outdoor,71.0,4041.0
1999-00,Girls,Maryland,Volleyball,172.0,4364.0
1999-00,Girls,Massachusetts,Tennis,217.0,3998.0
1999-00,Girls,Massachusetts,Track and Field Indoor,183.0,5913.0
1999-00,Girls,Massachusetts,Track and Field Outdoor,258.0,9950.0
1999-00,Girls,Massachusetts,Volleyball,187.0,4764.0
1999-00,Girls,Michigan,Tennis,349.0,8759.0
1999-00,Girls,Michigan,Track and Field Outdoor,646.0,17971.0
1999-00,Girls,Michigan,Volleyball,694.0,
1999-00,Girls,Minnesota,Tennis,221.0,4937.0
1999-00,Girls,Minnesota,Track and Field Outdoor,424.0,42123.0
1999-00,Girls,Minnesota,Volleyball,431.0,15542.0
1999-00,Girls,Mississippi,Tennis,141.0,1115.0
1999-00,Girls,Mississippi,Track and Field Indoor,23.0,285.0
1999-00,Girls,Mississippi,Track and Field Outdoor,236.0,4056.0
1999-00,Girls,Mississippi,Volleyball,60.0,1150.0
1999-00,Girls,Missouri,Tennis,166.0,3125.0
1999-00,Girls,Missouri,Track and Field Outdoor,438.0,10821.0
1999-00,Girls,Missouri,Volleyball,411.0,10542.0
1999-00,Girls,Montana,Tennis,58.0,1066.0
1999-00,Girls,Montana,Track and Field Outdoor,174.0,3036.0
1999-00,Girls,Montana,Volleyball,165.0,4009.0
1999-00,Girls,Nebraska,Tennis,56.0,1213.0
1999-00,Girls,Nebraska,Track and Field Outdoor,327.0,6866.0
1999-00,Girls,Nebraska,Volleyball,329.0,8708.0
1999-00,Girls,Nevada,Tennis,36.0,500.0
1999-00,Girls,Nevada,Track and Field Outdoor,78.0,1681.0
1999-00,Girls,Nevada,Volleyball,78.0,2230.0
1999-00,Girls,New Hampshire,Tennis,49.0,790.0
1999-00,Girls,New Hampshire,Track and Field Indoor,38.0,789.0
1999-00,Girls,New Hampshire,Track and Field Outdoor,67.0,1864.0
1999-00,Girls,New Hampshire,Volleyball,48.0,1219.0
1999-00,Girls,New Jersey,Tennis,325.0,6385.0
1999-00,Girls,New Jersey,Track and Field Indoor,249.0,6250.0
1999-00,Girls,New Jersey,Track and Field Outdoor,344.0,12014.0
1999-00,Girls,New Jersey,Volleyball,148.0,4268.0
1999-00,Girls,New Mexico,Tennis,60.0,527.0
1999-00,Girls,New Mexico,Track and Field Outdoor,122.0,2105.0
1999-00,Girls,New Mexico,Volleyball,125.0,3007.0
1999-00,Girls,New York,Tennis,416.0,8003.0
1999-00,Girls,New York,Track and Field Indoor,302.0,7812.0
1999-00,Girls,New York,Track and Field Outdoor,590.0,16830.0
1999-00,Girls,New York,Volleyball,608.0,14902.0
1999-00,Girls,North Carolina,Tennis,275.0,3457.0
1999-00,Girls,North Carolina,Track and Field Indoor,127.0,1742.0
1999-00,Girls,North Carolina,Track and Field Outdoor,313.0,8636.0
1999-00,Girls,North Carolina,Volleyball,325.0,7316.0
1999-00,Girls,North Dakota,Tennis,17.0,384.0
1999-00,Girls,North Dakota,Track and Field Outdoor,135.0,1998.0
1999-00,Girls,North Dakota,Volleyball,124.0,3493.0
1999-00,Girls,North Dakota,Track and Field Indoor,158.0,3280.0
1999-00,Girls,Oklahoma,Tennis,109.0,4115.0
1999-00,Girls,Oklahoma,Track and Field Indoor,27.0,
1999-00,Girls,Oklahoma,Track and Field Outdoor,392.0,3751.0
1999-00,Girls,Oklahoma,Volleyball,80.0,1205.0
1999-00,Girls,Oregon,Tennis,123.0,2371.0
1999-00,Girls,Oregon,Track and Field Outdoor,245.0,6167.0
1999-00,Girls,Oregon,Volleyball,256.0,6887.0
1999-00,Girls,Pennsylvania,Tennis,366.0,3660.0
1999-00,Girls,Pennsylvania,Track and Field Indoor,135.0,
1999-00,Girls,Pennsylvania,Track and Field Outdoor,505.0,16160.0
1999-00,Girls,Pennsylvania,Volleyball,461.0,8298.0
1999-00,Girls,Rhode Island,Tennis,43.0,992.0
1999-00,Girls,Rhode Island,Track and Field Indoor,37.0,1121.0
1999-00,Girls,Rhode Island,Track and Field Outdoor,37.0,1374.0
1999-00,Girls,Rhode Island,Volleyball,40.0,961.0
1999-00,Girls,South Carolina,Tennis,121.0,1599.0
1999-00,Girls,South Carolina,Track and Field Outdoor,179.0,5032.0
1999-00,Girls,South Carolina,Volleyball,174.0,
1999-00,Girls,South Dakota,Tennis,21.0,355.0
1999-00,Girls,South Dakota,Track and Field Outdoor,158.0,2681.0
1999-00,Girls,South Dakota,Volleyball,144.0,3518.0
1999-00,Girls,Tennessee,Tennis,242.0,1944.0
1999-00,Girls,Tennessee,Track and Field Outdoor,235.0,4935.0
1999-00,Girls,Tennessee,Volleyball,249.0,4482.0
1999-00,Girls,Utah,Tennis,79.0,1200.0
1999-00,Girls,Utah,Track and Field Outdoor,113.0,3320.0
1999-00,Girls,Utah,Volleyball,116.0,2894.0
1999-00,Girls,Vermont,Tennis,31.0,433.0
1999-00,Girls,Vermont,Track and Field Indoor,14.0,201.0
1999-00,Girls,Vermont,Track and Field Outdoor,39.0,1088.0
1999-00,Girls,Vermont,Volleyball,,14.0
1999-00,Girls,Virginia,Tennis,214.0,2788.0
1999-00,Girls,Virginia,Track and Field Indoor,147.0,3534.0
1999-00,Girls,Virginia,Track and Field Outdoor,255.0,
1999-00,Girls,Virginia,Volleyball,223.0,5056.0
1999-00,Girls,Washington,Tennis,243.0,6413.0
1999-00,Girls,Washington,Track and Field Outdoor,338.0,9192.0
1999-00,Girls,Washington,Volleyball,360.0,
1999-00,Girls,West Virginia,Tennis,80.0,993.0
1999-00,Girls,West Virginia,Track and Field Outdoor,101.0,2183.0
1999-00,Girls,West Virginia,Volleyball,96.0,
1999-00,Girls,Wisconsin,Tennis,170.0,4811.0
1999-00,Girls,Wisconsin,Track and Field Outdoor,379.0,11287.0
1999-00,Girls,Wisconsin,Volleyball,416.0,15369.0
1999-00,Girls,Wyoming,Tennis,16.0,317.0
1999-00,Girls,Wyoming,Track and Field Indoor,18.0,264.0
1999-00,Girls,Wyoming,Track and Field Outdoor,67.0,1304.0
1999-00,Girls,Wyoming,Volleyball,69.0,1801.0
2001-02,Girls,Alabama,Basketball,394.0,5291.0
2001-02,Girls,Alabama,Cross Country,101.0,736.0
2001-02,Girls,Alaska,Basketball,124.0,1832.0
2001-02,Girls,Alaska,Competitive Spirit Squads,29.0,583.0
2001-02,Girls,Alaska,Cross Country,84.0,727.0
2001-02,Girls,Arizona,Basketball,200.0,6091.0
2001-02,Girls,Arizona,Competitive Spirit Squads,219.0,4895.0
2001-02,Girls,Arizona,Cross Country,154.0,1711.0
2001-02,Girls,Arkansas,Basketball,231.0,4996.0
2001-02,Girls,Arkansas,Competitive Spirit Squads,60.0,1758.0
2001-02,Girls,Arkansas,Cross Country,46.0,671.0
2001-02,Girls,California,Basketball,1155.0,33834.0
2001-02,Girls,California,Competitive Spirit Squads,462.0,13372.0
2001-02,Girls,California,Cross Country,948.0,16060.0
2001-02,Girls,California,Field Hockey,76.0,
2001-02,Girls,Colorado,Basketball,300.0,7278.0
2001-02,Girls,Colorado,Competitive Spirit Squads,134.0,2503.0
2001-02,Girls,Colorado,Cross Country,184.0,2336.0
2001-02,Girls,Colorado,Field Hockey,11.0,483.0
2001-02,Girls,Connecticut,Basketball,174.0,4225.0
2001-02,Girls,Connecticut,Cross Country,158.0,2181.0
2001-02,Girls,Connecticut,Field Hockey,72.0,3109.0
2001-02,Girls,Delaware,Basketball,43.0,1095.0
2001-02,Girls,Delaware,Competitive Spirit Squads,30.0,888.0
2001-02,Girls,Delaware,Cross Country,38.0,534.0
2001-02,Girls,Delaware,Field Hockey,44.0,1553.0
2001-02,Girls,District of Columbia,Basketball,18.0,203.0
2001-02,Girls,District of Columbia,Competitive Spirit Squads,12.0,250.0
2001-02,Girls,District of Columbia,Cross Country,14.0,150.0
2001-02,Girls,Florida,Basketball,540.0,
2001-02,Girls,Florida,Cross Country,432.0,5649.0
2001-02,Girls,Georgia,Basketball,365.0,9258.0
2001-02,Girls,Georgia,Competitive Spirit Squads,211.0,4305.0
2001-02,Girls,Georgia,Cross Country,291.0,3690.0
2001-02,Girls,Hawaii,Basketball,64.0,1628.0
2001-02,Girls,Hawaii,Competitive Spirit Squads,47.0,730.0
2001-02,Girls,Hawaii,Cross Country,57.0,679.0
2001-02,Girls,Illinois,Basketball,666.0,
2001-02,Girls,Illinois,Cross Country,462.0,6805.0
2001-02,Girls,Indiana,Basketball,379.0,
2001-02,Girls,Indiana,Cross Country,351.0,3723.0
2001-02,Girls,Indiana,Competitive Spirit Squads,57.0,1622.0
2001-02,Girls,Kansas,Basketball,366.0,8162.0
2001-02,Girls,Kansas,Cross Country,272.0,2394.0
2001-02,Girls,Kentucky,Basketball,280.0,
2001-02,Girls,Kentucky,Competitive Spirit Squads,279.0,5444.0
2001-02,Girls,Kentucky,Cross Country,245.0,2427.0
2001-02,Girls,Louisiana,Basketball,377.0,9401.0
2001-02,Girls,Louisiana,Cross Country,205.0,1225.0
2001-02,Girls,Louisiana,Competitive Spirit Squads,92.0,1867.0
2001-02,Girls,Louisiana,Field Hockey,82.0,
2001-02,Girls,Maryland,Basketball,177.0,4494.0
2001-02,Girls,Maryland,Cross Country,163.0,2085.0
2001-02,Girls,Maryland,Field Hockey,166.0,
2001-02,Girls,Massachusetts,Basketball,345.0,10632.0
2001-02,Girls,Massachusetts,Cross Country,256.0,3766.0
2001-02,Girls,Massachusetts,Field Hockey,202.0,
2001-02,Girls,Michigan,Basketball,,20827.0
2001-02,Girls,Michigan,Competitive Spirit Squads,162.0,
2001-02,Girls,Michigan,Cross Country,550.0,6819.0
2001-02,Girls,Michigan,Field Hockey,13.0,627.0
2001-02,Girls,Minnesota,Basketball,440.0,12841.0
2001-02,Girls,Minnesota,Cross Country,315.0,4450.0
2001-02,Girls,Mississippi,Basketball,156.0,5765.0
2001-02,Girls,Mississippi,Competitive Spirit Squads,145.0,
2001-02,Girls,Mississippi,Cross Country,127.0,1216.0
2001-02,Girls,Missouri,Basketball,532.0,12513.0
2001-02,Girls,Missouri,Competitive Spirit Squads,120.0,1420.0
2001-02,Girls,Missouri,Cross Country,300.0,4005.0
2001-02,Girls,Missouri,Field Hockey,,956.0
2001-02,Girls,Montana,Basketball,181.0,3893.0
2001-02,Girls,Montana,Competitive Spirit Squads,21.0,251.0
2001-02,Girls,Montana,Cross Country,85.0,769.0
2001-02,Girls,Nebraska,Basketball,321.0,7288.0
2001-02,Girls,Nebraska,Cross Country,182.0,1382.0
2001-02,Girls,Nevada,Basketball,87.0,2425.0
2001-02,Girls,Nevada,Cross Country,58.0,567.0
2001-02,Girls,New Hampshire,Basketball,88.0,2460.0
2001-02,Girls,New Hampshire,Competitive Spirit Squads,73.0,2155.0
2001-02,Girls,New Hampshire,Cross Country,68.0,759.0
2001-02,Girls,New Hampshire,Field Hockey,542108.0,
2001-02,Girls,New Jersey,Basketball,391.0,9984.0
2001-02,Girls,New Jersey,Cross Country,294.0,4092.0
2001-02,Girls,New Jersey,Field Hockey,214.0,
2001-02,Girls,New Mexico,Basketball,130.0,3398.0
2001-02,Girls,New Mexico,Competitive Spirit Squads,111.0,915.0
2001-02,Girls,New Mexico,Cross Country,85.0,1082.0
2001-02,Girls,New York,Basketball,753.0,18568.0
2001-02,Girls,New York,Cross Country,527.0,6120.0
2001-02,Girls,New York,Field Hockey,244.0,
2001-02,Girls,North Carolina,Basketball,338.0,7619.0
2001-02,Girls,North Carolina,Competitive Spirit Squads,90.0,2225.0
2001-02,Girls,North Carolina,Cross Country,289.0,3510.0
2001-02,Girls,North Carolina,Field Hockey,,137.0
2001-02,Girls,North Dakota,Basketball,181.0,3291.0
2001-02,Girls,North Dakota,Competitive Spirit Squads,22.0,384.0
2001-02,Girls,North Dakota,Cross Country,51.0,360.0
2001-02,Girls,North Dakota,Field Hockey,331161.0,
2001-02,Girls,Oklahoma,Basketball,468.0,6805.0
2001-02,Girls,Oklahoma,Competitive Spirit Squads,162.0,1115.0
2001-02,Girls,Oklahoma,Cross Country,162.0,1191.0
2001-02,Girls,Oregon,Basketball,273.0,6468.0
2001-02,Girls,Oregon,Competitive Spirit Squads,64.0,703.0
2001-02,Girls,Oregon,Cross Country,178.0,1944.0
2001-02,Girls,Pennsylvania,Basketball,640.0,19200.0
2001-02,Girls,Pennsylvania,Cross Country,489.0,4890.0
2001-02,Girls,Pennsylvania,Field Hockey,256.0,8960.0
2001-02,Girls,Rhode Island,Basketball,46.0,4153.0
2001-02,Girls,Rhode Island,Cross Country,44.0,862.0
2001-02,Girls,Rhode Island,Field Hockey,24.0,634.0
2001-02,Girls,South Carolina,Basketball,194.0,5130.0
2001-02,Girls,South Carolina,Competitive Spirit Squads,78.0,2184.0
2001-02,Girls,South Carolina,Cross Country,131.0,1565.0
2001-02,Girls,South Dakota,Basketball,182.0,3466.0
2001-02,Girls,South Dakota,Competitive Spirit Squads,22.0,275.0
2001-02,Girls,South Dakota,Cross Country,79.0,622.0
2001-02,Girls,Tennessee,Basketball,344.0,4754.0
2001-02,Girls,Tennessee,Competitive Spirit Squads,333.0,1000.0
2001-02,Girls,Tennessee,Cross Country,220.0,1980.0
2001-02,Girls,Vermont,Basketball,73.0,1893.0
2001-02,Girls,Vermont,Competitive Spirit Squads,23.0,384.0
2001-02,Girls,Vermont,Cross Country,45.0,489.0
2001-02,Girls,Vermont,Field Hockey,281101.0,
2001-02,Girls,Virginia,Basketball,283.0,7768.0
2001-02,Girls,Virginia,Competitive Spirit Squads,288.0,9162.0
2001-02,Girls,Virginia,Cross Country,254.0,3243.0
2001-02,Girls,Virginia,Field Hockey,106.0,3622.0
2001-02,Girls,Washington,Basketball,374.0,9986.0
2001-02,Girls,Washington,Cross Country,268.0,3252.0
2001-02,Girls,West Virginia,Basketball,131.0,2526.0
2001-02,Girls,West Virginia,Competitive Spirit Squads,120.0,2319.0
2001-02,Girls,West Virginia,Cross Country,70.0,639.0
2001-02,Girls,Wisconsin,Basketball,475.0,13671.0
2001-02,Girls,Wisconsin,Cross Country,375.0,4885.0
2001-02,Girls,Wyoming,Basketball,69.0,1608.0
2001-02,Girls,Wyoming,Competitive Spirit Squads,,494.0
2001-02,Girls,Wyoming,Cross Country,34.0,331.0
2001-02,Girls,Alabama,Golf,64.0,191.0
2001-02,Girls,Alaska,Gymnastics,,145.0
2001-02,Girls,Alaska,Skiing Cross Country,,387.0
2001-02,Girls,Arizona,Golf,101.0,652.0
2001-02,Girls,Arkansas,Golf,76.0,372.0
2001-02,Girls,Arkansas,Gymnastics,,202.0
2001-02,Girls,California,Golf,639.0,4588.0
2001-02,Girls,California,Gymnastics,66.0,
2001-02,Girls,California,Skiing Cross Country,,18.0
2001-02,Girls,California,Skiing Alpine,29.0,371.0
2001-02,Girls,Colorado,Golf,112.0,1324.0
2001-02,Girls,Colorado,Gymnastics,59.0,
2001-02,Girls,Colorado,Skiing Cross Country,,59.0
2001-02,Girls,Colorado,Skiing Alpine,14.0,114.0
2001-02,Girls,Connecticut,Golf,42.0,127.0
2001-02,Girls,Connecticut,Gymnastics,66.0,
2001-02,Girls,Delaware,Golf,16.0,29.0
2001-02,Girls,District of Columbia,Golf,,25.0
2001-02,Girls,District of Columbia,Skiing Alpine,,250.0
2001-02,Girls,Florida,Golf,333.0,2161.0
2001-02,Girls,Georgia,Golf,248.0,4143.0
2001-02,Girls,Georgia,Gymnastics,30.0,398.0
2001-02,Girls,Hawaii,Golf,41.0,161.0
2001-02,Girls,Hawaii,Gymnastics,,44.0
2001-02,Girls,Idaho,Golf,87.0,778.0
2001-02,Girls,Idaho,Skiing Cross Country,,105.0
2001-02,Girls,Idaho,Gymnastics,97.0,1754.0
2001-02,Girls,Indiana,Golf,244.0,2156.0
2001-02,Girls,Indiana,Gymnastics,89.0,986.0
2001-02,Girls,Kansas,Golf,104.0,1020.0
2001-02,Girls,Kansas,Gymnastics,20.0,267.0
2001-02,Girls,Kentucky,Golf,226.0,1379.0
2001-02,Girls,Louisiana,Golf,101.0,320.0
2001-02,Girls,Louisiana,Gymnastics,19.0,217.0
2001-02,Girls,Maine,Golf,45.0,76.0
2001-02,Girls,Maine,Gymnastics,23.0,136.0
2001-02,Girls,Maine,Skiing Cross Country,39.0,313.0
2001-02,Girls,Maine,Skiing Alpine,46.0,
2001-02,Girls,Maryland,Golf,64.0,217.0
2001-02,Girls,Maryland,Gymnastics,,80.0
2001-02,Girls,Maryland,Skiing Alpine,66.0,
2001-02,Girls,Massachusetts,Golf,39.0,429.0
2001-02,Girls,Massachusetts,Gymnastics,97.0,1378.0
2001-02,Girls,Massachusetts,Skiing Cross Country,19.0,307.0
2001-02,Girls,Massachusetts,Skiing Alpine,,878.0
2001-02,Girls,Michigan,Golf,317.0,3863.0
2001-02,Girls,Michigan,Gymnastics,87.0,1063.0
2001-02,Girls,Michigan,Skiing Cross Country,,47.0
2001-02,Girls,Michigan,Skiing Alpine,87.0,823.0
2001-02,Girls,Minnesota,Golf,369.0,4931.0
2001-02,Girls,Minnesota,Gymnastics,192.0,3096.0
2001-02,Girls,Minnesota,Skiing Cross Country,104.0,2169.0
2001-02,Girls,Minnesota,Skiing Alpine,78788.0,
2001-02,Girls,Mississippi,Golf,,105.0
2001-02,Girls,Missouri,Golf,137.0,1466.0
2001-02,Girls,Missouri,Gymnastics,,25.0
2001-02,Girls,Montana,Golf,144.0,904.0
2001-02,Girls,Nebraska,Golf,129.0,1066.0
2001-02,Girls,Nebraska,Gymnastics,17.0,134.0
2001-02,Girls,Nevada,Golf,60.0,433.0
2001-02,Girls,Nevada,Skiing Alpine,15.0,158.0
2001-02,Girls,New Hampshire,Golf,31.0,43.0
2001-02,Girls,New Hampshire,Gymnastics,20.0,159.0
2001-02,Girls,New Hampshire,Skiing Cross Country,51.0,282.0
2001-02,Girls,New Hampshire,Skiing Alpine,51.0,395.0
2001-02,Girls,New Jersey,Golf,56.0,401.0
2001-02,Girls,New Jersey,Gymnastics,68.0,887.0
2001-02,Girls,New Jersey,Skiing Alpine,,133.0
2001-02,Girls,New Mexico,Golf,63.0,346.0
2001-02,Girls,New York,Golf,107.0,774.0
2001-02,Girls,New York,Gymnastics,119.0,1627.0
2001-02,Girls,New York,Skiing Cross Country,118.0,948.0
2001-02,Girls,North Carolina,Golf,132.0,526.0
2001-02,Girls,North Carolina,Gymnastics,11.0,94.0
2001-02,Girls,North Dakota,Golf,102.0,654.0
2001-02,Girls,North Dakota,Gymnastics,17.0,125.0
2001-02,Girls,North Dakota,Skiing Alpine,,48.0
2001-02,Girls,Oklahoma,Golf,201.0,1025.0
2001-02,Girls,Oregon,Golf,139.0,1182.0
2001-02,Girls,Pennsylvania,Golf,290.0,2900.0
2001-02,Girls,Pennsylvania,Gymnastics,21.0,210.0
2001-02,Girls,Rhode Island,Golf,,31.0
2001-02,Girls,Rhode Island,Gymnastics,21.0,178.0
2001-02,Girls,South Carolina,Golf,48.0,320.0
2001-02,Girls,South Dakota,Golf,83.0,86.0
2001-02,Girls,South Dakota,Gymnastics,30.0,318.0
2001-02,Girls,Tennessee,Golf,251.0,704.0
2001-02,Girls,Utah,Golf,28.0,61.0
2001-02,Girls,Vermont,Golf,36.0,114.0
2001-02,Girls,Vermont,Gymnastics,12.0,120.0
2001-02,Girls,Vermont,Skiing Cross Country,25.0,243.0
2001-02,Girls,Vermont,Skiing Alpine,26.0,200.0
2001-02,Girls,Virginia,Golf,77.0,186.0
2001-02,Girls,Virginia,Gymnastics,68.0,816.0
2001-02,Girls,West Virginia,Golf,33.0,40.0
2001-02,Girls,Wisconsin,Golf,126.0,1492.0
2001-02,Girls,Wisconsin,Gymnastics,91.0,1325.0
2001-02,Girls,Wisconsin,Skiing Cross Country,,96.0
2001-02,Girls,Wyoming,Golf,36.0,242.0
2001-02,Girls,Wyoming,Gymnastics,,105.0
2001-02,Girls,Wyoming,Skiing Alpine,,60.0
2001-02,Girls,Alabama,Soccer,97.0,2487.0
2001-02,Girls,Alabama,Softball Fast Pitch,323.0,5168.0
2001-02,Girls,Alabama,Softball Slow Pitch,47.0,792.0
2001-02,Girls,Alabama,Swimming and Diving,31.0,266.0
2001-02,Girls,Alaska,Soccer,26.0,831.0
2001-02,Girls,Alaska,Softball Fast Pitch,25.0,654.0
2001-02,Girls,Alaska,Swimming and Diving,28.0,506.0
2001-02,Girls,Arizona,Soccer,135.0,3789.0
2001-02,Girls,Arizona,Softball Fast Pitch,182.0,5763.0
2001-02,Girls,Arizona,Swimming and Diving,90.0,2277.0
2001-02,Girls,Arkansas,Soccer,36.0,997.0
2001-02,Girls,Arkansas,Softball Fast Pitch,84.0,2928.0
2001-02,Girls,Arkansas,Softball Slow Pitch,117.0,708.0
2001-02,Girls,Arkansas,Swimming and Diving,28.0,243.0
2001-02,Girls,California,Soccer,1032.0,34663.0
2001-02,Girls,California,Softball Fast Pitch,1009.0,30093.0
2001-02,Girls,California,Softball Slow Pitch,56.0,1899.0
2001-02,Girls,California,Swimming and Diving,762.0,
2001-02,Girls,Colorado,Soccer,161.0,5723.0
2001-02,Girls,Colorado,Softball Fast Pitch,135.0,3974.0
2001-02,Girls,Colorado,Swimming and Diving,116.0,3638.0
2001-02,Girls,Connecticut,Soccer,148.0,4889.0
2001-02,Girls,Connecticut,Softball Fast Pitch,175.0,4582.0
2001-02,Girls,Connecticut,Swimming and Diving,106.0,2807.0
2001-02,Girls,Delaware,Soccer,38.0,1228.0
2001-02,Girls,Delaware,Softball Fast Pitch,38.0,1228.0
2001-02,Girls,Delaware,Swimming and Diving,28.0,615.0
2001-02,Girls,District of Columbia,Soccer,,81.0
2001-02,Girls,District of Columbia,Softball Fast Pitch,12.0,186.0
2001-02,Girls,District of Columbia,Swimming and Diving,,31.0
2001-02,Girls,Florida,Soccer,447.0,11415.0
2001-02,Girls,Florida,Softball Fast Pitch,500.0,10570.0
2001-02,Girls,Florida,Swimming and Diving,368.0,7473.0
2001-02,Girls,Georgia,Soccer,273.0,7329.0
2001-02,Girls,Georgia,Softball Fast Pitch,280.0,6351.0
2001-02,Girls,Georgia,Softball Slow Pitch,91.0,1870.0
2001-02,Girls,Georgia,Swimming and Diving,156.0,2738.0
2001-02,Girls,Hawaii,Soccer,57.0,1568.0
2001-02,Girls,Hawaii,Softball Fast Pitch,52.0,955.0
2001-02,Girls,Hawaii,Swimming and Diving,55.0,663.0
2001-02,Girls,Idaho,Soccer,62.0,1592.0
2001-02,Girls,Idaho,Softball Fast Pitch,96.0,2331.0
2001-02,Girls,Idaho,Softball Slow Pitch,12.0,202.0
2001-02,Girls,Illinois,Soccer,325.0,13965.0
2001-02,Girls,Illinois,Softball Fast Pitch,630.0,
2001-02,Girls,Illinois,Swimming and Diving,261.0,6555.0
2001-02,Girls,Indiana,Soccer,201.0,5398.0
2001-02,Girls,Indiana,Softball Fast Pitch,351.0,8086.0
2001-02,Girls,Indiana,Swimming and Diving,226.0,4194.0
2001-02,Girls,Iowa,Soccer,78.0,2972.0
2001-02,Girls,Iowa,Softball Fast Pitch,386.0,8673.0
2001-02,Girls,Iowa,Swimming and Diving,58.0,1774.0
2001-02,Girls,Kansas,Soccer,66.0,2391.0
2001-02,Girls,Kansas,Softball Fast Pitch,203.0,4996.0
2001-02,Girls,Kansas,Swimming and Diving,59.0,1360.0
2001-02,Girls,Kentucky,Soccer,154.0,3930.0
2001-02,Girls,Kentucky,Softball Fast Pitch,259.0,5674.0
2001-02,Girls,Kentucky,Softball Slow Pitch,19.0,420.0
2001-02,Girls,Kentucky,Swimming and Diving,126.0,1831.0
2001-02,Girls,Louisiana,Soccer,110.0,1650.0
2001-02,Girls,Louisiana,Softball Fast Pitch,362.0,5430.0
2001-02,Girls,Louisiana,Swimming and Diving,46.0,460.0
2001-02,Girls,Maine,Soccer,130.0,3926.0
2001-02,Girls,Maine,Softball Fast Pitch,127.0,3224.0
2001-02,Girls,Maine,Swimming and Diving,52.0,958.0
2001-02,Girls,Maryland,Soccer,161.0,
2001-02,Girls,Maryland,Softball Fast Pitch,172.0,4589.0
2001-02,Girls,Maryland,Swimming and Diving,77.0,1854.0
2001-02,Girls,Massachusetts,Soccer,289.0,
2001-02,Girls,Massachusetts,Softball Fast Pitch,333.0,10921.0
2001-02,Girls,Massachusetts,Swimming and Diving,133.0,4155.0
2001-02,Girls,Michigan,Soccer,373.0,
2001-02,Girls,Michigan,Softball Fast Pitch,608.0,17052.0
2001-02,Girls,Michigan,Swimming and Diving,251.0,6624.0
2001-02,Girls,Minnesota,Soccer,168.0,
2001-02,Girls,Minnesota,Softball Fast Pitch,398.0,
2001-02,Girls,Minnesota,Swimming and Diving,180.0,6892.0
2001-02,Girls,Mississippi,Soccer,89.0,1776.0
2001-02,Girls,Mississippi,Softball Fast Pitch,134.0,4643.0
2001-02,Girls,Mississippi,Softball Slow Pitch,213.0,4643.0
2001-02,Girls,Mississippi,Swimming and Diving,60.0,1413.0
2001-02,Girls,Missouri,Soccer,176.0,
2001-02,Girls,Missouri,Softball Fast Pitch,448.0,9950.0
2001-02,Girls,Missouri,Swimming and Diving,98.0,2612.0
2001-02,Girls,Montana,Soccer,22.0,620.0
2001-02,Girls,Montana,Softball Fast Pitch,39.0,944.0
2001-02,Girls,Montana,Swimming and Diving,14.0,217.0
2001-02,Girls,Nebraska,Soccer,66.0,2086.0
2001-02,Girls,Nebraska,Softball Fast Pitch,91.0,2090.0
2001-02,Girls,Nebraska,Swimming and Diving,51.0,981.0
2001-02,Girls,Nevada,Soccer,54.0,1670.0
2001-02,Girls,Nevada,Softball Fast Pitch,72.0,1755.0
2001-02,Girls,Nevada,Swimming and Diving,44.0,864.0
2001-02,Girls,New Hampshire,Soccer,71.0,2643.0
2001-02,Girls,New Hampshire,Softball Fast Pitch,86.0,2288.0
2001-02,Girls,New Hampshire,Swimming and Diving,25.0,483.0
2001-02,Girls,New Jersey,Soccer,326.0,11884.0
2001-02,Girls,New Jersey,Softball Fast Pitch,385.0,
2001-02,Girls,New Jersey,Swimming and Diving,124.0,5071.0
2001-02,Girls,New Mexico,Soccer,52.0,1741.0
2001-02,Girls,New Mexico,Softball Fast Pitch,72.0,1358.0
2001-02,Girls,New Mexico,Swimming and Diving,33.0,590.0
2001-02,Girls,New York,Soccer,714.0,22278.0
2001-02,Girls,New York,Softball Fast Pitch,737.0,
2001-02,Girls,New York,Swimming and Diving,323.0,7336.0
2001-02,Girls,North Carolina,Soccer,252.0,7317.0
2001-02,Girls,North Carolina,Softball Fast Pitch,333.0,
2001-02,Girls,North Carolina,Swimming and Diving,178.0,3415.0
2001-02,Girls,North Dakota,Soccer,17.0,720.0
2001-02,Girls,North Dakota,Swimming and Diving,16.0,337.0
2001-02,Girls,North Dakota,Softball Fast Pitch,762.0,
2001-02,Girls,North Dakota,Softball Slow Pitch,28.0,540.0
2001-02,Girls,Oklahoma,Soccer,86.0,1702.0
2001-02,Girls,Oklahoma,Softball Fast Pitch,381.0,5130.0
2001-02,Girls,Oklahoma,Softball Slow Pitch,342.0,5130.0
2001-02,Girls,Oklahoma,Swimming and Diving,44.0,530.0
2001-02,Girls,Oregon,Soccer,147.0,4557.0
2001-02,Girls,Oregon,Softball Fast Pitch,199.0,5092.0
2001-02,Girls,Oregon,Swimming and Diving,117.0,2428.0
2001-02,Girls,Pennsylvania,Soccer,445.0,15575.0
2001-02,Girls,Pennsylvania,Softball Fast Pitch,597.0,20895.0
2001-02,Girls,Pennsylvania,Swimming and Diving,286.0,5148.0
2001-02,Girls,Rhode Island,Soccer,45.0,1429.0
2001-02,Girls,Rhode Island,Softball Fast Pitch,34.0,788.0
2001-02,Girls,Rhode Island,Softball Slow Pitch,16.0,355.0
2001-02,Girls,Rhode Island,Swimming and Diving,27.0,529.0
2001-02,Girls,South Carolina,Soccer,107.0,2992.0
2001-02,Girls,South Carolina,Softball Fast Pitch,183.0,4719.0
2001-02,Girls,South Carolina,Swimming and Diving,56.0,1005.0
2001-02,Girls,Tennessee,Soccer,196.0,4130.0
2001-02,Girls,Tennessee,Softball Fast Pitch,326.0,6008.0
2001-02,Girls,Tennessee,Swimming and Diving,369.0,5924.0
2001-02,Girls,Utah,Soccer,76.0,2435.0
2001-02,Girls,Utah,Softball Fast Pitch,89.0,2039.0
2001-02,Girls,Utah,Swimming and Diving,69.0,1163.0
2001-02,Girls,Vermont,Soccer,78.0,2531.0
2001-02,Girls,Vermont,Softball Fast Pitch,61.0,1560.0
2001-02,Girls,Vermont,Softball Slow Pitch,,65.0
2001-02,Girls,Vermont,Swimming and Diving,,65.0
2001-02,Girls,Virginia,Soccer,237.0,6418.0
2001-02,Girls,Virginia,Softball Fast Pitch,281.0,7436.0
2001-02,Girls,Virginia,Swimming and Diving,136.0,3175.0
2001-02,Girls,Washington,Soccer,256.0,8602.0
2001-02,Girls,Washington,Softball Fast Pitch,295.0,8583.0
2001-02,Girls,Washington,Softball Slow Pitch,42.0,630.0
2001-02,Girls,Washington,Swimming and Diving,158.0,4222.0
2001-02,Girls,West Virginia,Soccer,65.0,
2001-02,Girls,West Virginia,Softball Fast Pitch,118.0,2445.0
2001-02,Girls,West Virginia,Swimming and Diving,31.0,
2001-02,Girls,Wisconsin,Soccer,213.0,7690.0
2001-02,Girls,Wisconsin,Softball Fast Pitch,429.0,11867.0
2001-02,Girls,Wisconsin,Swimming and Diving,133.0,4062.0
2001-02,Girls,Wyoming,Soccer,19.0,606.0
2001-02,Girls,Wyoming,Swimming and Diving,28.0,613.0
2001-02,Girls,Wyoming,Softball Fast Pitch,,66.0
2001-02,Girls,Alabama,Tennis,153.0,1559.0
2001-02,Girls,Alabama,Track and Field Indoor,,419.0
2001-02,Girls,Alabama,Track and Field Outdoor,284.0,4290.0
2001-02,Girls,Alabama,Volleyball,303.0,4696.0
2001-02,Girls,Alaska,Tennis,,181.0
2001-02,Girls,Alaska,Track and Field Outdoor,40.0,825.0
2001-02,Girls,Alaska,Volleyball,98.0,1712.0
2001-02,Girls,Arizona,Tennis,122.0,1944.0
2001-02,Girls,Arizona,Track and Field Outdoor,179.0,4840.0
2001-02,Girls,Arizona,Volleyball,201.0,6215.0
2001-02,Girls,Arkansas,Tennis,66.0,746.0
2001-02,Girls,Arkansas,Track and Field Outdoor,156.0,3278.0
2001-02,Girls,Arkansas,Volleyball,63.0,2008.0
2001-02,Girls,California,Tennis,876.0,18812.0
2001-02,Girls,California,Track and Field Outdoor,993.0,33153.0
2001-02,Girls,California,Volleyball,1145.0,34194.0
2001-02,Girls,Colorado,Tennis,124.0,3238.0
2001-02,Girls,Colorado,Track and Field Outdoor,288.0,6385.0
2001-02,Girls,Colorado,Volleyball,300.0,8836.0
2001-02,Girls,Connecticut,Tennis,142.0,2756.0
2001-02,Girls,Connecticut,Track and Field Indoor,132.0,3440.0
2001-02,Girls,Connecticut,Track and Field Outdoor,160.0,5453.0
2001-02,Girls,Connecticut,Volleyball,139.0,3524.0
2001-02,Girls,Delaware,Tennis,31.0,480.0
2001-02,Girls,Delaware,Track and Field Indoor,29.0,510.0
2001-02,Girls,Delaware,Track and Field Outdoor,32.0,704.0
2001-02,Girls,Delaware,Volleyball,36.0,1058.0
2001-02,Girls,Florida,Tennis,417.0,4292.0
2001-02,Girls,Florida,Track and Field Outdoor,516.0,13295.0
2001-02,Girls,Florida,Volleyball,532.0,11990.0
2001-02,Girls,Georgia,Track and Field Outdoor,341.0,8193.0
2001-02,Girls,Georgia,Volleyball,207.0,4300.0
2001-02,Girls,Hawaii,Tennis,57.0,881.0
2001-02,Girls,Hawaii,Track and Field Outdoor,57.0,1205.0
2001-02,Girls,Hawaii,Volleyball,65.0,1725.0
2001-02,Girls,Idaho,Tennis,52.0,1120.0
2001-02,Girls,Idaho,Track and Field Outdoor,156.0,3168.0
2001-02,Girls,Idaho,Volleyball,167.0,4539.0
2001-02,Girls,Indiana,Tennis,303.0,5060.0
2001-02,Girls,Indiana,Track and Field Outdoor,366.0,8282.0
2001-02,Girls,Indiana,Volleyball,382.0,8963.0
2001-02,Girls,Indiana,Track and Field Indoor,71.0,1616.0
2001-02,Girls,Kansas,Tennis,139.0,
2001-02,Girls,Kansas,Track and Field Outdoor,364.0,6535.0
2001-02,Girls,Kansas,Volleyball,366.0,9488.0
2001-02,Girls,Kentucky,Tennis,216.0,
2001-02,Girls,Kentucky,Track and Field Outdoor,245.0,4560.0
2001-02,Girls,Kentucky,Volleyball,216.0,4584.0
2001-02,Girls,Louisiana,Tennis,150.0,
2001-02,Girls,Louisiana,Track and Field Indoor,83.0,821.0
2001-02,Girls,Louisiana,Track and Field Outdoor,370.0,4056.0
2001-02,Girls,Louisiana,Volleyball,167.0,4038.0
2001-02,Girls,Maine,Tennis,72.0,
2001-02,Girls,Maine,Track and Field Indoor,54.0,971.0
2001-02,Girls,Maine,Track and Field Outdoor,101.0,2508.0
2001-02,Girls,Maine,Volleyball,21.0,357.0
2001-02,Girls,Maryland,Tennis,169.0,2010.0
2001-02,Girls,Maryland,Track and Field Indoor,171.0,3487.0
2001-02,Girls,Maryland,Track and Field Outdoor,171.0,4483.0
2001-02,Girls,Maryland,Volleyball,169.0,3483.0
2001-02,Girls,Massachusetts,Tennis,225.0,4206.0
2001-02,Girls,Massachusetts,Track and Field Indoor,201.0,6361.0
2001-02,Girls,Massachusetts,Track and Field Outdoor,266.0,10474.0
2001-02,Girls,Massachusetts,Volleyball,213.0,5373.0
2001-02,Girls,Michigan,Tennis,336.0,9044.0
2001-02,Girls,Michigan,Track and Field Indoor,24.0,354.0
2001-02,Girls,Michigan,Track and Field Outdoor,645.0,18555.0
2001-02,Girls,Michigan,Volleyball,699.0,21527.0
2001-02,Girls,Minnesota,Tennis,223.0,5916.0
2001-02,Girls,Minnesota,Track and Field Outdoor,424.0,13882.0
2001-02,Girls,Minnesota,Volleyball,432.0,15492.0
2001-02,Girls,Mississippi,Tennis,145.0,1336.0
2001-02,Girls,Mississippi,Track and Field Indoor,60.0,315.0
2001-02,Girls,Mississippi,Track and Field Outdoor,223.0,4195.0
2001-02,Girls,Mississippi,Volleyball,61.0,1502.0
2001-02,Girls,Missouri,Tennis,171.0,3110.0
2001-02,Girls,Missouri,Track and Field Outdoor,455.0,11016.0
2001-02,Girls,Missouri,Volleyball,416.0,10779.0
2001-02,Girls,Montana,Tennis,43.0,827.0
2001-02,Girls,Montana,Track and Field Outdoor,169.0,2631.0
2001-02,Girls,Montana,Volleyball,130.0,3862.0
2001-02,Girls,Nebraska,Tennis,61.0,1211.0
2001-02,Girls,Nebraska,Track and Field Outdoor,319.0,6587.0
2001-02,Girls,Nebraska,Volleyball,321.0,8314.0
2001-02,Girls,Nevada,Tennis,40.0,538.0
2001-02,Girls,Nevada,Track and Field Outdoor,83.0,1809.0
2001-02,Girls,Nevada,Volleyball,82.0,2401.0
2001-02,Girls,New Hampshire,Tennis,50.0,842.0
2001-02,Girls,New Hampshire,Track and Field Indoor,45.0,
2001-02,Girls,New Hampshire,Track and Field Outdoor,69.0,2065.0
2001-02,Girls,New Hampshire,Volleyball,52.0,1275.0
2001-02,Girls,New Jersey,Tennis,335.0,6205.0
2001-02,Girls,New Jersey,Track and Field Indoor,200.0,6567.0
2001-02,Girls,New Jersey,Track and Field Outdoor,333.0,11954.0
2001-02,Girls,New Jersey,Volleyball,167.0,4554.0
2001-02,Girls,New Mexico,Tennis,60.0,437.0
2001-02,Girls,New Mexico,Track and Field Outdoor,122.0,2565.0
2001-02,Girls,New Mexico,Volleyball,125.0,3487.0
2001-02,Girls,New York,Tennis,445.0,8520.0
2001-02,Girls,New York,Track and Field Indoor,340.0,8165.0
2001-02,Girls,New York,Track and Field Outdoor,675.0,
2001-02,Girls,New York,Volleyball,625.0,14918.0
2001-02,Girls,North Carolina,Tennis,284.0,3415.0
2001-02,Girls,North Carolina,Track and Field Indoor,126.0,1327.0
2001-02,Girls,North Carolina,Track and Field Outdoor,319.0,8069.0
2001-02,Girls,North Carolina,Volleyball,336.0,7268.0
2001-02,Girls,North Dakota,Tennis,20.0,387.0
2001-02,Girls,North Dakota,Track and Field Outdoor,161.0,
2001-02,Girls,North Dakota,Volleyball,160.0,3536.0
2001-02,Girls,North Dakota,Track and Field Indoor,156.0,2936.0
2001-02,Girls,Oklahoma,Tennis,107.0,963.0
2001-02,Girls,Oklahoma,Track and Field Indoor,25.0,320.0
2001-02,Girls,Oklahoma,Track and Field Outdoor,390.0,
2001-02,Girls,Oklahoma,Volleyball,80.0,1020.0
2001-02,Girls,Oregon,Tennis,118.0,2480.0
2001-02,Girls,Oregon,Track and Field Outdoor,252.0,
2001-02,Girls,Oregon,Volleyball,265.0,6880.0
2001-02,Girls,Pennsylvania,Tennis,374.0,3740.0
2001-02,Girls,Pennsylvania,Track and Field Indoor,138.0,2484.0
2001-02,Girls,Pennsylvania,Track and Field Outdoor,517.0,16544.0
2001-02,Girls,Pennsylvania,Volleyball,489.0,8802.0
2001-02,Girls,Rhode Island,Tennis,44.0,911.0
2001-02,Girls,Rhode Island,Track and Field Indoor,37.0,1043.0
2001-02,Girls,Rhode Island,Track and Field Outdoor,37.0,1246.0
2001-02,Girls,Rhode Island,Volleyball,,912.0
2001-02,Girls,South Carolina,Tennis,123.0,1655.0
2001-02,Girls,South Carolina,Track and Field Outdoor,182.0,5122.0
2001-02,Girls,South Carolina,Volleyball,182.0,3860.0
2001-02,Girls,South Dakota,Tennis,18.0,288.0
2001-02,Girls,South Dakota,Track and Field Outdoor,170.0,2856.0
2001-02,Girls,South Dakota,Volleyball,170.0,3501.0
2001-02,Girls,Tennessee,Tennis,243.0,1823.0
2001-02,Girls,Tennessee,Volleyball,260.0,4312.0
2001-02,Girls,Tennessee,Track and Field Outdoor,1199.0,65574.0
2001-02,Girls,Utah,Tennis,79.0,1253.0
2001-02,Girls,Utah,Track and Field Outdoor,112.0,3156.0
2001-02,Girls,Utah,Volleyball,118.0,
2001-02,Girls,Vermont,Tennis,24.0,388.0
2001-02,Girls,Vermont,Track and Field Indoor,18.0,146.0
2001-02,Girls,Vermont,Track and Field Outdoor,45.0,1034.0
2001-02,Girls,Virginia,Tennis,241.0,3228.0
2001-02,Girls,Virginia,Track and Field Indoor,168.0,3961.0
2001-02,Girls,Virginia,Track and Field Outdoor,283.0,7633.0
2001-02,Girls,Virginia,Volleyball,263.0,6294.0
2001-02,Girls,Washington,Tennis,244.0,6642.0
2001-02,Girls,Washington,Track and Field Outdoor,342.0,9191.0
2001-02,Girls,Washington,Volleyball,366.0,10435.0
2001-02,Girls,West Virginia,Tennis,79.0,885.0
2001-02,Girls,West Virginia,Track and Field Outdoor,105.0,2271.0
2001-02,Girls,West Virginia,Volleyball,107.0,2204.0
2001-02,Girls,Wisconsin,Tennis,199.0,423.0
2001-02,Girls,Wisconsin,Volleyball,469.0,16945.0
2001-02,Girls,Wyoming,Tennis,16.0,306.0
2001-02,Girls,Wyoming,Track and Field Indoor,13.0,220.0
2001-02,Girls,Wyoming,Track and Field Outdoor,68.0,1339.0
2001-02,Girls,Wyoming,Volleyball,65.0,1682.0
2002-03,Girls,Alabama,Competitive Spirit Squads,126.0,765.0
2002-03,Girls,Alaska,Basketball,31.0,588.0
2002-03,Girls,Alaska,Competitive Spirit Squads,97.0,810.0
2002-03,Girls,Arizona,Basketball,122.0,
2002-03,Girls,Arizona,Competitive Spirit Squads,163.0,
2002-03,Girls,Arkansas,Basketball,60.0,1414.0
2002-03,Girls,Arkansas,Competitive Spirit Squads,56.0,537.0
2002-03,Girls,California,Basketball,411.0,42921.0
2002-03,Girls,California,Competitive Spirit Squads,971.0,16618.0
2002-03,Girls,California,Cross Country,632170.0,
2002-03,Girls,Colorado,Basketball,230.0,5351.0
2002-03,Girls,Colorado,Cross Country,15.0,
2002-03,Girls,Connecticut,Basketball,133.0,4800.0
2002-03,Girls,Connecticut,Competitive Spirit Squads,164.0,2277.0
2002-03,Girls,Connecticut,Cross Country,72.0,3245.0
2002-03,Girls,Delaware,Competitive Spirit Squads,39.0,557.0
2002-03,Girls,District of Columbia,Basketball,42.0,275.0
2002-03,Girls,District of Columbia,Competitive Spirit Squads,12.0,140.0
2002-03,Girls,Florida,Competitive Spirit Squads,436.0,5344.0
2002-03,Girls,Georgia,Basketball,211.0,4305.0
2002-03,Girls,Georgia,Competitive Spirit Squads,311.0,3690.0
2002-03,Girls,Hawaii,Basketball,47.0,724.0
2002-03,Girls,Hawaii,Competitive Spirit Squads,60.0,794.0
2002-03,Girls,Illinois,Competitive Spirit Squads,472.0,7819.0
2002-03,Girls,Indiana,Competitive Spirit Squads,376.0,3981.0
2002-03,Girls,Indiana,Basketball,57.0,2548.0
2002-03,Girls,Kansas,Competitive Spirit Squads,214.0,
2002-03,Girls,Kentucky,Basketball,279.0,5444.0
2002-03,Girls,Kentucky,Competitive Spirit Squads,243.0,2427.0
2002-03,Girls,Louisiana,Competitive Spirit Squads,307.0,1225.0
2002-03,Girls,Louisiana,Basketball,97.0,1864.0
2002-03,Girls,Louisiana,Cross Country,78.0,3025.0
2002-03,Girls,Maryland,Competitive Spirit Squads,165.0,2100.0
2002-03,Girls,Maryland,Cross Country,120.0,
2002-03,Girls,Massachusetts,Competitive Spirit Squads,275.0,3968.0
2002-03,Girls,Massachusetts,Cross Country,202.0,8819.0
2002-03,Girls,Michigan,Basketball,165.0,4165.0
2002-03,Girls,Michigan,Competitive Spirit Squads,579.0,6630.0
2002-03,Girls,Michigan,Cross Country,16.0,
2002-03,Girls,Minnesota,Competitive Spirit Squads,316.0,4486.0
2002-03,Girls,Mississippi,Basketball,145.0,2500.0
2002-03,Girls,Mississippi,Competitive Spirit Squads,123.0,1820.0
2002-03,Girls,Missouri,Basketball,460.0,2200.0
2002-03,Girls,Missouri,Competitive Spirit Squads,306.0,
2002-03,Girls,Missouri,Cross Country,211114.0,
2002-03,Girls,Montana,Basketball,,406.0
2002-03,Girls,Montana,Competitive Spirit Squads,112.0,1067.0
2002-03,Girls,Nebraska,Competitive Spirit Squads,172.0,
2002-03,Girls,Nevada,Competitive Spirit Squads,59.0,561.0
2002-03,Girls,New Hampshire,Basketball,73.0,1912.0
2002-03,Girls,New Hampshire,Competitive Spirit Squads,68.0,736.0
2002-03,Girls,New Hampshire,Cross Country,55.0,
2002-03,Girls,New Jersey,Competitive Spirit Squads,318.0,3894.0
2002-03,Girls,New Jersey,Cross Country,221.0,9424.0
2002-03,Girls,New Mexico,Competitive Spirit Squads,107.0,992.0
2002-03,Girls,New York,Competitive Spirit Squads,539.0,6122.0
2002-03,Girls,New York,Cross Country,232.0,8508.0
2002-03,Girls,North Carolina,Basketball,333.0,13746.0
2002-03,Girls,North Carolina,Competitive Spirit Squads,302.0,
2002-03,Girls,North Carolina,Cross Country,,234.0
2002-03,Girls,North Dakota,Basketball,22.0,398.0
2002-03,Girls,North Dakota,Competitive Spirit Squads,59.0,365.0
2002-03,Girls,North Dakota,Cross Country,331194.0,
2002-03,Girls,Oklahoma,Basketball,178.0,1783.0
2002-03,Girls,Oklahoma,Competitive Spirit Squads,171.0,1238.0
2002-03,Girls,Oregon,Basketball,61.0,650.0
2002-03,Girls,Oregon,Competitive Spirit Squads,184.0,1928.0
2002-03,Girls,Pennsylvania,Competitive Spirit Squads,489.0,4940.0
2002-03,Girls,Pennsylvania,Cross Country,261.0,9135.0
2002-03,Girls,Rhode Island,Basketball,24.0,
2002-03,Girls,Rhode Island,Competitive Spirit Squads,,611.0
2002-03,Girls,Rhode Island,Cross Country,21.0,631.0
2002-03,Girls,South Carolina,Basketball,89.0,2602.0
2002-03,Girls,South Carolina,Competitive Spirit Squads,130.0,1488.0
2002-03,Girls,South Dakota,Basketball,20.0,224.0
2002-03,Girls,South Dakota,Competitive Spirit Squads,148.0,649.0
2002-03,Girls,Tennessee,Basketball,359.0,1500.0
2002-03,Girls,Tennessee,Competitive Spirit Squads,243.0,2105.0
2002-03,Girls,Vermont,Basketball,31.0,551.0
2002-03,Girls,Vermont,Competitive Spirit Squads,48.0,466.0
2002-03,Girls,Vermont,Cross Country,311227.0,
2002-03,Girls,Virginia,Basketball,289.0,9578.0
2002-03,Girls,Virginia,Competitive Spirit Squads,262.0,3356.0
2002-03,Girls,Virginia,Cross Country,108.0,
2002-03,Girls,Washington,Competitive Spirit Squads,276.0,
2002-03,Girls,West Virginia,Basketball,122.0,2236.0
2002-03,Girls,West Virginia,Competitive Spirit Squads,77.0,648.0
2002-03,Girls,Wisconsin,Competitive Spirit Squads,379.0,4874.0
2002-03,Girls,Wyoming,Basketball,39.0,486.0
2002-03,Girls,Wyoming,Competitive Spirit Squads,38.0,273.0
2002-03,Girls,Alabama,Golf,69.0,206.0
2002-03,Girls,Alaska,Gymnastics,10.0,154.0
2002-03,Girls,Alaska,Skiing Cross Country,30.0,375.0
2002-03,Girls,Arizona,Golf,103.0,719.0
2002-03,Girls,Arkansas,Golf,76.0,328.0
2002-03,Girls,Arkansas,Gymnastics,,106.0
2002-03,Girls,California,Golf,669.0,5547.0
2002-03,Girls,California,Gymnastics,46.0,859.0
2002-03,Girls,California,Skiing Cross Country,,32.0
2002-03,Girls,California,Skiing Alpine,27.0,190.0
2002-03,Girls,Colorado,Golf,130.0,1488.0
2002-03,Girls,Colorado,Gymnastics,78.0,1428.0
2002-03,Girls,Colorado,Skiing Cross Country,17.0,150.0
2002-03,Girls,Colorado,Skiing Alpine,17.0,150.0
2002-03,Girls,Connecticut,Golf,36.0,321.0
2002-03,Girls,Connecticut,Gymnastics,70.0,509.0
2002-03,Girls,Delaware,Golf,18.0,
2002-03,Girls,District of Columbia,Golf,,30.0
2002-03,Girls,District of Columbia,Skiing Alpine,10.0,275.0
2002-03,Girls,Florida,Golf,327.0,2164.0
2002-03,Girls,Georgia,Golf,248.0,1113.0
2002-03,Girls,Georgia,Gymnastics,30.0,398.0
2002-03,Girls,Hawaii,Golf,42.0,178.0
2002-03,Girls,Hawaii,Gymnastics,,36.0
2002-03,Girls,Idaho,Golf,90.0,544.0
2002-03,Girls,Idaho,Gymnastics,,16.0
2002-03,Girls,Idaho,Skiing Alpine,,35.0
2002-03,Girls,Indiana,Golf,265.0,2352.0
2002-03,Girls,Indiana,Gymnastics,92.0,1046.0
2002-03,Girls,Kansas,Golf,402.0,4029.0
2002-03,Girls,Kansas,Gymnastics,32.0,265.0
2002-03,Girls,Kentucky,Golf,226.0,1379.0
2002-03,Girls,Louisiana,Golf,101.0,320.0
2002-03,Girls,Louisiana,Gymnastics,19.0,217.0
2002-03,Girls,Maine,Golf,43.0,68.0
2002-03,Girls,Maine,Gymnastics,17.0,121.0
2002-03,Girls,Maine,Skiing Cross Country,39.0,
2002-03,Girls,Maine,Skiing Alpine,,295.0
2002-03,Girls,Maryland,Golf,89.0,173.0
2002-03,Girls,Maryland,Gymnastics,29.0,81.0
2002-03,Girls,Massachusetts,Golf,25.0,400.0
2002-03,Girls,Massachusetts,Gymnastics,99.0,4312.0
2002-03,Girls,Massachusetts,Skiing Cross Country,20.0,334.0
2002-03,Girls,Massachusetts,Skiing Alpine,68.0,885.0
2002-03,Girls,Michigan,Golf,317.0,3980.0
2002-03,Girls,Michigan,Gymnastics,,1408.0
2002-03,Girls,Michigan,Skiing Cross Country,,31.0
2002-03,Girls,Michigan,Skiing Alpine,90.0,789.0
2002-03,Girls,Minnesota,Golf,376.0,4982.0
2002-03,Girls,Minnesota,Gymnastics,189.0,3107.0
2002-03,Girls,Minnesota,Skiing Cross Country,107.0,
2002-03,Girls,Minnesota,Skiing Alpine,80.0,779.0
2002-03,Girls,Mississippi,Golf,,110.0
2002-03,Girls,Missouri,Golf,47.0,1520.0
2002-03,Girls,Missouri,Gymnastics,,25.0
2002-03,Girls,Montana,Golf,25.0,762.0
2002-03,Girls,Nebraska,Golf,425.0,1219.0
2002-03,Girls,Nevada,Golf,57.0,513.0
2002-03,Girls,Nevada,Skiing Alpine,,114.0
2002-03,Girls,New Hampshire,Golf,26.0,27.0
2002-03,Girls,New Hampshire,Gymnastics,23.0,152.0
2002-03,Girls,New Hampshire,Skiing Cross Country,60.0,269.0
2002-03,Girls,New Hampshire,Skiing Alpine,60.0,418.0
2002-03,Girls,New Jersey,Golf,59.0,
2002-03,Girls,New Jersey,Gymnastics,68.0,846.0
2002-03,Girls,New Jersey,Skiing Alpine,,158.0
2002-03,Girls,New Mexico,Golf,87.0,272.0
2002-03,Girls,New York,Golf,2.0,948.0
2002-03,Girls,New York,Gymnastics,116.0,1598.0
2002-03,Girls,New York,Skiing Cross Country,97.0,950.0
2002-03,Girls,North Carolina,Golf,2.0,606.0
2002-03,Girls,North Carolina,Gymnastics,10.0,59.0
2002-03,Girls,North Dakota,Golf,103.0,597.0
2002-03,Girls,North Dakota,Gymnastics,,84.0
2002-03,Girls,Ohio,Golf,81.0,1975.0
2002-03,Girls,Ohio,Gymnastics,99.0,1089.0
2002-03,Girls,Ohio,Skiing Alpine,,48.0
2002-03,Girls,Oklahoma,Golf,371.0,4295.0
2002-03,Girls,Oregon,Golf,38.0,1140.0
2002-03,Girls,Pennsylvania,Golf,295.0,2950.0
2002-03,Girls,Pennsylvania,Gymnastics,,210.0
2002-03,Girls,Rhode Island,Golf,,42.0
2002-03,Girls,Rhode Island,Gymnastics,23.0,182.0
2002-03,Girls,South Carolina,Golf,47.0,364.0
2002-03,Girls,South Dakota,Golf,131.0,794.0
2002-03,Girls,South Dakota,Gymnastics,35.0,328.0
2002-03,Girls,Tennessee,Golf,222.0,650.0
2002-03,Girls,Utah,Golf,38.0,82.0
2002-03,Girls,Vermont,Golf,38.0,135.0
2002-03,Girls,Vermont,Gymnastics,,110.0
2002-03,Girls,Vermont,Skiing Cross Country,23.0,232.0
2002-03,Girls,Vermont,Skiing Alpine,32.0,230.0
2002-03,Girls,Virginia,Golf,87.0,147.0
2002-03,Girls,Virginia,Gymnastics,70.0,801.0
2002-03,Girls,Washington,Golf,260.0,2259.0
2002-03,Girls,Washington,Gymnastics,79.0,1551.0
2002-03,Girls,West Virginia,Golf,28.0,42.0
2002-03,Girls,Wisconsin,Golf,36.0,1547.0
2002-03,Girls,Wisconsin,Gymnastics,94.0,4327.0
2002-03,Girls,Wyoming,Golf,36.0,187.0
2002-03,Girls,Wyoming,Gymnastics,,94.0
2002-03,Girls,Wyoming,Skiing Cross Country,,110.0
2002-03,Girls,Wyoming,Skiing Alpine,,49.0
2002-03,Girls,Alabama,Soccer,108.0,2769.0
2002-03,Girls,Alabama,Softball Slow Pitch,376.0,292.0
2002-03,Girls,Alaska,Soccer,29.0,866.0
2002-03,Girls,Alaska,Softball Slow Pitch,27.0,495.0
2002-03,Girls,Arizona,Soccer,148.0,4180.0
2002-03,Girls,Arizona,Softball Slow Pitch,201.0,2338.0
2002-03,Girls,Arkansas,Soccer,36.0,839.0
2002-03,Girls,Arkansas,Softball Fast Pitch,,62.0
2002-03,Girls,Arkansas,Softball Slow Pitch,84.0,
2002-03,Girls,California,Soccer,1028.0,
2002-03,Girls,California,Softball Fast Pitch,34.0,939.0
2002-03,Girls,California,Softball Slow Pitch,4002.0,23255.0
2002-03,Girls,Colorado,Soccer,166.0,5584.0
2002-03,Girls,Colorado,Softball Slow Pitch,148.0,3696.0
2002-03,Girls,Connecticut,Soccer,149.0,5188.0
2002-03,Girls,Connecticut,Softball Slow Pitch,172.0,3043.0
2002-03,Girls,Delaware,Soccer,39.0,1228.0
2002-03,Girls,Delaware,Softball Slow Pitch,38.0,
2002-03,Girls,District of Columbia,Soccer,,98.0
2002-03,Girls,District of Columbia,Softball Slow Pitch,12.0,46.0
2002-03,Girls,Florida,Soccer,416.0,12234.0
2002-03,Girls,Florida,Softball Fast Pitch,43.0,916.0
2002-03,Girls,Florida,Softball Slow Pitch,509.0,7417.0
2002-03,Girls,Georgia,Soccer,273.0,7329.0
2002-03,Girls,Georgia,Softball Fast Pitch,91.0,870.0
2002-03,Girls,Georgia,Softball Slow Pitch,280.0,2738.0
2002-03,Girls,Hawaii,Soccer,62.0,1653.0
2002-03,Girls,Hawaii,Softball Slow Pitch,51.0,
2002-03,Girls,Hawaii,Softball Fast Pitch,12.0,159.0
2002-03,Girls,Louisiana,Soccer,110.0,650.0
2002-03,Girls,Louisiana,Softball Slow Pitch,,460.0
2002-03,Girls,Maryland,Soccer,172.0,
2002-03,Girls,Maryland,Softball Slow Pitch,174.0,1875.0
2002-03,Girls,Massachusetts,Soccer,292.0,12173.0
2002-03,Girls,Massachusetts,Softball Slow Pitch,331.0,3976.0
2002-03,Girls,Michigan,Soccer,388.0,13608.0
2002-03,Girls,Michigan,Softball Slow Pitch,612.0,6647.0
2002-03,Girls,Minnesota,Soccer,180.0,
2002-03,Girls,Minnesota,Softball Slow Pitch,405.0,
2002-03,Girls,Mississippi,Soccer,99.0,
2002-03,Girls,Mississippi,Softball Fast Pitch,210.0,
2002-03,Girls,Mississippi,Softball Slow Pitch,170.0,1630.0
2002-03,Girls,Missouri,Soccer,181.0,6484.0
2002-03,Girls,Missouri,Softball Slow Pitch,457.0,2695.0
2002-03,Girls,Montana,Soccer,34.0,988.0
2002-03,Girls,Montana,Softball Slow Pitch,48.0,298.0
2002-03,Girls,Nebraska,Soccer,68.0,2090.0
2002-03,Girls,Nebraska,Softball Slow Pitch,91.0,929.0
2002-03,Girls,Nevada,Soccer,56.0,192.0
2002-03,Girls,Nevada,Softball Slow Pitch,76.0,944.0
2002-03,Girls,New Hampshire,Soccer,74.0,2724.0
2002-03,Girls,New Hampshire,Softball Slow Pitch,86.0,516.0
2002-03,Girls,New Jersey,Soccer,341.0,1336.0
2002-03,Girls,New Jersey,Softball Slow Pitch,401.0,4630.0
2002-03,Girls,New Mexico,Soccer,68.0,718.0
2002-03,Girls,New Mexico,Softball Slow Pitch,83.0,
2002-03,Girls,New York,Soccer,637.0,22213.0
2002-03,Girls,New York,Softball Slow Pitch,679.0,
2002-03,Girls,North Carolina,Soccer,269.0,
2002-03,Girls,North Carolina,Softball Slow Pitch,333.0,3726.0
2002-03,Girls,North Dakota,Soccer,18.0,719.0
2002-03,Girls,North Dakota,Softball Slow Pitch,,317.0
2002-03,Girls,North Dakota,Softball Fast Pitch,19.0,509.0
2002-03,Girls,Oklahoma,Soccer,86.0,1739.0
2002-03,Girls,Oklahoma,Softball Fast Pitch,340.0,31.0
2002-03,Girls,Oklahoma,Softball Slow Pitch,392.0,632.0
2002-03,Girls,Oregon,Soccer,140.0,
2002-03,Girls,Oregon,Softball Slow Pitch,195.0,2291.0
2002-03,Girls,Pennsylvania,Soccer,442.0,5470.0
2002-03,Girls,Pennsylvania,Softball Slow Pitch,602.0,5184.0
2002-03,Girls,Rhode Island,Soccer,45.0,1362.0
2002-03,Girls,Rhode Island,Softball Fast Pitch,13.0,239.0
2002-03,Girls,Rhode Island,Softball Slow Pitch,37.0,580.0
2002-03,Girls,South Carolina,Soccer,110.0,3154.0
2002-03,Girls,South Carolina,Softball Slow Pitch,187.0,
2002-03,Girls,Tennessee,Soccer,204.0,4350.0
2002-03,Girls,Tennessee,Softball Slow Pitch,333.0,
2002-03,Girls,Vermont,Soccer,,215.0
2002-03,Girls,Vermont,Softball Fast Pitch,,77.0
2002-03,Girls,Vermont,Softball Slow Pitch,64.0,10.0
2002-03,Girls,Virginia,Soccer,236.0,6737.0
2002-03,Girls,Virginia,Softball Slow Pitch,284.0,3315.0
2002-03,Girls,Washington,Soccer,258.0,8724.0
2002-03,Girls,Washington,Softball Slow Pitch,319.0,4304.0
2002-03,Girls,West Virginia,Soccer,67.0,1443.0
2002-03,Girls,West Virginia,Softball Slow Pitch,118.0,564.0
2002-03,Girls,Wisconsin,Soccer,219.0,8017.0
2002-03,Girls,Wisconsin,Softball Slow Pitch,437.0,3798.0
2002-03,Girls,Wyoming,Soccer,,547.0
2002-03,Girls,Wyoming,Softball Slow Pitch,,583.0
2003-04,Girls,Alabama,Basketball,399.0,5358.0
2003-04,Girls,Alabama,Field Hockey,128.0,787.0
2003-04,Girls,Alaska,Basketball,128.0,1840.0
2003-04,Girls,Alaska,Competitive Spirit Squads,,59.0
2003-04,Girls,Alaska,Cross Country,29.0,471.0
2003-04,Girls,Alaska,Field Hockey,100.0,778.0
2003-04,Girls,Arizona,Basketball,214.0,6160.0
2003-04,Girls,Arizona,Cross Country,115.0,3539.0
2003-04,Girls,Arizona,Field Hockey,161.0,
2003-04,Girls,Arkansas,Basketball,231.0,4043.0
2003-04,Girls,Arkansas,Cross Country,60.0,1318.0
2003-04,Girls,Arkansas,Field Hockey,56.0,468.0
2003-04,Girls,California,Basketball,1160.0,
2003-04,Girls,California,Competitive Spirit Squads,,54.0
2003-04,Girls,California,Cross Country,12924.0,12924.0
2003-04,Girls,California,Field Hockey,971.0,16618.0
2003-04,Girls,Colorado,Basketball,311.0,7579.0
2003-04,Girls,Colorado,Cross Country,229.0,5521.0
2003-04,Girls,Colorado,Field Hockey,200.0,
2003-04,Girls,Connecticut,Basketball,174.0,4263.0
2003-04,Girls,Connecticut,Cross Country,139.0,2068.0
2003-04,Girls,Connecticut,Field Hockey,158.0,2294.0
2003-04,Girls,Delaware,Basketball,42.0,968.0
2003-04,Girls,Delaware,Cross Country,11.0,274.0
2003-04,Girls,Delaware,Field Hockey,38.0,542.0
2003-04,Girls,District of Columbia,Basketball,13.0,249.0
2003-04,Girls,District of Columbia,Cross Country,12.0,269.0
2003-04,Girls,District of Columbia,Field Hockey,12.0,130.0
2003-04,Girls,Florida,Basketball,,10964.0
2003-04,Girls,Florida,Competitive Spirit Squads,116.0,1442.0
2003-04,Girls,Florida,Field Hockey,483.0,5576.0
2003-04,Girls,Georgia,Basketball,374.0,9171.0
2003-04,Girls,Georgia,Cross Country,232.0,4929.0
2003-04,Girls,Georgia,Field Hockey,329.0,3869.0
2003-04,Girls,Hawaii,Basketball,65.0,1651.0
2003-04,Girls,Hawaii,Competitive Spirit Squads,53.0,472.0
2003-04,Girls,Hawaii,Cross Country,48.0,744.0
2003-04,Girls,Hawaii,Field Hockey,62.0,1089.0
2003-04,Girls,Illinois,Basketball,671.0,18986.0
2003-04,Girls,Illinois,Competitive Spirit Squads,194.0,3269.0
2003-04,Girls,Illinois,Field Hockey,479.0,8125.0
2003-04,Girls,Indiana,Basketball,392.0,10207.0
2003-04,Girls,Indiana,Field Hockey,382.0,4295.0
2003-04,Girls,Indiana,Competitive Spirit Squads,70.0,661.0
2003-04,Girls,Indiana,Cross Country,57.0,2510.0
2003-04,Girls,Kansas,Basketball,364.0,8145.0
2003-04,Girls,Kentucky,Basketball,280.0,5950.0
2003-04,Girls,Kentucky,Competitive Spirit Squads,,14.0
2003-04,Girls,Kentucky,Cross Country,279.0,5444.0
2003-04,Girls,Kentucky,Field Hockey,243.0,2427.0
2003-04,Girls,Louisiana,Basketball,377.0,9401.0
2003-04,Girls,Louisiana,Field Hockey,307.0,1225.0
2003-04,Girls,Louisiana,Cross Country,85.0,
2003-04,Girls,Maryland,Basketball,181.0,4528.0
2003-04,Girls,Maryland,Field Hockey,167.0,2020.0
2003-04,Girls,Massachusetts,Basketball,337.0,10418.0
2003-04,Girls,Massachusetts,Field Hockey,269.0,4094.0
2003-04,Girls,Michigan,Basketball,718.0,20661.0
2003-04,Girls,Michigan,Competitive Spirit Squads,157.0,1477.0
2003-04,Girls,Michigan,Cross Country,,4387.0
2003-04,Girls,Michigan,Field Hockey,575.0,6710.0
2003-04,Girls,Minnesota,Basketball,447.0,13017.0
2003-04,Girls,Minnesota,Field Hockey,320.0,4501.0
2003-04,Girls,Mississippi,Basketball,,6204.0
2003-04,Girls,Mississippi,Field Hockey,122.0,1358.0
2003-04,Girls,Missouri,Basketball,530.0,12460.0
2003-04,Girls,Missouri,Cross Country,150.0,2200.0
2003-04,Girls,Missouri,Field Hockey,299.0,4051.0
2003-04,Girls,Montana,Basketball,170.0,3469.0
2003-04,Girls,Montana,Cross Country,,72.0
2003-04,Girls,Montana,Field Hockey,116.0,841.0
2003-04,Girls,Nebraska,Basketball,320.0,7045.0
2003-04,Girls,Nebraska,Field Hockey,189.0,1587.0
2003-04,Girls,Nevada,Basketball,89.0,2475.0
2003-04,Girls,Nevada,Competitive Spirit Squads,24.0,265.0
2003-04,Girls,Nevada,Field Hockey,59.0,560.0
2003-04,Girls,New Hampshire,Basketball,87.0,2262.0
2003-04,Girls,New Hampshire,Cross Country,72.0,1844.0
2003-04,Girls,New Hampshire,Field Hockey,68.0,853.0
2003-04,Girls,New Jersey,Basketball,,10080.0
2003-04,Girls,New Jersey,Competitive Spirit Squads,203.0,1660.0
2003-04,Girls,New Jersey,Field Hockey,360.0,4225.0
2003-04,Girls,New Mexico,Basketball,151.0,4560.0
2003-04,Girls,New Mexico,Field Hockey,107.0,992.0
2003-04,Girls,New York,Basketball,688.0,17245.0
2003-04,Girls,New York,Competitive Spirit Squads,269.0,2851.0
2003-04,Girls,New York,Field Hockey,539.0,6122.0
2003-04,Girls,North Carolina,Basketball,343.0,8493.0
2003-04,Girls,North Carolina,Cross Country,340.0,14440.0
2003-04,Girls,North Carolina,Field Hockey,308.0,3756.0
2003-04,Girls,North Dakota,Basketball,179.0,2855.0
2003-04,Girls,North Dakota,Field Hockey,55.0,365.0
2003-04,Girls,North Dakota,Competitive Spirit Squads,102.0,1098.0
2003-04,Girls,Oklahoma,Basketball,471.0,7565.0
2003-04,Girls,Oklahoma,Cross Country,181.0,1903.0
2003-04,Girls,Oklahoma,Field Hockey,170.0,1250.0
2003-04,Girls,Oregon,Basketball,281.0,6768.0
2003-04,Girls,Oregon,Cross Country,135.0,
2003-04,Girls,Oregon,Field Hockey,156.0,2246.0
2003-04,Girls,Pennsylvania,Basketball,685.0,20550.0
2003-04,Girls,Pennsylvania,Competitive Spirit Squads,87.0,870.0
2003-04,Girls,Pennsylvania,Field Hockey,515.0,5200.0
2003-04,Girls,Rhode Island,Basketball,47.0,1123.0
2003-04,Girls,Rhode Island,Cross Country,24.0,619.0
2003-04,Girls,Rhode Island,Field Hockey,42.0,663.0
2003-04,Girls,South Carolina,Basketball,195.0,4985.0
2003-04,Girls,South Carolina,Competitive Spirit Squads,,59.0
2003-04,Girls,South Carolina,Cross Country,84.0,2456.0
2003-04,Girls,South Carolina,Field Hockey,130.0,1649.0
2003-04,Girls,South Dakota,Basketball,163.0,3011.0
2003-04,Girls,South Dakota,Field Hockey,411.0,577.0
2003-04,Girls,Tennessee,Basketball,357.0,6461.0
2003-04,Girls,Tennessee,Competitive Spirit Squads,133.0,1142.0
2003-04,Girls,Tennessee,Field Hockey,243.0,2404.0
2003-04,Girls,Vermont,Basketball,67.0,1774.0
2003-04,Girls,Vermont,Cross Country,30.0,406.0
2003-04,Girls,Vermont,Field Hockey,46.0,460.0
2003-04,Girls,Virginia,Basketball,286.0,7804.0
2003-04,Girls,Virginia,Cross Country,290.0,
2003-04,Girls,Virginia,Field Hockey,265.0,
2003-04,Girls,Washington,Basketball,371.0,9696.0
2003-04,Girls,Washington,Competitive Spirit Squads,,796.0
2003-04,Girls,Washington,Field Hockey,275.0,3380.0
2003-04,Girls,West Virginia,Basketball,117.0,2145.0
2003-04,Girls,West Virginia,Cross Country,105.0,1859.0
2003-04,Girls,West Virginia,Field Hockey,70.0,581.0
2003-04,Girls,Wisconsin,Basketball,475.0,13013.0
2003-04,Girls,Wisconsin,Field Hockey,383.0,5247.0
2003-04,Girls,Wyoming,Basketball,68.0,1620.0
2003-04,Girls,Wyoming,Field Hockey,40.0,309.0
2003-04,Girls,Wyoming,Competitive Spirit Squads,,56.0
2003-04,Girls,Alaska,Gymnastics,,13.0
2003-04,Girls,Alaska,Skiing Alpine,,82.0
2003-04,Girls,Arizona,Gymnastics,16.0,35.0
2003-04,Girls,Arizona,Skiing Cross Country,113.0,752.0
2003-04,Girls,Arkansas,Skiing Cross Country,76.0,366.0
2003-04,Girls,Arkansas,Skiing Alpine,,139.0
2003-04,Girls,California,Golf,63.0,2170.0
2003-04,Girls,California,Gymnastics,94.0,236.0
2003-04,Girls,California,Skiing Cross Country,669.0,5547.0
2003-04,Girls,California,Skiing Alpine,46.0,859.0
2003-04,Girls,Colorado,Golf,15.0,479.0
2003-04,Girls,Colorado,Gymnastics,,16.0
2003-04,Girls,Colorado,Skiing Cross Country,132.0,1280.0
2003-04,Girls,Colorado,Skiing Alpine,50.0,578.0
2003-04,Girls,Connecticut,Golf,76.0,3322.0
2003-04,Girls,Connecticut,Skiing Cross Country,32.0,443.0
2003-04,Girls,Connecticut,Skiing Alpine,60.0,430.0
2003-04,Girls,Delaware,Golf,1391.0,1391.0
2003-04,Girls,Delaware,Skiing Cross Country,16.0,51.0
2003-04,Girls,District of Columbia,Skiing Cross Country,,25.0
2003-04,Girls,Florida,Skiing Cross Country,341.0,2200.0
2003-04,Girls,Georgia,Gymnastics,24.0,88.0
2003-04,Girls,Georgia,Skiing Cross Country,272.0,1267.0
2003-04,Girls,Georgia,Skiing Alpine,34.0,384.0
2003-04,Girls,Hawaii,Gymnastics,11.0,28.0
2003-04,Girls,Hawaii,Skiing Cross Country,47.0,162.0
2003-04,Girls,Idaho,Skiing Cross Country,86.0,960.0
2003-04,Girls,Idaho,Skiing Alpine,95.0,1800.0
2003-04,Girls,Indiana,Skiing Cross Country,268.0,2550.0
2003-04,Girls,Indiana,Skiing Alpine,87.0,1097.0
2003-04,Girls,Iowa,Gymnastics,,60.0
2003-04,Girls,Iowa,Skiing Cross Country,329.0,3857.0
2003-04,Girls,Kansas,Gymnastics,,10.0
2003-04,Girls,Kansas,Skiing Cross Country,,7038.0
2003-04,Girls,Kansas,Skiing Alpine,16.0,173.0
2003-04,Girls,Kentucky,Golf,,408.0
2003-04,Girls,Kentucky,Gymnastics,,21.0
2003-04,Girls,Kentucky,Skiing Cross Country,226.0,1379.0
2003-04,Girls,Louisiana,Skiing Cross Country,101.0,320.0
2003-04,Girls,Louisiana,Skiing Alpine,19.0,
2003-04,Girls,Maine,Golf,79.0,2984.0
2003-04,Girls,Maine,Skiing Cross Country,37.0,63.0
2003-04,Girls,Maine,Skiing Alpine,14.0,78.0
2003-04,Girls,Maryland,Golf,120.0,3903.0
2003-04,Girls,Maryland,Skiing Cross Country,98.0,198.0
2003-04,Girls,Maryland,Skiing Alpine,13.0,178.0
2003-04,Girls,Massachusetts,Golf,198.0,8635.0
2003-04,Girls,Massachusetts,Gymnastics,,28.0
2003-04,Girls,Massachusetts,Skiing Cross Country,27.0,439.0
2003-04,Girls,Massachusetts,Skiing Alpine,90.0,1219.0
2003-04,Girls,Michigan,Golf,16.0,677.0
2003-04,Girls,Michigan,Skiing Cross Country,306.0,3910.0
2003-04,Girls,Michigan,Skiing Alpine,84.0,989.0
2003-04,Girls,Minnesota,Skiing Cross Country,383.0,5054.0
2003-04,Girls,Minnesota,Skiing Alpine,190.0,3119.0
2003-04,Girls,Mississippi,Skiing Cross Country,15.0,121.0
2003-04,Girls,Missouri,Golf,24.0,1178.0
2003-04,Girls,Missouri,Gymnastics,,10.0
2003-04,Girls,Missouri,Skiing Cross Country,142.0,1531.0
2003-04,Girls,Missouri,Skiing Alpine,,20.0
2003-04,Girls,Montana,Skiing Cross Country,112.0,930.0
2003-04,Girls,Nebraska,Gymnastics,,10.0
2003-04,Girls,Nebraska,Skiing Cross Country,130.0,1383.0
2003-04,Girls,Nevada,Skiing Cross Country,57.0,515.0
2003-04,Girls,New Hampshire,Golf,55.0,2159.0
2003-04,Girls,New Hampshire,Skiing Cross Country,27.0,36.0
2003-04,Girls,New Hampshire,Skiing Alpine,24.0,154.0
2003-04,Girls,New Jersey,Golf,223.0,9605.0
2003-04,Girls,New Jersey,Skiing Cross Country,189.0,673.0
2003-04,Girls,New Jersey,Skiing Alpine,64.0,848.0
2003-04,Girls,New Mexico,Gymnastics,,77.0
2003-04,Girls,New Mexico,Skiing Cross Country,87.0,272.0
2003-04,Girls,New York,Golf,232.0,8508.0
2003-04,Girls,New York,Skiing Cross Country,102.0,948.0
2003-04,Girls,New York,Skiing Alpine,116.0,1598.0
2003-04,Girls,North Carolina,Golf,,264.0
2003-04,Girls,North Carolina,Skiing Cross Country,128.0,730.0
2003-04,Girls,North Carolina,Skiing Alpine,13.0,123.0
2003-04,Girls,North Dakota,Skiing Cross Country,107.0,640.0
2003-04,Girls,North Dakota,Skiing Alpine,13.0,79.0
2003-04,Girls,Ohio,Golf,33.0,1199.0
2003-04,Girls,Ohio,Gymnastics,,33.0
2003-04,Girls,Ohio,Skiing Cross Country,224.0,2090.0
2003-04,Girls,Ohio,Skiing Alpine,94.0,1120.0
2003-04,Girls,Oklahoma,Skiing Cross Country,21.0,980.0
2003-04,Girls,Oregon,Skiing Cross Country,157.0,1170.0
2003-04,Girls,Pennsylvania,Golf,275.0,9625.0
2003-04,Girls,Pennsylvania,Skiing Cross Country,187.0,1870.0
2003-04,Girls,Pennsylvania,Skiing Alpine,25.0,250.0
2003-04,Girls,Rhode Island,Golf,21.0,631.0
2003-04,Girls,Rhode Island,Skiing Cross Country,,53.0
2003-04,Girls,Rhode Island,Skiing Alpine,25.0,777.0
2003-04,Girls,South Carolina,Skiing Cross Country,52.0,373.0
2003-04,Girls,South Dakota,Skiing Cross Country,75.0,738.0
2003-04,Girls,South Dakota,Skiing Alpine,27.0,275.0
2003-04,Girls,Tennessee,Skiing Cross Country,242.0,815.0
2003-04,Girls,Texas,Gymnastics,,268.0
2003-04,Girls,Texas,Skiing Cross Country,1120.0,7866.0
2003-04,Girls,Utah,Skiing Cross Country,34.0,69.0
2003-04,Girls,Vermont,Golf,26.0,1013.0
2003-04,Girls,Vermont,Skiing Cross Country,33.0,110.0
2003-04,Girls,Vermont,Skiing Alpine,13.0,114.0
2003-04,Girls,Virginia,Golf,411.0,3833.0
2003-04,Girls,Virginia,Gymnastics,24.0,385.0
2003-04,Girls,Virginia,Skiing Cross Country,104.0,196.0
2003-04,Girls,Virginia,Skiing Alpine,70.0,809.0
2003-04,Girls,Washington,Golf,25.0,80.0
2003-04,Girls,Washington,Skiing Cross Country,262.0,2190.0
2003-04,Girls,Washington,Skiing Alpine,81.0,1556.0
2003-04,Girls,West Virginia,Skiing Cross Country,26.0,34.0
2003-04,Girls,Wisconsin,Skiing Cross Country,139.0,1621.0
2003-04,Girls,Wisconsin,Skiing Alpine,90.0,1395.0
2003-04,Girls,Wyoming,Skiing Cross Country,33.0,194.0
2003-04,Girls,Wyoming,Skiing Alpine,,79.0
2003-04,Girls,Wyoming,Gymnastics,,57.0
2003-04,Girls,California,Soccer,55.0,1834.0
2003-04,Girls,California,Softball Fast Pitch,27.0,190.0
2003-04,Girls,Colorado,Soccer,28.0,1327.0
2003-04,Girls,Colorado,Softball Fast Pitch,17.0,150.0
2003-04,Girls,Connecticut,Soccer,56.0,2585.0
2003-04,Girls,Delaware,Soccer,20.0,593.0
2003-04,Girls,District of Columbia,Soccer,,60.0
2003-04,Girls,District of Columbia,Softball Fast Pitch,10.0,266.0
2003-04,Girls,Florida,Soccer,26.0,984.0
2003-04,Girls,Georgia,Soccer,25.0,
2003-04,Girls,Maine,Soccer,33.0,1157.0
2003-04,Girls,Maine,Softball Fast Pitch,40.0,298.0
2003-04,Girls,Maryland,Soccer,116.0,3043.0
2003-04,Girls,Massachusetts,Soccer,114.0,4449.0
2003-04,Girls,Massachusetts,Softball Fast Pitch,69.0,911.0
2003-04,Girls,Michigan,Soccer,31.0,1124.0
2003-04,Girls,Michigan,Softball Fast Pitch,88.0,773.0
2003-04,Girls,Minnesota,Softball Fast Pitch,78.0,757.0
2003-04,Girls,Missouri,Soccer,10.0,150.0
2003-04,Girls,Nevada,Softball Fast Pitch,,145.0
2003-04,Girls,New Hampshire,Soccer,28.0,1302.0
2003-04,Girls,New Hampshire,Softball Fast Pitch,56.0,424.0
2003-04,Girls,New Jersey,Soccer,201.0,6526.0
2003-04,Girls,New York,Soccer,200.0,8958.0
2003-04,Girls,North Carolina,Soccer,15.0,492.0
2003-04,Girls,Ohio,Soccer,36.0,1665.0
2003-04,Girls,Ohio,Softball Fast Pitch,,14.0
2003-04,Girls,Pennsylvania,Soccer,94.0,3008.0
2003-04,Girls,Rhode Island,Soccer,,268.0
2003-04,Girls,Vermont,Soccer,23.0,765.0
2003-04,Girls,Vermont,Softball Fast Pitch,24.0,175.0
2003-04,Girls,Virginia,Soccer,54.0,1804.0
2003-04,Girls,Wyoming,Softball Fast Pitch,,44.0
2003-04,Girls,Wyoming,Soccer,,58.0
2003-04,Girls,Alabama,Tennis,113.0,2897.0
2003-04,Girls,Alabama,Track and Field Indoor,376.0,
2003-04,Girls,Alabama,Volleyball,35.0,300.0
2003-04,Girls,Alaska,Tennis,26.0,863.0
2003-04,Girls,Alaska,Track and Field Indoor,23.0,584.0
2003-04,Girls,Alaska,Volleyball,27.0,484.0
2003-04,Girls,Arizona,Tennis,151.0,4368.0
2003-04,Girls,Arizona,Track and Field Indoor,201.0,
2003-04,Girls,Arizona,Volleyball,97.0,
2003-04,Girls,Arkansas,Tennis,36.0,769.0
2003-04,Girls,Arkansas,Track and Field Indoor,84.0,
2003-04,Girls,Arkansas,Track and Field Outdoor,,27.0
2003-04,Girls,Arkansas,Volleyball,28.0,
2003-04,Girls,California,Tennis,1028.0,35380.0
2003-04,Girls,California,Track and Field Indoor,1002.0,
2003-04,Girls,California,Track and Field Outdoor,34.0,939.0
2003-04,Girls,California,Volleyball,728.0,
2003-04,Girls,Colorado,Tennis,1745721.0,
2003-04,Girls,Colorado,Track and Field Indoor,153.0,
2003-04,Girls,Colorado,Volleyball,124.0,
2003-04,Girls,Connecticut,Tennis,148.0,5255.0
2003-04,Girls,Connecticut,Track and Field Indoor,171.0,
2003-04,Girls,Connecticut,Volleyball,93.0,
2003-04,Girls,Delaware,Tennis,44.0,1376.0
2003-04,Girls,Delaware,Track and Field Indoor,37.0,987.0
2003-04,Girls,Delaware,Volleyball,26.0,657.0
2003-04,Girls,District of Columbia,Tennis,,80.0
2003-04,Girls,District of Columbia,Track and Field Indoor,12.0,155.0
2003-04,Girls,District of Columbia,Volleyball,,35.0
2003-04,Girls,Florida,Tennis,443.0,
2003-04,Girls,Florida,Track and Field Indoor,514.0,
2003-04,Girls,Florida,Track and Field Outdoor,48.0,884.0
2003-04,Girls,Florida,Volleyball,372.0,
2003-04,Girls,Georgia,Track and Field Indoor,357.0,
2003-04,Girls,Georgia,Track and Field Outdoor,23.0,516.0
2003-04,Girls,Georgia,Volleyball,173.0,
2003-04,Girls,Hawaii,Tennis,59.0,1727.0
2003-04,Girls,Hawaii,Track and Field Indoor,54.0,
2003-04,Girls,Hawaii,Volleyball,57.0,613.0
2003-04,Girls,Idaho,Tennis,63.0,
2003-04,Girls,Idaho,Track and Field Indoor,94.0,
2003-04,Girls,Idaho,Volleyball,,73.0
2003-04,Girls,Indiana,Tennis,228.0,6204.0
2003-04,Girls,Indiana,Track and Field Indoor,370.0,
2003-04,Girls,Indiana,Volleyball,222.0,
2003-04,Girls,Kansas,Tennis,83.0,2481.0
2003-04,Girls,Kansas,Track and Field Indoor,196.0,
2003-04,Girls,Kansas,Volleyball,61.0,
2003-04,Girls,Kentucky,Tennis,154.0,3930.0
2003-04,Girls,Kentucky,Track and Field Indoor,259.0,
2003-04,Girls,Kentucky,Track and Field Outdoor,19.0,420.0
2003-04,Girls,Kentucky,Volleyball,126.0,
2003-04,Girls,Louisiana,Tennis,110.0,1650.0
2003-04,Girls,Louisiana,Track and Field Indoor,362.0,
2003-04,Girls,Louisiana,Volleyball,46.0,460.0
2003-04,Girls,Maryland,Tennis,155.0,5209.0
2003-04,Girls,Maryland,Volleyball,81.0,
2003-04,Girls,Massachusetts,Tennis,313.0,42193.0
2003-04,Girls,Massachusetts,Track and Field Indoor,25.0,
2003-04,Girls,Massachusetts,Volleyball,150.0,
2003-04,Girls,Michigan,Tennis,399.0,13515.0
2003-04,Girls,Michigan,Track and Field Indoor,605.0,
2003-04,Girls,Michigan,Track and Field Outdoor,,36.0
2003-04,Girls,Michigan,Volleyball,256.0,
2003-04,Girls,Minnesota,Tennis,189.0,7827.0
2003-04,Girls,Minnesota,Track and Field Indoor,411.0,
2003-04,Girls,Minnesota,Volleyball,191.0,
2003-04,Girls,Mississippi,Tennis,80.0,
2003-04,Girls,Mississippi,Track and Field Indoor,170.0,
2003-04,Girls,Mississippi,Track and Field Outdoor,207.0,4979.0
2003-04,Girls,Mississippi,Volleyball,44.0,
2003-04,Girls,Missouri,Tennis,183.0,6486.0
2003-04,Girls,Missouri,Track and Field Indoor,463.0,
2003-04,Girls,Missouri,Volleyball,101.0,
2003-04,Girls,Montana,Tennis,25.0,945.0
2003-04,Girls,Montana,Track and Field Indoor,34.0,
2003-04,Girls,Montana,Volleyball,14.0,274.0
2003-04,Girls,Nebraska,Tennis,70.0,2065.0
2003-04,Girls,Nebraska,Track and Field Indoor,106.0,
2003-04,Girls,Nebraska,Volleyball,55.0,944.0
2003-04,Girls,Nevada,Tennis,56.0,1800.0
2003-04,Girls,Nevada,Track and Field Indoor,76.0,
2003-04,Girls,Nevada,Volleyball,38.0,950.0
2003-04,Girls,New Hampshire,Tennis,75.0,
2003-04,Girls,New Hampshire,Track and Field Indoor,862244.0,
2003-04,Girls,New Hampshire,Volleyball,32.0,523.0
2003-04,Girls,New Jersey,Tennis,356.0,12118.0
2003-04,Girls,New Jersey,Track and Field Indoor,406.0,
2003-04,Girls,New Jersey,Volleyball,228.0,
2003-04,Girls,New Mexico,Tennis,68.0,1718.0
2003-04,Girls,New Mexico,Track and Field Indoor,83.0,
2003-04,Girls,New Mexico,Volleyball,40.0,589.0
2003-04,Girls,New York,Tennis,637.0,
2003-04,Girls,New York,Track and Field Indoor,679.0,
2003-04,Girls,New York,Volleyball,317.0,7466.0
2003-04,Girls,North Carolina,Tennis,267.0,7424.0
2003-04,Girls,North Carolina,Track and Field Indoor,324.0,
2003-04,Girls,North Carolina,Volleyball,199.0,3806.0
2003-04,Girls,North Dakota,Tennis,16.0,687.0
2003-04,Girls,North Dakota,Volleyball,16.0,288.0
2003-04,Girls,North Dakota,Track and Field Indoor,766.0,
2003-04,Girls,North Dakota,Track and Field Outdoor,,319.0
2003-04,Girls,Oklahoma,Tennis,87.0,1740.0
2003-04,Girls,Oklahoma,Track and Field Indoor,395.0,
2003-04,Girls,Oklahoma,Track and Field Outdoor,340.0,5031.0
2003-04,Girls,Oklahoma,Volleyball,41.0,546.0
2003-04,Girls,Oregon,Tennis,141.0,4496.0
2003-04,Girls,Oregon,Track and Field Indoor,210.0,
2003-04,Girls,Oregon,Volleyball,122.0,2107.0
2003-04,Girls,Pennsylvania,Tennis,473.0,16555.0
2003-04,Girls,Pennsylvania,Track and Field Indoor,689.0,
2003-04,Girls,Pennsylvania,Volleyball,305.0,5490.0
2003-04,Girls,Rhode Island,Tennis,45.0,1403.0
2003-04,Girls,Rhode Island,Track and Field Indoor,37.0,909.0
2003-04,Girls,Rhode Island,Track and Field Outdoor,,198.0
2003-04,Girls,Rhode Island,Volleyball,35.0,530.0
2003-04,Girls,South Carolina,Tennis,113.0,3221.0
2003-04,Girls,South Carolina,Track and Field Indoor,186.0,
2003-04,Girls,South Carolina,Volleyball,58.0,1063.0
2003-04,Girls,Tennessee,Tennis,215.0,4807.0
2003-04,Girls,Tennessee,Track and Field Indoor,337.0,
2003-04,Girls,Tennessee,Volleyball,383.0,6140.0
2003-04,Girls,Utah,Tennis,75.0,2275.0
2003-04,Girls,Utah,Track and Field Indoor,90.0,
2003-04,Girls,Utah,Volleyball,,1243.0
2003-04,Girls,Vermont,Tennis,67.0,
2003-04,Girls,Vermont,Track and Field Indoor,58.0,1357.0
2003-04,Girls,Vermont,Track and Field Outdoor,,82.0
2003-04,Girls,Virginia,Tennis,246.0,7109.0
2003-04,Girls,Virginia,Track and Field Indoor,280.0,
2003-04,Girls,Virginia,Volleyball,149.0,
2003-04,Girls,Washington,Tennis,261.0,8880.0
2003-04,Girls,Washington,Track and Field Indoor,327.0,8790.0
2003-04,Girls,Washington,Volleyball,158.0,4538.0
2003-04,Girls,West Virginia,Tennis,56.0,1197.0
2003-04,Girls,West Virginia,Track and Field Indoor,108.0,2218.0
2003-04,Girls,West Virginia,Volleyball,34.0,508.0
2003-04,Girls,Wisconsin,Tennis,226.0,8695.0
2003-04,Girls,Wisconsin,Track and Field Indoor,488.0,
2003-04,Girls,Wisconsin,Volleyball,136.0,4090.0
2003-04,Girls,Wyoming,Tennis,,585.0
2003-04,Girls,Wyoming,Volleyball,25.0,588.0
2004-05,Girls,Alabama,Basketball,409.0,492.0
2004-05,Girls,Alabama,Field Hockey,128.0,838.0
2004-05,Girls,Alaska,Basketball,108.0,1715.0
2004-05,Girls,Alaska,Competitive Spirit Squads,,64.0
2004-05,Girls,Alaska,Cross Country,,478.0
2004-05,Girls,Alaska,Field Hockey,85.0,733.0
2004-05,Girls,Arizona,Basketball,224.0,6292.0
2004-05,Girls,Arizona,Cross Country,108.0,3253.0
2004-05,Girls,Arizona,Field Hockey,175.0,2119.0
2004-05,Girls,Arkansas,Basketball,238.0,4217.0
2004-05,Girls,Arkansas,Cross Country,81.0,1286.0
2004-05,Girls,Arkansas,Field Hockey,85.0,671.0
2004-05,Girls,California,Basketball,1207.0,33596.0
2004-05,Girls,California,Competitive Spirit Squads,13.0,192.0
2004-05,Girls,California,Cross Country,374.0,10899.0
2004-05,Girls,California,Field Hockey,994.0,18159.0
2004-05,Girls,Colorado,Basketball,315.0,7923.0
2004-05,Girls,Colorado,Cross Country,227.0,
2004-05,Girls,Connecticut,Basketball,174.0,4162.0
2004-05,Girls,Connecticut,Cross Country,143.0,
2004-05,Girls,Connecticut,Field Hockey,159.0,
2004-05,Girls,Delaware,Basketball,49.0,615.0
2004-05,Girls,Delaware,Cross Country,24.0,198.0
2004-05,Girls,Delaware,Field Hockey,,358.0
2004-05,Girls,District of Columbia,Basketball,16.0,218.0
2004-05,Girls,District of Columbia,Cross Country,13.0,225.0
2004-05,Girls,District of Columbia,Field Hockey,,115.0
2004-05,Girls,Florida,Basketball,581.0,10998.0
2004-05,Girls,Florida,Competitive Spirit Squads,144.0,1469.0
2004-05,Girls,Georgia,Basketball,374.0,9171.0
2004-05,Girls,Georgia,Cross Country,232.0,4929.0
2004-05,Girls,Georgia,Field Hockey,329.0,3869.0
2004-05,Girls,Hawaii,Basketball,64.0,1585.0
2004-05,Girls,Hawaii,Competitive Spirit Squads,52.0,507.0
2004-05,Girls,Hawaii,Cross Country,49.0,574.0
2004-05,Girls,Hawaii,Field Hockey,66.0,889.0
2004-05,Girls,Indiana,Basketball,383.0,70316.0
2004-05,Girls,Indiana,Field Hockey,371.0,4484.0
2004-05,Girls,Indiana,Competitive Spirit Squads,70.0,668.0
2004-05,Girls,Indiana,Cross Country,,2535.0
2004-05,Girls,Kansas,Basketball,360.0,7975.0
2004-05,Girls,Kansas,Competitive Spirit Squads,27.0,162.0
2004-05,Girls,Kansas,Field Hockey,237.0,
2004-05,Girls,Kentucky,Basketball,268.0,6113.0
2004-05,Girls,Kentucky,Competitive Spirit Squads,30.0,331.0
2004-05,Girls,Kentucky,Cross Country,254.0,4827.0
2004-05,Girls,Kentucky,Field Hockey,217.0,2123.0
2004-05,Girls,Louisiana,Basketball,397.0,9925.0
2004-05,Girls,Louisiana,Competitive Spirit Squads,53.0,530.0
2004-05,Girls,Louisiana,Field Hockey,280.0,1530.0
2004-05,Girls,Louisiana,Cross Country,87.0,1876.0
2004-05,Girls,Maryland,Basketball,184.0,4678.0
2004-05,Girls,Maryland,Competitive Spirit Squads,20.0,135.0
2004-05,Girls,Maryland,Field Hockey,171.0,2142.0
2004-05,Girls,Massachusetts,Basketball,340.0,10396.0
2004-05,Girls,Massachusetts,Field Hockey,274.0,4341.0
2004-05,Girls,Michigan,Basketball,720.0,
2004-05,Girls,Michigan,Competitive Spirit Squads,194.0,1042.0
2004-05,Girls,Michigan,Cross Country,187.0,4628.0
2004-05,Girls,Michigan,Field Hockey,580.0,7063.0
2004-05,Girls,Minnesota,Basketball,454.0,13229.0
2004-05,Girls,Minnesota,Field Hockey,325.0,4573.0
2004-05,Girls,Mississippi,Basketball,257.0,6307.0
2004-05,Girls,Mississippi,Competitive Spirit Squads,50.0,521.0
2004-05,Girls,Mississippi,Field Hockey,130.0,1460.0
2004-05,Girls,Missouri,Basketball,535.0,12432.0
2004-05,Girls,Missouri,Cross Country,160.0,
2004-05,Girls,Missouri,Field Hockey,295.0,4100.0
2004-05,Girls,Montana,Basketball,182.0,3433.0
2004-05,Girls,Montana,Field Hockey,80.0,783.0
2004-05,Girls,Nebraska,Basketball,314.0,7172.0
2004-05,Girls,Nebraska,Field Hockey,183.0,1738.0
2004-05,Girls,Nevada,Basketball,92.0,2439.0
2004-05,Girls,Nevada,Competitive Spirit Squads,28.0,289.0
2004-05,Girls,Nevada,Field Hockey,64.0,608.0
2004-05,Girls,New Hampshire,Basketball,87.0,2228.0
2004-05,Girls,New Hampshire,Cross Country,671914.0,
2004-05,Girls,New Hampshire,Field Hockey,69.0,870.0
2004-05,Girls,New Jersey,Basketball,405.0,10150.0
2004-05,Girls,New Jersey,Competitive Spirit Squads,208.0,1899.0
2004-05,Girls,New Jersey,Field Hockey,376.0,4416.0
2004-05,Girls,New Mexico,Basketball,142.0,3468.0
2004-05,Girls,New Mexico,Field Hockey,99.0,1260.0
2004-05,Girls,New York,Basketball,683.0,17850.0
2004-05,Girls,New York,Competitive Spirit Squads,207.0,3024.0
2004-05,Girls,New York,Field Hockey,539.0,6348.0
2004-05,Girls,North Carolina,Basketball,352.0,8032.0
2004-05,Girls,North Carolina,Cross Country,339.0,13731.0
2004-05,Girls,North Carolina,Field Hockey,310.0,4066.0
2004-05,Girls,North Dakota,Basketball,179.0,2077.0
2004-05,Girls,North Dakota,Field Hockey,61.0,373.0
2004-05,Girls,North Dakota,Competitive Spirit Squads,108.0,1043.0
2004-05,Girls,Oklahoma,Basketball,471.0,7600.0
2004-05,Girls,Oklahoma,Cross Country,178.0,
2004-05,Girls,Oklahoma,Field Hockey,173.0,1275.0
2004-05,Girls,Oregon,Basketball,286.0,6580.0
2004-05,Girls,Oregon,Cross Country,66.0,851.0
2004-05,Girls,Oregon,Field Hockey,187.0,
2004-05,Girls,Pennsylvania,Basketball,692.0,20760.0
2004-05,Girls,Pennsylvania,Competitive Spirit Squads,89.0,890.0
2004-05,Girls,Pennsylvania,Field Hockey,523.0,5270.0
2004-05,Girls,Rhode Island,Basketball,48.0,1170.0
2004-05,Girls,Rhode Island,Field Hockey,42.0,616.0
2004-05,Girls,South Carolina,Field Hockey,129.0,1540.0
2004-05,Girls,South Carolina,Basketball,196.0,5049.0
2004-05,Girls,South Carolina,Competitive Spirit Squads,,46.0
2004-05,Girls,South Carolina,Cross Country,86.0,
2004-05,Girls,South Dakota,Basketball,171.0,3072.0
2004-05,Girls,South Dakota,Cross Country,,173.0
2004-05,Girls,South Dakota,Field Hockey,122.0,669.0
2004-05,Girls,Tennessee,Basketball,362.0,6621.0
2004-05,Girls,Tennessee,Competitive Spirit Squads,134.0,1263.0
2004-05,Girls,Tennessee,Field Hockey,247.0,2616.0
2004-05,Girls,Vermont,Basketball,68.0,1692.0
2004-05,Girls,Vermont,Cross Country,30.0,469.0
2004-05,Girls,Vermont,Field Hockey,48.0,482.0
2004-05,Girls,Virginia,Basketball,294.0,7896.0
2004-05,Girls,Virginia,Cross Country,298.0,10258.0
2004-05,Girls,Virginia,Field Hockey,275.0,3731.0
2004-05,Girls,Washington,Basketball,325.0,8663.0
2004-05,Girls,Washington,Competitive Spirit Squads,34.0,693.0
2004-05,Girls,Washington,Field Hockey,247.0,3064.0
2004-05,Girls,West Virginia,Basketball,135.0,2122.0
2004-05,Girls,West Virginia,Field Hockey,,603.0
2004-05,Girls,Wisconsin,Basketball,477.0,12943.0
2004-05,Girls,Wisconsin,Field Hockey,378.0,5250.0
2004-05,Girls,Wyoming,Basketball,68.0,1671.0
2004-05,Girls,Wyoming,Field Hockey,36.0,309.0
2004-05,Girls,Wyoming,Competitive Spirit Squads,,56.0
2004-05,Girls,Alaska,Skiing Cross Country,,111.0
2004-05,Girls,Arizona,Gymnastics,119.0,769.0
2004-05,Girls,Arkansas,Gymnastics,100.0,440.0
2004-05,Girls,Arkansas,Skiing Cross Country,14.0,119.0
2004-05,Girls,California,Golf,87.0,2952.0
2004-05,Girls,California,Gymnastics,699.0,5972.0
2004-05,Girls,California,Skiing Cross Country,43.0,896.0
2004-05,Girls,Colorado,Golf,18.0,601.0
2004-05,Girls,Colorado,Gymnastics,130.0,1573.0
2004-05,Girls,Colorado,Skiing Cross Country,46.0,684.0
2004-05,Girls,Connecticut,Golf,76.0,3349.0
2004-05,Girls,Connecticut,Gymnastics,34.0,471.0
2004-05,Girls,Connecticut,Skiing Cross Country,59.0,434.0
2004-05,Girls,District of Columbia,Gymnastics,,15.0
2004-05,Girls,Florida,Gymnastics,362.0,2245.0
2004-05,Girls,Georgia,Gymnastics,272.0,1267.0
2004-05,Girls,Georgia,Skiing Cross Country,34.0,384.0
2004-05,Girls,Hawaii,Gymnastics,55.0,196.0
2004-05,Girls,Idaho,Gymnastics,81.0,508.0
2004-05,Girls,Idaho,Skiing Cross Country,89.0,1656.0
2004-05,Girls,Indiana,Gymnastics,259.0,3030.0
2004-05,Girls,Indiana,Skiing Cross Country,86.0,1018.0
2004-05,Girls,Iowa,Gymnastics,329.0,3896.0
2004-05,Girls,Kansas,Gymnastics,93.0,991.0
2004-05,Girls,Kansas,Skiing Cross Country,,226.0
2004-05,Girls,Kentucky,Golf,20.0,763.0
2004-05,Girls,Kentucky,Gymnastics,184.0,1136.0
2004-05,Girls,Kentucky,Skiing Cross Country,,111.0
2004-05,Girls,Louisiana,Gymnastics,126.0,504.0
2004-05,Girls,Louisiana,Skiing Cross Country,23.0,253.0
2004-05,Girls,Maine,Golf,77.0,2862.0
2004-05,Girls,Maine,Gymnastics,43.0,68.0
2004-05,Girls,Maine,Skiing Cross Country,,12.0
2004-05,Girls,Maryland,Golf,120.0,4097.0
2004-05,Girls,Maryland,Gymnastics,106.0,223.0
2004-05,Girls,Maryland,Skiing Cross Country,,82.0
2004-05,Girls,Massachusetts,Golf,199.0,8567.0
2004-05,Girls,Massachusetts,Gymnastics,26.0,451.0
2004-05,Girls,Massachusetts,Skiing Cross Country,86.0,1241.0
2004-05,Girls,Michigan,Golf,15.0,631.0
2004-05,Girls,Michigan,Gymnastics,312.0,3677.0
2004-05,Girls,Michigan,Skiing Cross Country,84.0,860.0
2004-05,Girls,Minnesota,Gymnastics,381.0,23.0
2004-05,Girls,Minnesota,Skiing Cross Country,186.0,3103.0
2004-05,Girls,Mississippi,Gymnastics,15.0,236.0
2004-05,Girls,Missouri,Golf,26.0,1261.0
2004-05,Girls,Missouri,Gymnastics,151.0,1653.0
2004-05,Girls,Missouri,Skiing Cross Country,,16.0
2004-05,Girls,Montana,Gymnastics,91.0,534.0
2004-05,Girls,Nebraska,Gymnastics,132.0,1520.0
2004-05,Girls,Nevada,Gymnastics,62.0,506.0
2004-05,Girls,New Hampshire,Golf,56.0,2028.0
2004-05,Girls,New Hampshire,Gymnastics,34.0,43.0
2004-05,Girls,New Hampshire,Skiing Cross Country,29.0,174.0
2004-05,Girls,New Jersey,Golf,226.0,9358.0
2004-05,Girls,New Jersey,Gymnastics,204.0,784.0
2004-05,Girls,New Jersey,Skiing Cross Country,68.0,969.0
2004-05,Girls,New Mexico,Gymnastics,69.0,430.0
2004-05,Girls,New York,Golf,232.0,8619.0
2004-05,Girls,New York,Gymnastics,109.0,121.0
2004-05,Girls,New York,Skiing Cross Country,115.0,1556.0
2004-05,Girls,North Carolina,Golf,12.0,273.0
2004-05,Girls,North Carolina,Gymnastics,115.0,782.0
2004-05,Girls,North Dakota,Gymnastics,103.0,567.0
2004-05,Girls,North Dakota,Skiing Cross Country,18.0,90.0
2004-05,Girls,Ohio,Golf,32.0,1162.0
2004-05,Girls,Ohio,Gymnastics,224.0,2313.0
2004-05,Girls,Ohio,Skiing Cross Country,92.0,1058.0
2004-05,Girls,Oklahoma,Gymnastics,215.0,900.0
2004-05,Girls,Oregon,Gymnastics,165.0,1067.0
2004-05,Girls,Pennsylvania,Golf,277.0,9695.0
2004-05,Girls,Pennsylvania,Gymnastics,187.0,1870.0
2004-05,Girls,Pennsylvania,Skiing Cross Country,25.0,250.0
2004-05,Girls,Rhode Island,Golf,21.0,605.0
2004-05,Girls,Rhode Island,Gymnastics,,49.0
2004-05,Girls,Rhode Island,Skiing Cross Country,23.0,159.0
2004-05,Girls,South Carolina,Gymnastics,55.0,394.0
2004-05,Girls,South Dakota,Gymnastics,110.0,756.0
2004-05,Girls,South Dakota,Skiing Cross Country,29.0,298.0
2004-05,Girls,Tennessee,Gymnastics,250.0,883.0
2004-05,Girls,Texas,Gymnastics,1145.0,7688.0
2004-05,Girls,Utah,Gymnastics,46.0,89.0
2004-05,Girls,Vermont,Golf,31.0,
2004-05,Girls,Vermont,Gymnastics,30.0,125.0
2004-05,Girls,Vermont,Skiing Cross Country,,121.0
2004-05,Girls,Virginia,Golf,117.0,
2004-05,Girls,Virginia,Gymnastics,103.0,207.0
2004-05,Girls,Virginia,Skiing Cross Country,,789.0
2004-05,Girls,Washington,Gymnastics,223.0,1925.0
2004-05,Girls,Washington,Skiing Cross Country,61.0,1237.0
2004-05,Girls,Wisconsin,Gymnastics,140.0,1690.0
2004-05,Girls,Wisconsin,Skiing Cross Country,86.0,1128.0
2004-05,Girls,Wyoming,Gymnastics,36.0,193.0
2004-05,Girls,Wyoming,Skiing Cross Country,,80.0
2004-05,Girls,Alabama,Softball Slow Pitch,33.0,434.0
2004-05,Girls,Alaska,Soccer,18.0,
2004-05,Girls,California,Soccer,,2286.0
2004-05,Girls,California,Softball Fast Pitch,36.0,432.0
2004-05,Girls,Colorado,Soccer,,1371.0
2004-05,Girls,Colorado,Softball Fast Pitch,20.0,150.0
2004-05,Girls,Colorado,Softball Slow Pitch,20.0,150.0
2004-05,Girls,Connecticut,Soccer,,2812.0
2004-05,Girls,Delaware,Soccer,,493.0
2004-05,Girls,District of Columbia,Soccer,,45.0
2004-05,Girls,District of Columbia,Softball Fast Pitch,,125.0
2004-05,Girls,Florida,Soccer,,1418.0
2004-05,Girls,Georgia,Soccer,,1005.0
2004-05,Girls,Kentucky,Soccer,,294.0
2004-05,Girls,Kentucky,Softball Slow Pitch,,66.0
2004-05,Girls,Maine,Soccer,29.0,1340.0
2004-05,Girls,Maine,Softball Fast Pitch,43.0,290.0
2004-05,Girls,Maine,Softball Slow Pitch,,316.0
2004-05,Girls,Maryland,Soccer,,3432.0
2004-05,Girls,Massachusetts,Soccer,59.0,5280.0
2004-05,Girls,Massachusetts,Softball Fast Pitch,68.0,842.0
2004-05,Girls,Massachusetts,Softball Slow Pitch,19.0,322.0
2004-05,Girls,Michigan,Soccer,16.0,1435.0
2004-05,Girls,Michigan,Softball Fast Pitch,88.0,790.0
2004-05,Girls,Michigan,Softball Slow Pitch,,50.0
2004-05,Girls,Minnesota,Soccer,232.0,636.0
2004-05,Girls,Minnesota,Softball Fast Pitch,83.0,767.0
2004-05,Girls,Minnesota,Softball Slow Pitch,410.0,2207.0
2004-05,Girls,Missouri,Soccer,,600.0
2004-05,Girls,Nevada,Softball Fast Pitch,12.0,113.0
2004-05,Girls,New Hampshire,Soccer,,1234.0
2004-05,Girls,New Hampshire,Softball Fast Pitch,55.0,405.0
2004-05,Girls,New Hampshire,Softball Slow Pitch,55.0,309.0
2004-05,Girls,New Jersey,Soccer,16.0,6113.0
2004-05,Girls,New Jersey,Softball Slow Pitch,13.0,159.0
2004-05,Girls,New York,Soccer,,9899.0
2004-05,Girls,North Carolina,Soccer,,599.0
2004-05,Girls,North Dakota,Soccer,19.0,
2004-05,Girls,Ohio,Soccer,,1638.0
2004-05,Girls,Ohio,Softball Fast Pitch,,55.0
2004-05,Girls,Pennsylvania,Soccer,,3008.0
2004-05,Girls,Rhode Island,Soccer,10.0,453.0
2004-05,Girls,Vermont,Soccer,23.0,778.0
2004-05,Girls,Vermont,Softball Fast Pitch,23.0,231.0
2004-05,Girls,Vermont,Softball Slow Pitch,26.0,269.0
2004-05,Girls,Virginia,Soccer,,1862.0
2004-05,Girls,West Virginia,Soccer,,105.0
2004-05,Girls,Wyoming,Softball Fast Pitch,,45.0
2004-05,Girls,Wyoming,Softball Slow Pitch,,94.0
2004-05,Girls,Wyoming,Soccer,,58.0
2004-05,Girls,Alabama,Tennis,,2999.0
2004-05,Girls,Alabama,Track and Field Outdoor,382.0,6112.0
2004-05,Girls,Alaska,Tennis,28.0,888.0
2004-05,Girls,Alaska,Track and Field Outdoor,26.0,584.0
2004-05,Girls,Arizona,Tennis,158.0,4602.0
2004-05,Girls,Arizona,Track and Field Outdoor,207.0,6369.0
2004-05,Girls,Arkansas,Tennis,46.0,882.0
2004-05,Girls,Arkansas,Track and Field Outdoor,206.0,3381.0
2004-05,Girls,California,Tennis,1070.0,37424.0
2004-05,Girls,California,Track and Field Indoor,25.0,524.0
2004-05,Girls,California,Track and Field Outdoor,1077.0,
2004-05,Girls,Colorado,Tennis,178.0,6260.0
2004-05,Girls,Colorado,Track and Field Outdoor,158.0,3998.0
2004-05,Girls,Connecticut,Track and Field Outdoor,173.0,4653.0
2004-05,Girls,Connecticut,Tennis,145.0,5263.0
2004-05,Girls,Delaware,Tennis,37.0,853.0
2004-05,Girls,Delaware,Track and Field Outdoor,39.0,720.0
2004-05,Girls,District of Columbia,Tennis,,113.0
2004-05,Girls,District of Columbia,Track and Field Outdoor,12.0,198.0
2004-05,Girls,Florida,Tennis,455.0,12927.0
2004-05,Girls,Florida,Track and Field Indoor,42.0,776.0
2004-05,Girls,Florida,Track and Field Outdoor,23.0,10352.0
2004-05,Girls,Georgia,Tennis,289.0,7116.0
2004-05,Girls,Georgia,Track and Field Indoor,23.0,516.0
2004-05,Girls,Georgia,Track and Field Outdoor,357.0,7848.0
2004-05,Girls,Hawaii,Tennis,52.0,1639.0
2004-05,Girls,Hawaii,Track and Field Outdoor,28.0,1063.0
2004-05,Girls,Idaho,Tennis,60.0,1592.0
2004-05,Girls,Idaho,Track and Field Outdoor,96.0,2250.0
2004-05,Girls,Kansas,Tennis,67.0,2394.0
2004-05,Girls,Kansas,Track and Field Outdoor,205.0,4898.0
2004-05,Girls,Kentucky,Tennis,173.0,4675.0
2004-05,Girls,Kentucky,Track and Field Indoor,20.0,436.0
2004-05,Girls,Kentucky,Track and Field Outdoor,248.0,5802.0
2004-05,Girls,Louisiana,Tennis,129.0,1935.0
2004-05,Girls,Louisiana,Track and Field Outdoor,364.0,5460.0
2004-05,Girls,Maine,Tennis,132.0,3886.0
2004-05,Girls,Maine,Track and Field Outdoor,126.0,3050.0
2004-05,Girls,Massachusetts,Tennis,295.0,12047.0
2004-05,Girls,Massachusetts,Track and Field Outdoor,330.0,10916.0
2004-05,Girls,Michigan,Tennis,409.0,13675.0
2004-05,Girls,Michigan,Track and Field Outdoor,613.0,16658.0
2004-05,Girls,Minnesota,Tennis,195.0,7933.0
2004-05,Girls,Minnesota,Track and Field Outdoor,415.0,12789.0
2004-05,Girls,Mississippi,Tennis,99.0,1986.0
2004-05,Girls,Mississippi,Track and Field Indoor,114.0,
2004-05,Girls,Mississippi,Track and Field Outdoor,172.0,4430.0
2004-05,Girls,Missouri,Tennis,183.0,6486.0
2004-05,Girls,Missouri,Track and Field Outdoor,460.0,9984.0
2004-05,Girls,Montana,Tennis,26.0,791.0
2004-05,Girls,Montana,Track and Field Outdoor,60.0,1147.0
2004-05,Girls,Nebraska,Tennis,71.0,2204.0
2004-05,Girls,Nebraska,Track and Field Outdoor,107.0,2161.0
2004-05,Girls,Nevada,Tennis,62.0,1940.0
2004-05,Girls,Nevada,Track and Field Outdoor,81.0,2010.0
2004-05,Girls,New Hampshire,Track and Field Outdoor,,2284.0
2004-05,Girls,New Hampshire,Tennis,76.0,2742.0
2004-05,Girls,New Jersey,Tennis,371.0,12533.0
2004-05,Girls,New Jersey,Track and Field Outdoor,408.0,11044.0
2004-05,Girls,New Mexico,Tennis,62.0,2222.0
2004-05,Girls,New Mexico,Track and Field Outdoor,80.0,2358.0
2004-05,Girls,New York,Tennis,637.0,22806.0
2004-05,Girls,New York,Track and Field Outdoor,679.0,
2004-05,Girls,Ohio,Tennis,451.0,13213.0
2004-05,Girls,Ohio,Track and Field Indoor,13.0,
2004-05,Girls,Ohio,Track and Field Outdoor,774.0,18803.0
2004-05,Girls,Oklahoma,Tennis,112.0,
2004-05,Girls,Oklahoma,Track and Field Indoor,339.0,
2004-05,Girls,Oklahoma,Track and Field Outdoor,415.0,7000.0
2004-05,Girls,Oregon,Tennis,147.0,4738.0
2004-05,Girls,Oregon,Track and Field Outdoor,215.0,5160.0
2004-05,Girls,Pennsylvania,Tennis,479.0,16765.0
2004-05,Girls,Pennsylvania,Track and Field Outdoor,643.0,22505.0
2004-05,Girls,Rhode Island,Tennis,45.0,1417.0
2004-05,Girls,Rhode Island,Track and Field Indoor,,157.0
2004-05,Girls,Rhode Island,Track and Field Outdoor,39.0,936.0
2004-05,Girls,South Carolina,Tennis,109.0,3147.0
2004-05,Girls,South Carolina,Track and Field Outdoor,188.0,4537.0
2004-05,Girls,Tennessee,Tennis,223.0,
2004-05,Girls,Tennessee,Track and Field Outdoor,347.0,6324.0
2004-05,Girls,Utah,Tennis,76.0,2438.0
2004-05,Girls,Utah,Track and Field Outdoor,91.0,2091.0
2004-05,Girls,Vermont,Tennis,70.0,2232.0
2004-05,Girls,Vermont,Track and Field Indoor,,89.0
2004-05,Girls,Vermont,Track and Field Outdoor,55.0,1309.0
2004-05,Girls,Virginia,Tennis,246.0,7194.0
2004-05,Girls,Virginia,Track and Field Outdoor,293.0,7765.0
2004-05,Girls,Washington,Tennis,226.0,7808.0
2004-05,Girls,Washington,Track and Field Outdoor,281.0,7609.0
2004-05,Girls,West Virginia,Tennis,63.0,1457.0
2004-05,Girls,West Virginia,Track and Field Outdoor,126.0,2803.0
2004-05,Girls,Wisconsin,Tennis,232.0,8524.0
2004-05,Girls,Wisconsin,Track and Field Outdoor,439.0,11562.0
2004-05,Girls,Wyoming,Tennis,,638.0
2005-06,Girls,Alaska,Basketball,10.0,98.0
2005-06,Girls,Arkansas,Basketball,27.0,256.0
2005-06,Girls,Colorado,Competitive Spirit Squads,217.0,
2005-06,Girls,Connecticut,Competitive Spirit Squads,,2468.0
2005-06,Girls,Delaware,Competitive Spirit Squads,38.0,448.0
2005-06,Girls,District of Columbia,Competitive Spirit Squads,12.0,125.0
2005-06,Girls,Florida,Basketball,138.0,1283.0
2005-06,Girls,Florida,Competitive Spirit Squads,468.0,5766.0
2005-06,Girls,Georgia,Competitive Spirit Squads,848.0,
2005-06,Girls,Hawaii,Basketball,,536.0
2005-06,Girls,Hawaii,Competitive Spirit Squads,68.0,874.0
2005-06,Girls,Illinois,Competitive Spirit Squads,492.0,8511.0
2005-06,Girls,Massachusetts,Competitive Spirit Squads,,87.0
2005-06,Girls,Michigan,Basketball,234.0,2808.0
2005-06,Girls,Michigan,Competitive Spirit Squads,576.0,
2005-06,Girls,Minnesota,Competitive Spirit Squads,329.0,4444.0
2005-06,Girls,North Carolina,Competitive Spirit Squads,325.0,4083.0
2005-06,Girls,Ohio,Competitive Spirit Squads,710.0,7322.0
2005-06,Girls,Oklahoma,Competitive Spirit Squads,473.0,1275.0
2005-06,Girls,Oregon,Competitive Spirit Squads,203.0,2336.0
2005-06,Girls,Rhode Island,Competitive Spirit Squads,42.0,647.0
2005-06,Girls,South Dakota,Competitive Spirit Squads,130.0,649.0
2005-06,Girls,Texas,Competitive Spirit Squads,1187.0,28233.0
2005-06,Girls,Wisconsin,Competitive Spirit Squads,381520.0,
2005-06,Girls,Wyoming,Competitive Spirit Squads,37.0,378.0
2005-06,Girls,Wyoming,Basketball,,11.0
2005-06,Girls,Illinois,Golf,900.0,
2005-06,Girls,Alaska,Soccer,24.0,150.0
2005-06,Girls,Minnesota,Soccer,234.0,3634.0
2005-06,Girls,Wyoming,Softball Fast Pitch,,13.0
2005-06,Girls,Alabama,Track and Field Outdoor,298.0,
2005-06,Girls,Alabama,Volleyball,,238.0
2005-06,Girls,Alaska,Tennis,16.0,241.0
2005-06,Girls,Alaska,Track and Field Outdoor,45.0,989.0
2005-06,Girls,Alaska,Volleyball,70.0,
2005-06,Girls,Arkansas,Tennis,94.0,863.0
2005-06,Girls,Colorado,Tennis,140.0,4265.0
2005-06,Girls,Colorado,Track and Field Indoor,182.0,
2005-06,Girls,Connecticut,Volleyball,,55.0
2005-06,Girls,Connecticut,Track and Field Indoor,,684.0
2005-06,Girls,Delaware,Tennis,30.0,684.0
2005-06,Girls,Delaware,Track and Field Indoor,30.0,
2005-06,Girls,Delaware,Track and Field Outdoor,,884.0
2005-06,Girls,Delaware,Volleyball,41.0,1163.0
2005-06,Girls,District of Columbia,Tennis,10.0,50.0
2005-06,Girls,District of Columbia,Track and Field Indoor,13.0,225.0
2005-06,Girls,District of Columbia,Track and Field Outdoor,43.0,264.0
2005-06,Girls,District of Columbia,Volleyball,12.0,425.0
2005-06,Girls,Florida,Tennis,440.0,4597.0
2005-06,Girls,Florida,Track and Field Outdoor,474.0,11414.0
2005-06,Girls,Florida,Volleyball,546.0,12358.0
2005-06,Girls,Georgia,Track and Field Outdoor,366.0,8521.0
2005-06,Girls,Georgia,Volleyball,243.0,5841.0
2005-06,Girls,Hawaii,Tennis,63.0,1009.0
2005-06,Girls,Hawaii,Track and Field Outdoor,62.0,1290.0
2005-06,Girls,Hawaii,Volleyball,68.0,1660.0
2005-06,Girls,Idaho,Tennis,,8425.0
2005-06,Girls,Illinois,Track and Field Outdoor,586.0,17686.0
2005-06,Girls,Indiana,Track and Field Outdoor,,903.0
2005-06,Girls,Maine,Track and Field Outdoor,106.0,
2005-06,Girls,Maine,Track and Field Indoor,,4093.0
2005-06,Girls,Massachusetts,Track and Field Outdoor,274.0,
2005-06,Girls,Massachusetts,Tennis,,4379.0
2005-06,Girls,Massachusetts,Track and Field Indoor,208.0,7659.0
2005-06,Girls,Massachusetts,Volleyball,230.0,6464.0
2005-06,Girls,Michigan,Tennis,,9671.0
2005-06,Girls,Michigan,Track and Field Indoor,,545.0
2005-06,Girls,Michigan,Track and Field Outdoor,646.0,18685.0
2005-06,Girls,Minnesota,Tennis,5089.0,5089.0
2005-06,Girls,Minnesota,Track and Field Outdoor,437.0,13036.0
2005-06,Girls,Minnesota,Volleyball,448.0,14213.0
2005-06,Girls,Mississippi,Volleyball,802.0,
2005-06,Girls,Missouri,Track and Field Outdoor,,67.0
2005-06,Girls,Missouri,Volleyball,423.0,10881.0
2005-06,Girls,Montana,Track and Field Outdoor,,678.0
2005-06,Girls,New Mexico,Track and Field Outdoor,144.0,560.0
2005-06,Girls,Oklahoma,Track and Field Outdoor,306.0,
2005-06,Girls,Oregon,Track and Field Outdoor,264.0,6378.0
2005-06,Girls,Pennsylvania,Track and Field Outdoor,567.0,18144.0
2005-06,Girls,Rhode Island,Track and Field Outdoor,,1475.0
2005-06,Girls,South Carolina,Track and Field Outdoor,488.0,
2005-06,Girls,South Dakota,Track and Field Outdoor,166.0,2601.0
2005-06,Girls,Texas,Track and Field Outdoor,1234.0,913.0
2005-06,Girls,Washington,Track and Field Outdoor,,233.0
2005-06,Girls,Washington,Volleyball,473.0,16.0
2005-06,Girls,Wisconsin,Track and Field Outdoor,423.0,10860.0
2005-06,Girls,Wyoming,Track and Field Indoor,,259.0
2005-06,Girls,Wyoming,Track and Field Outdoor,68.0,1239.0
2005-06,Girls,Wyoming,Volleyball,68.0,4628.0
2006-07,Girls,Alabama,Basketball,403.0,5411.0
2006-07,Girls,Alabama,Cross Country,140.0,962.0
2006-07,Girls,Alaska,Basketball,139.0,1849.0
2006-07,Girls,Alaska,Bowling,,70.0
2006-07,Girls,Alaska,Competitive Spirit Squads,21.0,314.0
2006-07,Girls,Alaska,Cross Country,106.0,807.0
2006-07,Girls,Arizona,Basketball,236.0,6634.0
2006-07,Girls,Arizona,Competitive Spirit Squads,113.0,3626.0
2006-07,Girls,Arizona,Cross Country,181.0,2242.0
2006-07,Girls,Arkansas,Basketball,234.0,4320.0
2006-07,Girls,Arkansas,Bowling,43.0,431.0
2006-07,Girls,Arkansas,Competitive Spirit Squads,99.0,1622.0
2006-07,Girls,Arkansas,Cross Country,92.0,681.0
2006-07,Girls,California,Basketball,1275.0,34991.0
2006-07,Girls,California,Bowling,,177.0
2006-07,Girls,California,Competitive Spirit Squads,355.0,
2006-07,Girls,California,Cross Country,1085.0,20873.0
2006-07,Girls,Colorado,Basketball,323.0,7606.0
2006-07,Girls,Colorado,Competitive Spirit Squads,193.0,5706.0
2006-07,Girls,Colorado,Cross Country,205.0,3207.0
2006-07,Girls,Connecticut,Basketball,178.0,4157.0
2006-07,Girls,Connecticut,Competitive Spirit Squads,153.0,2089.0
2006-07,Girls,Connecticut,Cross Country,165.0,2669.0
2006-07,Girls,Delaware,Basketball,49.0,1041.0
2006-07,Girls,Delaware,Competitive Spirit Squads,17.0,335.0
2006-07,Girls,Delaware,Cross Country,40.0,623.0
2006-07,Girls,District of Columbia,Basketball,15.0,205.0
2006-07,Girls,District of Columbia,Competitive Spirit Squads,14.0,133.0
2006-07,Girls,District of Columbia,Cross Country,11.0,65.0
2006-07,Girls,Florida,Basketball,605.0,10793.0
2006-07,Girls,Florida,Bowling,173.0,1391.0
2006-07,Girls,Florida,Cross Country,495.0,6104.0
2006-07,Girls,Georgia,Basketball,383.0,9322.0
2006-07,Girls,Georgia,Competitive Spirit Squads,225.0,
2006-07,Girls,Georgia,Cross Country,343.0,4343.0
2006-07,Girls,Hawaii,Basketball,65.0,1390.0
2006-07,Girls,Hawaii,Bowling,53.0,527.0
2006-07,Girls,Hawaii,Competitive Spirit Squads,49.0,673.0
2006-07,Girls,Hawaii,Cross Country,65.0,895.0
2006-07,Girls,Illinois,Basketball,680.0,17428.0
2006-07,Girls,Illinois,Bowling,211.0,3164.0
2006-07,Girls,Illinois,Competitive Spirit Squads,293.0,6622.0
2006-07,Girls,Illinois,Cross Country,501.0,8891.0
2006-07,Girls,Kansas,Basketball,352.0,7803.0
2006-07,Girls,Kansas,Bowling,34.0,427.0
2006-07,Girls,Kansas,Cross Country,237.0,2432.0
2006-07,Girls,Kentucky,Basketball,272.0,6205.0
2006-07,Girls,Kentucky,Bowling,30.0,331.0
2006-07,Girls,Kentucky,Competitive Spirit Squads,269.0,
2006-07,Girls,Kentucky,Cross Country,226.0,2305.0
2006-07,Girls,Louisiana,Basketball,397.0,9925.0
2006-07,Girls,Louisiana,Bowling,53.0,530.0
2006-07,Girls,Louisiana,Cross Country,280.0,
2006-07,Girls,Maine,Basketball,139.0,3476.0
2006-07,Girls,Maine,Bowling,,53.0
2006-07,Girls,Maine,Competitive Spirit Squads,96.0,1926.0
2006-07,Girls,Maine,Cross Country,97.0,1052.0
2006-07,Girls,Maryland,Basketball,189.0,4722.0
2006-07,Girls,Maryland,Cross Country,181.0,2403.0
2006-07,Girls,Massachusetts,Basketball,360.0,10427.0
2006-07,Girls,Massachusetts,Cross Country,287.0,5038.0
2006-07,Girls,Michigan,Basketball,667.0,19140.0
2006-07,Girls,Michigan,Bowling,258.0,2562.0
2006-07,Girls,Michigan,Competitive Spirit Squads,321.0,7786.0
2006-07,Girls,Michigan,Cross Country,576.0,7073.0
2006-07,Girls,Minnesota,Basketball,456.0,11253.0
2006-07,Girls,Minnesota,Cross Country,333.0,4451.0
2006-07,Girls,Mississippi,Basketball,263.0,6841.0
2006-07,Girls,Mississippi,Bowling,,311.0
2006-07,Girls,Mississippi,Competitive Spirit Squads,260.0,3900.0
2006-07,Girls,Mississippi,Cross Country,147.0,1320.0
2006-07,Girls,Missouri,Basketball,545.0,12634.0
2006-07,Girls,Missouri,Cross Country,323.0,4297.0
2006-07,Girls,Montana,Basketball,178.0,3461.0
2006-07,Girls,Montana,Cross Country,86.0,791.0
2006-07,Girls,Nebraska,Basketball,311.0,6986.0
2006-07,Girls,Nebraska,Cross Country,191.0,1727.0
2006-07,Girls,Nevada,Basketball,95.0,2479.0
2006-07,Girls,Nevada,Bowling,29.0,259.0
2006-07,Girls,Nevada,Cross Country,68.0,712.0
2006-07,Girls,New Hampshire,Basketball,87.0,2403.0
2006-07,Girls,New Hampshire,Competitive Spirit Squads,66.0,
2006-07,Girls,New Hampshire,Cross Country,70.0,1037.0
2006-07,Girls,New Jersey,Basketball,423.0,9722.0
2006-07,Girls,New Jersey,Bowling,219.0,1889.0
2006-07,Girls,New Jersey,Cross Country,387.0,4964.0
2006-07,Girls,New Mexico,Basketball,146.0,3528.0
2006-07,Girls,New Mexico,Cross Country,98.0,1238.0
2006-07,Girls,New York,Basketball,688.0,17850.0
2006-07,Girls,New York,Bowling,207.0,3024.0
2006-07,Girls,New York,Cross Country,539.0,6348.0
2006-07,Girls,North Carolina,Basketball,368.0,8116.0
2006-07,Girls,North Carolina,Competitive Spirit Squads,365.0,18718.0
2006-07,Girls,North Carolina,Cross Country,337.0,4316.0
2006-07,Girls,North Dakota,Basketball,169.0,2682.0
2006-07,Girls,North Dakota,Cross Country,62.0,402.0
2006-07,Girls,North Dakota,Bowling,228.0,1368.0
2006-07,Girls,Oklahoma,Basketball,471.0,7660.0
2006-07,Girls,Oklahoma,Competitive Spirit Squads,180.0,1950.0
2006-07,Girls,Oklahoma,Cross Country,175.0,1255.0
2006-07,Girls,Oregon,Basketball,285.0,6374.0
2006-07,Girls,Oregon,Competitive Spirit Squads,72.0,1006.0
2006-07,Girls,Oregon,Cross Country,203.0,
2006-07,Girls,Pennsylvania,Basketball,716.0,21480.0
2006-07,Girls,Pennsylvania,Bowling,117.0,1170.0
2006-07,Girls,Pennsylvania,Cross Country,548.0,5470.0
2006-07,Girls,Rhode Island,Basketball,49.0,1135.0
2006-07,Girls,Rhode Island,Cross Country,42.0,693.0
2006-07,Girls,South Carolina,Basketball,199.0,5002.0
2006-07,Girls,South Carolina,Bowling,,69.0
2006-07,Girls,South Carolina,Competitive Spirit Squads,932881.0,
2006-07,Girls,South Carolina,Cross Country,145.0,1906.0
2006-07,Girls,South Dakota,Basketball,180.0,3032.0
2006-07,Girls,South Dakota,Competitive Spirit Squads,,205.0
2006-07,Girls,South Dakota,Cross Country,127.0,702.0
2006-07,Girls,Tennessee,Basketball,363.0,6618.0
2006-07,Girls,Tennessee,Bowling,130.0,1246.0
2006-07,Girls,Tennessee,Cross Country,262.0,2715.0
2006-07,Girls,Vermont,Basketball,55.0,1496.0
2006-07,Girls,Vermont,Competitive Spirit Squads,26.0,391.0
2006-07,Girls,Vermont,Cross Country,45.0,562.0
2006-07,Girls,Virginia,Basketball,300.0,7821.0
2006-07,Girls,Virginia,Competitive Spirit Squads,300.0,
2006-07,Girls,Virginia,Cross Country,284.0,4017.0
2006-07,Girls,Washington,Basketball,368.0,9429.0
2006-07,Girls,Washington,Bowling,52.0,1156.0
2006-07,Girls,Washington,Cross Country,280.0,3717.0
2006-07,Girls,West Virginia,Basketball,130.0,2543.0
2006-07,Girls,West Virginia,Cross Country,74.0,642.0
2006-07,Girls,Wisconsin,Basketball,486.0,13068.0
2006-07,Girls,Wisconsin,Cross Country,382.0,5767.0
2006-07,Girls,Wyoming,Basketball,71.0,1541.0
2006-07,Girls,Wyoming,Competitive Spirit Squads,36.0,446.0
2006-07,Girls,Wyoming,Cross Country,37.0,328.0
2006-07,Girls,Wyoming,Bowling,,56.0
2006-07,Girls,Alabama,Golf,155.0,463.0
2006-07,Girls,Alaska,Gymnastics,,123.0
2006-07,Girls,Arizona,Football 11-player,24.0,53.0
2006-07,Girls,Arizona,Golf,130.0,774.0
2006-07,Girls,Arkansas,Football 11-player,,82.0
2006-07,Girls,Arkansas,Golf,129.0,540.0
2006-07,Girls,Arkansas,Gymnastics,,73.0
2006-07,Girls,California,Field Hockey,91.0,3654.0
2006-07,Girls,California,Football 11-player,104.0,149.0
2006-07,Girls,California,Golf,746.0,6652.0
2006-07,Girls,California,Gymnastics,40.0,732.0
2006-07,Girls,Colorado,Field Hockey,17.0,536.0
2006-07,Girls,Colorado,Football 11-player,17.0,59.0
2006-07,Girls,Colorado,Golf,125.0,1543.0
2006-07,Girls,Colorado,Gymnastics,45.0,537.0
2006-07,Girls,Connecticut,Field Hockey,78.0,3340.0
2006-07,Girls,Connecticut,Golf,33.0,447.0
2006-07,Girls,Connecticut,Gymnastics,61.0,442.0
2006-07,Girls,Delaware,Field Hockey,45.0,1415.0
2006-07,Girls,Delaware,Golf,18.0,58.0
2006-07,Girls,District of Columbia,Golf,,21.0
2006-07,Girls,Florida,Golf,384.0,2644.0
2006-07,Girls,Georgia,Golf,294.0,1325.0
2006-07,Girls,Georgia,Gymnastics,40.0,407.0
2006-07,Girls,Hawaii,Golf,50.0,175.0
2006-07,Girls,Hawaii,Gymnastics,,39.0
2006-07,Girls,Illinois,Golf,354.0,2903.0
2006-07,Girls,Illinois,Gymnastics,85.0,1935.0
2006-07,Girls,Indiana,Golf,277.0,2858.0
2006-07,Girls,Indiana,Gymnastics,81.0,954.0
2006-07,Girls,Kansas,Golf,113.0,1062.0
2006-07,Girls,Kansas,Gymnastics,17.0,226.0
2006-07,Girls,Kentucky,Field Hockey,20.0,763.0
2006-07,Girls,Kentucky,Golf,217.0,1339.0
2006-07,Girls,Kentucky,Gymnastics,,111.0
2006-07,Girls,Louisiana,Golf,126.0,504.0
2006-07,Girls,Louisiana,Gymnastics,23.0,253.0
2006-07,Girls,Maine,Field Hockey,82.0,2918.0
2006-07,Girls,Maine,Golf,,89.0
2006-07,Girls,Maine,Gymnastics,,13.0
2006-07,Girls,Maryland,Field Hockey,123.0,4049.0
2006-07,Girls,Maryland,Golf,127.0,235.0
2006-07,Girls,Maryland,Gymnastics,14.0,198.0
2006-07,Girls,Massachusetts,Field Hockey,205.0,8391.0
2006-07,Girls,Massachusetts,Golf,25.0,499.0
2006-07,Girls,Massachusetts,Gymnastics,92.0,1238.0
2006-07,Girls,Michigan,Field Hockey,14.0,591.0
2006-07,Girls,Michigan,Golf,313.0,3676.0
2006-07,Girls,Michigan,Gymnastics,72.0,781.0
2006-07,Girls,Minnesota,Golf,379.0,3654.0
2006-07,Girls,Minnesota,Gymnastics,188.0,2542.0
2006-07,Girls,Mississippi,Golf,68.0,314.0
2006-07,Girls,Missouri,Golf,161.0,1683.0
2006-07,Girls,Missouri,Gymnastics,,16.0
2006-07,Girls,Montana,Golf,97.0,589.0
2006-07,Girls,Nebraska,Golf,132.0,1253.0
2006-07,Girls,Nevada,Golf,63.0,448.0
2006-07,Girls,New Hampshire,Field Hockey,56.0,2060.0
2006-07,Girls,New Hampshire,Golf,26.0,54.0
2006-07,Girls,New Hampshire,Gymnastics,35.0,192.0
2006-07,Girls,New Jersey,Field Hockey,,9490.0
2006-07,Girls,New Jersey,Golf,211.0,1009.0
2006-07,Girls,New Jersey,Gymnastics,69.0,907.0
2006-07,Girls,New Mexico,Golf,77.0,365.0
2006-07,Girls,New York,Field Hockey,232.0,8619.0
2006-07,Girls,New York,Golf,109.0,1211.0
2006-07,Girls,New York,Gymnastics,115.0,1556.0
2006-07,Girls,North Carolina,Field Hockey,18.0,382.0
2006-07,Girls,North Carolina,Golf,194.0,1239.0
2006-07,Girls,North Carolina,Gymnastics,19.0,122.0
2006-07,Girls,North Dakota,Football 11-player,,15.0
2006-07,Girls,North Dakota,Golf,105.0,605.0
2006-07,Girls,North Dakota,Gymnastics,14.0,80.0
2006-07,Girls,Ohio,Field Hockey,35.0,1152.0
2006-07,Girls,Ohio,Football 11-player,,148.0
2006-07,Girls,Ohio,Golf,486.0,2323.0
2006-07,Girls,Ohio,Gymnastics,151.0,987.0
2006-07,Girls,Oklahoma,Golf,215.0,925.0
2006-07,Girls,Oregon,Golf,169.0,1156.0
2006-07,Girls,Oregon,Field Hockey,298.0,
2006-07,Girls,Oregon,Gymnastics,20.0,200.0
2006-07,Girls,Rhode Island,Field Hockey,22.0,695.0
2006-07,Girls,Rhode Island,Golf,,61.0
2006-07,Girls,Rhode Island,Gymnastics,16.0,186.0
2006-07,Girls,South Carolina,Golf,77.0,518.0
2006-07,Girls,South Dakota,Golf,119.0,727.0
2006-07,Girls,South Dakota,Gymnastics,30.0,300.0
2006-07,Girls,Tennessee,Golf,258.0,914.0
2006-07,Girls,Texas,Football 11-player,,235.0
2006-07,Girls,Texas,Golf,1132.0,7963.0
2006-07,Girls,Utah,Golf,44.0,95.0
2006-07,Girls,Vermont,Field Hockey,28.0,1037.0
2006-07,Girls,Vermont,Golf,31.0,132.0
2006-07,Girls,Vermont,Gymnastics,,123.0
2006-07,Girls,Virginia,Field Hockey,129.0,4359.0
2006-07,Girls,Virginia,Football 11-player,25.0,37.0
2006-07,Girls,Virginia,Golf,132.0,298.0
2006-07,Girls,Virginia,Gymnastics,81.0,851.0
2006-07,Girls,Washington,Football 11-player,10.0,12.0
2006-07,Girls,Washington,Golf,250.0,2310.0
2006-07,Girls,Washington,Gymnastics,81.0,1683.0
2006-07,Girls,Wisconsin,Golf,146.0,1594.0
2006-07,Girls,Wisconsin,Gymnastics,83.0,1067.0
2006-07,Girls,Wyoming,Golf,39.0,179.0
2006-07,Girls,Wyoming,Gymnastics,,55.0
2006-07,Girls,Wyoming,Football 11-player,,57.0
2006-07,Girls,Alaska,Ice Hockey,22.0,141.0
2006-07,Girls,Alaska,Skiing Cross Country,32.0,469.0
2006-07,Girls,California,Lacrosse,110.0,3154.0
2006-07,Girls,California,Skiing Alpine,27.0,206.0
2006-07,Girls,California,Skiing Cross Country,,59.0
2006-07,Girls,Colorado,Ice Hockey,,28.0
2006-07,Girls,Colorado,Lacrosse,48.0,1433.0
2006-07,Girls,Colorado,Skiing Alpine,15.0,190.0
2006-07,Girls,Colorado,Skiing Cross Country,,106.0
2006-07,Girls,Connecticut,Lacrosse,68.0,2992.0
2006-07,Girls,Delaware,Lacrosse,24.0,643.0
2006-07,Girls,District of Columbia,Lacrosse,,17.0
2006-07,Girls,District of Columbia,Skiing Alpine,,97.0
2006-07,Girls,Florida,Lacrosse,61.0,1835.0
2006-07,Girls,Georgia,Lacrosse,35.0,1263.0
2006-07,Girls,Kentucky,Ice Hockey,,17.0
2006-07,Girls,Kentucky,Lacrosse,14.0,294.0
2006-07,Girls,Kentucky,Skiing Cross Country,,66.0
2006-07,Girls,Maine,Ice Hockey,31.0,380.0
2006-07,Girls,Maine,Lacrosse,40.0,1378.0
2006-07,Girls,Maine,Skiing Alpine,49.0,321.0
2006-07,Girls,Maine,Skiing Cross Country,38.0,292.0
2006-07,Girls,Maryland,Lacrosse,125.0,4320.0
2006-07,Girls,Massachusetts,Ice Hockey,87.0,1728.0
2006-07,Girls,Massachusetts,Lacrosse,137.0,5706.0
2006-07,Girls,Massachusetts,Skiing Alpine,74.0,944.0
2006-07,Girls,Massachusetts,Skiing Cross Country,23.0,276.0
2006-07,Girls,Michigan,Ice Hockey,20.0,317.0
2006-07,Girls,Michigan,Lacrosse,52.0,1760.0
2006-07,Girls,Michigan,Skiing Alpine,86.0,766.0
2006-07,Girls,Michigan,Skiing Cross Country,,43.0
2006-07,Girls,Minnesota,Ice Hockey,239.0,3430.0
2006-07,Girls,Minnesota,Lacrosse,48.0,1278.0
2006-07,Girls,Minnesota,Skiing Alpine,95.0,747.0
2006-07,Girls,Minnesota,Skiing Cross Country,109.0,1660.0
2006-07,Girls,Nevada,Skiing Alpine,13.0,183.0
2006-07,Girls,New Hampshire,Ice Hockey,,59.0
2006-07,Girls,New Hampshire,Lacrosse,37.0,1414.0
2006-07,Girls,New Hampshire,Skiing Alpine,51.0,419.0
2006-07,Girls,New Hampshire,Skiing Cross Country,33.0,401.0
2006-07,Girls,New Jersey,Ice Hockey,15.0,84.0
2006-07,Girls,New Jersey,Lacrosse,151.0,7309.0
2006-07,Girls,New Jersey,Skiing Cross Country,12.0,135.0
2006-07,Girls,New York,Lacrosse,211.0,9899.0
2006-07,Girls,North Carolina,Lacrosse,43.0,1032.0
2006-07,Girls,North Dakota,Ice Hockey,19.0,195.0
2006-07,Girls,Ohio,Lacrosse,40.0,1749.0
2006-07,Girls,Ohio,Skiing Alpine,,69.0
2006-07,Girls,Pennsylvania,Lacrosse,121.0,3872.0
2006-07,Girls,Rhode Island,Ice Hockey,16.0,212.0
2006-07,Girls,Rhode Island,Lacrosse,20.0,631.0
2006-07,Girls,South Carolina,Lacrosse,,249.0
2006-07,Girls,Vermont,Ice Hockey,23.0,378.0
2006-07,Girls,Vermont,Lacrosse,23.0,378.0
2006-07,Girls,Vermont,Skiing Alpine,24.0,184.0
2006-07,Girls,Vermont,Skiing Cross Country,24.0,240.0
2006-07,Girls,Virginia,Lacrosse,62.0,2165.0
2006-07,Girls,Wisconsin,Ice Hockey,23.0,372.0
2006-07,Girls,Wyoming,Skiing Alpine,,64.0
2006-07,Girls,Wyoming,Skiing Cross Country,,92.0
2006-07,Girls,Wyoming,Lacrosse,,58.0
2006-07,Girls,Alabama,Soccer,116.0,
2006-07,Girls,Alabama,Softball Fast Pitch,383.0,6128.0
2006-07,Girls,Alabama,Swimming and Diving,42.0,360.0
2006-07,Girls,Alaska,Soccer,30.0,879.0
2006-07,Girls,Alaska,Softball Fast Pitch,22.0,536.0
2006-07,Girls,Alaska,Swimming and Diving,28.0,489.0
2006-07,Girls,Arizona,Soccer,172.0,5228.0
2006-07,Girls,Arizona,Softball Fast Pitch,218.0,6646.0
2006-07,Girls,Arizona,Swimming and Diving,111.0,2659.0
2006-07,Girls,Arkansas,Soccer,65.0,1203.0
2006-07,Girls,Arkansas,Softball Fast Pitch,215.0,3473.0
2006-07,Girls,Arkansas,Swimming and Diving,26.0,228.0
2006-07,Girls,Colorado,Soccer,298.0,6659.0
2006-07,Girls,Colorado,Softball Fast Pitch,173.0,3777.0
2006-07,Girls,Colorado,Swimming and Diving,124.0,3830.0
2006-07,Girls,Connecticut,Soccer,151.0,5710.0
2006-07,Girls,Connecticut,Softball Fast Pitch,169.0,4486.0
2006-07,Girls,Connecticut,Swimming and Diving,93.0,2822.0
2006-07,Girls,Delaware,Soccer,47.0,1405.0
2006-07,Girls,Delaware,Softball Fast Pitch,40.0,1019.0
2006-07,Girls,Delaware,Swimming and Diving,31.0,768.0
2006-07,Girls,District of Columbia,Soccer,,120.0
2006-07,Girls,District of Columbia,Softball Fast Pitch,13.0,158.0
2006-07,Girls,District of Columbia,Swimming and Diving,,22.0
2006-07,Girls,Florida,Soccer,502.0,13562.0
2006-07,Girls,Florida,Softball Slow Pitch,,765.0
2006-07,Girls,Florida,Softball Fast Pitch,529.0,10086.0
2006-07,Girls,Florida,Swimming and Diving,400.0,7352.0
2006-07,Girls,Georgia,Soccer,292.0,
2006-07,Girls,Georgia,Softball Slow Pitch,24.0,487.0
2006-07,Girls,Georgia,Softball Fast Pitch,363.0,7744.0
2006-07,Girls,Georgia,Swimming and Diving,180.0,3250.0
2006-07,Girls,Hawaii,Soccer,54.0,1662.0
2006-07,Girls,Hawaii,Softball Fast Pitch,52.0,1240.0
2006-07,Girls,Hawaii,Swimming and Diving,56.0,668.0
2006-07,Girls,Kansas,Soccer,90.0,2884.0
2006-07,Girls,Kansas,Softball Fast Pitch,222.0,4974.0
2006-07,Girls,Kansas,Swimming and Diving,61.0,1542.0
2006-07,Girls,Kentucky,Soccer,180.0,4864.0
2006-07,Girls,Kentucky,Softball Slow Pitch,17.0,370.0
2006-07,Girls,Kentucky,Softball Fast Pitch,263.0,6153.0
2006-07,Girls,Kentucky,Swimming and Diving,139.0,2108.0
2006-07,Girls,Louisiana,Soccer,129.0,1935.0
2006-07,Girls,Louisiana,Softball Fast Pitch,364.0,5460.0
2006-07,Girls,Louisiana,Swimming and Diving,100.0,800.0
2006-07,Girls,Maryland,Soccer,178.0,5665.0
2006-07,Girls,Maryland,Softball Fast Pitch,188.0,5426.0
2006-07,Girls,Maryland,Swimming and Diving,96.0,2166.0
2006-07,Girls,Massachusetts,Soccer,306.0,
2006-07,Girls,Massachusetts,Softball Fast Pitch,350.0,10850.0
2006-07,Girls,Massachusetts,Swimming and Diving,165.0,4104.0
2006-07,Girls,Minnesota,Soccer,209.0,7872.0
2006-07,Girls,Minnesota,Softball Fast Pitch,423.0,11132.0
2006-07,Girls,Minnesota,Swimming and Diving,201.0,5416.0
2006-07,Girls,Mississippi,Soccer,112.0,2276.0
2006-07,Girls,Mississippi,Softball Slow Pitch,198.0,6109.0
2006-07,Girls,Mississippi,Softball Fast Pitch,184.0,5610.0
2006-07,Girls,Mississippi,Swimming and Diving,43.0,1721.0
2006-07,Girls,Missouri,Soccer,198.0,6898.0
2006-07,Girls,Missouri,Softball Fast Pitch,517.0,12001.0
2006-07,Girls,Missouri,Swimming and Diving,108.0,2643.0
2006-07,Girls,Montana,Soccer,26.0,790.0
2006-07,Girls,Montana,Softball Fast Pitch,63.0,1200.0
2006-07,Girls,Montana,Swimming and Diving,19.0,316.0
2006-07,Girls,Nebraska,Soccer,,2261.0
2006-07,Girls,Nebraska,Softball Fast Pitch,116.0,2254.0
2006-07,Girls,Nebraska,Swimming and Diving,55.0,926.0
2006-07,Girls,Nevada,Soccer,65.0,
2006-07,Girls,Nevada,Softball Fast Pitch,81.0,2009.0
2006-07,Girls,Nevada,Swimming and Diving,49.0,1087.0
2006-07,Girls,New Hampshire,Soccer,772834.0,
2006-07,Girls,New Hampshire,Softball Fast Pitch,85.0,2272.0
2006-07,Girls,New Hampshire,Swimming and Diving,40.0,623.0
2006-07,Girls,New Mexico,Soccer,63.0,917.0
2006-07,Girls,New Mexico,Softball Fast Pitch,83.0,2022.0
2006-07,Girls,New Mexico,Swimming and Diving,39.0,637.0
2006-07,Girls,North Carolina,Soccer,308.0,8592.0
2006-07,Girls,North Carolina,Softball Fast Pitch,362.0,7996.0
2006-07,Girls,North Carolina,Swimming and Diving,236.0,4444.0
2006-07,Girls,North Dakota,Soccer,16.0,595.0
2006-07,Girls,North Dakota,Swimming and Diving,18.0,297.0
2006-07,Girls,North Dakota,Softball Slow Pitch,15.0,280.0
2006-07,Girls,North Dakota,Softball Fast Pitch,786.0,18583.0
2006-07,Girls,Oklahoma,Soccer,115.0,650.0
2006-07,Girls,Oklahoma,Softball Slow Pitch,320.0,4500.0
2006-07,Girls,Oklahoma,Softball Fast Pitch,420.0,7250.0
2006-07,Girls,Oklahoma,Swimming and Diving,42.0,500.0
2006-07,Girls,Oregon,Soccer,148.0,5217.0
2006-07,Girls,Oregon,Softball Fast Pitch,221.0,4904.0
2006-07,Girls,Oregon,Swimming and Diving,123.0,2173.0
2006-07,Girls,Rhode Island,Soccer,46.0,413.0
2006-07,Girls,Rhode Island,Softball Fast Pitch,47.0,1174.0
2006-07,Girls,Rhode Island,Swimming and Diving,33.0,596.0
2006-07,Girls,South Carolina,Soccer,139.0,3672.0
2006-07,Girls,South Carolina,Softball Fast Pitch,187.0,4728.0
2006-07,Girls,South Carolina,Swimming and Diving,73.0,1155.0
2006-07,Girls,Tennessee,Soccer,228.0,
2006-07,Girls,Tennessee,Softball Fast Pitch,353.0,6140.0
2006-07,Girls,Tennessee,Swimming and Diving,414.0,6674.0
2006-07,Girls,Utah,Soccer,80.0,
2006-07,Girls,Utah,Softball Fast Pitch,86.0,1957.0
2006-07,Girls,Utah,Swimming and Diving,70.0,1389.0
2006-07,Girls,Vermont,Soccer,59.0,
2006-07,Girls,Vermont,Softball Fast Pitch,48.0,1088.0
2006-07,Girls,Virginia,Soccer,257.0,7597.0
2006-07,Girls,Virginia,Softball Fast Pitch,300.0,7858.0
2006-07,Girls,Virginia,Swimming and Diving,169.0,3910.0
2006-07,Girls,Washington,Soccer,259.0,
2006-07,Girls,Washington,Softball Fast Pitch,304.0,7914.0
2006-07,Girls,West Virginia,Soccer,67.0,1603.0
2006-07,Girls,West Virginia,Softball Fast Pitch,124.0,2476.0
2006-07,Girls,West Virginia,Swimming and Diving,39.0,632.0
2006-07,Girls,Wisconsin,Soccer,243.0,
2006-07,Girls,Wisconsin,Softball Fast Pitch,436.0,11906.0
2006-07,Girls,Wisconsin,Swimming and Diving,137.0,3656.0
2006-07,Girls,Wyoming,Soccer,20.0,720.0
2006-07,Girls,Wyoming,Swimming and Diving,24.0,562.0
2006-07,Girls,Wyoming,Softball Slow Pitch,,59.0
2006-07,Girls,Alabama,Tennis,155.0,1579.0
2006-07,Girls,Alabama,Track and Field Indoor,44.0,450.0
2006-07,Girls,Alabama,Track and Field Outdoor,293.0,
2006-07,Girls,Alabama,Volleyball,338.0,5238.0
2006-07,Girls,Alaska,Tennis,13.0,193.0
2006-07,Girls,Alaska,Track and Field Outdoor,45.0,808.0
2006-07,Girls,Alaska,Volleyball,70.0,1578.0
2006-07,Girls,Arizona,Tennis,145.0,2492.0
2006-07,Girls,Arizona,Track and Field Outdoor,198.0,
2006-07,Girls,Arizona,Volleyball,230.0,7022.0
2006-07,Girls,Arkansas,Tennis,97.0,855.0
2006-07,Girls,Arkansas,Track and Field Indoor,26.0,310.0
2006-07,Girls,Arkansas,Track and Field Outdoor,195.0,
2006-07,Girls,Arkansas,Volleyball,107.0,2220.0
2006-07,Girls,California,Tennis,973.0,21818.0
2006-07,Girls,California,Track and Field Outdoor,1097.0,
2006-07,Girls,California,Volleyball,1231.0,36499.0
2006-07,Girls,Colorado,Tennis,138.0,4602.0
2006-07,Girls,Colorado,Track and Field Outdoor,289.0,
2006-07,Girls,Colorado,Volleyball,308.0,8775.0
2006-07,Girls,Connecticut,Tennis,137.0,2872.0
2006-07,Girls,Connecticut,Track and Field Indoor,137.0,4152.0
2006-07,Girls,Connecticut,Track and Field Outdoor,160.0,
2006-07,Girls,Connecticut,Volleyball,148.0,4118.0
2006-07,Girls,Delaware,Tennis,32.0,590.0
2006-07,Girls,Delaware,Track and Field Indoor,31.0,700.0
2006-07,Girls,Delaware,Track and Field Outdoor,38.0,951.0
2006-07,Girls,Delaware,Volleyball,42.0,1204.0
2006-07,Girls,District of Columbia,Tennis,,51.0
2006-07,Girls,District of Columbia,Track and Field Indoor,11.0,73.0
2006-07,Girls,District of Columbia,Track and Field Outdoor,10.0,103.0
2006-07,Girls,District of Columbia,Volleyball,12.0,148.0
2006-07,Girls,Florida,Tennis,571.0,4904.0
2006-07,Girls,Florida,Track and Field Outdoor,504.0,
2006-07,Girls,Florida,Volleyball,574.0,12604.0
2006-07,Girls,Georgia,Track and Field Outdoor,366.0,
2006-07,Girls,Georgia,Volleyball,243.0,5341.0
2006-07,Girls,Hawaii,Tennis,63.0,958.0
2006-07,Girls,Hawaii,Track and Field Outdoor,64.0,1371.0
2006-07,Girls,Hawaii,Volleyball,67.0,1726.0
2006-07,Girls,Kansas,Tennis,126.0,
2006-07,Girls,Kansas,Track and Field Outdoor,325.0,
2006-07,Girls,Kansas,Volleyball,357.0,9425.0
2006-07,Girls,Louisiana,Tennis,165.0,1155.0
2006-07,Girls,Louisiana,Track and Field Indoor,90.0,900.0
2006-07,Girls,Louisiana,Track and Field Outdoor,369.0,
2006-07,Girls,Louisiana,Volleyball,199.0,4378.0
2006-07,Girls,Maine,Track and Field Indoor,67.0,1241.0
2006-07,Girls,Maine,Track and Field Outdoor,103.0,
2006-07,Girls,Maine,Volleyball,26.0,57.0
2006-07,Girls,Maryland,Tennis,179.0,2461.0
2006-07,Girls,Maryland,Track and Field Indoor,165.0,4095.0
2006-07,Girls,Maryland,Track and Field Outdoor,185.0,
2006-07,Girls,Maryland,Volleyball,180.0,470.0
2006-07,Girls,Massachusetts,Tennis,,4438.0
2006-07,Girls,Massachusetts,Track and Field Indoor,232.0,7927.0
2006-07,Girls,Massachusetts,Track and Field Outdoor,307.0,
2006-07,Girls,Massachusetts,Volleyball,255.0,6578.0
2006-07,Girls,Michigan,Tennis,336.0,9816.0
2006-07,Girls,Michigan,Track and Field Indoor,49.0,944.0
2006-07,Girls,Michigan,Track and Field Outdoor,627.0,
2006-07,Girls,Michigan,Volleyball,703.0,
2006-07,Girls,Minnesota,Tennis,230.0,5672.0
2006-07,Girls,Minnesota,Track and Field Outdoor,431.0,
2006-07,Girls,Minnesota,Volleyball,446.0,14069.0
2006-07,Girls,Mississippi,Tennis,156.0,1602.0
2006-07,Girls,Mississippi,Track and Field Indoor,19.0,513.0
2006-07,Girls,Mississippi,Track and Field Outdoor,209.0,
2006-07,Girls,Mississippi,Volleyball,71.0,8078.0
2006-07,Girls,Missouri,Tennis,172.0,3441.0
2006-07,Girls,Missouri,Track and Field Outdoor,467.0,
2006-07,Girls,Missouri,Volleyball,422.0,1082.0
2006-07,Girls,Montana,Tennis,56.0,1062.0
2006-07,Girls,Montana,Track and Field Outdoor,178.0,
2006-07,Girls,Montana,Volleyball,172.0,3758.0
2006-07,Girls,Nebraska,Tennis,63.0,1328.0
2006-07,Girls,Nebraska,Track and Field Outdoor,310.0,
2006-07,Girls,Nebraska,Volleyball,311.0,7983.0
2006-07,Girls,Nevada,Tennis,51.0,753.0
2006-07,Girls,Nevada,Track and Field Outdoor,84.0,
2006-07,Girls,Nevada,Volleyball,100.0,266.0
2006-07,Girls,New Hampshire,Tennis,51.0,863.0
2006-07,Girls,New Hampshire,Track and Field Indoor,49.0,1202.0
2006-07,Girls,New Hampshire,Track and Field Outdoor,71.0,
2006-07,Girls,New Hampshire,Volleyball,56.0,1433.0
2006-07,Girls,New Jersey,Tennis,358.0,
2006-07,Girls,New Jersey,Track and Field Indoor,301.0,8037.0
2006-07,Girls,New Jersey,Track and Field Outdoor,382.0,
2006-07,Girls,New Jersey,Volleyball,228.0,6075.0
2006-07,Girls,New Mexico,Tennis,53.0,852.0
2006-07,Girls,New Mexico,Track and Field Outdoor,145.0,
2006-07,Girls,New Mexico,Volleyball,143.0,3633.0
2006-07,Girls,New York,Tennis,429.0,8512.0
2006-07,Girls,New York,Track and Field Indoor,353.0,9450.0
2006-07,Girls,New York,Track and Field Outdoor,593.0,
2006-07,Girls,New York,Volleyball,596.0,15153.0
2006-07,Girls,North Carolina,Tennis,320.0,4150.0
2006-07,Girls,North Carolina,Track and Field Indoor,169.0,2795.0
2006-07,Girls,North Carolina,Track and Field Outdoor,352.0,
2006-07,Girls,North Carolina,Volleyball,365.0,825.0
2006-07,Girls,North Dakota,Tennis,21.0,453.0
2006-07,Girls,North Dakota,Track and Field Outdoor,153.0,1933.0
2006-07,Girls,North Dakota,Volleyball,162.0,3398.0
2006-07,Girls,North Dakota,Track and Field Indoor,146.0,3228.0
2006-07,Girls,Oklahoma,Tennis,119.0,888.0
2006-07,Girls,Oklahoma,Track and Field Indoor,28.0,345.0
2006-07,Girls,Oklahoma,Track and Field Outdoor,394.0,
2006-07,Girls,Oklahoma,Volleyball,81.0,1110.0
2006-07,Girls,Oregon,Tennis,127.0,
2006-07,Girls,Oregon,Track and Field Outdoor,264.0,
2006-07,Girls,Oregon,Volleyball,277.0,696.0
2006-07,Girls,Pennsylvania,Tennis,429.0,
2006-07,Girls,Pennsylvania,Track and Field Indoor,174.0,2610.0
2006-07,Girls,Pennsylvania,Track and Field Outdoor,588.0,
2006-07,Girls,Pennsylvania,Volleyball,572.0,10296.0
2006-07,Girls,Rhode Island,Tennis,43.0,890.0
2006-07,Girls,Rhode Island,Track and Field Indoor,36.0,1188.0
2006-07,Girls,Rhode Island,Track and Field Outdoor,39.0,1609.0
2006-07,Girls,Rhode Island,Volleyball,,994.0
2006-07,Girls,South Carolina,Tennis,131.0,1935.0
2006-07,Girls,South Carolina,Track and Field Outdoor,189.0,
2006-07,Girls,South Carolina,Volleyball,188.0,4463.0
2006-07,Girls,South Dakota,Tennis,22.0,310.0
2006-07,Girls,South Dakota,Track and Field Outdoor,178.0,
2006-07,Girls,South Dakota,Volleyball,174.0,4078.0
2006-07,Girls,Tennessee,Tennis,262.0,2959.0
2006-07,Girls,Tennessee,Track and Field Outdoor,252.0,
2006-07,Girls,Tennessee,Volleyball,292.0,5557.0
2006-07,Girls,Utah,Tennis,79.0,1400.0
2006-07,Girls,Utah,Track and Field Outdoor,113.0,
2006-07,Girls,Utah,Volleyball,116.0,2779.0
2006-07,Girls,Vermont,Tennis,24.0,367.0
2006-07,Girls,Vermont,Track and Field Indoor,15.0,246.0
2006-07,Girls,Vermont,Track and Field Outdoor,43.0,969.0
2006-07,Girls,Virginia,Tennis,260.0,3553.0
2006-07,Girls,Virginia,Track and Field Indoor,209.0,5341.0
2006-07,Girls,Virginia,Track and Field Outdoor,296.0,
2006-07,Girls,Virginia,Volleyball,283.0,6995.0
2006-07,Girls,Washington,Tennis,245.0,
2006-07,Girls,Washington,Track and Field Outdoor,335.0,
2006-07,Girls,Washington,Volleyball,362.0,
2006-07,Girls,West Virginia,Tennis,83.0,1033.0
2006-07,Girls,West Virginia,Track and Field Outdoor,105.0,
2006-07,Girls,West Virginia,Volleyball,113.0,2379.0
2006-07,Girls,Wisconsin,Tennis,206.0,
2006-07,Girls,Wisconsin,Track and Field Outdoor,429.0,
2006-07,Girls,Wisconsin,Volleyball,474.0,15997.0
2006-07,Girls,Wyoming,Tennis,16.0,339.0
2006-07,Girls,Wyoming,Track and Field Indoor,16.0,325.0
2006-07,Girls,Wyoming,Track and Field Outdoor,68.0,1139.0
2006-07,Girls,Wyoming,Volleyball,69.0,1708.0
2007-08,Girls,Alabama,Basketball,401.0,5384.0
2007-08,Girls,Alabama,Cross Country,157.0,1057.0
2007-08,Girls,Alaska,Basketball,145.0,2053.0
2007-08,Girls,Alaska,Bowling,,80.0
2007-08,Girls,Alaska,Competitive Spirit Squads,27.0,704.0
2007-08,Girls,Alaska,Cross Country,116.0,896.0
2007-08,Girls,Arizona,Basketball,246.0,6758.0
2007-08,Girls,Arizona,Competitive Spirit Squads,113.0,3626.0
2007-08,Girls,Arizona,Cross Country,187.0,2269.0
2007-08,Girls,Arkansas,Basketball,289.0,5221.0
2007-08,Girls,Arkansas,Bowling,56.0,546.0
2007-08,Girls,Arkansas,Competitive Spirit Squads,116.0,
2007-08,Girls,Arkansas,Cross Country,117.0,969.0
2007-08,Girls,California,Basketball,1275.0,34991.0
2007-08,Girls,California,Bowling,,177.0
2007-08,Girls,California,Competitive Spirit Squads,355.0,
2007-08,Girls,California,Cross Country,1085.0,20873.0
2007-08,Girls,Colorado,Basketball,322.0,7359.0
2007-08,Girls,Colorado,Competitive Spirit Squads,330.0,5637.0
2007-08,Girls,Colorado,Cross Country,204.0,3317.0
2007-08,Girls,Connecticut,Basketball,178.0,4059.0
2007-08,Girls,Connecticut,Bowling,116.0,2201.0
2007-08,Girls,Connecticut,Cross Country,167.0,
2007-08,Girls,Delaware,Basketball,49.0,968.0
2007-08,Girls,Delaware,Competitive Spirit Squads,15.0,323.0
2007-08,Girls,Delaware,Cross Country,39.0,630.0
2007-08,Girls,District of Columbia,Basketball,15.0,205.0
2007-08,Girls,District of Columbia,Competitive Spirit Squads,14.0,133.0
2007-08,Girls,District of Columbia,Cross Country,11.0,65.0
2007-08,Girls,Florida,Basketball,604.0,10447.0
2007-08,Girls,Florida,Bowling,154.0,1377.0
2007-08,Girls,Florida,Competitive Spirit Squads,192.0,4310.0
2007-08,Girls,Florida,Cross Country,505.0,5960.0
2007-08,Girls,Georgia,Basketball,394.0,9177.0
2007-08,Girls,Georgia,Competitive Spirit Squads,231.0,5195.0
2007-08,Girls,Georgia,Cross Country,351.0,4615.0
2007-08,Girls,Hawaii,Basketball,66.0,1288.0
2007-08,Girls,Hawaii,Bowling,54.0,552.0
2007-08,Girls,Hawaii,Competitive Spirit Squads,48.0,744.0
2007-08,Girls,Hawaii,Cross Country,67.0,1064.0
2007-08,Girls,Illinois,Basketball,681.0,17804.0
2007-08,Girls,Illinois,Bowling,220.0,3171.0
2007-08,Girls,Illinois,Competitive Spirit Squads,310.0,7528.0
2007-08,Girls,Illinois,Cross Country,513.0,8753.0
2007-08,Girls,Kansas,Basketball,342.0,7257.0
2007-08,Girls,Kansas,Bowling,50.0,747.0
2007-08,Girls,Kansas,Cross Country,239.0,2597.0
2007-08,Girls,Kentucky,Basketball,264.0,5852.0
2007-08,Girls,Kentucky,Bowling,53.0,791.0
2007-08,Girls,Kentucky,Competitive Spirit Squads,248.0,4828.0
2007-08,Girls,Kentucky,Cross Country,222.0,2175.0
2007-08,Girls,Louisiana,Basketball,376.0,3384.0
2007-08,Girls,Louisiana,Bowling,37.0,185.0
2007-08,Girls,Louisiana,Cross Country,261.0,3120.0
2007-08,Girls,Maine,Basketball,144.0,3402.0
2007-08,Girls,Maine,Bowling,,50.0
2007-08,Girls,Maine,Competitive Spirit Squads,86.0,1816.0
2007-08,Girls,Maine,Cross Country,100.0,1138.0
2007-08,Girls,Maryland,Basketball,188.0,4758.0
2007-08,Girls,Maryland,Bowling,24.0,70.0
2007-08,Girls,Maryland,Cross Country,182.0,2579.0
2007-08,Girls,Massachusetts,Basketball,358.0,10217.0
2007-08,Girls,Massachusetts,Cross Country,286.0,5050.0
2007-08,Girls,Michigan,Basketball,704.0,18221.0
2007-08,Girls,Michigan,Bowling,278.0,2539.0
2007-08,Girls,Michigan,Competitive Spirit Squads,322.0,7381.0
2007-08,Girls,Michigan,Cross Country,581.0,7835.0
2007-08,Girls,Minnesota,Basketball,459.0,12180.0
2007-08,Girls,Minnesota,Cross Country,329.0,5264.0
2007-08,Girls,Mississippi,Basketball,267.0,6941.0
2007-08,Girls,Mississippi,Bowling,59.0,352.0
2007-08,Girls,Mississippi,Competitive Spirit Squads,273.0,4095.0
2007-08,Girls,Mississippi,Cross Country,151.0,1375.0
2007-08,Girls,Missouri,Basketball,545.0,12530.0
2007-08,Girls,Missouri,Cross Country,826.0,4395.0
2007-08,Girls,Montana,Basketball,177.0,3260.0
2007-08,Girls,Montana,Cross Country,89.0,842.0
2007-08,Girls,Nebraska,Basketball,310.0,6752.0
2007-08,Girls,Nebraska,Cross Country,194.0,1866.0
2007-08,Girls,Nevada,Basketball,96.0,2497.0
2007-08,Girls,Nevada,Bowling,28.0,275.0
2007-08,Girls,Nevada,Cross Country,70.0,710.0
2007-08,Girls,New Hampshire,Basketball,88.0,2045.0
2007-08,Girls,New Hampshire,Competitive Spirit Squads,66.0,
2007-08,Girls,New Hampshire,Cross Country,74.0,930.0
2007-08,Girls,New Jersey,Basketball,404.0,10194.0
2007-08,Girls,New Jersey,Bowling,216.0,1892.0
2007-08,Girls,New Jersey,Cross Country,374.0,4757.0
2007-08,Girls,New Mexico,Basketball,151.0,3510.0
2007-08,Girls,New Mexico,Cross Country,103.0,1190.0
2007-08,Girls,New York,Basketball,741.0,17750.0
2007-08,Girls,New York,Bowling,322.0,3450.0
2007-08,Girls,New York,Cross Country,554.0,7460.0
2007-08,Girls,North Carolina,Basketball,376.0,8380.0
2007-08,Girls,North Carolina,Competitive Spirit Squads,373.0,19116.0
2007-08,Girls,North Carolina,Cross Country,344.0,4505.0
2007-08,Girls,North Dakota,Basketball,169.0,2660.0
2007-08,Girls,North Dakota,Cross Country,67.0,470.0
2007-08,Girls,North Dakota,Bowling,255.0,2582.0
2007-08,Girls,North Dakota,Competitive Spirit Squads,536.0,11224.0
2007-08,Girls,Oklahoma,Basketball,481.0,8125.0
2007-08,Girls,Oklahoma,Competitive Spirit Squads,175.0,
2007-08,Girls,Oklahoma,Cross Country,178.0,1291.0
2007-08,Girls,Oregon,Basketball,288.0,6443.0
2007-08,Girls,Oregon,Cross Country,211.0,2494.0
2007-08,Girls,Pennsylvania,Basketball,719.0,21570.0
2007-08,Girls,Pennsylvania,Bowling,132.0,1320.0
2007-08,Girls,Pennsylvania,Cross Country,553.0,5570.0
2007-08,Girls,Rhode Island,Basketball,49.0,1110.0
2007-08,Girls,Rhode Island,Competitive Spirit Squads,23.0,509.0
2007-08,Girls,Rhode Island,Cross Country,44.0,754.0
2007-08,Girls,South Carolina,Basketball,197.0,4854.0
2007-08,Girls,South Carolina,Bowling,,29.0
2007-08,Girls,South Carolina,Competitive Spirit Squads,88.0,2976.0
2007-08,Girls,South Carolina,Cross Country,145.0,1961.0
2007-08,Girls,South Dakota,Basketball,177.0,3073.0
2007-08,Girls,South Dakota,Competitive Spirit Squads,20.0,310.0
2007-08,Girls,South Dakota,Cross Country,133.0,714.0
2007-08,Girls,Tennessee,Basketball,364.0,6537.0
2007-08,Girls,Tennessee,Bowling,130.0,1167.0
2007-08,Girls,Tennessee,Cross Country,264.0,
2007-08,Girls,Vermont,Basketball,46.0,1187.0
2007-08,Girls,Vermont,Cross Country,38.0,424.0
2007-08,Girls,Virginia,Basketball,306.0,7927.0
2007-08,Girls,Virginia,Competitive Spirit Squads,306.0,
2007-08,Girls,Virginia,Cross Country,282.0,4112.0
2007-08,Girls,Washington,Basketball,342.0,8366.0
2007-08,Girls,Washington,Bowling,48.0,1004.0
2007-08,Girls,Washington,Cross Country,262.0,3301.0
2007-08,Girls,West Virginia,Basketball,130.0,2368.0
2007-08,Girls,West Virginia,Competitive Spirit Squads,126.0,
2007-08,Girls,West Virginia,Cross Country,78.0,615.0
2007-08,Girls,Wisconsin,Basketball,479.0,12545.0
2007-08,Girls,Wisconsin,Cross Country,386.0,5768.0
2007-08,Girls,Wyoming,Basketball,71.0,1548.0
2007-08,Girls,Wyoming,Competitive Spirit Squads,33.0,409.0
2007-08,Girls,Wyoming,Cross Country,38.0,290.0
2007-08,Girls,Wyoming,Bowling,,56.0
2007-08,Girls,Alabama,Golf,166.0,496.0
2007-08,Girls,Alaska,Gymnastics,13.0,148.0
2007-08,Girls,Arizona,Football 11-player,24.0,
2007-08,Girls,Arizona,Golf,137.0,806.0
2007-08,Girls,Arkansas,Golf,144.0,585.0
2007-08,Girls,Arkansas,Gymnastics,12.0,145.0
2007-08,Girls,California,Field Hockey,91.0,3654.0
2007-08,Girls,California,Football 11-player,104.0,
2007-08,Girls,California,Golf,746.0,6652.0
2007-08,Girls,California,Gymnastics,40.0,732.0
2007-08,Girls,Colorado,Field Hockey,14.0,402.0
2007-08,Girls,Colorado,Football 11-player,10.0,
2007-08,Girls,Colorado,Golf,195.0,1404.0
2007-08,Girls,Colorado,Gymnastics,46.0,562.0
2007-08,Girls,Connecticut,Field Hockey,78.0,3290.0
2007-08,Girls,Connecticut,Golf,37.0,518.0
2007-08,Girls,Connecticut,Gymnastics,58.0,443.0
2007-08,Girls,Delaware,Field Hockey,44.0,1511.0
2007-08,Girls,Delaware,Golf,17.0,32.0
2007-08,Girls,District of Columbia,Golf,,21.0
2007-08,Girls,Florida,Golf,385.0,2194.0
2007-08,Girls,Georgia,Golf,311.0,1554.0
2007-08,Girls,Georgia,Gymnastics,,411.0
2007-08,Girls,Hawaii,Golf,58.0,202.0
2007-08,Girls,Illinois,Golf,377.0,2984.0
2007-08,Girls,Illinois,Gymnastics,82.0,1743.0
2007-08,Girls,Indiana,Golf,277.0,2617.0
2007-08,Girls,Indiana,Gymnastics,83.0,869.0
2007-08,Girls,Kansas,Golf,95.0,994.0
2007-08,Girls,Kansas,Gymnastics,13.0,154.0
2007-08,Girls,Kentucky,Field Hockey,21.0,658.0
2007-08,Girls,Kentucky,Golf,196.0,1287.0
2007-08,Girls,Kentucky,Gymnastics,,84.0
2007-08,Girls,Louisiana,Golf,140.0,420.0
2007-08,Girls,Louisiana,Gymnastics,,24.0
2007-08,Girls,Maine,Field Hockey,81.0,2821.0
2007-08,Girls,Maine,Golf,52.0,85.0
2007-08,Girls,Maine,Gymnastics,,24.0
2007-08,Girls,Maryland,Field Hockey,126.0,4022.0
2007-08,Girls,Maryland,Golf,115.0,258.0
2007-08,Girls,Maryland,Gymnastics,13.0,182.0
2007-08,Girls,Massachusetts,Field Hockey,207.0,8122.0
2007-08,Girls,Massachusetts,Golf,26.0,558.0
2007-08,Girls,Massachusetts,Gymnastics,92.0,1148.0
2007-08,Girls,Michigan,Field Hockey,13.0,518.0
2007-08,Girls,Michigan,Golf,365.0,3854.0
2007-08,Girls,Michigan,Gymnastics,60.0,619.0
2007-08,Girls,Minnesota,Golf,379.0,4383.0
2007-08,Girls,Minnesota,Gymnastics,185.0,2568.0
2007-08,Girls,Mississippi,Golf,75.0,391.0
2007-08,Girls,Missouri,Golf,161.0,1702.0
2007-08,Girls,Montana,Golf,96.0,622.0
2007-08,Girls,Nebraska,Golf,132.0,1351.0
2007-08,Girls,Nevada,Golf,64.0,444.0
2007-08,Girls,New Hampshire,Field Hockey,57.0,1833.0
2007-08,Girls,New Hampshire,Golf,27.0,177.0
2007-08,Girls,New Hampshire,Gymnastics,30.0,173.0
2007-08,Girls,New Jersey,Field Hockey,222.0,9218.0
2007-08,Girls,New Jersey,Golf,206.0,1152.0
2007-08,Girls,New Jersey,Gymnastics,70.0,953.0
2007-08,Girls,New Mexico,Golf,80.0,389.0
2007-08,Girls,New York,Field Hockey,240.0,8348.0
2007-08,Girls,New York,Golf,143.0,1449.0
2007-08,Girls,New York,Gymnastics,122.0,1670.0
2007-08,Girls,North Carolina,Field Hockey,29.0,569.0
2007-08,Girls,North Carolina,Golf,210.0,1488.0
2007-08,Girls,North Dakota,Football 11-player,,12.0
2007-08,Girls,North Dakota,Golf,111.0,762.0
2007-08,Girls,North Dakota,Gymnastics,12.0,81.0
2007-08,Girls,Ohio,Field Hockey,53.0,812.0
2007-08,Girls,Ohio,Football 11-player,,367.0
2007-08,Girls,Ohio,Golf,506.0,2621.0
2007-08,Girls,Ohio,Gymnastics,149.0,966.0
2007-08,Girls,Oklahoma,Golf,218.0,915.0
2007-08,Girls,Oregon,Golf,174.0,1181.0
2007-08,Girls,Oregon,Field Hockey,303.0,
2007-08,Girls,Oregon,Gymnastics,22.0,220.0
2007-08,Girls,Rhode Island,Field Hockey,21.0,632.0
2007-08,Girls,Rhode Island,Golf,,49.0
2007-08,Girls,Rhode Island,Gymnastics,16.0,167.0
2007-08,Girls,South Carolina,Golf,69.0,541.0
2007-08,Girls,South Dakota,Golf,119.0,747.0
2007-08,Girls,South Dakota,Gymnastics,29.0,261.0
2007-08,Girls,Tennessee,Golf,266.0,966.0
2007-08,Girls,Texas,Football 11-player,,166.0
2007-08,Girls,Texas,Golf,1136.0,7543.0
2007-08,Girls,Utah,Golf,82.0,795.0
2007-08,Girls,Vermont,Field Hockey,26.0,988.0
2007-08,Girls,Vermont,Football 11-player,,108.0
2007-08,Girls,Vermont,Golf,25.0,111.0
2007-08,Girls,Vermont,Gymnastics,,98.0
2007-08,Girls,Virginia,Field Hockey,134.0,4554.0
2007-08,Girls,Virginia,Football 11-player,,28.0
2007-08,Girls,Virginia,Golf,142.0,336.0
2007-08,Girls,Virginia,Gymnastics,80.0,878.0
2007-08,Girls,Washington,Football 11-player,,18.0
2007-08,Girls,Washington,Golf,230.0,2053.0
2007-08,Girls,Washington,Gymnastics,71.0,1459.0
2007-08,Girls,Wisconsin,Golf,149.0,1662.0
2007-08,Girls,Wisconsin,Gymnastics,83.0,1215.0
2007-08,Girls,Wyoming,Golf,38.0,205.0
2007-08,Girls,Wyoming,Gymnastics,,56.0
2007-08,Girls,Wyoming,Football 11-player,,57.0
2007-08,Girls,Alaska,Ice Hockey,25.0,151.0
2007-08,Girls,Alaska,Skiing Alpine,29.0,509.0
2007-08,Girls,California,Lacrosse,110.0,3154.0
2007-08,Girls,California,Skiing Alpine,,59.0
2007-08,Girls,California,Skiing Cross Country,27.0,206.0
2007-08,Girls,Colorado,Lacrosse,38.0,1421.0
2007-08,Girls,Colorado,Skiing Alpine,15.0,122.0
2007-08,Girls,Colorado,Skiing Cross Country,15.0,137.0
2007-08,Girls,Connecticut,Lacrosse,71.0,3024.0
2007-08,Girls,Delaware,Lacrosse,24.0,678.0
2007-08,Girls,District of Columbia,Lacrosse,,17.0
2007-08,Girls,District of Columbia,Skiing Cross Country,,97.0
2007-08,Girls,Florida,Lacrosse,66.0,1872.0
2007-08,Girls,Georgia,Lacrosse,49.0,1716.0
2007-08,Girls,Kentucky,Ice Hockey,,142.0
2007-08,Girls,Kentucky,Lacrosse,12.0,518.0
2007-08,Girls,Maine,Ice Hockey,39.0,467.0
2007-08,Girls,Maine,Lacrosse,40.0,1468.0
2007-08,Girls,Maine,Skiing Alpine,,288.0
2007-08,Girls,Maine,Skiing Cross Country,,277.0
2007-08,Girls,Maryland,Lacrosse,129.0,4535.0
2007-08,Girls,Massachusetts,Ice Hockey,92.0,1743.0
2007-08,Girls,Massachusetts,Lacrosse,152.0,6118.0
2007-08,Girls,Massachusetts,Skiing Alpine,22.0,237.0
2007-08,Girls,Massachusetts,Skiing Cross Country,,821.0
2007-08,Girls,Michigan,Ice Hockey,12.0,216.0
2007-08,Girls,Michigan,Lacrosse,68.0,2016.0
2007-08,Girls,Michigan,Skiing Alpine,,30.0
2007-08,Girls,Michigan,Skiing Cross Country,,690.0
2007-08,Girls,Minnesota,Ice Hockey,236.0,4156.0
2007-08,Girls,Minnesota,Lacrosse,58.0,2335.0
2007-08,Girls,Minnesota,Skiing Alpine,108.0,1884.0
2007-08,Girls,Minnesota,Skiing Cross Country,,955.0
2007-08,Girls,Nevada,Skiing Cross Country,13.0,191.0
2007-08,Girls,New Hampshire,Ice Hockey,10.0,158.0
2007-08,Girls,New Hampshire,Lacrosse,40.0,1301.0
2007-08,Girls,New Hampshire,Skiing Alpine,31.0,316.0
2007-08,Girls,New Hampshire,Skiing Cross Country,53.0,424.0
2007-08,Girls,New Jersey,Ice Hockey,,67.0
2007-08,Girls,New Jersey,Lacrosse,154.0,8125.0
2007-08,Girls,New Jersey,Skiing Alpine,12.0,153.0
2007-08,Girls,New York,Ice Hockey,10.0,250.0
2007-08,Girls,New York,Lacrosse,258.0,10871.0
2007-08,Girls,New York,Skiing Alpine,97.0,559.0
2007-08,Girls,New York,Skiing Cross Country,97.0,559.0
2007-08,Girls,North Carolina,Lacrosse,32.0,1176.0
2007-08,Girls,North Dakota,Ice Hockey,19.0,203.0
2007-08,Girls,Ohio,Ice Hockey,10.0,37.0
2007-08,Girls,Ohio,Lacrosse,62.0,2286.0
2007-08,Girls,Ohio,Skiing Cross Country,,143.0
2007-08,Girls,Pennsylvania,Lacrosse,136.0,4352.0
2007-08,Girls,Rhode Island,Ice Hockey,13.0,182.0
2007-08,Girls,Rhode Island,Lacrosse,23.0,888.0
2007-08,Girls,South Carolina,Lacrosse,15.0,336.0
2007-08,Girls,Vermont,Ice Hockey,19.0,320.0
2007-08,Girls,Vermont,Lacrosse,23.0,726.0
2007-08,Girls,Vermont,Skiing Alpine,21.0,210.0
2007-08,Girls,Vermont,Skiing Cross Country,19.0,139.0
2007-08,Girls,Virginia,Lacrosse,63.0,2153.0
2007-08,Girls,Wisconsin,Ice Hockey,25.0,514.0
2007-08,Girls,Wyoming,Skiing Alpine,,89.0
2007-08,Girls,Wyoming,Skiing Cross Country,,72.0
2007-08,Girls,Wyoming,Lacrosse,,58.0
2007-08,Girls,Alabama,Soccer,116.0,2973.0
2007-08,Girls,Alabama,Softball Fast Pitch,385.0,6160.0
2007-08,Girls,Alabama,Swimming and Diving,72.0,617.0
2007-08,Girls,Alaska,Soccer,33.0,970.0
2007-08,Girls,Alaska,Softball Fast Pitch,24.0,550.0
2007-08,Girls,Alaska,Swimming and Diving,31.0,514.0
2007-08,Girls,Arizona,Soccer,178.0,5298.0
2007-08,Girls,Arizona,Softball Fast Pitch,225.0,6740.0
2007-08,Girls,Arizona,Swimming and Diving,114.0,2677.0
2007-08,Girls,Arkansas,Soccer,81.0,1618.0
2007-08,Girls,Arkansas,Softball Slow Pitch,,33.0
2007-08,Girls,Arkansas,Softball Fast Pitch,258.0,4329.0
2007-08,Girls,Arkansas,Swimming and Diving,38.0,334.0
2007-08,Girls,Colorado,Soccer,189.0,6923.0
2007-08,Girls,Colorado,Softball Fast Pitch,88.0,3833.0
2007-08,Girls,Colorado,Swimming and Diving,126.0,3814.0
2007-08,Girls,Connecticut,Soccer,154.0,5877.0
2007-08,Girls,Connecticut,Softball Fast Pitch,176.0,4616.0
2007-08,Girls,Connecticut,Swimming and Diving,96.0,2737.0
2007-08,Girls,Delaware,Soccer,48.0,1295.0
2007-08,Girls,Delaware,Softball Fast Pitch,42.0,911.0
2007-08,Girls,Delaware,Swimming and Diving,30.0,741.0
2007-08,Girls,District of Columbia,Soccer,,120.0
2007-08,Girls,District of Columbia,Softball Fast Pitch,13.0,158.0
2007-08,Girls,District of Columbia,Swimming and Diving,,22.0
2007-08,Girls,Florida,Soccer,491.0,13418.0
2007-08,Girls,Florida,Softball Slow Pitch,37.0,659.0
2007-08,Girls,Florida,Softball Fast Pitch,526.0,9826.0
2007-08,Girls,Florida,Swimming and Diving,415.0,6639.0
2007-08,Girls,Georgia,Soccer,310.0,8492.0
2007-08,Girls,Georgia,Softball Slow Pitch,18.0,312.0
2007-08,Girls,Georgia,Softball Fast Pitch,371.0,7738.0
2007-08,Girls,Georgia,Swimming and Diving,192.0,3176.0
2007-08,Girls,Hawaii,Soccer,53.0,1666.0
2007-08,Girls,Hawaii,Softball Fast Pitch,52.0,1287.0
2007-08,Girls,Hawaii,Swimming and Diving,57.0,696.0
2007-08,Girls,Kentucky,Soccer,188.0,4997.0
2007-08,Girls,Kentucky,Softball Slow Pitch,10.0,292.0
2007-08,Girls,Kentucky,Softball Fast Pitch,250.0,6120.0
2007-08,Girls,Kentucky,Swimming and Diving,131.0,1870.0
2007-08,Girls,Louisiana,Soccer,137.0,1507.0
2007-08,Girls,Louisiana,Softball Fast Pitch,334.0,4676.0
2007-08,Girls,Maine,Soccer,,4117.0
2007-08,Girls,Maine,Softball Fast Pitch,125.0,3039.0
2007-08,Girls,Maine,Swimming and Diving,55.0,1007.0
2007-08,Girls,Maryland,Soccer,172.0,5797.0
2007-08,Girls,Maryland,Softball Fast Pitch,182.0,5214.0
2007-08,Girls,Maryland,Swimming and Diving,102.0,2316.0
2007-08,Girls,Massachusetts,Soccer,308.0,12530.0
2007-08,Girls,Massachusetts,Softball Fast Pitch,348.0,10512.0
2007-08,Girls,Massachusetts,Swimming and Diving,168.0,4153.0
2007-08,Girls,Minnesota,Soccer,210.0,8878.0
2007-08,Girls,Minnesota,Softball Fast Pitch,434.0,12513.0
2007-08,Girls,Minnesota,Swimming and Diving,197.0,5869.0
2007-08,Girls,Mississippi,Soccer,114.0,2301.0
2007-08,Girls,Mississippi,Softball Slow Pitch,196.0,6130.0
2007-08,Girls,Mississippi,Softball Fast Pitch,186.0,4580.0
2007-08,Girls,Mississippi,Swimming and Diving,45.0,1743.0
2007-08,Girls,Missouri,Soccer,204.0,
2007-08,Girls,Missouri,Softball Fast Pitch,477.0,
2007-08,Girls,Missouri,Swimming and Diving,111.0,2858.0
2007-08,Girls,Montana,Soccer,29.0,841.0
2007-08,Girls,Montana,Softball Fast Pitch,64.0,1190.0
2007-08,Girls,Montana,Swimming and Diving,19.0,318.0
2007-08,Girls,Nebraska,Soccer,72.0,2230.0
2007-08,Girls,Nebraska,Softball Fast Pitch,120.0,2313.0
2007-08,Girls,Nebraska,Swimming and Diving,56.0,970.0
2007-08,Girls,Nevada,Soccer,64.0,
2007-08,Girls,Nevada,Softball Fast Pitch,82.0,2090.0
2007-08,Girls,Nevada,Swimming and Diving,50.0,1054.0
2007-08,Girls,New Hampshire,Soccer,80.0,
2007-08,Girls,New Hampshire,Softball Fast Pitch,86.0,2014.0
2007-08,Girls,New Hampshire,Swimming and Diving,42.0,564.0
2007-08,Girls,New Mexico,Soccer,67.0,977.0
2007-08,Girls,New Mexico,Softball Fast Pitch,84.0,1943.0
2007-08,Girls,New Mexico,Swimming and Diving,39.0,633.0
2007-08,Girls,North Carolina,Soccer,318.0,10259.0
2007-08,Girls,North Carolina,Softball Fast Pitch,369.0,9067.0
2007-08,Girls,North Carolina,Swimming and Diving,245.0,4377.0
2007-08,Girls,North Dakota,Soccer,17.0,566.0
2007-08,Girls,North Dakota,Swimming and Diving,18.0,254.0
2007-08,Girls,North Dakota,Softball Slow Pitch,,284.0
2007-08,Girls,North Dakota,Softball Fast Pitch,783.0,17183.0
2007-08,Girls,Oklahoma,Soccer,114.0,
2007-08,Girls,Oklahoma,Softball Slow Pitch,320.0,4506.0
2007-08,Girls,Oklahoma,Softball Fast Pitch,444.0,7123.0
2007-08,Girls,Oklahoma,Swimming and Diving,,500.0
2007-08,Girls,Rhode Island,Soccer,47.0,436.0
2007-08,Girls,Rhode Island,Softball Fast Pitch,47.0,1121.0
2007-08,Girls,Rhode Island,Swimming and Diving,30.0,593.0
2007-08,Girls,South Carolina,Soccer,128.0,3856.0
2007-08,Girls,South Carolina,Softball Fast Pitch,189.0,4846.0
2007-08,Girls,South Carolina,Swimming and Diving,76.0,1140.0
2007-08,Girls,Tennessee,Soccer,236.0,
2007-08,Girls,Tennessee,Softball Fast Pitch,353.0,6335.0
2007-08,Girls,Tennessee,Swimming and Diving,418.0,6751.0
2007-08,Girls,Utah,Soccer,87.0,2661.0
2007-08,Girls,Utah,Softball Fast Pitch,93.0,2083.0
2007-08,Girls,Utah,Swimming and Diving,71.0,1390.0
2007-08,Girls,Vermont,Soccer,47.0,704.0
2007-08,Girls,Vermont,Softball Slow Pitch,,32.0
2007-08,Girls,Vermont,Softball Fast Pitch,42.0,1018.0
2007-08,Girls,Vermont,Swimming and Diving,,18.0
2007-08,Girls,Virginia,Soccer,236.0,7896.0
2007-08,Girls,Virginia,Softball Fast Pitch,301.0,7918.0
2007-08,Girls,Virginia,Swimming and Diving,172.0,3961.0
2007-08,Girls,Washington,Soccer,240.0,8148.0
2007-08,Girls,Washington,Softball Fast Pitch,288.0,7129.0
2007-08,Girls,Washington,Swimming and Diving,137.0,3611.0
2007-08,Girls,West Virginia,Soccer,69.0,676.0
2007-08,Girls,West Virginia,Softball Slow Pitch,125.0,2461.0
2007-08,Girls,West Virginia,Swimming and Diving,,625.0
2007-08,Girls,Wisconsin,Soccer,240.0,
2007-08,Girls,Wisconsin,Softball Fast Pitch,476.0,11670.0
2007-08,Girls,Wisconsin,Swimming and Diving,137.0,3791.0
2007-08,Girls,Wyoming,Soccer,21.0,721.0
2007-08,Girls,Wyoming,Swimming and Diving,25.0,526.0
2007-08,Girls,Wyoming,Softball Slow Pitch,,59.0
2007-08,Girls,Alabama,Tennis,152.0,1548.0
2007-08,Girls,Alabama,Track and Field Outdoor,281.0,4244.0
2007-08,Girls,Alabama,Volleyball,345.0,5346.0
2007-08,Girls,Alaska,Tennis,16.0,242.0
2007-08,Girls,Alaska,Track and Field Outdoor,43.0,868.0
2007-08,Girls,Alaska,Volleyball,75.0,1722.0
2007-08,Girls,Arizona,Tennis,152.0,2550.0
2007-08,Girls,Arizona,Track and Field Outdoor,206.0,6136.0
2007-08,Girls,Arizona,Volleyball,239.0,2156.0
2007-08,Girls,Arkansas,Tennis,118.0,964.0
2007-08,Girls,Arkansas,Track and Field Indoor,35.0,521.0
2007-08,Girls,Arkansas,Track and Field Outdoor,238.0,3767.0
2007-08,Girls,Arkansas,Volleyball,123.0,2676.0
2007-08,Girls,California,Tennis,973.0,21818.0
2007-08,Girls,California,Track and Field Outdoor,1097.0,38817.0
2007-08,Girls,California,Volleyball,1231.0,36499.0
2007-08,Girls,Colorado,Tennis,144.0,4601.0
2007-08,Girls,Colorado,Track and Field Outdoor,301.0,6287.0
2007-08,Girls,Colorado,Volleyball,322.0,8918.0
2007-08,Girls,Connecticut,Tennis,137.0,3117.0
2007-08,Girls,Connecticut,Track and Field Indoor,144.0,4723.0
2007-08,Girls,Connecticut,Track and Field Outdoor,158.0,6045.0
2007-08,Girls,Connecticut,Volleyball,154.0,4340.0
2007-08,Girls,Delaware,Tennis,28.0,512.0
2007-08,Girls,Delaware,Track and Field Indoor,31.0,747.0
2007-08,Girls,Delaware,Track and Field Outdoor,40.0,821.0
2007-08,Girls,Delaware,Volleyball,43.0,1206.0
2007-08,Girls,District of Columbia,Tennis,,51.0
2007-08,Girls,District of Columbia,Track and Field Indoor,11.0,73.0
2007-08,Girls,District of Columbia,Track and Field Outdoor,10.0,103.0
2007-08,Girls,District of Columbia,Volleyball,12.0,148.0
2007-08,Girls,Florida,Tennis,461.0,4677.0
2007-08,Girls,Florida,Track and Field Outdoor,514.0,12175.0
2007-08,Girls,Florida,Volleyball,579.0,12724.0
2007-08,Girls,Georgia,Track and Field Outdoor,375.0,8951.0
2007-08,Girls,Georgia,Volleyball,259.0,5875.0
2007-08,Girls,Hawaii,Tennis,63.0,913.0
2007-08,Girls,Hawaii,Track and Field Outdoor,62.0,1408.0
2007-08,Girls,Hawaii,Volleyball,68.0,1964.0
2007-08,Girls,Kansas,Tennis,137.0,2558.0
2007-08,Girls,Kansas,Track and Field Outdoor,331.0,6901.0
2007-08,Girls,Kansas,Volleyball,351.0,9156.0
2007-08,Girls,Kentucky,Tennis,207.0,
2007-08,Girls,Kentucky,Track and Field Outdoor,235.0,4571.0
2007-08,Girls,Kentucky,Volleyball,236.0,5452.0
2007-08,Girls,Louisiana,Tennis,164.0,984.0
2007-08,Girls,Louisiana,Track and Field Indoor,355.0,2840.0
2007-08,Girls,Louisiana,Track and Field Outdoor,359.0,2840.0
2007-08,Girls,Louisiana,Volleyball,184.0,2024.0
2007-08,Girls,Maine,Track and Field Indoor,68.0,1237.0
2007-08,Girls,Maine,Track and Field Outdoor,109.0,2603.0
2007-08,Girls,Maine,Volleyball,28.0,551.0
2007-08,Girls,Maryland,Tennis,164.0,
2007-08,Girls,Maryland,Track and Field Indoor,165.0,3860.0
2007-08,Girls,Maryland,Track and Field Outdoor,181.0,5082.0
2007-08,Girls,Maryland,Volleyball,166.0,4343.0
2007-08,Girls,Massachusetts,Tennis,270.0,4344.0
2007-08,Girls,Massachusetts,Track and Field Indoor,234.0,8290.0
2007-08,Girls,Massachusetts,Track and Field Outdoor,307.0,11438.0
2007-08,Girls,Massachusetts,Volleyball,262.0,7037.0
2007-08,Girls,Michigan,Tennis,351.0,9472.0
2007-08,Girls,Michigan,Track and Field Indoor,26.0,242.0
2007-08,Girls,Michigan,Track and Field Outdoor,652.0,
2007-08,Girls,Michigan,Volleyball,713.0,
2007-08,Girls,Minnesota,Track and Field Outdoor,431.0,15136.0
2007-08,Girls,Minnesota,Volleyball,446.0,15552.0
2007-08,Girls,Mississippi,Tennis,160.0,1651.0
2007-08,Girls,Mississippi,Track and Field Indoor,19.0,513.0
2007-08,Girls,Mississippi,Track and Field Outdoor,214.0,4461.0
2007-08,Girls,Mississippi,Volleyball,80.0,2050.0
2007-08,Girls,Missouri,Tennis,172.0,3503.0
2007-08,Girls,Missouri,Track and Field Outdoor,465.0,11873.0
2007-08,Girls,Missouri,Volleyball,425.0,11019.0
2007-08,Girls,Montana,Tennis,56.0,1076.0
2007-08,Girls,Montana,Track and Field Outdoor,180.0,2579.0
2007-08,Girls,Montana,Volleyball,172.0,3720.0
2007-08,Girls,Nebraska,Tennis,64.0,1302.0
2007-08,Girls,Nebraska,Track and Field Outdoor,308.0,7457.0
2007-08,Girls,Nebraska,Volleyball,310.0,7879.0
2007-08,Girls,Nevada,Tennis,51.0,777.0
2007-08,Girls,Nevada,Track and Field Outdoor,85.0,2419.0
2007-08,Girls,Nevada,Volleyball,101.0,2735.0
2007-08,Girls,New Hampshire,Tennis,53.0,872.0
2007-08,Girls,New Hampshire,Track and Field Indoor,51.0,987.0
2007-08,Girls,New Hampshire,Track and Field Outdoor,74.0,2033.0
2007-08,Girls,New Hampshire,Volleyball,57.0,1371.0
2007-08,Girls,New Jersey,Tennis,344.0,6958.0
2007-08,Girls,New Jersey,Track and Field Indoor,297.0,9160.0
2007-08,Girls,New Jersey,Track and Field Outdoor,370.0,14603.0
2007-08,Girls,New Jersey,Volleyball,230.0,6644.0
2007-08,Girls,New Mexico,Tennis,52.0,802.0
2007-08,Girls,New Mexico,Track and Field Outdoor,152.0,3090.0
2007-08,Girls,New Mexico,Volleyball,152.0,3699.0
2007-08,Girls,New York,Tennis,458.0,9704.0
2007-08,Girls,New York,Track and Field Indoor,396.0,11463.0
2007-08,Girls,New York,Track and Field Outdoor,635.0,21357.0
2007-08,Girls,New York,Volleyball,629.0,15875.0
2007-08,Girls,North Carolina,Tennis,327.0,4377.0
2007-08,Girls,North Carolina,Track and Field Indoor,185.0,3080.0
2007-08,Girls,North Carolina,Track and Field Outdoor,364.0,8911.0
2007-08,Girls,North Carolina,Volleyball,373.0,8260.0
2007-08,Girls,North Dakota,Tennis,18.0,501.0
2007-08,Girls,North Dakota,Track and Field Outdoor,155.0,1841.0
2007-08,Girls,North Dakota,Volleyball,161.0,3368.0
2007-08,Girls,North Dakota,Track and Field Indoor,162.0,1960.0
2007-08,Girls,Oklahoma,Tennis,123.0,906.0
2007-08,Girls,Oklahoma,Track and Field Indoor,25.0,325.0
2007-08,Girls,Oklahoma,Track and Field Outdoor,400.0,3975.0
2007-08,Girls,Oklahoma,Volleyball,80.0,1100.0
2007-08,Girls,Oregon,Tennis,131.0,2745.0
2007-08,Girls,Oregon,Track and Field Outdoor,269.0,6413.0
2007-08,Girls,Oregon,Volleyball,285.0,7169.0
2007-08,Girls,Pennsylvania,Tennis,427.0,5124.0
2007-08,Girls,Pennsylvania,Track and Field Indoor,183.0,2745.0
2007-08,Girls,Pennsylvania,Track and Field Outdoor,604.0,19328.0
2007-08,Girls,Pennsylvania,Volleyball,580.0,10440.0
2007-08,Girls,Rhode Island,Tennis,44.0,906.0
2007-08,Girls,Rhode Island,Track and Field Indoor,33.0,1179.0
2007-08,Girls,Rhode Island,Track and Field Outdoor,38.0,1587.0
2007-08,Girls,Rhode Island,Volleyball,40.0,903.0
2007-08,Girls,South Carolina,Tennis,129.0,1853.0
2007-08,Girls,South Carolina,Track and Field Outdoor,188.0,5337.0
2007-08,Girls,South Carolina,Volleyball,187.0,4235.0
2007-08,Girls,South Dakota,Tennis,22.0,309.0
2007-08,Girls,South Dakota,Track and Field Outdoor,176.0,2816.0
2007-08,Girls,South Dakota,Volleyball,168.0,4019.0
2007-08,Girls,Tennessee,Tennis,263.0,
2007-08,Girls,Tennessee,Track and Field Outdoor,256.0,2915.0
2007-08,Girls,Tennessee,Volleyball,301.0,5785.0
2007-08,Girls,Utah,Tennis,82.0,1523.0
2007-08,Girls,Utah,Track and Field Outdoor,116.0,3824.0
2007-08,Girls,Utah,Volleyball,119.0,2722.0
2007-08,Girls,Vermont,Tennis,22.0,356.0
2007-08,Girls,Vermont,Track and Field Indoor,15.0,234.0
2007-08,Girls,Vermont,Track and Field Outdoor,36.0,802.0
2007-08,Girls,Vermont,Volleyball,,21.0
2007-08,Girls,Virginia,Tennis,267.0,3631.0
2007-08,Girls,Virginia,Track and Field Indoor,207.0,5297.0
2007-08,Girls,Virginia,Track and Field Outdoor,301.0,8366.0
2007-08,Girls,Virginia,Volleyball,296.0,7388.0
2007-08,Girls,Washington,Tennis,217.0,
2007-08,Girls,Washington,Track and Field Outdoor,318.0,8698.0
2007-08,Girls,Washington,Volleyball,330.0,9168.0
2007-08,Girls,West Virginia,Tennis,83.0,1003.0
2007-08,Girls,West Virginia,Track and Field Outdoor,107.0,2747.0
2007-08,Girls,West Virginia,Volleyball,116.0,2263.0
2007-08,Girls,Wisconsin,Tennis,207.0,5989.0
2007-08,Girls,Wisconsin,Track and Field Outdoor,432.0,11744.0
2007-08,Girls,Wisconsin,Volleyball,474.0,16015.0
2007-08,Girls,Wyoming,Tennis,16.0,324.0
2007-08,Girls,Wyoming,Track and Field Indoor,17.0,356.0
2007-08,Girls,Wyoming,Track and Field Outdoor,70.0,1239.0
2007-08,Girls,Wyoming,Volleyball,69.0,1726.0
2008-09,Girls,Alabama,Basketball,403.0,5411.0
2008-09,Girls,Alabama,Cross Country,162.0,1086.0
2008-09,Girls,Alaska,Basketball,144.0,1858.0
2008-09,Girls,Alaska,Bowling,,68.0
2008-09,Girls,Alaska,Competitive Spirit Squads,,341.0
2008-09,Girls,Alaska,Cross Country,95.0,777.0
2008-09,Girls,Arizona,Basketball,246.0,6758.0
2008-09,Girls,Arizona,Competitive Spirit Squads,113.0,3626.0
2008-09,Girls,Arizona,Cross Country,187.0,2269.0
2008-09,Girls,Arkansas,Basketball,272.0,4759.0
2008-09,Girls,Arkansas,Bowling,56.0,506.0
2008-09,Girls,Arkansas,Competitive Spirit Squads,102.0,1956.0
2008-09,Girls,Arkansas,Cross Country,120.0,1162.0
2008-09,Girls,California,Basketball,1245.0,32980.0
2008-09,Girls,California,Bowling,,78.0
2008-09,Girls,California,Competitive Spirit Squads,997.0,
2008-09,Girls,California,Cross Country,1034.0,21901.0
2008-09,Girls,Colorado,Basketball,326.0,7211.0
2008-09,Girls,Colorado,Competitive Spirit Squads,335.0,5341.0
2008-09,Girls,Colorado,Cross Country,221.0,3535.0
2008-09,Girls,Connecticut,Basketball,178.0,4065.0
2008-09,Girls,Connecticut,Competitive Spirit Squads,155.0,
2008-09,Girls,Connecticut,Cross Country,167.0,2691.0
2008-09,Girls,Delaware,Basketball,52.0,1011.0
2008-09,Girls,Delaware,Competitive Spirit Squads,12.0,207.0
2008-09,Girls,Delaware,Cross Country,42.0,613.0
2008-09,Girls,District of Columbia,Basketball,15.0,205.0
2008-09,Girls,District of Columbia,Competitive Spirit Squads,14.0,133.0
2008-09,Girls,District of Columbia,Cross Country,11.0,65.0
2008-09,Girls,Florida,Basketball,597.0,10390.0
2008-09,Girls,Florida,Bowling,147.0,1248.0
2008-09,Girls,Florida,Competitive Spirit Squads,219.0,5522.0
2008-09,Girls,Florida,Cross Country,507.0,6158.0
2008-09,Girls,Georgia,Basketball,394.0,9177.0
2008-09,Girls,Georgia,Competitive Spirit Squads,231.0,5195.0
2008-09,Girls,Georgia,Cross Country,351.0,4615.0
2008-09,Girls,Hawaii,Basketball,62.0,1286.0
2008-09,Girls,Hawaii,Bowling,57.0,516.0
2008-09,Girls,Hawaii,Competitive Spirit Squads,,787.0
2008-09,Girls,Hawaii,Cross Country,69.0,981.0
2008-09,Girls,Illinois,Basketball,690.0,18178.0
2008-09,Girls,Illinois,Bowling,231.0,3290.0
2008-09,Girls,Illinois,Competitive Spirit Squads,319.0,7943.0
2008-09,Girls,Illinois,Cross Country,522.0,9121.0
2008-09,Girls,Kansas,Basketball,353.0,7282.0
2008-09,Girls,Kansas,Bowling,63.0,806.0
2008-09,Girls,Kansas,Cross Country,287.0,2721.0
2008-09,Girls,Kentucky,Basketball,264.0,5852.0
2008-09,Girls,Kentucky,Bowling,53.0,791.0
2008-09,Girls,Kentucky,Competitive Spirit Squads,248.0,4828.0
2008-09,Girls,Kentucky,Cross Country,222.0,2175.0
2008-09,Girls,Louisiana,Basketball,378.0,5536.0
2008-09,Girls,Louisiana,Bowling,39.0,228.0
2008-09,Girls,Louisiana,Cross Country,262.0,2691.0
2008-09,Girls,Maine,Basketball,149.0,3378.0
2008-09,Girls,Maine,Bowling,,63.0
2008-09,Girls,Maine,Competitive Spirit Squads,96.0,1974.0
2008-09,Girls,Maine,Cross Country,103.0,1038.0
2008-09,Girls,Maryland,Basketball,187.0,4624.0
2008-09,Girls,Maryland,Bowling,28.0,92.0
2008-09,Girls,Maryland,Cross Country,181.0,2537.0
2008-09,Girls,Massachusetts,Basketball,358.0,10125.0
2008-09,Girls,Massachusetts,Cross Country,294.0,5118.0
2008-09,Girls,Michigan,Basketball,714.0,18187.0
2008-09,Girls,Michigan,Bowling,304.0,2709.0
2008-09,Girls,Michigan,Competitive Spirit Squads,331.0,7320.0
2008-09,Girls,Michigan,Cross Country,596.0,7633.0
2008-09,Girls,Minnesota,Basketball,458.0,11276.0
2008-09,Girls,Minnesota,Cross Country,332.0,4407.0
2008-09,Girls,Mississippi,Basketball,267.0,6941.0
2008-09,Girls,Mississippi,Bowling,48.0,359.0
2008-09,Girls,Mississippi,Competitive Spirit Squads,150.0,2700.0
2008-09,Girls,Mississippi,Cross Country,151.0,1375.0
2008-09,Girls,Missouri,Basketball,548.0,13250.0
2008-09,Girls,Missouri,Cross Country,337.0,
2008-09,Girls,Montana,Basketball,179.0,3177.0
2008-09,Girls,Montana,Cross Country,90.0,849.0
2008-09,Girls,Nebraska,Basketball,310.0,6638.0
2008-09,Girls,Nebraska,Cross Country,194.0,1869.0
2008-09,Girls,Nevada,Basketball,100.0,2556.0
2008-09,Girls,Nevada,Bowling,33.0,266.0
2008-09,Girls,Nevada,Cross Country,78.0,784.0
2008-09,Girls,New Hampshire,Basketball,88.0,2107.0
2008-09,Girls,New Hampshire,Competitive Spirit Squads,66.0,1461.0
2008-09,Girls,New Hampshire,Cross Country,74.0,1029.0
2008-09,Girls,New Jersey,Basketball,403.0,9618.0
2008-09,Girls,New Jersey,Bowling,219.0,1857.0
2008-09,Girls,New Jersey,Cross Country,380.0,
2008-09,Girls,New Mexico,Basketball,156.0,3981.0
2008-09,Girls,New Mexico,Bowling,35.0,233.0
2008-09,Girls,New Mexico,Cross Country,111.0,1483.0
2008-09,Girls,New York,Basketball,741.0,17750.0
2008-09,Girls,New York,Bowling,322.0,3450.0
2008-09,Girls,New York,Cross Country,554.0,7460.0
2008-09,Girls,North Carolina,Basketball,381.0,8119.0
2008-09,Girls,North Carolina,Competitive Spirit Squads,375.0,19366.0
2008-09,Girls,North Carolina,Cross Country,350.0,4439.0
2008-09,Girls,North Dakota,Basketball,164.0,2547.0
2008-09,Girls,North Dakota,Cross Country,62.0,485.0
2008-09,Girls,North Dakota,Bowling,311.0,2788.0
2008-09,Girls,North Dakota,Competitive Spirit Squads,155.0,2867.0
2008-09,Girls,Oklahoma,Basketball,481.0,8125.0
2008-09,Girls,Oklahoma,Competitive Spirit Squads,175.0,1863.0
2008-09,Girls,Oklahoma,Cross Country,178.0,1291.0
2008-09,Girls,Oregon,Basketball,287.0,6421.0
2008-09,Girls,Oregon,Cross Country,210.0,2509.0
2008-09,Girls,Pennsylvania,Basketball,725.0,21750.0
2008-09,Girls,Pennsylvania,Bowling,133.0,1330.0
2008-09,Girls,Pennsylvania,Cross Country,566.0,11320.0
2008-09,Girls,Rhode Island,Basketball,49.0,1082.0
2008-09,Girls,Rhode Island,Competitive Spirit Squads,26.0,508.0
2008-09,Girls,Rhode Island,Cross Country,44.0,795.0
2008-09,Girls,South Carolina,Basketball,200.0,4962.0
2008-09,Girls,South Carolina,Bowling,,37.0
2008-09,Girls,South Carolina,Competitive Spirit Squads,87.0,
2008-09,Girls,South Carolina,Cross Country,148.0,2022.0
2008-09,Girls,South Dakota,Basketball,170.0,2898.0
2008-09,Girls,South Dakota,Competitive Spirit Squads,27.0,519.0
2008-09,Girls,South Dakota,Cross Country,131.0,698.0
2008-09,Girls,Tennessee,Basketball,364.0,6537.0
2008-09,Girls,Tennessee,Bowling,130.0,1167.0
2008-09,Girls,Tennessee,Cross Country,264.0,
2008-09,Girls,Vermont,Basketball,48.0,1165.0
2008-09,Girls,Vermont,Competitive Spirit Squads,15.0,219.0
2008-09,Girls,Vermont,Cross Country,38.0,440.0
2008-09,Girls,Virginia,Basketball,308.0,7951.0
2008-09,Girls,Virginia,Competitive Spirit Squads,209.0,4734.0
2008-09,Girls,Virginia,Cross Country,290.0,4436.0
2008-09,Girls,Washington,Basketball,326.0,8001.0
2008-09,Girls,Washington,Bowling,44.0,857.0
2008-09,Girls,Washington,Cross Country,257.0,3404.0
2008-09,Girls,West Virginia,Basketball,130.0,2417.0
2008-09,Girls,West Virginia,Competitive Spirit Squads,127.0,2179.0
2008-09,Girls,West Virginia,Cross Country,86.0,667.0
2008-09,Girls,Wisconsin,Basketball,477.0,12482.0
2008-09,Girls,Wisconsin,Cross Country,386.0,5813.0
2008-09,Girls,Wyoming,Basketball,71.0,1664.0
2008-09,Girls,Wyoming,Competitive Spirit Squads,33.0,675.0
2008-09,Girls,Wyoming,Cross Country,38.0,322.0
2008-09,Girls,Wyoming,Bowling,,56.0
2008-09,Girls,Alabama,Golf,106.0,317.0
2008-09,Girls,Alaska,Football 11-player,11.0,16.0
2008-09,Girls,Alaska,Gymnastics,13.0,164.0
2008-09,Girls,Arizona,Football 11-player,24.0,53.0
2008-09,Girls,Arizona,Golf,137.0,806.0
2008-09,Girls,Arkansas,Golf,147.0,637.0
2008-09,Girls,Arkansas,Gymnastics,,71.0
2008-09,Girls,California,Field Hockey,98.0,3925.0
2008-09,Girls,California,Football 11-player,35.0,141.0
2008-09,Girls,California,Golf,632.0,7017.0
2008-09,Girls,California,Gymnastics,54.0,1039.0
2008-09,Girls,Colorado,Field Hockey,15.0,45.0
2008-09,Girls,Colorado,Golf,154.0,1466.0
2008-09,Girls,Colorado,Gymnastics,45.0,652.0
2008-09,Girls,Connecticut,Field Hockey,79.0,3286.0
2008-09,Girls,Connecticut,Football 11-player,,15.0
2008-09,Girls,Connecticut,Golf,42.0,532.0
2008-09,Girls,Connecticut,Gymnastics,53.0,436.0
2008-09,Girls,Delaware,Field Hockey,46.0,1522.0
2008-09,Girls,Delaware,Golf,20.0,39.0
2008-09,Girls,District of Columbia,Golf,,21.0
2008-09,Girls,Florida,Golf,361.0,2255.0
2008-09,Girls,Georgia,Golf,311.0,1554.0
2008-09,Girls,Georgia,Gymnastics,,411.0
2008-09,Girls,Hawaii,Golf,45.0,214.0
2008-09,Girls,Illinois,Golf,389.0,3151.0
2008-09,Girls,Illinois,Gymnastics,80.0,1657.0
2008-09,Girls,Indiana,Golf,286.0,2472.0
2008-09,Girls,Indiana,Gymnastics,85.0,830.0
2008-09,Girls,Kansas,Golf,117.0,1012.0
2008-09,Girls,Kansas,Gymnastics,14.0,168.0
2008-09,Girls,Kentucky,Field Hockey,21.0,658.0
2008-09,Girls,Kentucky,Golf,196.0,1287.0
2008-09,Girls,Kentucky,Gymnastics,,84.0
2008-09,Girls,Louisiana,Golf,145.0,809.0
2008-09,Girls,Louisiana,Gymnastics,19.0,115.0
2008-09,Girls,Maine,Field Hockey,86.0,2770.0
2008-09,Girls,Maine,Golf,51.0,81.0
2008-09,Girls,Maine,Gymnastics,,16.0
2008-09,Girls,Maryland,Field Hockey,124.0,4070.0
2008-09,Girls,Maryland,Golf,122.0,333.0
2008-09,Girls,Maryland,Gymnastics,13.0,189.0
2008-09,Girls,Massachusetts,Field Hockey,208.0,8071.0
2008-09,Girls,Massachusetts,Golf,27.0,542.0
2008-09,Girls,Massachusetts,Gymnastics,95.0,1245.0
2008-09,Girls,Michigan,Field Hockey,15.0,592.0
2008-09,Girls,Michigan,Golf,343.0,3609.0
2008-09,Girls,Michigan,Gymnastics,72.0,765.0
2008-09,Girls,Minnesota,Golf,373.0,3719.0
2008-09,Girls,Minnesota,Gymnastics,180.0,2410.0
2008-09,Girls,Mississippi,Golf,79.0,402.0
2008-09,Girls,Missouri,Field Hockey,27.0,1217.0
2008-09,Girls,Missouri,Golf,162.0,1802.0
2008-09,Girls,Missouri,Gymnastics,,20.0
2008-09,Girls,Montana,Golf,98.0,629.0
2008-09,Girls,Nebraska,Golf,135.0,1371.0
2008-09,Girls,Nevada,Golf,71.0,473.0
2008-09,Girls,New Hampshire,Field Hockey,57.0,1993.0
2008-09,Girls,New Hampshire,Golf,27.0,56.0
2008-09,Girls,New Hampshire,Gymnastics,30.0,177.0
2008-09,Girls,New Jersey,Field Hockey,223.0,9442.0
2008-09,Girls,New Jersey,Golf,200.0,1292.0
2008-09,Girls,New Jersey,Gymnastics,70.0,1002.0
2008-09,Girls,New Mexico,Golf,85.0,628.0
2008-09,Girls,New York,Field Hockey,240.0,8348.0
2008-09,Girls,New York,Golf,143.0,1449.0
2008-09,Girls,New York,Gymnastics,122.0,1670.0
2008-09,Girls,North Carolina,Field Hockey,54.0,1099.0
2008-09,Girls,North Carolina,Golf,231.0,1450.0
2008-09,Girls,North Carolina,Gymnastics,20.0,138.0
2008-09,Girls,North Dakota,Football 11-player,,13.0
2008-09,Girls,North Dakota,Golf,105.0,559.0
2008-09,Girls,North Dakota,Gymnastics,16.0,85.0
2008-09,Girls,Ohio,Field Hockey,45.0,1048.0
2008-09,Girls,Ohio,Football 11-player,,10.0
2008-09,Girls,Ohio,Golf,525.0,2751.0
2008-09,Girls,Ohio,Gymnastics,142.0,860.0
2008-09,Girls,Oklahoma,Golf,218.0,915.0
2008-09,Girls,Oregon,Golf,170.0,1160.0
2008-09,Girls,Oregon,Field Hockey,298.0,
2008-09,Girls,Oregon,Gymnastics,22.0,220.0
2008-09,Girls,Rhode Island,Field Hockey,21.0,617.0
2008-09,Girls,Rhode Island,Golf,,65.0
2008-09,Girls,Rhode Island,Gymnastics,19.0,164.0
2008-09,Girls,South Carolina,Golf,85.0,643.0
2008-09,Girls,South Dakota,Golf,121.0,732.0
2008-09,Girls,South Dakota,Gymnastics,27.0,277.0
2008-09,Girls,Tennessee,Golf,266.0,966.0
2008-09,Girls,Texas,Football 11-player,,176.0
2008-09,Girls,Texas,Golf,1164.0,7643.0
2008-09,Girls,Utah,Golf,87.0,852.0
2008-09,Girls,Vermont,Field Hockey,25.0,848.0
2008-09,Girls,Vermont,Golf,28.0,104.0
2008-09,Girls,Vermont,Gymnastics,11.0,135.0
2008-09,Girls,Virginia,Field Hockey,136.0,4582.0
2008-09,Girls,Virginia,Football 11-player,14.0,24.0
2008-09,Girls,Virginia,Golf,151.0,331.0
2008-09,Girls,Virginia,Gymnastics,78.0,839.0
2008-09,Girls,Washington,Football 11-player,13.0,15.0
2008-09,Girls,Washington,Golf,229.0,1962.0
2008-09,Girls,Washington,Gymnastics,73.0,1554.0
2008-09,Girls,Wisconsin,Golf,151.0,1641.0
2008-09,Girls,Wisconsin,Gymnastics,82.0,1421.0
2008-09,Girls,Wyoming,Golf,38.0,157.0
2008-09,Girls,Wyoming,Gymnastics,,28.0
2008-09,Girls,Wyoming,Football 11-player,,57.0
2008-09,Girls,Alaska,Ice Hockey,26.0,166.0
2008-09,Girls,Alaska,Skiing Cross Country,22.0,502.0
2008-09,Girls,California,Lacrosse,157.0,4956.0
2008-09,Girls,California,Skiing Alpine,22.0,212.0
2008-09,Girls,California,Skiing Cross Country,,38.0
2008-09,Girls,Colorado,Lacrosse,46.0,1532.0
2008-09,Girls,Colorado,Skiing Alpine,13.0,140.0
2008-09,Girls,Colorado,Skiing Cross Country,13.0,78.0
2008-09,Girls,Connecticut,Lacrosse,78.0,3455.0
2008-09,Girls,Delaware,Lacrosse,25.0,789.0
2008-09,Girls,District of Columbia,Lacrosse,,17.0
2008-09,Girls,District of Columbia,Skiing Alpine,,97.0
2008-09,Girls,Florida,Lacrosse,68.0,1918.0
2008-09,Girls,Georgia,Lacrosse,49.0,1716.0
2008-09,Girls,Kentucky,Ice Hockey,,142.0
2008-09,Girls,Kentucky,Lacrosse,12.0,518.0
2008-09,Girls,Maine,Ice Hockey,42.0,446.0
2008-09,Girls,Maine,Lacrosse,43.0,1464.0
2008-09,Girls,Maine,Skiing Alpine,48.0,272.0
2008-09,Girls,Maine,Skiing Cross Country,38.0,268.0
2008-09,Girls,Maryland,Lacrosse,133.0,4905.0
2008-09,Girls,Massachusetts,Ice Hockey,98.0,1789.0
2008-09,Girls,Massachusetts,Lacrosse,161.0,6072.0
2008-09,Girls,Massachusetts,Skiing Alpine,69.0,829.0
2008-09,Girls,Massachusetts,Skiing Cross Country,23.0,328.0
2008-09,Girls,Michigan,Ice Hockey,19.0,221.0
2008-09,Girls,Michigan,Lacrosse,72.0,2136.0
2008-09,Girls,Michigan,Skiing Alpine,90.0,628.0
2008-09,Girls,Michigan,Skiing Cross Country,,29.0
2008-09,Girls,Minnesota,Ice Hockey,242.0,3376.0
2008-09,Girls,Minnesota,Lacrosse,65.0,1862.0
2008-09,Girls,Minnesota,Skiing Alpine,102.0,779.0
2008-09,Girls,Minnesota,Skiing Cross Country,110.0,1693.0
2008-09,Girls,Missouri,Lacrosse,25.0,1004.0
2008-09,Girls,Nevada,Skiing Alpine,18.0,230.0
2008-09,Girls,New Hampshire,Ice Hockey,10.0,179.0
2008-09,Girls,New Hampshire,Lacrosse,40.0,1449.0
2008-09,Girls,New Hampshire,Skiing Alpine,31.0,429.0
2008-09,Girls,New Hampshire,Skiing Cross Country,53.0,282.0
2008-09,Girls,New Jersey,Ice Hockey,13.0,88.0
2008-09,Girls,New Jersey,Lacrosse,161.0,
2008-09,Girls,New Jersey,Skiing Cross Country,15.0,133.0
2008-09,Girls,New York,Ice Hockey,10.0,250.0
2008-09,Girls,New York,Lacrosse,258.0,10871.0
2008-09,Girls,New York,Skiing Alpine,97.0,559.0
2008-09,Girls,New York,Skiing Cross Country,97.0,559.0
2008-09,Girls,North Carolina,Lacrosse,36.0,934.0
2008-09,Girls,North Dakota,Ice Hockey,18.0,219.0
2008-09,Girls,Ohio,Ice Hockey,,28.0
2008-09,Girls,Ohio,Lacrosse,67.0,2266.0
2008-09,Girls,Pennsylvania,Lacrosse,158.0,5056.0
2008-09,Girls,Rhode Island,Ice Hockey,11.0,184.0
2008-09,Girls,Rhode Island,Lacrosse,25.0,967.0
2008-09,Girls,South Carolina,Lacrosse,18.0,478.0
2008-09,Girls,Vermont,Ice Hockey,24.0,356.0
2008-09,Girls,Vermont,Lacrosse,19.0,634.0
2008-09,Girls,Vermont,Skiing Alpine,20.0,165.0
2008-09,Girls,Vermont,Skiing Cross Country,21.0,212.0
2008-09,Girls,Virginia,Lacrosse,63.0,2153.0
2008-09,Girls,Wisconsin,Ice Hockey,29.0,803.0
2008-09,Girls,Wyoming,Skiing Alpine,,51.0
2008-09,Girls,Wyoming,Skiing Cross Country,,106.0
2008-09,Girls,Wyoming,Lacrosse,,58.0
2008-09,Girls,Alabama,Soccer,126.0,3229.0
2008-09,Girls,Alabama,Softball Fast Pitch,390.0,6240.0
2008-09,Girls,Alabama,Swimming and Diving,45.0,335.0
2008-09,Girls,Alaska,Soccer,32.0,920.0
2008-09,Girls,Alaska,Softball Fast Pitch,24.0,600.0
2008-09,Girls,Alaska,Swimming and Diving,34.0,561.0
2008-09,Girls,Arizona,Soccer,178.0,5298.0
2008-09,Girls,Arizona,Softball Fast Pitch,225.0,6740.0
2008-09,Girls,Arizona,Swimming and Diving,114.0,2677.0
2008-09,Girls,Arkansas,Soccer,79.0,1624.0
2008-09,Girls,Arkansas,Softball Fast Pitch,238.0,3999.0
2008-09,Girls,Arkansas,Swimming and Diving,40.0,361.0
2008-09,Girls,Colorado,Soccer,200.0,7028.0
2008-09,Girls,Colorado,Softball Fast Pitch,158.0,3830.0
2008-09,Girls,Colorado,Swimming and Diving,128.0,4187.0
2008-09,Girls,Connecticut,Soccer,156.0,5847.0
2008-09,Girls,Connecticut,Softball Fast Pitch,172.0,4613.0
2008-09,Girls,Connecticut,Swimming and Diving,94.0,2706.0
2008-09,Girls,Delaware,Soccer,49.0,1540.0
2008-09,Girls,Delaware,Softball Fast Pitch,42.0,1038.0
2008-09,Girls,Delaware,Swimming and Diving,33.0,742.0
2008-09,Girls,District of Columbia,Soccer,,120.0
2008-09,Girls,District of Columbia,Softball Fast Pitch,13.0,158.0
2008-09,Girls,District of Columbia,Swimming and Diving,,22.0
2008-09,Girls,Florida,Soccer,498.0,13920.0
2008-09,Girls,Florida,Softball Slow Pitch,33.0,708.0
2008-09,Girls,Florida,Softball Fast Pitch,551.0,
2008-09,Girls,Florida,Swimming and Diving,410.0,7862.0
2008-09,Girls,Georgia,Soccer,310.0,8492.0
2008-09,Girls,Georgia,Softball Slow Pitch,18.0,312.0
2008-09,Girls,Georgia,Softball Fast Pitch,371.0,7738.0
2008-09,Girls,Georgia,Swimming and Diving,192.0,3176.0
2008-09,Girls,Hawaii,Soccer,51.0,1639.0
2008-09,Girls,Hawaii,Softball Fast Pitch,55.0,1299.0
2008-09,Girls,Hawaii,Swimming and Diving,60.0,631.0
2008-09,Girls,Kansas,Soccer,83.0,
2008-09,Girls,Kansas,Softball Fast Pitch,232.0,4932.0
2008-09,Girls,Kansas,Swimming and Diving,70.0,1627.0
2008-09,Girls,Kentucky,Soccer,188.0,4997.0
2008-09,Girls,Kentucky,Softball Slow Pitch,10.0,292.0
2008-09,Girls,Kentucky,Softball Fast Pitch,250.0,6120.0
2008-09,Girls,Kentucky,Swimming and Diving,131.0,1870.0
2008-09,Girls,Louisiana,Soccer,138.0,3486.0
2008-09,Girls,Louisiana,Softball Fast Pitch,336.0,8084.0
2008-09,Girls,Louisiana,Swimming and Diving,107.0,1304.0
2008-09,Girls,Maryland,Soccer,169.0,5638.0
2008-09,Girls,Maryland,Softball Fast Pitch,188.0,5112.0
2008-09,Girls,Maryland,Swimming and Diving,106.0,2126.0
2008-09,Girls,Massachusetts,Soccer,314.0,12518.0
2008-09,Girls,Massachusetts,Softball Fast Pitch,347.0,
2008-09,Girls,Massachusetts,Swimming and Diving,185.0,4138.0
2008-09,Girls,Minnesota,Soccer,215.0,8273.0
2008-09,Girls,Minnesota,Softball Fast Pitch,429.0,11254.0
2008-09,Girls,Minnesota,Swimming and Diving,195.0,5146.0
2008-09,Girls,Mississippi,Soccer,114.0,2301.0
2008-09,Girls,Mississippi,Softball Slow Pitch,197.0,6148.0
2008-09,Girls,Mississippi,Softball Fast Pitch,201.0,4701.0
2008-09,Girls,Mississippi,Swimming and Diving,47.0,1761.0
2008-09,Girls,Missouri,Soccer,218.0,
2008-09,Girls,Missouri,Softball Fast Pitch,525.0,11120.0
2008-09,Girls,Missouri,Swimming and Diving,114.0,2960.0
2008-09,Girls,Montana,Soccer,29.0,786.0
2008-09,Girls,Montana,Softball Fast Pitch,66.0,1152.0
2008-09,Girls,Montana,Swimming and Diving,19.0,308.0
2008-09,Girls,Nebraska,Soccer,73.0,2265.0
2008-09,Girls,Nebraska,Softball Fast Pitch,125.0,2389.0
2008-09,Girls,Nebraska,Swimming and Diving,55.0,1066.0
2008-09,Girls,Nevada,Soccer,65.0,
2008-09,Girls,Nevada,Softball Fast Pitch,86.0,2100.0
2008-09,Girls,Nevada,Swimming and Diving,56.0,1219.0
2008-09,Girls,New Hampshire,Soccer,80.0,2797.0
2008-09,Girls,New Hampshire,Softball Fast Pitch,86.0,2305.0
2008-09,Girls,New Hampshire,Swimming and Diving,42.0,646.0
2008-09,Girls,New Mexico,Soccer,,2173.0
2008-09,Girls,New Mexico,Softball Fast Pitch,92.0,2362.0
2008-09,Girls,New Mexico,Swimming and Diving,47.0,693.0
2008-09,Girls,North Carolina,Soccer,204.0,3584.0
2008-09,Girls,North Carolina,Softball Fast Pitch,370.0,8855.0
2008-09,Girls,North Carolina,Swimming and Diving,252.0,4644.0
2008-09,Girls,North Dakota,Soccer,18.0,605.0
2008-09,Girls,North Dakota,Softball Fast Pitch,24.0,344.0
2008-09,Girls,North Dakota,Swimming and Diving,18.0,262.0
2008-09,Girls,North Dakota,Softball Slow Pitch,,152.0
2008-09,Girls,Oklahoma,Soccer,114.0,1723.0
2008-09,Girls,Oklahoma,Softball Slow Pitch,320.0,4506.0
2008-09,Girls,Oklahoma,Softball Fast Pitch,444.0,7123.0
2008-09,Girls,Oklahoma,Swimming and Diving,,500.0
2008-09,Girls,Oregon,Soccer,160.0,5462.0
2008-09,Girls,Oregon,Softball Fast Pitch,223.0,4936.0
2008-09,Girls,Oregon,Swimming and Diving,126.0,2202.0
2008-09,Girls,Rhode Island,Soccer,48.0,1488.0
2008-09,Girls,Rhode Island,Softball Fast Pitch,47.0,1127.0
2008-09,Girls,Rhode Island,Swimming and Diving,32.0,602.0
2008-09,Girls,South Carolina,Soccer,140.0,4035.0
2008-09,Girls,South Carolina,Softball Fast Pitch,192.0,4854.0
2008-09,Girls,South Carolina,Swimming and Diving,77.0,1301.0
2008-09,Girls,Tennessee,Soccer,236.0,
2008-09,Girls,Tennessee,Softball Fast Pitch,353.0,6335.0
2008-09,Girls,Tennessee,Swimming and Diving,432.0,6679.0
2008-09,Girls,Utah,Soccer,90.0,2741.0
2008-09,Girls,Utah,Softball Fast Pitch,94.0,2225.0
2008-09,Girls,Utah,Swimming and Diving,70.0,1465.0
2008-09,Girls,Vermont,Soccer,49.0,1596.0
2008-09,Girls,Vermont,Softball Slow Pitch,,23.0
2008-09,Girls,Vermont,Softball Fast Pitch,40.0,913.0
2008-09,Girls,Virginia,Soccer,272.0,
2008-09,Girls,Virginia,Softball Fast Pitch,296.0,7712.0
2008-09,Girls,Virginia,Swimming and Diving,173.0,4060.0
2008-09,Girls,Washington,Soccer,235.0,7838.0
2008-09,Girls,Washington,Softball Fast Pitch,271.0,6598.0
2008-09,Girls,Washington,Swimming and Diving,136.0,3547.0
2008-09,Girls,West Virginia,Soccer,69.0,1626.0
2008-09,Girls,West Virginia,Softball Fast Pitch,124.0,2418.0
2008-09,Girls,West Virginia,Swimming and Diving,44.0,664.0
2008-09,Girls,Wisconsin,Soccer,249.0,9613.0
2008-09,Girls,Wisconsin,Softball Fast Pitch,437.0,11038.0
2008-09,Girls,Wisconsin,Swimming and Diving,139.0,3824.0
2008-09,Girls,Wyoming,Soccer,21.0,772.0
2008-09,Girls,Wyoming,Swimming and Diving,25.0,534.0
2008-09,Girls,Wyoming,Softball Slow Pitch,,59.0
2008-09,Girls,Alabama,Tennis,166.0,1691.0
2008-09,Girls,Alabama,Track and Field Outdoor,301.0,
2008-09,Girls,Alabama,Volleyball,356.0,5516.0
2008-09,Girls,Alaska,Tennis,16.0,230.0
2008-09,Girls,Alaska,Track and Field Outdoor,51.0,969.0
2008-09,Girls,Alaska,Volleyball,59.0,1503.0
2008-09,Girls,Arizona,Tennis,152.0,2550.0
2008-09,Girls,Arizona,Track and Field Outdoor,206.0,
2008-09,Girls,Arizona,Volleyball,239.0,2156.0
2008-09,Girls,Arkansas,Tennis,117.0,1005.0
2008-09,Girls,Arkansas,Track and Field Indoor,43.0,641.0
2008-09,Girls,Arkansas,Track and Field Outdoor,210.0,
2008-09,Girls,Arkansas,Volleyball,118.0,2536.0
2008-09,Girls,California,Tennis,935.0,22908.0
2008-09,Girls,California,Track and Field Outdoor,1037.0,
2008-09,Girls,California,Volleyball,1243.0,38920.0
2008-09,Girls,Colorado,Tennis,151.0,4901.0
2008-09,Girls,Colorado,Track and Field Outdoor,326.0,
2008-09,Girls,Colorado,Volleyball,320.0,9061.0
2008-09,Girls,Connecticut,Tennis,139.0,3134.0
2008-09,Girls,Connecticut,Track and Field Indoor,146.0,4602.0
2008-09,Girls,Connecticut,Track and Field Outdoor,166.0,
2008-09,Girls,Connecticut,Volleyball,153.0,4309.0
2008-09,Girls,Delaware,Tennis,32.0,573.0
2008-09,Girls,Delaware,Track and Field Indoor,34.0,802.0
2008-09,Girls,Delaware,Track and Field Outdoor,40.0,821.0
2008-09,Girls,Delaware,Volleyball,46.0,1323.0
2008-09,Girls,District of Columbia,Tennis,,51.0
2008-09,Girls,District of Columbia,Track and Field Indoor,11.0,73.0
2008-09,Girls,District of Columbia,Track and Field Outdoor,10.0,103.0
2008-09,Girls,District of Columbia,Volleyball,12.0,148.0
2008-09,Girls,Georgia,Track and Field Outdoor,375.0,
2008-09,Girls,Georgia,Volleyball,259.0,5875.0
2008-09,Girls,Hawaii,Tennis,63.0,876.0
2008-09,Girls,Hawaii,Track and Field Outdoor,62.0,1495.0
2008-09,Girls,Hawaii,Volleyball,71.0,1859.0
2008-09,Girls,Kansas,Tennis,141.0,2652.0
2008-09,Girls,Kansas,Track and Field Outdoor,353.0,
2008-09,Girls,Kansas,Volleyball,353.0,8849.0
2008-09,Girls,Kentucky,Tennis,207.0,2763.0
2008-09,Girls,Kentucky,Track and Field Outdoor,235.0,
2008-09,Girls,Kentucky,Volleyball,236.0,5452.0
2008-09,Girls,Louisiana,Tennis,165.0,1620.0
2008-09,Girls,Louisiana,Track and Field Indoor,341.0,2116.0
2008-09,Girls,Louisiana,Track and Field Outdoor,361.0,
2008-09,Girls,Louisiana,Volleyball,186.0,3390.0
2008-09,Girls,Maine,Track and Field Indoor,62.0,1207.0
2008-09,Girls,Maine,Track and Field Outdoor,110.0,
2008-09,Girls,Maine,Volleyball,27.0,550.0
2008-09,Girls,Maryland,Tennis,178.0,2505.0
2008-09,Girls,Maryland,Track and Field Indoor,167.0,3991.0
2008-09,Girls,Maryland,Track and Field Outdoor,185.0,
2008-09,Girls,Maryland,Volleyball,181.0,4676.0
2008-09,Girls,Massachusetts,Track and Field Indoor,237.0,8152.0
2008-09,Girls,Massachusetts,Track and Field Outdoor,308.0,
2008-09,Girls,Massachusetts,Volleyball,267.0,7247.0
2008-09,Girls,Michigan,Tennis,357.0,10052.0
2008-09,Girls,Michigan,Track and Field Indoor,25.0,261.0
2008-09,Girls,Michigan,Track and Field Outdoor,658.0,
2008-09,Girls,Michigan,Volleyball,712.0,20789.0
2008-09,Girls,Minnesota,Tennis,226.0,
2008-09,Girls,Minnesota,Track and Field Outdoor,427.0,
2008-09,Girls,Minnesota,Volleyball,446.0,15552.0
2008-09,Girls,Mississippi,Tennis,161.0,1676.0
2008-09,Girls,Mississippi,Track and Field Indoor,19.0,513.0
2008-09,Girls,Mississippi,Track and Field Outdoor,236.0,
2008-09,Girls,Mississippi,Volleyball,81.0,2063.0
2008-09,Girls,Missouri,Tennis,176.0,3638.0
2008-09,Girls,Missouri,Track and Field Outdoor,471.0,
2008-09,Girls,Missouri,Volleyball,424.0,11651.0
2008-09,Girls,Montana,Tennis,55.0,1057.0
2008-09,Girls,Montana,Track and Field Outdoor,179.0,
2008-09,Girls,Montana,Volleyball,175.0,3725.0
2008-09,Girls,Nebraska,Tennis,63.0,1347.0
2008-09,Girls,Nebraska,Track and Field Outdoor,308.0,
2008-09,Girls,Nebraska,Volleyball,309.0,7555.0
2008-09,Girls,Nevada,Tennis,58.0,742.0
2008-09,Girls,Nevada,Track and Field Outdoor,94.0,
2008-09,Girls,Nevada,Volleyball,100.0,2620.0
2008-09,Girls,New Hampshire,Tennis,53.0,872.0
2008-09,Girls,New Hampshire,Track and Field Indoor,51.0,1225.0
2008-09,Girls,New Hampshire,Track and Field Outdoor,74.0,
2008-09,Girls,New Hampshire,Volleyball,57.0,1533.0
2008-09,Girls,New Jersey,Tennis,342.0,
2008-09,Girls,New Jersey,Track and Field Indoor,296.0,8702.0
2008-09,Girls,New Jersey,Track and Field Outdoor,371.0,
2008-09,Girls,New Jersey,Volleyball,245.0,7196.0
2008-09,Girls,New Mexico,Tennis,69.0,897.0
2008-09,Girls,New Mexico,Track and Field Outdoor,158.0,
2008-09,Girls,New Mexico,Volleyball,152.0,4023.0
2008-09,Girls,New York,Tennis,458.0,9704.0
2008-09,Girls,New York,Track and Field Indoor,396.0,11463.0
2008-09,Girls,New York,Track and Field Outdoor,635.0,
2008-09,Girls,New York,Volleyball,629.0,15875.0
2008-09,Girls,North Carolina,Tennis,331.0,4384.0
2008-09,Girls,North Carolina,Track and Field Indoor,202.0,3311.0
2008-09,Girls,North Carolina,Track and Field Outdoor,362.0,
2008-09,Girls,North Carolina,Volleyball,377.0,8599.0
2008-09,Girls,North Dakota,Tennis,20.0,467.0
2008-09,Girls,North Dakota,Track and Field Outdoor,150.0,1775.0
2008-09,Girls,North Dakota,Volleyball,157.0,3289.0
2008-09,Girls,North Dakota,Track and Field Indoor,164.0,2581.0
2008-09,Girls,Oklahoma,Tennis,123.0,906.0
2008-09,Girls,Oklahoma,Track and Field Indoor,25.0,325.0
2008-09,Girls,Oklahoma,Track and Field Outdoor,400.0,
2008-09,Girls,Oklahoma,Volleyball,80.0,1100.0
2008-09,Girls,Oregon,Tennis,130.0,
2008-09,Girls,Oregon,Track and Field Outdoor,270.0,
2008-09,Girls,Oregon,Volleyball,286.0,7184.0
2008-09,Girls,Pennsylvania,Tennis,427.0,5124.0
2008-09,Girls,Pennsylvania,Track and Field Indoor,182.0,2730.0
2008-09,Girls,Pennsylvania,Track and Field Outdoor,598.0,
2008-09,Girls,Pennsylvania,Volleyball,580.0,10440.0
2008-09,Girls,Rhode Island,Tennis,44.0,890.0
2008-09,Girls,Rhode Island,Track and Field Indoor,37.0,1144.0
2008-09,Girls,Rhode Island,Track and Field Outdoor,40.0,1586.0
2008-09,Girls,Rhode Island,Volleyball,40.0,969.0
2008-09,Girls,South Carolina,Tennis,135.0,1976.0
2008-09,Girls,South Carolina,Track and Field Outdoor,194.0,
2008-09,Girls,South Carolina,Volleyball,187.0,4279.0
2008-09,Girls,South Dakota,Tennis,22.0,283.0
2008-09,Girls,South Dakota,Track and Field Outdoor,167.0,
2008-09,Girls,South Dakota,Volleyball,163.0,3891.0
2008-09,Girls,Tennessee,Tennis,263.0,
2008-09,Girls,Tennessee,Track and Field Outdoor,256.0,
2008-09,Girls,Tennessee,Volleyball,301.0,5785.0
2008-09,Girls,Utah,Tennis,82.0,1571.0
2008-09,Girls,Utah,Track and Field Outdoor,120.0,
2008-09,Girls,Utah,Volleyball,119.0,2864.0
2008-09,Girls,Vermont,Tennis,19.0,312.0
2008-09,Girls,Vermont,Track and Field Indoor,14.0,177.0
2008-09,Girls,Vermont,Track and Field Outdoor,35.0,815.0
2008-09,Girls,Vermont,Volleyball,,28.0
2008-09,Girls,Virginia,Tennis,263.0,
2008-09,Girls,Virginia,Track and Field Indoor,208.0,5523.0
2008-09,Girls,Virginia,Track and Field Outdoor,303.0,
2008-09,Girls,Virginia,Volleyball,297.0,7370.0
2008-09,Girls,Washington,Tennis,212.0,6521.0
2008-09,Girls,Washington,Track and Field Outdoor,312.0,
2008-09,Girls,Washington,Volleyball,325.0,9255.0
2008-09,Girls,West Virginia,Tennis,82.0,961.0
2008-09,Girls,West Virginia,Track and Field Outdoor,109.0,
2008-09,Girls,West Virginia,Volleyball,84.0,1621.0
2008-09,Girls,Wisconsin,Tennis,207.0,5967.0
2008-09,Girls,Wisconsin,Track and Field Outdoor,432.0,
2008-09,Girls,Wisconsin,Volleyball,472.0,15899.0
2008-09,Girls,Wyoming,Tennis,16.0,269.0
2008-09,Girls,Wyoming,Track and Field Indoor,17.0,361.0
2008-09,Girls,Wyoming,Track and Field Outdoor,70.0,1193.0
2008-09,Girls,Wyoming,Volleyball,69.0,1781.0
