survey_year,gender,state,sport,schools,participants
2009-10,Girls,Alabama,Basketball,408.0,5478.0
2009-10,Girls,Alabama,Competitive Spirit Squads,,177.0
2009-10,Girls,Alabama,Cross Country,177.0,1166.0
2009-10,Girls,Alaska,Basketball,122.0,1667.0
2009-10,Girls,Alaska,Bowling,8.0,90.0
2009-10,Girls,Alaska,Competitive Spirit Squads,30.0,727.0
2009-10,Girls,Alaska,Cross Country,99.0,834.0
2009-10,Girls,Arizona,Basketball,242.0,6955.0
2009-10,Girls,Arizona,Bowling,,180.0
2009-10,Girls,Arizona,Competitive Spirit Squads,180.0,5843.0
2009-10,Girls,Arizona,Cross Country,192.0,2710.0
2009-10,Girls,Arkansas,Basketball,271.0,4633.0
2009-10,Girls,Arkansas,Bowling,58.0,586.0
2009-10,Girls,Arkansas,Competitive Spirit Squads,100.0,1902.0
2009-10,Girls,Arkansas,Cross Country,111.0,974.0
2009-10,Girls,California,Basketball,1245.0,32980.0
2009-10,Girls,California,Bowling,9.0,78.0
2009-10,Girls,California,Competitive Spirit Squads,997.0,1034.0
2009-10,Girls,California,Cross Country,1034.0,21901.0
2009-10,Girls,Colorado,Basketball,325.0,6934.0
2009-10,Girls,Colorado,Bowling,,335.0
2009-10,Girls,Colorado,Competitive Spirit Squads,335.0,3867.0
2009-10,Girls,Colorado,Cross Country,221.0,3293.0
2009-10,Girls,Connecticut,Basketball,176.0,4044.0
2009-10,Girls,Connecticut,Bowling,,155.0
2009-10,Girls,Connecticut,Competitive Spirit Squads,155.0,2247.0
2009-10,Girls,Connecticut,Cross Country,170.0,2740.0
2009-10,Girls,Delaware,Basketball,51.0,1061.0
2009-10,Girls,Delaware,Bowling,,31.0
2009-10,Girls,Delaware,Competitive Spirit Squads,31.0,538.0
2009-10,Girls,Delaware,Cross Country,45.0,644.0
2009-10,Girls,Florida,Basketball,598.0,10304.0
2009-10,Girls,Florida,Bowling,146.0,1145.0
2009-10,Girls,Florida,Competitive Spirit Squads,209.0,5226.0
2009-10,Girls,Florida,Cross Country,520.0,6596.0
2009-10,Girls,Georgia,Basketball,409.0,9154.0
2009-10,Girls,Georgia,Bowling,,240.0
2009-10,Girls,Georgia,Competitive Spirit Squads,240.0,5369.0
2009-10,Girls,Georgia,Cross Country,373.0,5119.0
2009-10,Girls,Hawaii,Basketball,65.0,1237.0
2009-10,Girls,Hawaii,Bowling,57.0,532.0
2009-10,Girls,Hawaii,Competitive Spirit Squads,41.0,758.0
2009-10,Girls,Hawaii,Cross Country,73.0,1010.0
2009-10,Girls,Idaho,Basketball,144.0,3378.0
2009-10,Girls,Idaho,Bowling,,85.0
2009-10,Girls,Idaho,Competitive Spirit Squads,85.0,1361.0
2009-10,Girls,Idaho,Cross Country,103.0,1259.0
2009-10,Girls,Illinois,Basketball,697.0,17584.0
2009-10,Girls,Illinois,Bowling,240.0,3485.0
2009-10,Girls,Illinois,Competitive Spirit Squads,315.0,7964.0
2009-10,Girls,Illinois,Cross Country,534.0,9752.0
2009-10,Girls,Indiana,Basketball,397.0,9017.0
2009-10,Girls,Indiana,Competitive Spirit Squads,,379.0
2009-10,Girls,Indiana,Cross Country,379.0,4281.0
2009-10,Girls,Iowa,Basketball,380.0,8566.0
2009-10,Girls,Iowa,Bowling,86.0,1130.0
2009-10,Girls,Iowa,Competitive Spirit Squads,,316.0
2009-10,Girls,Iowa,Cross Country,316.0,4338.0
2009-10,Girls,Kansas,Basketball,349.0,7130.0
2009-10,Girls,Kansas,Bowling,59.0,840.0
2009-10,Girls,Kansas,Competitive Spirit Squads,,237.0
2009-10,Girls,Kansas,Cross Country,237.0,2827.0
2009-10,Girls,Kentucky,Basketball,264.0,5852.0
2009-10,Girls,Kentucky,Bowling,53.0,791.0
2009-10,Girls,Kentucky,Competitive Spirit Squads,248.0,4828.0
2009-10,Girls,Kentucky,Cross Country,222.0,2175.0
2009-10,Girls,Louisiana,Basketball,365.0,5541.0
2009-10,Girls,Louisiana,Bowling,52.0,232.0
2009-10,Girls,Louisiana,Competitive Spirit Squads,,263.0
2009-10,Girls,Louisiana,Cross Country,263.0,2741.0
2009-10,Girls,Maine,Basketball,143.0,3203.0
2009-10,Girls,Maine,Bowling,3.0,5.0
2009-10,Girls,Maine,Competitive Spirit Squads,96.0,1803.0
2009-10,Girls,Maine,Cross Country,99.0,1040.0
2009-10,Girls,Maryland,Basketball,191.0,4707.0
2009-10,Girls,Maryland,Bowling,26.0,95.0
2009-10,Girls,Maryland,Competitive Spirit Squads,,183.0
2009-10,Girls,Maryland,Cross Country,183.0,2585.0
2009-10,Girls,Massachusetts,Basketball,362.0,10047.0
2009-10,Girls,Massachusetts,Competitive Spirit Squads,,317.0
2009-10,Girls,Massachusetts,Cross Country,317.0,5111.0
2009-10,Girls,Michigan,Basketball,702.0,17580.0
2009-10,Girls,Michigan,Bowling,311.0,2887.0
2009-10,Girls,Michigan,Competitive Spirit Squads,332.0,7528.0
2009-10,Girls,Michigan,Cross Country,605.0,7925.0
2009-10,Girls,Minnesota,Basketball,463.0,11643.0
2009-10,Girls,Minnesota,Competitive Spirit Squads,,326.0
2009-10,Girls,Minnesota,Cross Country,326.0,5052.0
2009-10,Girls,Mississippi,Basketball,261.0,6926.0
2009-10,Girls,Mississippi,Bowling,48.0,341.0
2009-10,Girls,Mississippi,Competitive Spirit Squads,152.0,2740.0
2009-10,Girls,Mississippi,Cross Country,155.0,1401.0
2009-10,Girls,Missouri,Basketball,557.0,10695.0
2009-10,Girls,Missouri,Competitive Spirit Squads,,345.0
2009-10,Girls,Missouri,Cross Country,345.0,3703.0
2009-10,Girls,Montana,Basketball,175.0,3193.0
2009-10,Girls,Montana,Competitive Spirit Squads,,83.0
2009-10,Girls,Montana,Cross Country,83.0,848.0
2009-10,Girls,Nebraska,Basketball,309.0,6535.0
2009-10,Girls,Nebraska,Competitive Spirit Squads,,198.0
2009-10,Girls,Nebraska,Cross Country,198.0,2028.0
2009-10,Girls,Nevada,Basketball,100.0,2556.0
2009-10,Girls,Nevada,Bowling,33.0,266.0
2009-10,Girls,Nevada,Competitive Spirit Squads,,78.0
2009-10,Girls,Nevada,Cross Country,78.0,784.0
2009-10,Girls,New Hampshire,Basketball,88.0,3194.0
2009-10,Girls,New Hampshire,Bowling,10.0,43.0
2009-10,Girls,New Hampshire,Competitive Spirit Squads,65.0,1727.0
2009-10,Girls,New Hampshire,Cross Country,73.0,1056.0
2009-10,Girls,New Jersey,Basketball,401.0,9448.0
2009-10,Girls,New Jersey,Bowling,213.0,1808.0
2009-10,Girls,New Jersey,Competitive Spirit Squads,,365.0
2009-10,Girls,New Jersey,Cross Country,365.0,5095.0
2009-10,Girls,New Mexico,Basketball,154.0,3773.0
2009-10,Girls,New Mexico,Bowling,25.0,224.0
2009-10,Girls,New Mexico,Competitive Spirit Squads,,110.0
2009-10,Girls,New Mexico,Cross Country,110.0,1286.0
2009-10,Girls,New York,Basketball,741.0,17750.0
2009-10,Girls,New York,Bowling,322.0,3450.0
2009-10,Girls,New York,Competitive Spirit Squads,,554.0
2009-10,Girls,New York,Cross Country,554.0,7460.0
2009-10,Girls,North Carolina,Basketball,386.0,8215.0
2009-10,Girls,North Carolina,Bowling,,380.0
2009-10,Girls,North Carolina,Competitive Spirit Squads,380.0,353.0
2009-10,Girls,North Carolina,Cross Country,353.0,4445.0
2009-10,Girls,North Dakota,Basketball,165.0,2433.0
2009-10,Girls,North Dakota,Competitive Spirit Squads,,68.0
2009-10,Girls,North Dakota,Cross Country,68.0,483.0
2009-10,Girls,Ohio,Basketball,808.0,17342.0
2009-10,Girls,Ohio,Bowling,328.0,3074.0
2009-10,Girls,Ohio,Competitive Spirit Squads,136.0,2643.0
2009-10,Girls,Ohio,Cross Country,729.0,8570.0
2009-10,Girls,Oklahoma,Basketball,416.0,7200.0
2009-10,Girls,Oklahoma,Bowling,,213.0
2009-10,Girls,Oklahoma,Competitive Spirit Squads,213.0,4284.0
2009-10,Girls,Oklahoma,Cross Country,294.0,2212.0
2009-10,Girls,Oregon,Basketball,279.0,6238.0
2009-10,Girls,Oregon,Competitive Spirit Squads,,208.0
2009-10,Girls,Oregon,Cross Country,208.0,2670.0
2009-10,Girls,Pennsylvania,Basketball,724.0,21720.0
2009-10,Girls,Pennsylvania,Bowling,153.0,1530.0
2009-10,Girls,Pennsylvania,Competitive Spirit Squads,,568.0
2009-10,Girls,Pennsylvania,Cross Country,568.0,11400.0
2009-10,Girls,Rhode Island,Basketball,49.0,1066.0
2009-10,Girls,Rhode Island,Bowling,,25.0
2009-10,Girls,Rhode Island,Competitive Spirit Squads,25.0,559.0
2009-10,Girls,Rhode Island,Cross Country,45.0,757.0
2009-10,Girls,South Carolina,Basketball,201.0,5102.0
2009-10,Girls,South Carolina,Bowling,4.0,28.0
2009-10,Girls,South Carolina,Competitive Spirit Squads,86.0,2847.0
2009-10,Girls,South Carolina,Cross Country,147.0,2127.0
2009-10,Girls,South Dakota,Basketball,173.0,2936.0
2009-10,Girls,South Dakota,Bowling,,29.0
2009-10,Girls,South Dakota,Competitive Spirit Squads,29.0,509.0
2009-10,Girls,South Dakota,Cross Country,137.0,695.0
2009-10,Girls,Tennessee,Basketball,370.0,6463.0
2009-10,Girls,Tennessee,Bowling,134.0,1212.0
2009-10,Girls,Tennessee,Competitive Spirit Squads,,278.0
2009-10,Girls,Tennessee,Cross Country,278.0,2836.0
2009-10,Girls,Texas,Basketball,1425.0,70442.0
2009-10,Girls,Texas,Competitive Spirit Squads,,1336.0
2009-10,Girls,Texas,Cross Country,1336.0,28102.0
2009-10,Girls,Utah,Basketball,126.0,2937.0
2009-10,Girls,Utah,Competitive Spirit Squads,,119.0
2009-10,Girls,Utah,Cross Country,119.0,1613.0
2009-10,Girls,Vermont,Basketball,43.0,1091.0
2009-10,Girls,Vermont,Bowling,1.0,2.0
2009-10,Girls,Vermont,Competitive Spirit Squads,13.0,210.0
2009-10,Girls,Vermont,Cross Country,37.0,478.0
2009-10,Girls,Virginia,Basketball,307.0,7876.0
2009-10,Girls,Virginia,Bowling,,212.0
2009-10,Girls,Virginia,Competitive Spirit Squads,212.0,4698.0
2009-10,Girls,Virginia,Cross Country,285.0,4555.0
2009-10,Girls,Washington,Basketball,380.0,9166.0
2009-10,Girls,Washington,Bowling,56.0,1068.0
2009-10,Girls,Washington,Competitive Spirit Squads,,255.0
2009-10,Girls,Washington,Cross Country,255.0,4347.0
2009-10,Girls,West Virginia,Basketball,131.0,2397.0
2009-10,Girls,West Virginia,Bowling,,128.0
2009-10,Girls,West Virginia,Competitive Spirit Squads,128.0,2166.0
2009-10,Girls,West Virginia,Cross Country,84.0,727.0
2009-10,Girls,Wisconsin,Basketball,487.0,12479.0
2009-10,Girls,Wisconsin,Competitive Spirit Squads,,388.0
2009-10,Girls,Wisconsin,Cross Country,388.0,5837.0
2009-10,Girls,Wyoming,Basketball,71.0,1477.0
2009-10,Girls,Wyoming,Bowling,,32.0
2009-10,Girls,Wyoming,Competitive Spirit Squads,32.0,490.0
2009-10,Girls,Wyoming,Cross Country,40.0,315.0
2009-10,Girls,Alabama,Football 11-player,,106.0
2009-10,Girls,Alabama,Golf,106.0,339.0
2009-10,Girls,Alaska,Football 11-player,5.0,6.0
2009-10,Girls,Alaska,Golf,,13.0
2009-10,Girls,Alaska,Gymnastics,13.0,143.0
2009-10,Girls,Arizona,Field Hockey,,24.0
2009-10,Girls,Arizona,Football 11-player,24.0,61.0
2009-10,Girls,Arizona,Golf,106.0,917.0
2009-10,Girls,Arkansas,Football 11-player,2.0,8.0
2009-10,Girls,Arkansas,Golf,148.0,667.0
2009-10,Girls,Arkansas,Gymnastics,7.0,87.0
2009-10,Girls,California,Field Hockey,98.0,3925.0
2009-10,Girls,California,Football 11-player,35.0,141.0
2009-10,Girls,California,Golf,632.0,7017.0
2009-10,Girls,California,Gymnastics,54.0,1039.0
2009-10,Girls,Colorado,Field Hockey,17.0,465.0
2009-10,Girls,Colorado,Football 11-player,,38.0
2009-10,Girls,Colorado,Golf,151.0,1409.0
2009-10,Girls,Colorado,Gymnastics,49.0,582.0
2009-10,Girls,Connecticut,Field Hockey,80.0,3258.0
2009-10,Girls,Connecticut,Football 11-player,,23.0
2009-10,Girls,Connecticut,Golf,65.0,516.0
2009-10,Girls,Connecticut,Gymnastics,53.0,436.0
2009-10,Girls,Delaware,Field Hockey,45.0,1459.0
2009-10,Girls,Delaware,Football 11-player,,22.0
2009-10,Girls,Delaware,Golf,22.0,53.0
2009-10,Girls,Florida,Football 11-player,,13.0
2009-10,Girls,Florida,Golf,470.0,2239.0
2009-10,Girls,Georgia,Field Hockey,,14.0
2009-10,Girls,Georgia,Football 11-player,14.0,56.0
2009-10,Girls,Georgia,Golf,333.0,1670.0
2009-10,Girls,Georgia,Gymnastics,41.0,370.0
2009-10,Girls,Hawaii,Football 11-player,8.0,12.0
2009-10,Girls,Hawaii,Golf,45.0,200.0
2009-10,Girls,Idaho,Football 11-player,8.0,8.0
2009-10,Girls,Idaho,Golf,80.0,498.0
2009-10,Girls,Illinois,Football 11-player,,382.0
2009-10,Girls,Illinois,Golf,382.0,3739.0
2009-10,Girls,Illinois,Gymnastics,77.0,1710.0
2009-10,Girls,Indiana,Football 11-player,,287.0
2009-10,Girls,Indiana,Golf,287.0,2498.0
2009-10,Girls,Indiana,Gymnastics,86.0,866.0
2009-10,Girls,Iowa,Field Hockey,,19.0
2009-10,Girls,Iowa,Football 11-player,19.0,84.0
2009-10,Girls,Iowa,Golf,336.0,3563.0
2009-10,Girls,Kansas,Football 11-player,8.0,43.0
2009-10,Girls,Kansas,Golf,147.0,1239.0
2009-10,Girls,Kansas,Gymnastics,12.0,140.0
2009-10,Girls,Kentucky,Field Hockey,21.0,658.0
2009-10,Girls,Kentucky,Football 11-player,6.0,10.0
2009-10,Girls,Kentucky,Golf,196.0,1287.0
2009-10,Girls,Kentucky,Gymnastics,6.0,84.0
2009-10,Girls,Louisiana,Football 11-player,,181.0
2009-10,Girls,Louisiana,Golf,181.0,702.0
2009-10,Girls,Louisiana,Gymnastics,24.0,115.0
2009-10,Girls,Maine,Field Hockey,85.0,2618.0
2009-10,Girls,Maine,Football 11-player,4.0,5.0
2009-10,Girls,Maine,Golf,46.0,108.0
2009-10,Girls,Maine,Gymnastics,2.0,15.0
2009-10,Girls,Maryland,Field Hockey,127.0,3891.0
2009-10,Girls,Maryland,Football 11-player,,228.0
2009-10,Girls,Maryland,Golf,115.0,228.0
2009-10,Girls,Maryland,Gymnastics,13.0,204.0
2009-10,Girls,Massachusetts,Field Hockey,214.0,8107.0
2009-10,Girls,Massachusetts,Football 11-player,,18.0
2009-10,Girls,Massachusetts,Golf,26.0,551.0
2009-10,Girls,Massachusetts,Gymnastics,94.0,1287.0
2009-10,Girls,Michigan,Field Hockey,24.0,812.0
2009-10,Girls,Michigan,Football 11-player,,334.0
2009-10,Girls,Michigan,Golf,334.0,3424.0
2009-10,Girls,Michigan,Gymnastics,68.0,656.0
2009-10,Girls,Minnesota,Football 11-player,,368.0
2009-10,Girls,Minnesota,Golf,368.0,3678.0
2009-10,Girls,Minnesota,Gymnastics,182.0,2437.0
2009-10,Girls,Mississippi,Football 11-player,,80.0
2009-10,Girls,Mississippi,Golf,80.0,421.0
2009-10,Girls,Missouri,Field Hockey,28.0,1049.0
2009-10,Girls,Missouri,Football 11-player,,173.0
2009-10,Girls,Missouri,Golf,173.0,1578.0
2009-10,Girls,Missouri,Gymnastics,4.0,8.0
2009-10,Girls,Montana,Football 11-player,,3.0
2009-10,Girls,Montana,Golf,88.0,524.0
2009-10,Girls,Nebraska,Football 11-player,,14.0
2009-10,Girls,Nebraska,Golf,134.0,1372.0
2009-10,Girls,Nevada,Football 11-player,,71.0
2009-10,Girls,Nevada,Golf,71.0,473.0
2009-10,Girls,New Hampshire,Field Hockey,58.0,1927.0
2009-10,Girls,New Hampshire,Football 11-player,,8.0
2009-10,Girls,New Hampshire,Golf,35.0,44.0
2009-10,Girls,New Hampshire,Gymnastics,33.0,195.0
2009-10,Girls,New Jersey,Field Hockey,220.0,8743.0
2009-10,Girls,New Jersey,Football 11-player,,97.0
2009-10,Girls,New Jersey,Golf,197.0,1290.0
2009-10,Girls,New Jersey,Gymnastics,99.0,1015.0
2009-10,Girls,New Mexico,Football 11-player,,92.0
2009-10,Girls,New Mexico,Golf,92.0,568.0
2009-10,Girls,New York,Field Hockey,240.0,8348.0
2009-10,Girls,New York,Football 11-player,,163.0
2009-10,Girls,New York,Golf,163.0,1649.0
2009-10,Girls,New York,Gymnastics,122.0,1670.0
2009-10,Girls,North Carolina,Field Hockey,44.0,880.0
2009-10,Girls,North Carolina,Football 11-player,,248.0
2009-10,Girls,North Carolina,Golf,248.0,1180.0
2009-10,Girls,North Carolina,Gymnastics,24.0,168.0
2009-10,Girls,North Dakota,Football 11-player,5.0,17.0
2009-10,Girls,North Dakota,Golf,108.0,551.0
2009-10,Girls,North Dakota,Gymnastics,15.0,73.0
2009-10,Girls,Ohio,Field Hockey,48.0,1071.0
2009-10,Girls,Ohio,Football 11-player,10.0,13.0
2009-10,Girls,Ohio,Golf,559.0,3143.0
2009-10,Girls,Ohio,Gymnastics,148.0,996.0
2009-10,Girls,Oklahoma,Football 11-player,3.0,3.0
2009-10,Girls,Oklahoma,Golf,218.0,1265.0
2009-10,Girls,Oregon,Football 11-player,,165.0
2009-10,Girls,Oregon,Golf,165.0,1036.0
2009-10,Girls,Pennsylvania,Field Hockey,301.0,
2009-10,Girls,Pennsylvania,Football 11-player,,331.0
2009-10,Girls,Pennsylvania,Golf,331.0,3310.0
2009-10,Girls,Pennsylvania,Gymnastics,22.0,220.0
2009-10,Girls,Rhode Island,Field Hockey,21.0,617.0
2009-10,Girls,Rhode Island,Football 11-player,,5.0
2009-10,Girls,Rhode Island,Golf,1.0,51.0
2009-10,Girls,South Carolina,Football 11-player,,82.0
2009-10,Girls,South Carolina,Golf,82.0,634.0
2009-10,Girls,South Dakota,Football 11-player,2.0,6.0
2009-10,Girls,South Dakota,Golf,128.0,753.0
2009-10,Girls,South Dakota,Gymnastics,28.0,272.0
2009-10,Girls,Tennessee,Football 11-player,,259.0
2009-10,Girls,Tennessee,Golf,259.0,909.0
2009-10,Girls,Texas,Football 11-player,,115.0
2009-10,Girls,Texas,Golf,1265.0,8103.0
2009-10,Girls,Utah,Football 11-player,,97.0
2009-10,Girls,Utah,Golf,97.0,857.0
2009-10,Girls,Vermont,Field Hockey,20.0,724.0
2009-10,Girls,Vermont,Football 11-player,2.0,45.0
2009-10,Girls,Vermont,Golf,19.0,94.0
2009-10,Girls,Vermont,Gymnastics,11.0,124.0
2009-10,Girls,Virginia,Field Hockey,136.0,4632.0
2009-10,Girls,Virginia,Football 11-player,15.0,122.0
2009-10,Girls,Virginia,Golf,143.0,351.0
2009-10,Girls,Virginia,Gymnastics,73.0,801.0
2009-10,Girls,Washington,Football 11-player,,47.0
2009-10,Girls,Washington,Golf,230.0,2322.0
2009-10,Girls,Washington,Gymnastics,73.0,1554.0
2009-10,Girls,Wisconsin,Football 11-player,,147.0
2009-10,Girls,Wisconsin,Golf,147.0,1627.0
2009-10,Girls,Wisconsin,Gymnastics,82.0,1452.0
2009-10,Girls,Wyoming,Football 11-player,,38.0
2009-10,Girls,Wyoming,Golf,38.0,204.0
2009-10,Girls,Wyoming,Gymnastics,3.0,30.0
2009-10,Girls,Alaska,Ice Hockey,21.0,137.0
2009-10,Girls,Alaska,Skiing Alpine,,24.0
2009-10,Girls,Alaska,Skiing Cross Country,24.0,532.0
2009-10,Girls,California,Ice Hockey,1.0,3.0
2009-10,Girls,California,Lacrosse,157.0,4956.0
2009-10,Girls,California,Skiing Alpine,22.0,212.0
2009-10,Girls,California,Skiing Cross Country,5.0,38.0
2009-10,Girls,Colorado,Ice Hockey,,10.0
2009-10,Girls,Colorado,Lacrosse,51.0,1566.0
2009-10,Girls,Colorado,Skiing Alpine,15.0,144.0
2009-10,Girls,Colorado,Skiing Cross Country,15.0,54.0
2009-10,Girls,Connecticut,Ice Hockey,,10.0
2009-10,Girls,Connecticut,Lacrosse,79.0,3479.0
2009-10,Girls,Delaware,Ice Hockey,,24.0
2009-10,Girls,Delaware,Lacrosse,24.0,775.0
2009-10,Girls,Delaware,Skiing Alpine,7.0,97.0
2009-10,Girls,Florida,Ice Hockey,,83.0
2009-10,Girls,Florida,Lacrosse,83.0,2503.0
2009-10,Girls,Georgia,Ice Hockey,,58.0
2009-10,Girls,Georgia,Lacrosse,58.0,1944.0
2009-10,Girls,Kentucky,Ice Hockey,7.0,142.0
2009-10,Girls,Kentucky,Lacrosse,12.0,518.0
2009-10,Girls,Kentucky,Skiing Cross Country,2.0,5.0
2009-10,Girls,Maine,Ice Hockey,46.0,413.0
2009-10,Girls,Maine,Lacrosse,43.0,1512.0
2009-10,Girls,Maine,Skiing Alpine,51.0,271.0
2009-10,Girls,Maine,Skiing Cross Country,38.0,319.0
2009-10,Girls,Maryland,Ice Hockey,,137.0
2009-10,Girls,Maryland,Lacrosse,137.0,5151.0
2009-10,Girls,Massachusetts,Ice Hockey,100.0,1795.0
2009-10,Girls,Massachusetts,Lacrosse,155.0,6276.0
2009-10,Girls,Massachusetts,Skiing Alpine,70.0,865.0
2009-10,Girls,Massachusetts,Skiing Cross Country,20.0,289.0
2009-10,Girls,Michigan,Ice Hockey,18.0,232.0
2009-10,Girls,Michigan,Lacrosse,75.0,2234.0
2009-10,Girls,Michigan,Skiing Alpine,97.0,653.0
2009-10,Girls,Michigan,Skiing Cross Country,5.0,44.0
2009-10,Girls,Minnesota,Ice Hockey,242.0,3351.0
2009-10,Girls,Minnesota,Lacrosse,73.0,2369.0
2009-10,Girls,Minnesota,Skiing Alpine,102.0,785.0
2009-10,Girls,Minnesota,Skiing Cross Country,113.0,1905.0
2009-10,Girls,Missouri,Ice Hockey,,26.0
2009-10,Girls,Missouri,Lacrosse,26.0,1146.0
2009-10,Girls,Nevada,Lacrosse,,18.0
2009-10,Girls,Nevada,Skiing Alpine,18.0,230.0
2009-10,Girls,New Hampshire,Ice Hockey,9.0,246.0
2009-10,Girls,New Hampshire,Lacrosse,40.0,1567.0
2009-10,Girls,New Hampshire,Skiing Alpine,55.0,467.0
2009-10,Girls,New Hampshire,Skiing Cross Country,31.0,293.0
2009-10,Girls,New Jersey,Ice Hockey,13.0,83.0
2009-10,Girls,New Jersey,Lacrosse,169.0,7707.0
2009-10,Girls,New Jersey,Skiing Alpine,,14.0
2009-10,Girls,New Jersey,Skiing Cross Country,14.0,143.0
2009-10,Girls,New York,Ice Hockey,10.0,250.0
2009-10,Girls,New York,Lacrosse,278.0,11370.0
2009-10,Girls,New York,Skiing Alpine,97.0,559.0
2009-10,Girls,New York,Skiing Cross Country,97.0,559.0
2009-10,Girls,North Carolina,Ice Hockey,,47.0
2009-10,Girls,North Carolina,Lacrosse,47.0,1426.0
2009-10,Girls,North Dakota,Ice Hockey,21.0,223.0
2009-10,Girls,Ohio,Ice Hockey,13.0,39.0
2009-10,Girls,Ohio,Lacrosse,79.0,2728.0
2009-10,Girls,Pennsylvania,Ice Hockey,,164.0
2009-10,Girls,Pennsylvania,Lacrosse,164.0,5248.0
2009-10,Girls,Rhode Island,Ice Hockey,8.0,165.0
2009-10,Girls,Rhode Island,Lacrosse,25.0,899.0
2009-10,Girls,South Carolina,Ice Hockey,,23.0
2009-10,Girls,South Carolina,Lacrosse,23.0,622.0
2009-10,Girls,Vermont,Ice Hockey,19.0,290.0
2009-10,Girls,Vermont,Lacrosse,19.0,581.0
2009-10,Girls,Vermont,Skiing Alpine,18.0,130.0
2009-10,Girls,Vermont,Skiing Cross Country,17.0,236.0
2009-10,Girls,Virginia,Ice Hockey,,67.0
2009-10,Girls,Virginia,Lacrosse,67.0,2174.0
2009-10,Girls,Wisconsin,Ice Hockey,32.0,865.0
2009-10,Girls,Wyoming,Lacrosse,,6.0
2009-10,Girls,Wyoming,Skiing Alpine,6.0,69.0
2009-10,Girls,Wyoming,Skiing Cross Country,7.0,85.0
2009-10,Girls,Alabama,Soccer,133.0,3408.0
2009-10,Girls,Alabama,Softball Slow Pitch,,389.0
2009-10,Girls,Alabama,Softball Fast Pitch,389.0,6404.0
2009-10,Girls,Alabama,Swimming and Diving,71.0,308.0
2009-10,Girls,Alaska,Soccer,34.0,947.0
2009-10,Girls,Alaska,Softball Slow Pitch,,25.0
2009-10,Girls,Alaska,Softball Fast Pitch,25.0,654.0
2009-10,Girls,Alaska,Swimming and Diving,30.0,496.0
2009-10,Girls,Arizona,Soccer,160.0,6061.0
2009-10,Girls,Arizona,Softball Slow Pitch,,227.0
2009-10,Girls,Arizona,Softball Fast Pitch,227.0,7028.0
2009-10,Girls,Arizona,Swimming and Diving,122.0,3067.0
2009-10,Girls,Arkansas,Soccer,72.0,1535.0
2009-10,Girls,Arkansas,Softball Slow Pitch,,221.0
2009-10,Girls,Arkansas,Softball Fast Pitch,221.0,3852.0
2009-10,Girls,Arkansas,Swimming and Diving,30.0,288.0
2009-10,Girls,California,Soccer,1149.0,41727.0
2009-10,Girls,California,Softball Slow Pitch,,1160.0
2009-10,Girls,California,Softball Fast Pitch,1160.0,31801.0
2009-10,Girls,California,Swimming and Diving,814.0,26965.0
2009-10,Girls,Colorado,Soccer,203.0,6889.0
2009-10,Girls,Colorado,Softball Slow Pitch,,168.0
2009-10,Girls,Colorado,Softball Fast Pitch,168.0,3596.0
2009-10,Girls,Colorado,Swimming and Diving,130.0,4050.0
2009-10,Girls,Connecticut,Soccer,158.0,5861.0
2009-10,Girls,Connecticut,Softball Slow Pitch,,176.0
2009-10,Girls,Connecticut,Softball Fast Pitch,176.0,4461.0
2009-10,Girls,Connecticut,Swimming and Diving,106.0,2732.0
2009-10,Girls,Delaware,Soccer,49.0,1769.0
2009-10,Girls,Delaware,Softball Slow Pitch,,44.0
2009-10,Girls,Delaware,Softball Fast Pitch,44.0,1051.0
2009-10,Girls,Delaware,Swimming and Diving,36.0,842.0
2009-10,Girls,Florida,Soccer,507.0,13991.0
2009-10,Girls,Florida,Softball Slow Pitch,,553.0
2009-10,Girls,Florida,Softball Fast Pitch,553.0,16677.0
2009-10,Girls,Florida,Swimming and Diving,410.0,7484.0
2009-10,Girls,Georgia,Soccer,338.0,9122.0
2009-10,Girls,Georgia,Softball Slow Pitch,9.0,195.0
2009-10,Girls,Georgia,Softball Fast Pitch,380.0,7796.0
2009-10,Girls,Georgia,Swimming and Diving,215.0,3716.0
2009-10,Girls,Hawaii,Soccer,54.0,1703.0
2009-10,Girls,Hawaii,Softball Slow Pitch,,55.0
2009-10,Girls,Hawaii,Softball Fast Pitch,55.0,1352.0
2009-10,Girls,Hawaii,Swimming and Diving,60.0,725.0
2009-10,Girls,Idaho,Soccer,71.0,1898.0
2009-10,Girls,Idaho,Softball Slow Pitch,,99.0
2009-10,Girls,Idaho,Softball Fast Pitch,99.0,2232.0
2009-10,Girls,Illinois,Soccer,399.0,16619.0
2009-10,Girls,Illinois,Softball Slow Pitch,,664.0
2009-10,Girls,Illinois,Softball Fast Pitch,664.0,17140.0
2009-10,Girls,Illinois,Swimming and Diving,291.0,6949.0
2009-10,Girls,Indiana,Soccer,249.0,6558.0
2009-10,Girls,Indiana,Softball Slow Pitch,,377.0
2009-10,Girls,Indiana,Softball Fast Pitch,377.0,8967.0
2009-10,Girls,Indiana,Swimming and Diving,243.0,4642.0
2009-10,Girls,Iowa,Soccer,165.0,5089.0
2009-10,Girls,Iowa,Softball Slow Pitch,,365.0
2009-10,Girls,Iowa,Softball Fast Pitch,365.0,8961.0
2009-10,Girls,Iowa,Swimming and Diving,94.0,1620.0
2009-10,Girls,Kansas,Soccer,98.0,3199.0
2009-10,Girls,Kansas,Softball Slow Pitch,,226.0
2009-10,Girls,Kansas,Softball Fast Pitch,226.0,5021.0
2009-10,Girls,Kansas,Swimming and Diving,71.0,1700.0
2009-10,Girls,Kentucky,Soccer,188.0,4997.0
2009-10,Girls,Kentucky,Softball Slow Pitch,10.0,292.0
2009-10,Girls,Kentucky,Softball Fast Pitch,250.0,6120.0
2009-10,Girls,Kentucky,Swimming and Diving,131.0,1870.0
2009-10,Girls,Louisiana,Soccer,141.0,3490.0
2009-10,Girls,Louisiana,Softball Slow Pitch,,331.0
2009-10,Girls,Louisiana,Softball Fast Pitch,331.0,8112.0
2009-10,Girls,Louisiana,Swimming and Diving,122.0,1310.0
2009-10,Girls,Maine,Soccer,134.0,3950.0
2009-10,Girls,Maine,Softball Slow Pitch,,129.0
2009-10,Girls,Maine,Softball Fast Pitch,129.0,2982.0
2009-10,Girls,Maine,Swimming and Diving,53.0,1023.0
2009-10,Girls,Maryland,Soccer,169.0,5598.0
2009-10,Girls,Maryland,Softball Slow Pitch,,187.0
2009-10,Girls,Maryland,Softball Fast Pitch,187.0,5172.0
2009-10,Girls,Maryland,Swimming and Diving,119.0,2105.0
2009-10,Girls,Massachusetts,Soccer,315.0,12922.0
2009-10,Girls,Massachusetts,Softball Slow Pitch,,351.0
2009-10,Girls,Massachusetts,Softball Fast Pitch,351.0,10608.0
2009-10,Girls,Massachusetts,Swimming and Diving,176.0,4146.0
2009-10,Girls,Michigan,Soccer,455.0,13535.0
2009-10,Girls,Michigan,Softball Slow Pitch,,619.0
2009-10,Girls,Michigan,Softball Fast Pitch,619.0,14916.0
2009-10,Girls,Michigan,Swimming and Diving,269.0,6260.0
2009-10,Girls,Minnesota,Soccer,215.0,8297.0
2009-10,Girls,Minnesota,Softball Slow Pitch,,423.0
2009-10,Girls,Minnesota,Softball Fast Pitch,423.0,11097.0
2009-10,Girls,Minnesota,Swimming and Diving,193.0,5207.0
2009-10,Girls,Mississippi,Soccer,125.0,2403.0
2009-10,Girls,Mississippi,Softball Slow Pitch,200.0,6167.0
2009-10,Girls,Mississippi,Softball Fast Pitch,201.0,4703.0
2009-10,Girls,Mississippi,Swimming and Diving,48.0,1773.0
2009-10,Girls,Missouri,Soccer,223.0,7955.0
2009-10,Girls,Missouri,Softball Slow Pitch,,528.0
2009-10,Girls,Missouri,Softball Fast Pitch,528.0,10091.0
2009-10,Girls,Missouri,Swimming and Diving,117.0,3001.0
2009-10,Girls,Montana,Soccer,29.0,825.0
2009-10,Girls,Montana,Softball Slow Pitch,,64.0
2009-10,Girls,Montana,Softball Fast Pitch,64.0,1189.0
2009-10,Girls,Montana,Swimming and Diving,17.0,283.0
2009-10,Girls,Nebraska,Soccer,73.0,2393.0
2009-10,Girls,Nebraska,Softball Slow Pitch,,126.0
2009-10,Girls,Nebraska,Softball Fast Pitch,126.0,2319.0
2009-10,Girls,Nebraska,Swimming and Diving,56.0,1076.0
2009-10,Girls,Nevada,Soccer,65.0,2041.0
2009-10,Girls,Nevada,Softball Slow Pitch,,86.0
2009-10,Girls,Nevada,Softball Fast Pitch,86.0,2100.0
2009-10,Girls,Nevada,Swimming and Diving,56.0,1219.0
2009-10,Girls,New Hampshire,Soccer,81.0,2653.0
2009-10,Girls,New Hampshire,Softball Slow Pitch,,85.0
2009-10,Girls,New Hampshire,Softball Fast Pitch,85.0,2216.0
2009-10,Girls,New Hampshire,Swimming and Diving,48.0,737.0
2009-10,Girls,New Jersey,Soccer,353.0,13483.0
2009-10,Girls,New Jersey,Softball Slow Pitch,,404.0
2009-10,Girls,New Jersey,Softball Fast Pitch,404.0,12040.0
2009-10,Girls,New Jersey,Swimming and Diving,245.0,5835.0
2009-10,Girls,New Mexico,Soccer,72.0,2185.0
2009-10,Girls,New Mexico,Softball Slow Pitch,,96.0
2009-10,Girls,New Mexico,Softball Fast Pitch,96.0,2258.0
2009-10,Girls,New Mexico,Swimming and Diving,46.0,678.0
2009-10,Girls,New York,Soccer,682.0,23753.0
2009-10,Girls,New York,Softball Slow Pitch,,733.0
2009-10,Girls,New York,Softball Fast Pitch,733.0,19103.0
2009-10,Girls,New York,Swimming and Diving,333.0,7991.0
2009-10,Girls,North Carolina,Soccer,326.0,9858.0
2009-10,Girls,North Carolina,Softball Slow Pitch,,370.0
2009-10,Girls,North Carolina,Softball Fast Pitch,370.0,8855.0
2009-10,Girls,North Carolina,Swimming and Diving,252.0,4644.0
2009-10,Girls,North Dakota,Soccer,18.0,580.0
2009-10,Girls,North Dakota,Softball Slow Pitch,,32.0
2009-10,Girls,North Dakota,Softball Fast Pitch,32.0,436.0
2009-10,Girls,North Dakota,Swimming and Diving,20.0,291.0
2009-10,Girls,Ohio,Soccer,535.0,14100.0
2009-10,Girls,Ohio,Softball Slow Pitch,11.0,291.0
2009-10,Girls,Ohio,Softball Fast Pitch,784.0,16427.0
2009-10,Girls,Ohio,Swimming and Diving,423.0,6682.0
2009-10,Girls,Oklahoma,Soccer,117.0,2457.0
2009-10,Girls,Oklahoma,Softball Slow Pitch,297.0,6560.0
2009-10,Girls,Oklahoma,Softball Fast Pitch,426.0,10450.0
2009-10,Girls,Oklahoma,Swimming and Diving,62.0,300.0
2009-10,Girls,Oregon,Soccer,161.0,5408.0
2009-10,Girls,Oregon,Softball Slow Pitch,,220.0
2009-10,Girls,Oregon,Softball Fast Pitch,220.0,4236.0
2009-10,Girls,Oregon,Swimming and Diving,125.0,2494.0
2009-10,Girls,Pennsylvania,Soccer,554.0,19390.0
2009-10,Girls,Pennsylvania,Softball Slow Pitch,,666.0
2009-10,Girls,Pennsylvania,Softball Fast Pitch,666.0,19980.0
2009-10,Girls,Pennsylvania,Swimming and Diving,331.0,9930.0
2009-10,Girls,Rhode Island,Soccer,47.0,1523.0
2009-10,Girls,Rhode Island,Softball Slow Pitch,,47.0
2009-10,Girls,Rhode Island,Softball Fast Pitch,47.0,1134.0
2009-10,Girls,Rhode Island,Swimming and Diving,33.0,637.0
2009-10,Girls,South Carolina,Soccer,142.0,4220.0
2009-10,Girls,South Carolina,Softball Slow Pitch,,195.0
2009-10,Girls,South Carolina,Softball Fast Pitch,195.0,4869.0
2009-10,Girls,South Carolina,Swimming and Diving,78.0,1214.0
2009-10,Girls,Tennessee,Soccer,258.0,5854.0
2009-10,Girls,Tennessee,Softball Slow Pitch,,347.0
2009-10,Girls,Tennessee,Softball Fast Pitch,347.0,6082.0
2009-10,Girls,Texas,Soccer,594.0,22123.0
2009-10,Girls,Texas,Softball Slow Pitch,,1159.0
2009-10,Girls,Texas,Softball Fast Pitch,1159.0,31468.0
2009-10,Girls,Texas,Swimming and Diving,492.0,7072.0
2009-10,Girls,Utah,Soccer,93.0,2734.0
2009-10,Girls,Utah,Softball Slow Pitch,,93.0
2009-10,Girls,Utah,Softball Fast Pitch,93.0,2203.0
2009-10,Girls,Utah,Swimming and Diving,78.0,1517.0
2009-10,Girls,Vermont,Soccer,45.0,1502.0
2009-10,Girls,Vermont,Softball Slow Pitch,3.0,60.0
2009-10,Girls,Vermont,Softball Fast Pitch,41.0,962.0
2009-10,Girls,Vermont,Swimming and Diving,1.0,19.0
2009-10,Girls,Virginia,Soccer,268.0,8177.0
2009-10,Girls,Virginia,Softball Slow Pitch,,299.0
2009-10,Girls,Virginia,Softball Fast Pitch,299.0,7826.0
2009-10,Girls,Virginia,Swimming and Diving,176.0,3931.0
2009-10,Girls,Washington,Soccer,238.0,9238.0
2009-10,Girls,Washington,Softball Slow Pitch,,303.0
2009-10,Girls,Washington,Softball Fast Pitch,303.0,7433.0
2009-10,Girls,Washington,Swimming and Diving,136.0,4614.0
2009-10,Girls,West Virginia,Soccer,69.0,1677.0
2009-10,Girls,West Virginia,Softball Slow Pitch,,124.0
2009-10,Girls,West Virginia,Softball Fast Pitch,124.0,2333.0
2009-10,Girls,West Virginia,Swimming and Diving,44.0,653.0
2009-10,Girls,Wisconsin,Soccer,249.0,9487.0
2009-10,Girls,Wisconsin,Softball Slow Pitch,,437.0
2009-10,Girls,Wisconsin,Softball Fast Pitch,437.0,11340.0
2009-10,Girls,Wisconsin,Swimming and Diving,140.0,3772.0
2009-10,Girls,Wyoming,Soccer,23.0,812.0
2009-10,Girls,Wyoming,Softball Fast Pitch,,25.0
2009-10,Girls,Wyoming,Swimming and Diving,25.0,529.0
2009-10,Girls,Wyoming,Softball Slow Pitch,,63.0
2009-10,Girls,Alabama,Tennis,167.0,1701.0
2009-10,Girls,Alabama,Track and Field Indoor,,304.0
2009-10,Girls,Alabama,Track and Field Outdoor,304.0,4591.0
2009-10,Girls,Alabama,Volleyball,352.0,5454.0
2009-10,Girls,Alaska,Tennis,15.0,273.0
2009-10,Girls,Alaska,Track and Field Indoor,,46.0
2009-10,Girls,Alaska,Track and Field Outdoor,46.0,958.0
2009-10,Girls,Alaska,Volleyball,69.0,1677.0
2009-10,Girls,Arizona,Tennis,155.0,2857.0
2009-10,Girls,Arizona,Track and Field Indoor,,208.0
2009-10,Girls,Arizona,Track and Field Outdoor,208.0,6922.0
2009-10,Girls,Arizona,Volleyball,238.0,8128.0
2009-10,Girls,Arkansas,Tennis,112.0,906.0
2009-10,Girls,Arkansas,Track and Field Indoor,34.0,575.0
2009-10,Girls,Arkansas,Track and Field Outdoor,211.0,3148.0
2009-10,Girls,Arkansas,Volleyball,122.0,2572.0
2009-10,Girls,California,Tennis,935.0,22908.0
2009-10,Girls,California,Track and Field Indoor,,1037.0
2009-10,Girls,California,Track and Field Outdoor,1037.0,41736.0
2009-10,Girls,California,Volleyball,1243.0,38920.0
2009-10,Girls,Colorado,Tennis,146.0,4530.0
2009-10,Girls,Colorado,Track and Field Indoor,,291.0
2009-10,Girls,Colorado,Track and Field Outdoor,291.0,6708.0
2009-10,Girls,Colorado,Volleyball,327.0,8543.0
2009-10,Girls,Connecticut,Tennis,147.0,3227.0
2009-10,Girls,Connecticut,Track and Field Indoor,152.0,4785.0
2009-10,Girls,Connecticut,Track and Field Outdoor,169.0,6741.0
2009-10,Girls,Connecticut,Volleyball,158.0,4465.0
2009-10,Girls,Delaware,Tennis,33.0,609.0
2009-10,Girls,Delaware,Track and Field Indoor,33.0,709.0
2009-10,Girls,Delaware,Track and Field Outdoor,42.0,1130.0
2009-10,Girls,Delaware,Volleyball,47.0,1322.0
2009-10,Girls,Florida,Tennis,479.0,4957.0
2009-10,Girls,Florida,Track and Field Indoor,,536.0
2009-10,Girls,Florida,Track and Field Outdoor,536.0,13205.0
2009-10,Girls,Florida,Volleyball,599.0,12536.0
2009-10,Girls,Georgia,Track and Field Indoor,,396.0
2009-10,Girls,Georgia,Track and Field Outdoor,396.0,9676.0
2009-10,Girls,Georgia,Volleyball,280.0,6613.0
2009-10,Girls,Hawaii,Tennis,63.0,853.0
2009-10,Girls,Hawaii,Track and Field Indoor,,62.0
2009-10,Girls,Hawaii,Track and Field Outdoor,62.0,1614.0
2009-10,Girls,Hawaii,Volleyball,72.0,1901.0
2009-10,Girls,Idaho,Tennis,56.0,1222.0
2009-10,Girls,Idaho,Track and Field Indoor,,142.0
2009-10,Girls,Idaho,Track and Field Outdoor,142.0,3247.0
2009-10,Girls,Idaho,Volleyball,150.0,3878.0
2009-10,Girls,Illinois,Tennis,336.0,7977.0
2009-10,Girls,Illinois,Track and Field Indoor,,612.0
2009-10,Girls,Illinois,Track and Field Outdoor,612.0,18545.0
2009-10,Girls,Illinois,Volleyball,710.0,21843.0
2009-10,Girls,Indiana,Tennis,311.0,5989.0
2009-10,Girls,Indiana,Track and Field Indoor,,391.0
2009-10,Girls,Indiana,Track and Field Outdoor,391.0,10231.0
2009-10,Girls,Indiana,Volleyball,398.0,10596.0
2009-10,Girls,Iowa,Tennis,121.0,3412.0
2009-10,Girls,Iowa,Track and Field Indoor,,365.0
2009-10,Girls,Iowa,Track and Field Outdoor,365.0,9435.0
2009-10,Girls,Iowa,Volleyball,380.0,12434.0
2009-10,Girls,Kansas,Tennis,139.0,2649.0
2009-10,Girls,Kansas,Track and Field Indoor,,336.0
2009-10,Girls,Kansas,Track and Field Outdoor,336.0,6823.0
2009-10,Girls,Kansas,Volleyball,348.0,8710.0
2009-10,Girls,Kentucky,Tennis,207.0,2763.0
2009-10,Girls,Kentucky,Track and Field Indoor,,235.0
2009-10,Girls,Kentucky,Track and Field Outdoor,235.0,4571.0
2009-10,Girls,Kentucky,Volleyball,236.0,5452.0
2009-10,Girls,Louisiana,Tennis,168.0,1680.0
2009-10,Girls,Louisiana,Track and Field Indoor,195.0,2098.0
2009-10,Girls,Louisiana,Track and Field Outdoor,353.0,5963.0
2009-10,Girls,Louisiana,Volleyball,189.0,3406.0
2009-10,Girls,Maine,Tennis,,64.0
2009-10,Girls,Maine,Track and Field Indoor,64.0,1221.0
2009-10,Girls,Maine,Track and Field Outdoor,109.0,2642.0
2009-10,Girls,Maine,Volleyball,25.0,571.0
2009-10,Girls,Maryland,Tennis,177.0,2543.0
2009-10,Girls,Maryland,Track and Field Indoor,168.0,4285.0
2009-10,Girls,Maryland,Track and Field Outdoor,184.0,5362.0
2009-10,Girls,Maryland,Volleyball,180.0,3723.0
2009-10,Girls,Massachusetts,Tennis,278.0,4281.0
2009-10,Girls,Massachusetts,Track and Field Indoor,243.0,8498.0
2009-10,Girls,Massachusetts,Track and Field Outdoor,313.0,12821.0
2009-10,Girls,Massachusetts,Volleyball,271.0,7514.0
2009-10,Girls,Michigan,Tennis,352.0,9984.0
2009-10,Girls,Michigan,Track and Field Indoor,34.0,380.0
2009-10,Girls,Michigan,Track and Field Outdoor,666.0,17448.0
2009-10,Girls,Michigan,Volleyball,711.0,20190.0
2009-10,Girls,Minnesota,Tennis,224.0,5727.0
2009-10,Girls,Minnesota,Track and Field Indoor,,428.0
2009-10,Girls,Minnesota,Track and Field Outdoor,428.0,15136.0
2009-10,Girls,Minnesota,Volleyball,452.0,14271.0
2009-10,Girls,Mississippi,Tennis,164.0,1696.0
2009-10,Girls,Mississippi,Track and Field Indoor,17.0,493.0
2009-10,Girls,Mississippi,Track and Field Outdoor,236.0,4628.0
2009-10,Girls,Mississippi,Volleyball,82.0,2088.0
2009-10,Girls,Missouri,Tennis,187.0,3726.0
2009-10,Girls,Missouri,Track and Field Indoor,,478.0
2009-10,Girls,Missouri,Track and Field Outdoor,478.0,11583.0
2009-10,Girls,Missouri,Volleyball,432.0,10211.0
2009-10,Girls,Montana,Tennis,49.0,1156.0
2009-10,Girls,Montana,Track and Field Indoor,,172.0
2009-10,Girls,Montana,Track and Field Outdoor,172.0,2484.0
2009-10,Girls,Montana,Volleyball,171.0,3631.0
2009-10,Girls,Nebraska,Tennis,63.0,1460.0
2009-10,Girls,Nebraska,Track and Field Indoor,,307.0
2009-10,Girls,Nebraska,Track and Field Outdoor,307.0,7259.0
2009-10,Girls,Nebraska,Volleyball,309.0,7472.0
2009-10,Girls,Nevada,Tennis,58.0,742.0
2009-10,Girls,Nevada,Track and Field Indoor,,94.0
2009-10,Girls,Nevada,Track and Field Outdoor,94.0,2816.0
2009-10,Girls,Nevada,Volleyball,100.0,2620.0
2009-10,Girls,New Hampshire,Tennis,,53.0
2009-10,Girls,New Hampshire,Track and Field Indoor,53.0,1198.0
2009-10,Girls,New Hampshire,Track and Field Outdoor,76.0,2349.0
2009-10,Girls,New Hampshire,Volleyball,27.0,1595.0
2009-10,Girls,New Jersey,Tennis,351.0,6817.0
2009-10,Girls,New Jersey,Track and Field Indoor,291.0,8583.0
2009-10,Girls,New Jersey,Track and Field Outdoor,377.0,16084.0
2009-10,Girls,New Jersey,Volleyball,255.0,7064.0
2009-10,Girls,New Mexico,Tennis,146.0,830.0
2009-10,Girls,New Mexico,Track and Field Indoor,,161.0
2009-10,Girls,New Mexico,Track and Field Outdoor,161.0,3512.0
2009-10,Girls,New Mexico,Volleyball,149.0,3994.0
2009-10,Girls,New York,Tennis,458.0,9704.0
2009-10,Girls,New York,Track and Field Indoor,396.0,11463.0
2009-10,Girls,New York,Track and Field Outdoor,635.0,21357.0
2009-10,Girls,New York,Volleyball,629.0,15875.0
2009-10,Girls,North Carolina,Tennis,331.0,4374.0
2009-10,Girls,North Carolina,Track and Field Indoor,202.0,3311.0
2009-10,Girls,North Carolina,Track and Field Outdoor,362.0,9462.0
2009-10,Girls,North Carolina,Volleyball,377.0,8599.0
2009-10,Girls,North Dakota,Tennis,22.0,442.0
2009-10,Girls,North Dakota,Track and Field Indoor,,157.0
2009-10,Girls,North Dakota,Track and Field Outdoor,157.0,1789.0
2009-10,Girls,North Dakota,Volleyball,159.0,3193.0
2009-10,Girls,Ohio,Tennis,427.0,6631.0
2009-10,Girls,Ohio,Track and Field Indoor,161.0,2158.0
2009-10,Girls,Ohio,Track and Field Outdoor,786.0,22619.0
2009-10,Girls,Ohio,Volleyball,804.0,18204.0
2009-10,Girls,Oklahoma,Tennis,125.0,762.0
2009-10,Girls,Oklahoma,Track and Field Indoor,,364.0
2009-10,Girls,Oklahoma,Track and Field Outdoor,364.0,4000.0
2009-10,Girls,Oklahoma,Volleyball,121.0,2420.0
2009-10,Girls,Oregon,Tennis,126.0,2960.0
2009-10,Girls,Oregon,Track and Field Indoor,,265.0
2009-10,Girls,Oregon,Track and Field Outdoor,265.0,6726.0
2009-10,Girls,Oregon,Volleyball,281.0,7068.0
2009-10,Girls,Pennsylvania,Tennis,417.0,5004.0
2009-10,Girls,Pennsylvania,Track and Field Indoor,184.0,2760.0
2009-10,Girls,Pennsylvania,Track and Field Outdoor,607.0,24280.0
2009-10,Girls,Pennsylvania,Volleyball,586.0,10548.0
2009-10,Girls,Rhode Island,Tennis,44.0,906.0
2009-10,Girls,Rhode Island,Track and Field Indoor,40.0,1234.0
2009-10,Girls,Rhode Island,Track and Field Outdoor,40.0,1556.0
2009-10,Girls,Rhode Island,Volleyball,40.0,544.0
2009-10,Girls,South Carolina,Tennis,135.0,2001.0
2009-10,Girls,South Carolina,Track and Field Indoor,,190.0
2009-10,Girls,South Carolina,Track and Field Outdoor,190.0,5503.0
2009-10,Girls,South Carolina,Volleyball,192.0,4444.0
2009-10,Girls,South Dakota,Tennis,22.0,263.0
2009-10,Girls,South Dakota,Track and Field Indoor,,171.0
2009-10,Girls,South Dakota,Track and Field Outdoor,171.0,2769.0
2009-10,Girls,South Dakota,Volleyball,165.0,3795.0
2009-10,Girls,Tennessee,Tennis,266.0,2936.0
2009-10,Girls,Tennessee,Track and Field Indoor,,257.0
2009-10,Girls,Tennessee,Track and Field Outdoor,257.0,5523.0
2009-10,Girls,Tennessee,Volleyball,307.0,5821.0
2009-10,Girls,Texas,Tennis,1243.0,18387.0
2009-10,Girls,Texas,Track and Field Indoor,,1375.0
2009-10,Girls,Texas,Track and Field Outdoor,1375.0,64726.0
2009-10,Girls,Texas,Volleyball,1194.0,39428.0
2009-10,Girls,Utah,Tennis,82.0,1532.0
2009-10,Girls,Utah,Track and Field Indoor,,120.0
2009-10,Girls,Utah,Track and Field Outdoor,120.0,4048.0
2009-10,Girls,Utah,Volleyball,124.0,2769.0
2009-10,Girls,Vermont,Tennis,18.0,294.0
2009-10,Girls,Vermont,Track and Field Indoor,18.0,281.0
2009-10,Girls,Vermont,Track and Field Outdoor,32.0,747.0
2009-10,Girls,Vermont,Volleyball,2.0,25.0
2009-10,Girls,Virginia,Tennis,264.0,3615.0
2009-10,Girls,Virginia,Track and Field Indoor,199.0,5654.0
2009-10,Girls,Virginia,Track and Field Outdoor,300.0,8954.0
2009-10,Girls,Virginia,Volleyball,300.0,7675.0
2009-10,Girls,Washington,Tennis,235.0,7737.0
2009-10,Girls,Washington,Track and Field Indoor,,311.0
2009-10,Girls,Washington,Track and Field Outdoor,311.0,9993.0
2009-10,Girls,Washington,Volleyball,344.0,10207.0
2009-10,Girls,West Virginia,Tennis,82.0,988.0
2009-10,Girls,West Virginia,Track and Field Indoor,,108.0
2009-10,Girls,West Virginia,Track and Field Outdoor,108.0,2633.0
2009-10,Girls,West Virginia,Volleyball,121.0,2306.0
2009-10,Girls,Wisconsin,Tennis,207.0,6054.0
2009-10,Girls,Wisconsin,Track and Field Indoor,,426.0
2009-10,Girls,Wisconsin,Track and Field Outdoor,426.0,11781.0
2009-10,Girls,Wisconsin,Volleyball,471.0,15746.0
2009-10,Girls,Wyoming,Tennis,16.0,279.0
2009-10,Girls,Wyoming,Track and Field Indoor,16.0,370.0
2009-10,Girls,Wyoming,Track and Field Outdoor,70.0,1240.0
2009-10,Girls,Wyoming,Volleyball,71.0,1776.0
2010-11,Girls,Alabama,Basketball,405.0,6372.0
2010-11,Girls,Alabama,Competitive Spirit Squads,,182.0
2010-11,Girls,Alabama,Cross Country,182.0,1182.0
2010-11,Girls,Alaska,Basketball,121.0,1658.0
2010-11,Girls,Alaska,Bowling,8.0,85.0
2010-11,Girls,Alaska,Competitive Spirit Squads,77.0,1083.0
2010-11,Girls,Alaska,Cross Country,110.0,879.0
2010-11,Girls,Arizona,Basketball,242.0,6484.0
2010-11,Girls,Arizona,Bowling,,180.0
2010-11,Girls,Arizona,Competitive Spirit Squads,180.0,5648.0
2010-11,Girls,Arizona,Cross Country,192.0,2626.0
2010-11,Girls,Arkansas,Basketball,271.0,4633.0
2010-11,Girls,Arkansas,Bowling,58.0,586.0
2010-11,Girls,Arkansas,Competitive Spirit Squads,121.0,231.0
2010-11,Girls,Arkansas,Cross Country,128.0,1036.0
2010-11,Girls,California,Basketball,1305.0,32839.0
2010-11,Girls,California,Bowling,8.0,168.0
2010-11,Girls,California,Competitive Spirit Squads,327.0,9356.0
2010-11,Girls,California,Cross Country,1094.0,23651.0
2010-11,Girls,Colorado,Basketball,333.0,7306.0
2010-11,Girls,Colorado,Bowling,,334.0
2010-11,Girls,Colorado,Competitive Spirit Squads,334.0,4539.0
2010-11,Girls,Colorado,Cross Country,229.0,3636.0
2010-11,Girls,Connecticut,Basketball,177.0,4005.0
2010-11,Girls,Connecticut,Bowling,,153.0
2010-11,Girls,Connecticut,Competitive Spirit Squads,153.0,2288.0
2010-11,Girls,Connecticut,Cross Country,168.0,2775.0
2010-11,Girls,Delaware,Basketball,52.0,1030.0
2010-11,Girls,Delaware,Bowling,,9.0
2010-11,Girls,Delaware,Competitive Spirit Squads,9.0,124.0
2010-11,Girls,Delaware,Cross Country,47.0,681.0
2010-11,Girls,Florida,Basketball,600.0,10288.0
2010-11,Girls,Florida,Bowling,166.0,1401.0
2010-11,Girls,Florida,Competitive Spirit Squads,222.0,5645.0
2010-11,Girls,Florida,Cross Country,521.0,6533.0
2010-11,Girls,Georgia,Basketball,409.0,9154.0
2010-11,Girls,Georgia,Bowling,,240.0
2010-11,Girls,Georgia,Competitive Spirit Squads,240.0,5369.0
2010-11,Girls,Georgia,Cross Country,373.0,5119.0
2010-11,Girls,Hawaii,Basketball,61.0,1257.0
2010-11,Girls,Hawaii,Bowling,57.0,504.0
2010-11,Girls,Hawaii,Competitive Spirit Squads,44.0,844.0
2010-11,Girls,Hawaii,Cross Country,73.0,997.0
2010-11,Girls,Idaho,Basketball,148.0,3423.0
2010-11,Girls,Idaho,Bowling,,127.0
2010-11,Girls,Idaho,Competitive Spirit Squads,127.0,2114.0
2010-11,Girls,Idaho,Cross Country,99.0,1201.0
2010-11,Girls,Illinois,Basketball,677.0,17933.0
2010-11,Girls,Illinois,Bowling,206.0,3261.0
2010-11,Girls,Illinois,Competitive Spirit Squads,298.0,8331.0
2010-11,Girls,Illinois,Cross Country,499.0,10773.0
2010-11,Girls,Indiana,Basketball,397.0,8878.0
2010-11,Girls,Indiana,Competitive Spirit Squads,,379.0
2010-11,Girls,Indiana,Cross Country,379.0,4327.0
2010-11,Girls,Iowa,Basketball,375.0,8407.0
2010-11,Girls,Iowa,Bowling,79.0,1173.0
2010-11,Girls,Iowa,Competitive Spirit Squads,,315.0
2010-11,Girls,Iowa,Cross Country,315.0,4312.0
2010-11,Girls,Kansas,Basketball,348.0,7168.0
2010-11,Girls,Kansas,Bowling,60.0,806.0
2010-11,Girls,Kansas,Competitive Spirit Squads,,242.0
2010-11,Girls,Kansas,Cross Country,242.0,2870.0
2010-11,Girls,Kentucky,Basketball,264.0,5852.0
2010-11,Girls,Kentucky,Bowling,53.0,791.0
2010-11,Girls,Kentucky,Competitive Spirit Squads,248.0,4828.0
2010-11,Girls,Kentucky,Cross Country,222.0,2175.0
2010-11,Girls,Louisiana,Basketball,367.0,5792.0
2010-11,Girls,Louisiana,Bowling,61.0,414.0
2010-11,Girls,Louisiana,Competitive Spirit Squads,,263.0
2010-11,Girls,Louisiana,Cross Country,263.0,2316.0
2010-11,Girls,Maine,Basketball,142.0,3138.0
2010-11,Girls,Maine,Bowling,5.0,23.0
2010-11,Girls,Maine,Competitive Spirit Squads,91.0,1747.0
2010-11,Girls,Maine,Cross Country,106.0,1127.0
2010-11,Girls,Maryland,Basketball,191.0,4674.0
2010-11,Girls,Maryland,Bowling,4.0,16.0
2010-11,Girls,Maryland,Competitive Spirit Squads,,182.0
2010-11,Girls,Maryland,Cross Country,182.0,2667.0
2010-11,Girls,Massachusetts,Basketball,364.0,10202.0
2010-11,Girls,Massachusetts,Competitive Spirit Squads,,319.0
2010-11,Girls,Massachusetts,Cross Country,319.0,5352.0
2010-11,Girls,Michigan,Basketball,695.0,17368.0
2010-11,Girls,Michigan,Bowling,328.0,3027.0
2010-11,Girls,Michigan,Competitive Spirit Squads,336.0,7656.0
2010-11,Girls,Michigan,Cross Country,615.0,8114.0
2010-11,Girls,Minnesota,Basketball,457.0,11144.0
2010-11,Girls,Minnesota,Competitive Spirit Squads,,338.0
2010-11,Girls,Minnesota,Cross Country,338.0,4952.0
2010-11,Girls,Mississippi,Basketball,262.0,6938.0
2010-11,Girls,Mississippi,Bowling,51.0,350.0
2010-11,Girls,Mississippi,Competitive Spirit Squads,153.0,2751.0
2010-11,Girls,Mississippi,Cross Country,155.0,1401.0
2010-11,Girls,Missouri,Basketball,552.0,10317.0
2010-11,Girls,Missouri,Competitive Spirit Squads,,341.0
2010-11,Girls,Missouri,Cross Country,341.0,3590.0
2010-11,Girls,Montana,Basketball,175.0,3129.0
2010-11,Girls,Montana,Competitive Spirit Squads,,93.0
2010-11,Girls,Montana,Cross Country,93.0,908.0
2010-11,Girls,Nebraska,Basketball,309.0,6456.0
2010-11,Girls,Nebraska,Competitive Spirit Squads,,206.0
2010-11,Girls,Nebraska,Cross Country,206.0,2074.0
2010-11,Girls,Nevada,Basketball,100.0,2508.0
2010-11,Girls,Nevada,Bowling,33.0,260.0
2010-11,Girls,Nevada,Competitive Spirit Squads,,77.0
2010-11,Girls,Nevada,Cross Country,77.0,833.0
2010-11,Girls,New Hampshire,Basketball,87.0,2136.0
2010-11,Girls,New Hampshire,Bowling,12.0,42.0
2010-11,Girls,New Hampshire,Competitive Spirit Squads,57.0,1699.0
2010-11,Girls,New Hampshire,Cross Country,73.0,992.0
2010-11,Girls,New Jersey,Basketball,398.0,9434.0
2010-11,Girls,New Jersey,Bowling,210.0,1774.0
2010-11,Girls,New Jersey,Competitive Spirit Squads,,360.0
2010-11,Girls,New Jersey,Cross Country,360.0,4630.0
2010-11,Girls,New Mexico,Basketball,154.0,3773.0
2010-11,Girls,New Mexico,Bowling,25.0,224.0
2010-11,Girls,New Mexico,Competitive Spirit Squads,,110.0
2010-11,Girls,New Mexico,Cross Country,110.0,1286.0
2010-11,Girls,New York,Basketball,730.0,18104.0
2010-11,Girls,New York,Bowling,345.0,3729.0
2010-11,Girls,New York,Competitive Spirit Squads,,585.0
2010-11,Girls,New York,Cross Country,585.0,7732.0
2010-11,Girls,North Carolina,Basketball,390.0,8157.0
2010-11,Girls,North Carolina,Bowling,,382.0
2010-11,Girls,North Carolina,Competitive Spirit Squads,382.0,366.0
2010-11,Girls,North Carolina,Cross Country,366.0,4627.0
2010-11,Girls,North Dakota,Basketball,165.0,2454.0
2010-11,Girls,North Dakota,Competitive Spirit Squads,,67.0
2010-11,Girls,North Dakota,Cross Country,67.0,504.0
2010-11,Girls,Ohio,Basketball,808.0,18247.0
2010-11,Girls,Ohio,Bowling,333.0,3208.0
2010-11,Girls,Ohio,Competitive Spirit Squads,145.0,2590.0
2010-11,Girls,Ohio,Cross Country,725.0,8947.0
2010-11,Girls,Oklahoma,Basketball,475.0,7125.0
2010-11,Girls,Oklahoma,Bowling,,180.0
2010-11,Girls,Oklahoma,Competitive Spirit Squads,180.0,3900.0
2010-11,Girls,Oklahoma,Cross Country,275.0,2800.0
2010-11,Girls,Oregon,Basketball,281.0,6216.0
2010-11,Girls,Oregon,Competitive Spirit Squads,,2645.0
2010-11,Girls,Oregon,Cross Country,217.0,2821.0
2010-11,Girls,Pennsylvania,Basketball,724.0,21720.0
2010-11,Girls,Pennsylvania,Bowling,152.0,1520.0
2010-11,Girls,Pennsylvania,Competitive Spirit Squads,,569.0
2010-11,Girls,Pennsylvania,Cross Country,569.0,11380.0
2010-11,Girls,Rhode Island,Basketball,50.0,1068.0
2010-11,Girls,Rhode Island,Bowling,,26.0
2010-11,Girls,Rhode Island,Competitive Spirit Squads,26.0,566.0
2010-11,Girls,Rhode Island,Cross Country,44.0,702.0
2010-11,Girls,South Carolina,Basketball,205.0,4859.0
2010-11,Girls,South Carolina,Bowling,2.0,8.0
2010-11,Girls,South Carolina,Competitive Spirit Squads,80.0,2748.0
2010-11,Girls,South Carolina,Cross Country,150.0,2018.0
2010-11,Girls,South Dakota,Basketball,175.0,2912.0
2010-11,Girls,South Dakota,Bowling,,36.0
2010-11,Girls,South Dakota,Competitive Spirit Squads,36.0,756.0
2010-11,Girls,South Dakota,Cross Country,139.0,714.0
2010-11,Girls,Tennessee,Basketball,345.0,6354.0
2010-11,Girls,Tennessee,Bowling,118.0,1224.0
2010-11,Girls,Tennessee,Competitive Spirit Squads,,269.0
2010-11,Girls,Tennessee,Cross Country,269.0,2828.0
2010-11,Girls,Texas,Basketball,1425.0,70442.0
2010-11,Girls,Texas,Competitive Spirit Squads,,1336.0
2010-11,Girls,Texas,Cross Country,1336.0,25705.0
2010-11,Girls,Utah,Basketball,126.0,3564.0
2010-11,Girls,Utah,Competitive Spirit Squads,,121.0
2010-11,Girls,Utah,Cross Country,121.0,1888.0
2010-11,Girls,Vermont,Basketball,43.0,1006.0
2010-11,Girls,Vermont,Bowling,2.0,7.0
2010-11,Girls,Vermont,Competitive Spirit Squads,15.0,245.0
2010-11,Girls,Vermont,Cross Country,39.0,503.0
2010-11,Girls,Virginia,Basketball,313.0,7775.0
2010-11,Girls,Virginia,Bowling,,213.0
2010-11,Girls,Virginia,Competitive Spirit Squads,213.0,4784.0
2010-11,Girls,Virginia,Cross Country,292.0,4693.0
2010-11,Girls,Washington,Basketball,384.0,9009.0
2010-11,Girls,Washington,Bowling,60.0,1152.0
2010-11,Girls,Washington,Competitive Spirit Squads,,265.0
2010-11,Girls,Washington,Cross Country,265.0,4405.0
2010-11,Girls,West Virginia,Basketball,128.0,2213.0
2010-11,Girls,West Virginia,Bowling,,128.0
2010-11,Girls,West Virginia,Competitive Spirit Squads,128.0,2112.0
2010-11,Girls,West Virginia,Cross Country,90.0,711.0
2010-11,Girls,Wisconsin,Basketball,478.0,12263.0
2010-11,Girls,Wisconsin,Competitive Spirit Squads,,387.0
2010-11,Girls,Wisconsin,Cross Country,387.0,6141.0
2010-11,Girls,Wyoming,Basketball,69.0,1544.0
2010-11,Girls,Wyoming,Bowling,,30.0
2010-11,Girls,Wyoming,Competitive Spirit Squads,30.0,526.0
2010-11,Girls,Wyoming,Cross Country,39.0,454.0
2010-11,Girls,Alabama,Football 11-player,,106.0
2010-11,Girls,Alabama,Golf,106.0,339.0
2010-11,Girls,Alaska,Football 11-player,5.0,25.0
2010-11,Girls,Alaska,Golf,,12.0
2010-11,Girls,Alaska,Gymnastics,12.0,113.0
2010-11,Girls,Arizona,Field Hockey,,24.0
2010-11,Girls,Arizona,Football 11-player,24.0,270.0
2010-11,Girls,Arizona,Golf,106.0,833.0
2010-11,Girls,Arkansas,Football 11-player,5.0,26.0
2010-11,Girls,Arkansas,Golf,178.0,738.0
2010-11,Girls,Arkansas,Gymnastics,11.0,109.0
2010-11,Girls,California,Field Hockey,93.0,3255.0
2010-11,Girls,California,Football 11-player,115.0,179.0
2010-11,Girls,California,Golf,646.0,7022.0
2010-11,Girls,California,Gymnastics,53.0,1074.0
2010-11,Girls,Colorado,Field Hockey,15.0,611.0
2010-11,Girls,Colorado,Football 11-player,,29.0
2010-11,Girls,Colorado,Golf,171.0,1477.0
2010-11,Girls,Colorado,Gymnastics,41.0,570.0
2010-11,Girls,Connecticut,Field Hockey,79.0,3330.0
2010-11,Girls,Connecticut,Football 11-player,,11.0
2010-11,Girls,Connecticut,Golf,43.0,566.0
2010-11,Girls,Connecticut,Gymnastics,56.0,423.0
2010-11,Girls,Delaware,Field Hockey,46.0,1455.0
2010-11,Girls,Delaware,Football 11-player,,26.0
2010-11,Girls,Delaware,Golf,26.0,63.0
2010-11,Girls,Florida,Football 11-player,,21.0
2010-11,Girls,Florida,Golf,372.0,2248.0
2010-11,Girls,Georgia,Field Hockey,,14.0
2010-11,Girls,Georgia,Football 11-player,14.0,56.0
2010-11,Girls,Georgia,Golf,333.0,1670.0
2010-11,Girls,Georgia,Gymnastics,41.0,370.0
2010-11,Girls,Hawaii,Football 11-player,8.0,19.0
2010-11,Girls,Hawaii,Golf,45.0,184.0
2010-11,Girls,Idaho,Football 11-player,9.0,9.0
2010-11,Girls,Idaho,Golf,81.0,480.0
2010-11,Girls,Illinois,Football 11-player,,391.0
2010-11,Girls,Illinois,Golf,391.0,3936.0
2010-11,Girls,Illinois,Gymnastics,76.0,2031.0
2010-11,Girls,Indiana,Football 11-player,,288.0
2010-11,Girls,Indiana,Golf,288.0,2539.0
2010-11,Girls,Indiana,Gymnastics,80.0,823.0
2010-11,Girls,Iowa,Field Hockey,,19.0
2010-11,Girls,Iowa,Football 11-player,19.0,194.0
2010-11,Girls,Iowa,Golf,335.0,4093.0
2010-11,Girls,Kansas,Football 11-player,6.0,15.0
2010-11,Girls,Kansas,Golf,144.0,1261.0
2010-11,Girls,Kansas,Gymnastics,11.0,144.0
2010-11,Girls,Kentucky,Field Hockey,21.0,658.0
2010-11,Girls,Kentucky,Football 11-player,6.0,10.0
2010-11,Girls,Kentucky,Golf,196.0,1287.0
2010-11,Girls,Kentucky,Gymnastics,6.0,84.0
2010-11,Girls,Louisiana,Football 11-player,,194.0
2010-11,Girls,Louisiana,Golf,194.0,345.0
2010-11,Girls,Louisiana,Gymnastics,32.0,112.0
2010-11,Girls,Maine,Field Hockey,82.0,2461.0
2010-11,Girls,Maine,Football 11-player,5.0,7.0
2010-11,Girls,Maine,Golf,51.0,113.0
2010-11,Girls,Maine,Gymnastics,1.0,13.0
2010-11,Girls,Maryland,Field Hockey,127.0,4072.0
2010-11,Girls,Maryland,Football 11-player,,13.0
2010-11,Girls,Maryland,Golf,51.0,259.0
2010-11,Girls,Maryland,Gymnastics,26.0,182.0
2010-11,Girls,Massachusetts,Field Hockey,212.0,8040.0
2010-11,Girls,Massachusetts,Football 11-player,,16.0
2010-11,Girls,Massachusetts,Golf,26.0,482.0
2010-11,Girls,Massachusetts,Gymnastics,96.0,1342.0
2010-11,Girls,Michigan,Field Hockey,21.0,749.0
2010-11,Girls,Michigan,Football 11-player,,332.0
2010-11,Girls,Michigan,Golf,332.0,3410.0
2010-11,Girls,Michigan,Gymnastics,61.0,633.0
2010-11,Girls,Minnesota,Football 11-player,,359.0
2010-11,Girls,Minnesota,Golf,359.0,4188.0
2010-11,Girls,Minnesota,Gymnastics,181.0,2372.0
2010-11,Girls,Mississippi,Football 11-player,,81.0
2010-11,Girls,Mississippi,Golf,81.0,426.0
2010-11,Girls,Missouri,Field Hockey,29.0,898.0
2010-11,Girls,Missouri,Football 11-player,,173.0
2010-11,Girls,Missouri,Golf,173.0,1501.0
2010-11,Girls,Missouri,Gymnastics,3.0,17.0
2010-11,Girls,Montana,Football 11-player,,3.0
2010-11,Girls,Montana,Golf,91.0,549.0
2010-11,Girls,Nebraska,Football 11-player,,8.0
2010-11,Girls,Nebraska,Golf,137.0,1305.0
2010-11,Girls,Nevada,Football 11-player,,70.0
2010-11,Girls,Nevada,Golf,70.0,452.0
2010-11,Girls,New Hampshire,Field Hockey,56.0,1923.0
2010-11,Girls,New Hampshire,Football 11-player,,8.0
2010-11,Girls,New Hampshire,Golf,37.0,55.0
2010-11,Girls,New Hampshire,Gymnastics,30.0,186.0
2010-11,Girls,New Jersey,Field Hockey,220.0,7835.0
2010-11,Girls,New Jersey,Football 11-player,,3.0
2010-11,Girls,New Jersey,Golf,204.0,1313.0
2010-11,Girls,New Jersey,Gymnastics,73.0,975.0
2010-11,Girls,New Mexico,Football 11-player,,92.0
2010-11,Girls,New Mexico,Golf,92.0,568.0
2010-11,Girls,New York,Field Hockey,230.0,7960.0
2010-11,Girls,New York,Football 11-player,,165.0
2010-11,Girls,New York,Golf,165.0,1645.0
2010-11,Girls,New York,Gymnastics,118.0,1687.0
2010-11,Girls,North Carolina,Field Hockey,52.0,1040.0
2010-11,Girls,North Carolina,Football 11-player,,270.0
2010-11,Girls,North Carolina,Golf,270.0,1220.0
2010-11,Girls,North Carolina,Gymnastics,27.0,186.0
2010-11,Girls,North Dakota,Football 11-player,4.0,15.0
2010-11,Girls,North Dakota,Golf,99.0,546.0
2010-11,Girls,North Dakota,Gymnastics,14.0,75.0
2010-11,Girls,Ohio,Field Hockey,48.0,1186.0
2010-11,Girls,Ohio,Football 11-player,15.0,79.0
2010-11,Girls,Ohio,Golf,554.0,3319.0
2010-11,Girls,Ohio,Gymnastics,155.0,1098.0
2010-11,Girls,Oklahoma,Football 11-player,,218.0
2010-11,Girls,Oklahoma,Golf,218.0,1265.0
2010-11,Girls,Oregon,Football 11-player,,169.0
2010-11,Girls,Oregon,Golf,169.0,950.0
2010-11,Girls,Pennsylvania,Field Hockey,295.0,
2010-11,Girls,Pennsylvania,Football 11-player,,328.0
2010-11,Girls,Pennsylvania,Golf,328.0,3280.0
2010-11,Girls,Pennsylvania,Gymnastics,24.0,240.0
2010-11,Girls,Rhode Island,Field Hockey,21.0,590.0
2010-11,Girls,Rhode Island,Football 11-player,,5.0
2010-11,Girls,Rhode Island,Golf,1.0,65.0
2010-11,Girls,Rhode Island,Gymnastics,13.0,189.0
2010-11,Girls,South Carolina,Football 11-player,,91.0
2010-11,Girls,South Carolina,Golf,91.0,628.0
2010-11,Girls,South Dakota,Football 11-player,2.0,15.0
2010-11,Girls,South Dakota,Golf,130.0,774.0
2010-11,Girls,South Dakota,Gymnastics,29.0,268.0
2010-11,Girls,Tennessee,Football 11-player,,256.0
2010-11,Girls,Tennessee,Golf,256.0,938.0
2010-11,Girls,Texas,Football 11-player,,316.0
2010-11,Girls,Texas,Golf,1265.0,7830.0
2010-11,Girls,Utah,Football 11-player,,95.0
2010-11,Girls,Utah,Golf,95.0,946.0
2010-11,Girls,Vermont,Field Hockey,26.0,962.0
2010-11,Girls,Vermont,Football 11-player,4.0,5.0
2010-11,Girls,Vermont,Golf,29.0,131.0
2010-11,Girls,Vermont,Gymnastics,10.0,120.0
2010-11,Girls,Virginia,Field Hockey,135.0,4646.0
2010-11,Girls,Virginia,Football 11-player,,22.0
2010-11,Girls,Virginia,Golf,151.0,307.0
2010-11,Girls,Virginia,Gymnastics,73.0,801.0
2010-11,Girls,Washington,Football 11-player,,16.0
2010-11,Girls,Washington,Golf,239.0,2327.0
2010-11,Girls,Washington,Gymnastics,73.0,1888.0
2010-11,Girls,Wisconsin,Football 11-player,,148.0
2010-11,Girls,Wisconsin,Golf,148.0,1647.0
2010-11,Girls,Wisconsin,Gymnastics,80.0,1594.0
2010-11,Girls,Wyoming,Football 11-player,,38.0
2010-11,Girls,Wyoming,Golf,38.0,223.0
2010-11,Girls,Alaska,Ice Hockey,21.0,156.0
2010-11,Girls,Alaska,Skiing Alpine,,26.0
2010-11,Girls,Alaska,Skiing Cross Country,26.0,535.0
2010-11,Girls,California,Ice Hockey,,159.0
2010-11,Girls,California,Lacrosse,159.0,5108.0
2010-11,Girls,California,Skiing Alpine,23.0,273.0
2010-11,Girls,California,Skiing Cross Country,3.0,114.0
2010-11,Girls,Colorado,Ice Hockey,,4.0
2010-11,Girls,Colorado,Lacrosse,49.0,1720.0
2010-11,Girls,Colorado,Skiing Alpine,14.0,135.0
2010-11,Girls,Colorado,Skiing Cross Country,14.0,79.0
2010-11,Girls,Connecticut,Ice Hockey,,5.0
2010-11,Girls,Connecticut,Lacrosse,80.0,3536.0
2010-11,Girls,Delaware,Ice Hockey,,29.0
2010-11,Girls,Delaware,Lacrosse,29.0,973.0
2010-11,Girls,Delaware,Skiing Alpine,7.0,97.0
2010-11,Girls,Florida,Ice Hockey,,91.0
2010-11,Girls,Florida,Lacrosse,91.0,2880.0
2010-11,Girls,Georgia,Ice Hockey,,58.0
2010-11,Girls,Georgia,Lacrosse,58.0,1944.0
2010-11,Girls,Illinois,Ice Hockey,,34.0
2010-11,Girls,Illinois,Lacrosse,34.0,456.0
2010-11,Girls,Kentucky,Ice Hockey,7.0,142.0
2010-11,Girls,Kentucky,Lacrosse,12.0,518.0
2010-11,Girls,Kentucky,Skiing Cross Country,2.0,5.0
2010-11,Girls,Maine,Ice Hockey,43.0,398.0
2010-11,Girls,Maine,Lacrosse,46.0,1530.0
2010-11,Girls,Maine,Skiing Alpine,42.0,247.0
2010-11,Girls,Maine,Skiing Cross Country,40.0,342.0
2010-11,Girls,Maryland,Ice Hockey,,148.0
2010-11,Girls,Maryland,Lacrosse,148.0,5264.0
2010-11,Girls,Massachusetts,Ice Hockey,109.0,1884.0
2010-11,Girls,Massachusetts,Lacrosse,161.0,6581.0
2010-11,Girls,Massachusetts,Skiing Alpine,71.0,899.0
2010-11,Girls,Massachusetts,Skiing Cross Country,21.0,341.0
2010-11,Girls,Michigan,Ice Hockey,21.0,252.0
2010-11,Girls,Michigan,Lacrosse,79.0,2444.0
2010-11,Girls,Michigan,Skiing Alpine,91.0,684.0
2010-11,Girls,Michigan,Skiing Cross Country,5.0,52.0
2010-11,Girls,Minnesota,Ice Hockey,243.0,3672.0
2010-11,Girls,Minnesota,Lacrosse,76.0,3032.0
2010-11,Girls,Minnesota,Skiing Alpine,114.0,773.0
2010-11,Girls,Minnesota,Skiing Cross Country,113.0,2084.0
2010-11,Girls,Missouri,Ice Hockey,,28.0
2010-11,Girls,Missouri,Lacrosse,28.0,1160.0
2010-11,Girls,Nevada,Lacrosse,,18.0
2010-11,Girls,Nevada,Skiing Alpine,18.0,188.0
2010-11,Girls,New Hampshire,Ice Hockey,9.0,200.0
2010-11,Girls,New Hampshire,Lacrosse,40.0,1524.0
2010-11,Girls,New Hampshire,Skiing Alpine,55.0,466.0
2010-11,Girls,New Hampshire,Skiing Cross Country,31.0,333.0
2010-11,Girls,New Jersey,Ice Hockey,13.0,58.0
2010-11,Girls,New Jersey,Lacrosse,176.0,7420.0
2010-11,Girls,New Jersey,Skiing Alpine,,14.0
2010-11,Girls,New Jersey,Skiing Cross Country,14.0,104.0
2010-11,Girls,New York,Ice Hockey,23.0,440.0
2010-11,Girls,New York,Lacrosse,291.0,12523.0
2010-11,Girls,New York,Skiing Alpine,86.0,773.0
2010-11,Girls,New York,Skiing Cross Country,32.0,405.0
2010-11,Girls,North Carolina,Ice Hockey,,58.0
2010-11,Girls,North Carolina,Lacrosse,58.0,3630.0
2010-11,Girls,North Dakota,Ice Hockey,17.0,237.0
2010-11,Girls,Ohio,Ice Hockey,12.0,28.0
2010-11,Girls,Ohio,Lacrosse,74.0,2606.0
2010-11,Girls,Pennsylvania,Ice Hockey,,168.0
2010-11,Girls,Pennsylvania,Lacrosse,168.0,5376.0
2010-11,Girls,Rhode Island,Ice Hockey,8.0,180.0
2010-11,Girls,Rhode Island,Lacrosse,25.0,909.0
2010-11,Girls,South Carolina,Ice Hockey,,23.0
2010-11,Girls,South Carolina,Lacrosse,23.0,634.0
2010-11,Girls,Vermont,Ice Hockey,19.0,299.0
2010-11,Girls,Vermont,Lacrosse,22.0,646.0
2010-11,Girls,Vermont,Skiing Alpine,15.0,115.0
2010-11,Girls,Vermont,Skiing Cross Country,20.0,266.0
2010-11,Girls,Virginia,Ice Hockey,,71.0
2010-11,Girls,Virginia,Lacrosse,71.0,2496.0
2010-11,Girls,Wisconsin,Ice Hockey,33.0,1067.0
2010-11,Girls,Wyoming,Lacrosse,,6.0
2010-11,Girls,Wyoming,Skiing Alpine,6.0,63.0
2010-11,Girls,Wyoming,Skiing Cross Country,7.0,137.0
2010-11,Girls,Alabama,Soccer,148.0,3408.0
2010-11,Girls,Alabama,Softball Slow Pitch,,390.0
2010-11,Girls,Alabama,Softball Fast Pitch,390.0,6420.0
2010-11,Girls,Alabama,Swimming and Diving,57.0,316.0
2010-11,Girls,Alaska,Soccer,35.0,921.0
2010-11,Girls,Alaska,Softball Slow Pitch,,29.0
2010-11,Girls,Alaska,Softball Fast Pitch,29.0,709.0
2010-11,Girls,Alaska,Swimming and Diving,33.0,508.0
2010-11,Girls,Arizona,Soccer,160.0,5803.0
2010-11,Girls,Arizona,Softball Slow Pitch,,227.0
2010-11,Girls,Arizona,Softball Fast Pitch,227.0,6532.0
2010-11,Girls,Arizona,Swimming and Diving,122.0,3041.0
2010-11,Girls,Arkansas,Soccer,86.0,1764.0
2010-11,Girls,Arkansas,Softball Slow Pitch,,243.0
2010-11,Girls,Arkansas,Softball Fast Pitch,243.0,4214.0
2010-11,Girls,Arkansas,Swimming and Diving,38.0,339.0
2010-11,Girls,California,Soccer,1214.0,42720.0
2010-11,Girls,California,Softball Slow Pitch,,1213.0
2010-11,Girls,California,Softball Fast Pitch,1213.0,32816.0
2010-11,Girls,California,Swimming and Diving,827.0,27983.0
2010-11,Girls,Colorado,Soccer,203.0,7217.0
2010-11,Girls,Colorado,Softball Slow Pitch,,163.0
2010-11,Girls,Colorado,Softball Fast Pitch,163.0,3950.0
2010-11,Girls,Colorado,Swimming and Diving,132.0,4074.0
2010-11,Girls,Connecticut,Soccer,157.0,5599.0
2010-11,Girls,Connecticut,Softball Slow Pitch,,174.0
2010-11,Girls,Connecticut,Softball Fast Pitch,174.0,4499.0
2010-11,Girls,Connecticut,Swimming and Diving,94.0,2777.0
2010-11,Girls,Delaware,Soccer,50.0,1581.0
2010-11,Girls,Delaware,Softball Slow Pitch,,44.0
2010-11,Girls,Delaware,Softball Fast Pitch,44.0,1096.0
2010-11,Girls,Delaware,Swimming and Diving,36.0,768.0
2010-11,Girls,Florida,Soccer,514.0,14410.0
2010-11,Girls,Florida,Softball Slow Pitch,,554.0
2010-11,Girls,Florida,Softball Fast Pitch,554.0,12906.0
2010-11,Girls,Florida,Swimming and Diving,415.0,7402.0
2010-11,Girls,Georgia,Soccer,338.0,9122.0
2010-11,Girls,Georgia,Softball Slow Pitch,9.0,195.0
2010-11,Girls,Georgia,Softball Fast Pitch,380.0,7796.0
2010-11,Girls,Georgia,Swimming and Diving,215.0,3716.0
2010-11,Girls,Hawaii,Soccer,54.0,1718.0
2010-11,Girls,Hawaii,Softball Slow Pitch,,55.0
2010-11,Girls,Hawaii,Softball Fast Pitch,55.0,699.0
2010-11,Girls,Hawaii,Swimming and Diving,60.0,712.0
2010-11,Girls,Idaho,Soccer,69.0,1946.0
2010-11,Girls,Idaho,Softball Slow Pitch,,96.0
2010-11,Girls,Idaho,Softball Fast Pitch,96.0,2024.0
2010-11,Girls,Illinois,Soccer,388.0,16285.0
2010-11,Girls,Illinois,Softball Slow Pitch,,629.0
2010-11,Girls,Illinois,Softball Fast Pitch,629.0,17079.0
2010-11,Girls,Illinois,Swimming and Diving,249.0,7333.0
2010-11,Girls,Indiana,Soccer,249.0,6497.0
2010-11,Girls,Indiana,Softball Slow Pitch,,376.0
2010-11,Girls,Indiana,Softball Fast Pitch,376.0,8951.0
2010-11,Girls,Indiana,Swimming and Diving,239.0,4679.0
2010-11,Girls,Iowa,Soccer,133.0,5081.0
2010-11,Girls,Iowa,Softball Slow Pitch,,361.0
2010-11,Girls,Iowa,Softball Fast Pitch,361.0,8355.0
2010-11,Girls,Iowa,Swimming and Diving,56.0,1561.0
2010-11,Girls,Kansas,Soccer,98.0,3257.0
2010-11,Girls,Kansas,Softball Slow Pitch,,223.0
2010-11,Girls,Kansas,Softball Fast Pitch,223.0,4879.0
2010-11,Girls,Kansas,Swimming and Diving,74.0,1853.0
2010-11,Girls,Kentucky,Soccer,188.0,4997.0
2010-11,Girls,Kentucky,Softball Slow Pitch,10.0,292.0
2010-11,Girls,Kentucky,Softball Fast Pitch,250.0,6120.0
2010-11,Girls,Kentucky,Swimming and Diving,131.0,1870.0
2010-11,Girls,Louisiana,Soccer,141.0,3641.0
2010-11,Girls,Louisiana,Softball Slow Pitch,,331.0
2010-11,Girls,Louisiana,Softball Fast Pitch,331.0,6532.0
2010-11,Girls,Louisiana,Swimming and Diving,128.0,1362.0
2010-11,Girls,Maine,Soccer,138.0,4054.0
2010-11,Girls,Maine,Softball Slow Pitch,,128.0
2010-11,Girls,Maine,Softball Fast Pitch,128.0,2891.0
2010-11,Girls,Maine,Swimming and Diving,60.0,1047.0
2010-11,Girls,Maryland,Soccer,176.0,5863.0
2010-11,Girls,Maryland,Softball Slow Pitch,,190.0
2010-11,Girls,Maryland,Softball Fast Pitch,190.0,4865.0
2010-11,Girls,Maryland,Swimming and Diving,107.0,2040.0
2010-11,Girls,Massachusetts,Soccer,333.0,12923.0
2010-11,Girls,Massachusetts,Softball Slow Pitch,,352.0
2010-11,Girls,Massachusetts,Softball Fast Pitch,352.0,10286.0
2010-11,Girls,Massachusetts,Swimming and Diving,201.0,4134.0
2010-11,Girls,Michigan,Soccer,463.0,13649.0
2010-11,Girls,Michigan,Softball Slow Pitch,,621.0
2010-11,Girls,Michigan,Softball Fast Pitch,621.0,15166.0
2010-11,Girls,Michigan,Swimming and Diving,268.0,6079.0
2010-11,Girls,Minnesota,Soccer,219.0,8117.0
2010-11,Girls,Minnesota,Softball Slow Pitch,,418.0
2010-11,Girls,Minnesota,Softball Fast Pitch,418.0,11500.0
2010-11,Girls,Minnesota,Swimming and Diving,194.0,5176.0
2010-11,Girls,Mississippi,Soccer,125.0,2403.0
2010-11,Girls,Mississippi,Softball Slow Pitch,201.0,6182.0
2010-11,Girls,Mississippi,Softball Fast Pitch,202.0,4715.0
2010-11,Girls,Mississippi,Swimming and Diving,48.0,1773.0
2010-11,Girls,Missouri,Soccer,221.0,7711.0
2010-11,Girls,Missouri,Softball Slow Pitch,,527.0
2010-11,Girls,Missouri,Softball Fast Pitch,527.0,9578.0
2010-11,Girls,Missouri,Swimming and Diving,120.0,2886.0
2010-11,Girls,Montana,Soccer,29.0,840.0
2010-11,Girls,Montana,Softball Slow Pitch,,66.0
2010-11,Girls,Montana,Softball Fast Pitch,66.0,1180.0
2010-11,Girls,Montana,Swimming and Diving,18.0,265.0
2010-11,Girls,Nebraska,Soccer,75.0,2422.0
2010-11,Girls,Nebraska,Softball Slow Pitch,,125.0
2010-11,Girls,Nebraska,Softball Fast Pitch,125.0,2415.0
2010-11,Girls,Nebraska,Swimming and Diving,57.0,1047.0
2010-11,Girls,Nevada,Soccer,65.0,2331.0
2010-11,Girls,Nevada,Softball Slow Pitch,,86.0
2010-11,Girls,Nevada,Softball Fast Pitch,86.0,2056.0
2010-11,Girls,Nevada,Swimming and Diving,56.0,1169.0
2010-11,Girls,New Hampshire,Soccer,81.0,2611.0
2010-11,Girls,New Hampshire,Softball Slow Pitch,,85.0
2010-11,Girls,New Hampshire,Softball Fast Pitch,85.0,2203.0
2010-11,Girls,New Hampshire,Swimming and Diving,50.0,754.0
2010-11,Girls,New Jersey,Soccer,353.0,13320.0
2010-11,Girls,New Jersey,Softball Slow Pitch,,390.0
2010-11,Girls,New Jersey,Softball Fast Pitch,390.0,12524.0
2010-11,Girls,New Jersey,Swimming and Diving,246.0,5930.0
2010-11,Girls,New Mexico,Soccer,72.0,2185.0
2010-11,Girls,New Mexico,Softball Slow Pitch,,96.0
2010-11,Girls,New Mexico,Softball Fast Pitch,96.0,2258.0
2010-11,Girls,New Mexico,Swimming and Diving,46.0,678.0
2010-11,Girls,New York,Soccer,690.0,23947.0
2010-11,Girls,New York,Softball Slow Pitch,,718.0
2010-11,Girls,New York,Softball Fast Pitch,718.0,19210.0
2010-11,Girls,New York,Swimming and Diving,331.0,7688.0
2010-11,Girls,North Carolina,Soccer,346.0,13554.0
2010-11,Girls,North Carolina,Softball Slow Pitch,,379.0
2010-11,Girls,North Carolina,Softball Fast Pitch,379.0,9070.0
2010-11,Girls,North Carolina,Swimming and Diving,285.0,4474.0
2010-11,Girls,North Dakota,Soccer,18.0,588.0
2010-11,Girls,North Dakota,Softball Slow Pitch,,40.0
2010-11,Girls,North Dakota,Softball Fast Pitch,40.0,503.0
2010-11,Girls,North Dakota,Swimming and Diving,19.0,300.0
2010-11,Girls,Ohio,Soccer,539.0,14617.0
2010-11,Girls,Ohio,Softball Slow Pitch,11.0,294.0
2010-11,Girls,Ohio,Softball Fast Pitch,789.0,17372.0
2010-11,Girls,Ohio,Swimming and Diving,431.0,7069.0
2010-11,Girls,Oklahoma,Soccer,114.0,2500.0
2010-11,Girls,Oklahoma,Softball Slow Pitch,300.0,6560.0
2010-11,Girls,Oklahoma,Softball Fast Pitch,450.0,10450.0
2010-11,Girls,Oklahoma,Swimming and Diving,43.0,500.0
2010-11,Girls,Oregon,Soccer,166.0,5121.0
2010-11,Girls,Oregon,Softball Slow Pitch,,225.0
2010-11,Girls,Oregon,Softball Fast Pitch,225.0,4240.0
2010-11,Girls,Oregon,Swimming and Diving,127.0,2384.0
2010-11,Girls,Pennsylvania,Soccer,537.0,18795.0
2010-11,Girls,Pennsylvania,Softball Slow Pitch,,662.0
2010-11,Girls,Pennsylvania,Softball Fast Pitch,662.0,19860.0
2010-11,Girls,Pennsylvania,Swimming and Diving,332.0,9960.0
2010-11,Girls,Rhode Island,Soccer,47.0,1512.0
2010-11,Girls,Rhode Island,Softball Slow Pitch,,48.0
2010-11,Girls,Rhode Island,Softball Fast Pitch,48.0,1068.0
2010-11,Girls,Rhode Island,Swimming and Diving,27.0,633.0
2010-11,Girls,South Carolina,Soccer,147.0,4377.0
2010-11,Girls,South Carolina,Softball Slow Pitch,,196.0
2010-11,Girls,South Carolina,Softball Fast Pitch,196.0,4885.0
2010-11,Girls,South Carolina,Swimming and Diving,77.0,1245.0
2010-11,Girls,Tennessee,Soccer,251.0,6116.0
2010-11,Girls,Tennessee,Softball Slow Pitch,,333.0
2010-11,Girls,Tennessee,Softball Fast Pitch,333.0,6079.0
2010-11,Girls,Texas,Soccer,594.0,22123.0
2010-11,Girls,Texas,Softball Slow Pitch,,1159.0
2010-11,Girls,Texas,Softball Fast Pitch,1159.0,31468.0
2010-11,Girls,Texas,Swimming and Diving,492.0,8468.0
2010-11,Girls,Utah,Soccer,98.0,2902.0
2010-11,Girls,Utah,Softball Slow Pitch,,93.0
2010-11,Girls,Utah,Softball Fast Pitch,93.0,2162.0
2010-11,Girls,Utah,Swimming and Diving,77.0,1574.0
2010-11,Girls,Vermont,Soccer,47.0,1577.0
2010-11,Girls,Vermont,Softball Slow Pitch,1.0,15.0
2010-11,Girls,Vermont,Softball Fast Pitch,43.0,1021.0
2010-11,Girls,Virginia,Soccer,254.0,8563.0
2010-11,Girls,Virginia,Softball Slow Pitch,,302.0
2010-11,Girls,Virginia,Softball Fast Pitch,302.0,7891.0
2010-11,Girls,Virginia,Swimming and Diving,182.0,4008.0
2010-11,Girls,Washington,Soccer,275.0,9421.0
2010-11,Girls,Washington,Softball Slow Pitch,,308.0
2010-11,Girls,Washington,Softball Fast Pitch,308.0,7462.0
2010-11,Girls,Washington,Swimming and Diving,153.0,4339.0
2010-11,Girls,West Virginia,Soccer,70.0,1582.0
2010-11,Girls,West Virginia,Softball Slow Pitch,,124.0
2010-11,Girls,West Virginia,Softball Fast Pitch,124.0,2382.0
2010-11,Girls,West Virginia,Swimming and Diving,45.0,662.0
2010-11,Girls,Wisconsin,Soccer,250.0,8938.0
2010-11,Girls,Wisconsin,Softball Slow Pitch,,432.0
2010-11,Girls,Wisconsin,Softball Fast Pitch,432.0,11040.0
2010-11,Girls,Wisconsin,Swimming and Diving,138.0,3725.0
2010-11,Girls,Wyoming,Soccer,24.0,807.0
2010-11,Girls,Wyoming,Softball Fast Pitch,,25.0
2010-11,Girls,Wyoming,Swimming and Diving,25.0,558.0
2010-11,Girls,Wyoming,Softball Slow Pitch,,63.0
2010-11,Girls,Alabama,Tennis,167.0,1701.0
2010-11,Girls,Alabama,Track and Field Indoor,,307.0
2010-11,Girls,Alabama,Track and Field Outdoor,307.0,4636.0
2010-11,Girls,Alabama,Volleyball,360.0,5578.0
2010-11,Girls,Alaska,Tennis,17.0,217.0
2010-11,Girls,Alaska,Track and Field Indoor,,50.0
2010-11,Girls,Alaska,Track and Field Outdoor,50.0,907.0
2010-11,Girls,Alaska,Volleyball,62.0,1471.0
2010-11,Girls,Arizona,Tennis,155.0,2392.0
2010-11,Girls,Arizona,Track and Field Indoor,,208.0
2010-11,Girls,Arizona,Track and Field Outdoor,208.0,6497.0
2010-11,Girls,Arizona,Volleyball,238.0,7276.0
2010-11,Girls,Arkansas,Tennis,118.0,1020.0
2010-11,Girls,Arkansas,Track and Field Indoor,42.0,631.0
2010-11,Girls,Arkansas,Track and Field Outdoor,240.0,3537.0
2010-11,Girls,Arkansas,Volleyball,139.0,2979.0
2010-11,Girls,California,Tennis,967.0,22460.0
2010-11,Girls,California,Track and Field Indoor,,1088.0
2010-11,Girls,California,Track and Field Outdoor,1088.0,44625.0
2010-11,Girls,California,Volleyball,1295.0,39122.0
2010-11,Girls,Colorado,Tennis,150.0,4821.0
2010-11,Girls,Colorado,Track and Field Indoor,,299.0
2010-11,Girls,Colorado,Track and Field Outdoor,299.0,6672.0
2010-11,Girls,Colorado,Volleyball,319.0,9328.0
2010-11,Girls,Connecticut,Tennis,140.0,3215.0
2010-11,Girls,Connecticut,Track and Field Indoor,148.0,4840.0
2010-11,Girls,Connecticut,Track and Field Outdoor,165.0,6584.0
2010-11,Girls,Connecticut,Volleyball,154.0,4436.0
2010-11,Girls,Delaware,Tennis,33.0,536.0
2010-11,Girls,Delaware,Track and Field Indoor,35.0,790.0
2010-11,Girls,Delaware,Track and Field Outdoor,44.0,1142.0
2010-11,Girls,Delaware,Volleyball,49.0,1401.0
2010-11,Girls,Florida,Tennis,479.0,4692.0
2010-11,Girls,Florida,Track and Field Indoor,,538.0
2010-11,Girls,Florida,Track and Field Outdoor,538.0,13232.0
2010-11,Girls,Florida,Volleyball,604.0,13070.0
2010-11,Girls,Georgia,Track and Field Indoor,,396.0
2010-11,Girls,Georgia,Track and Field Outdoor,396.0,9676.0
2010-11,Girls,Georgia,Volleyball,280.0,6613.0
2010-11,Girls,Hawaii,Tennis,63.0,902.0
2010-11,Girls,Hawaii,Track and Field Indoor,,62.0
2010-11,Girls,Hawaii,Track and Field Outdoor,62.0,1644.0
2010-11,Girls,Hawaii,Volleyball,68.0,1925.0
2010-11,Girls,Idaho,Tennis,54.0,1095.0
2010-11,Girls,Idaho,Track and Field Indoor,,144.0
2010-11,Girls,Idaho,Track and Field Outdoor,144.0,3146.0
2010-11,Girls,Idaho,Volleyball,141.0,3516.0
2010-11,Girls,Illinois,Tennis,317.0,8314.0
2010-11,Girls,Illinois,Track and Field Indoor,,589.0
2010-11,Girls,Illinois,Track and Field Outdoor,589.0,20265.0
2010-11,Girls,Illinois,Volleyball,685.0,22400.0
2010-11,Girls,Indiana,Tennis,311.0,6010.0
2010-11,Girls,Indiana,Track and Field Indoor,,388.0
2010-11,Girls,Indiana,Track and Field Outdoor,388.0,10080.0
2010-11,Girls,Indiana,Volleyball,397.0,10557.0
2010-11,Girls,Iowa,Tennis,116.0,3522.0
2010-11,Girls,Iowa,Track and Field Indoor,,372.0
2010-11,Girls,Iowa,Track and Field Outdoor,372.0,9430.0
2010-11,Girls,Iowa,Volleyball,381.0,12138.0
2010-11,Girls,Kansas,Tennis,138.0,2607.0
2010-11,Girls,Kansas,Track and Field Indoor,,331.0
2010-11,Girls,Kansas,Track and Field Outdoor,331.0,6985.0
2010-11,Girls,Kansas,Volleyball,344.0,8761.0
2010-11,Girls,Kentucky,Tennis,207.0,2763.0
2010-11,Girls,Kentucky,Track and Field Indoor,,235.0
2010-11,Girls,Kentucky,Track and Field Outdoor,235.0,4571.0
2010-11,Girls,Kentucky,Volleyball,236.0,5452.0
2010-11,Girls,Louisiana,Tennis,170.0,1791.0
2010-11,Girls,Louisiana,Track and Field Indoor,207.0,992.0
2010-11,Girls,Louisiana,Track and Field Outdoor,355.0,7420.0
2010-11,Girls,Louisiana,Volleyball,193.0,3887.0
2010-11,Girls,Maine,Tennis,,64.0
2010-11,Girls,Maine,Track and Field Indoor,64.0,1277.0
2010-11,Girls,Maine,Track and Field Outdoor,109.0,2456.0
2010-11,Girls,Maine,Volleyball,24.0,529.0
2010-11,Girls,Maryland,Tennis,180.0,2363.0
2010-11,Girls,Maryland,Track and Field Indoor,173.0,4396.0
2010-11,Girls,Maryland,Track and Field Outdoor,190.0,5772.0
2010-11,Girls,Maryland,Volleyball,186.0,4948.0
2010-11,Girls,Massachusetts,Tennis,278.0,4305.0
2010-11,Girls,Massachusetts,Track and Field Indoor,247.0,8827.0
2010-11,Girls,Massachusetts,Track and Field Outdoor,316.0,12374.0
2010-11,Girls,Massachusetts,Volleyball,277.0,7777.0
2010-11,Girls,Michigan,Tennis,357.0,10020.0
2010-11,Girls,Michigan,Track and Field Indoor,35.0,347.0
2010-11,Girls,Michigan,Track and Field Outdoor,661.0,17198.0
2010-11,Girls,Michigan,Volleyball,713.0,20260.0
2010-11,Girls,Minnesota,Tennis,225.0,6320.0
2010-11,Girls,Minnesota,Track and Field Indoor,,431.0
2010-11,Girls,Minnesota,Track and Field Outdoor,431.0,15283.0
2010-11,Girls,Minnesota,Volleyball,451.0,14910.0
2010-11,Girls,Mississippi,Tennis,164.0,1696.0
2010-11,Girls,Mississippi,Track and Field Indoor,17.0,493.0
2010-11,Girls,Mississippi,Track and Field Outdoor,237.0,4639.0
2010-11,Girls,Mississippi,Volleyball,82.0,2088.0
2010-11,Girls,Missouri,Tennis,183.0,3453.0
2010-11,Girls,Missouri,Track and Field Indoor,,479.0
2010-11,Girls,Missouri,Track and Field Outdoor,479.0,11492.0
2010-11,Girls,Missouri,Volleyball,426.0,9467.0
2010-11,Girls,Montana,Tennis,54.0,1163.0
2010-11,Girls,Montana,Track and Field Indoor,,168.0
2010-11,Girls,Montana,Track and Field Outdoor,168.0,2464.0
2010-11,Girls,Montana,Volleyball,172.0,3605.0
2010-11,Girls,Nebraska,Tennis,64.0,1480.0
2010-11,Girls,Nebraska,Track and Field Indoor,,307.0
2010-11,Girls,Nebraska,Track and Field Outdoor,307.0,7169.0
2010-11,Girls,Nebraska,Volleyball,308.0,7226.0
2010-11,Girls,Nevada,Tennis,55.0,830.0
2010-11,Girls,Nevada,Track and Field Indoor,,91.0
2010-11,Girls,Nevada,Track and Field Outdoor,91.0,2830.0
2010-11,Girls,Nevada,Volleyball,100.0,2899.0
2010-11,Girls,New Hampshire,Tennis,,56.0
2010-11,Girls,New Hampshire,Track and Field Indoor,56.0,1206.0
2010-11,Girls,New Hampshire,Track and Field Outdoor,77.0,2470.0
2010-11,Girls,New Hampshire,Volleyball,59.0,1639.0
2010-11,Girls,New Jersey,Tennis,339.0,6236.0
2010-11,Girls,New Jersey,Track and Field Indoor,292.0,8444.0
2010-11,Girls,New Jersey,Track and Field Outdoor,369.0,16230.0
2010-11,Girls,New Jersey,Volleyball,253.0,6506.0
2010-11,Girls,New Mexico,Tennis,146.0,830.0
2010-11,Girls,New Mexico,Track and Field Indoor,,161.0
2010-11,Girls,New Mexico,Track and Field Outdoor,161.0,3512.0
2010-11,Girls,New Mexico,Volleyball,149.0,3994.0
2010-11,Girls,New York,Tennis,457.0,9862.0
2010-11,Girls,New York,Track and Field Indoor,422.0,12175.0
2010-11,Girls,New York,Track and Field Outdoor,642.0,21193.0
2010-11,Girls,New York,Volleyball,628.0,16350.0
2010-11,Girls,North Carolina,Tennis,346.0,4480.0
2010-11,Girls,North Carolina,Track and Field Indoor,228.0,3128.0
2010-11,Girls,North Carolina,Track and Field Outdoor,373.0,10031.0
2010-11,Girls,North Carolina,Volleyball,387.0,8821.0
2010-11,Girls,North Dakota,Tennis,19.0,437.0
2010-11,Girls,North Dakota,Track and Field Indoor,,151.0
2010-11,Girls,North Dakota,Track and Field Outdoor,151.0,1697.0
2010-11,Girls,North Dakota,Volleyball,157.0,3249.0
2010-11,Girls,Ohio,Tennis,429.0,6410.0
2010-11,Girls,Ohio,Track and Field Indoor,157.0,2323.0
2010-11,Girls,Ohio,Track and Field Outdoor,795.0,21108.0
2010-11,Girls,Ohio,Volleyball,805.0,19002.0
2010-11,Girls,Oklahoma,Tennis,114.0,912.0
2010-11,Girls,Oklahoma,Track and Field Indoor,,369.0
2010-11,Girls,Oklahoma,Track and Field Outdoor,369.0,5800.0
2010-11,Girls,Oklahoma,Volleyball,121.0,2300.0
2010-11,Girls,Oregon,Tennis,129.0,2806.0
2010-11,Girls,Oregon,Track and Field Indoor,,269.0
2010-11,Girls,Oregon,Track and Field Outdoor,269.0,6931.0
2010-11,Girls,Oregon,Volleyball,281.0,6989.0
2010-11,Girls,Pennsylvania,Tennis,422.0,5064.0
2010-11,Girls,Pennsylvania,Track and Field Indoor,188.0,2820.0
2010-11,Girls,Pennsylvania,Track and Field Outdoor,610.0,24400.0
2010-11,Girls,Pennsylvania,Volleyball,589.0,10602.0
2010-11,Girls,Rhode Island,Tennis,43.0,828.0
2010-11,Girls,Rhode Island,Track and Field Indoor,35.0,1153.0
2010-11,Girls,Rhode Island,Track and Field Outdoor,40.0,1404.0
2010-11,Girls,Rhode Island,Volleyball,40.0,541.0
2010-11,Girls,South Carolina,Tennis,136.0,2010.0
2010-11,Girls,South Carolina,Track and Field Indoor,,196.0
2010-11,Girls,South Carolina,Track and Field Outdoor,196.0,5835.0
2010-11,Girls,South Carolina,Volleyball,197.0,4576.0
2010-11,Girls,South Dakota,Tennis,22.0,269.0
2010-11,Girls,South Dakota,Track and Field Indoor,,171.0
2010-11,Girls,South Dakota,Track and Field Outdoor,171.0,2701.0
2010-11,Girls,South Dakota,Volleyball,170.0,3776.0
2010-11,Girls,Tennessee,Tennis,244.0,2948.0
2010-11,Girls,Tennessee,Track and Field Indoor,,230.0
2010-11,Girls,Tennessee,Track and Field Outdoor,230.0,5677.0
2010-11,Girls,Tennessee,Volleyball,301.0,6001.0
2010-11,Girls,Texas,Tennis,1243.0,18570.0
2010-11,Girls,Texas,Track and Field Indoor,,1375.0
2010-11,Girls,Texas,Track and Field Outdoor,1375.0,64726.0
2010-11,Girls,Texas,Volleyball,1194.0,40973.0
2010-11,Girls,Utah,Tennis,89.0,1647.0
2010-11,Girls,Utah,Track and Field Indoor,,119.0
2010-11,Girls,Utah,Track and Field Outdoor,119.0,3470.0
2010-11,Girls,Utah,Volleyball,124.0,2302.0
2010-11,Girls,Vermont,Tennis,22.0,352.0
2010-11,Girls,Vermont,Track and Field Indoor,20.0,344.0
2010-11,Girls,Vermont,Track and Field Outdoor,38.0,881.0
2010-11,Girls,Vermont,Volleyball,2.0,24.0
2010-11,Girls,Virginia,Tennis,264.0,3647.0
2010-11,Girls,Virginia,Track and Field Indoor,200.0,5717.0
2010-11,Girls,Virginia,Track and Field Outdoor,306.0,9002.0
2010-11,Girls,Virginia,Volleyball,299.0,7719.0
2010-11,Girls,Washington,Tennis,246.0,7649.0
2010-11,Girls,Washington,Track and Field Indoor,,322.0
2010-11,Girls,Washington,Track and Field Outdoor,322.0,10031.0
2010-11,Girls,Washington,Volleyball,361.0,10283.0
2010-11,Girls,West Virginia,Tennis,79.0,960.0
2010-11,Girls,West Virginia,Track and Field Indoor,,112.0
2010-11,Girls,West Virginia,Track and Field Outdoor,112.0,2487.0
2010-11,Girls,West Virginia,Volleyball,122.0,2336.0
2010-11,Girls,Wisconsin,Tennis,207.0,6113.0
2010-11,Girls,Wisconsin,Track and Field Indoor,,426.0
2010-11,Girls,Wisconsin,Track and Field Outdoor,426.0,11624.0
2010-11,Girls,Wisconsin,Volleyball,476.0,15751.0
2010-11,Girls,Wyoming,Tennis,16.0,305.0
2010-11,Girls,Wyoming,Track and Field Indoor,21.0,421.0
2010-11,Girls,Wyoming,Track and Field Outdoor,69.0,1226.0
2010-11,Girls,Wyoming,Volleyball,68.0,1831.0
2011-12,Girls,Alabama,Basketball,405.0,6075.0
2011-12,Girls,Alabama,Competitive Spirit Squads,,184.0
2011-12,Girls,Alabama,Cross Country,184.0,1155.0
2011-12,Girls,Alaska,Basketball,126.0,1807.0
2011-12,Girls,Alaska,Bowling,8.0,61.0
2011-12,Girls,Alaska,Competitive Spirit Squads,53.0,686.0
2011-12,Girls,Alaska,Cross Country,111.0,789.0
2011-12,Girls,Arizona,Basketball,242.0,6459.0
2011-12,Girls,Arizona,Bowling,,188.0
2011-12,Girls,Arizona,Competitive Spirit Squads,188.0,5965.0
2011-12,Girls,Arizona,Cross Country,192.0,2731.0
2011-12,Girls,Arkansas,Basketball,287.0,4592.0
2011-12,Girls,Arkansas,Bowling,57.0,539.0
2011-12,Girls,Arkansas,Competitive Spirit Squads,68.0,1379.0
2011-12,Girls,Arkansas,Cross Country,102.0,956.0
2011-12,Girls,California,Basketball,1345.0,35134.0
2011-12,Girls,California,Bowling,10.0,147.0
2011-12,Girls,California,Competitive Spirit Squads,274.0,7585.0
2011-12,Girls,California,Cross Country,1171.0,23769.0
2011-12,Girls,Colorado,Basketball,333.0,7129.0
2011-12,Girls,Colorado,Bowling,,336.0
2011-12,Girls,Colorado,Competitive Spirit Squads,336.0,4750.0
2011-12,Girls,Colorado,Cross Country,231.0,3763.0
2011-12,Girls,Connecticut,Basketball,177.0,4028.0
2011-12,Girls,Connecticut,Bowling,,153.0
2011-12,Girls,Connecticut,Competitive Spirit Squads,153.0,2299.0
2011-12,Girls,Connecticut,Cross Country,171.0,2684.0
2011-12,Girls,Delaware,Basketball,50.0,1018.0
2011-12,Girls,Delaware,Bowling,,10.0
2011-12,Girls,Delaware,Competitive Spirit Squads,10.0,164.0
2011-12,Girls,Delaware,Cross Country,45.0,719.0
2011-12,Girls,Florida,Basketball,641.0,11080.0
2011-12,Girls,Florida,Bowling,154.0,1455.0
2011-12,Girls,Florida,Competitive Spirit Squads,249.0,6016.0
2011-12,Girls,Florida,Cross Country,551.0,6584.0
2011-12,Girls,Georgia,Basketball,425.0,9207.0
2011-12,Girls,Georgia,Bowling,,248.0
2011-12,Girls,Georgia,Competitive Spirit Squads,248.0,5385.0
2011-12,Girls,Georgia,Cross Country,392.0,5711.0
2011-12,Girls,Hawaii,Basketball,61.0,1257.0
2011-12,Girls,Hawaii,Bowling,57.0,504.0
2011-12,Girls,Hawaii,Competitive Spirit Squads,44.0,844.0
2011-12,Girls,Hawaii,Cross Country,73.0,997.0
2011-12,Girls,Idaho,Basketball,150.0,3348.0
2011-12,Girls,Idaho,Bowling,,78.0
2011-12,Girls,Idaho,Competitive Spirit Squads,78.0,1351.0
2011-12,Girls,Idaho,Cross Country,102.0,1285.0
2011-12,Girls,Illinois,Basketball,686.0,17767.0
2011-12,Girls,Illinois,Bowling,213.0,3221.0
2011-12,Girls,Illinois,Competitive Spirit Squads,299.0,8088.0
2011-12,Girls,Illinois,Cross Country,500.0,10762.0
2011-12,Girls,Indiana,Basketball,398.0,8567.0
2011-12,Girls,Indiana,Competitive Spirit Squads,,379.0
2011-12,Girls,Indiana,Cross Country,379.0,4328.0
2011-12,Girls,Iowa,Basketball,370.0,8400.0
2011-12,Girls,Iowa,Bowling,85.0,1202.0
2011-12,Girls,Iowa,Competitive Spirit Squads,,316.0
2011-12,Girls,Iowa,Cross Country,316.0,4476.0
2011-12,Girls,Kansas,Basketball,346.0,7090.0
2011-12,Girls,Kansas,Bowling,72.0,895.0
2011-12,Girls,Kansas,Competitive Spirit Squads,,236.0
2011-12,Girls,Kansas,Cross Country,236.0,2898.0
2011-12,Girls,Kentucky,Basketball,271.0,5511.0
2011-12,Girls,Kentucky,Bowling,71.0,647.0
2011-12,Girls,Kentucky,Competitive Spirit Squads,221.0,4221.0
2011-12,Girls,Kentucky,Cross Country,232.0,2570.0
2011-12,Girls,Louisiana,Basketball,364.0,5648.0
2011-12,Girls,Louisiana,Bowling,63.0,360.0
2011-12,Girls,Louisiana,Competitive Spirit Squads,,267.0
2011-12,Girls,Louisiana,Cross Country,267.0,2786.0
2011-12,Girls,Maine,Basketball,137.0,3000.0
2011-12,Girls,Maine,Bowling,5.0,42.0
2011-12,Girls,Maine,Competitive Spirit Squads,83.0,1609.0
2011-12,Girls,Maine,Cross Country,100.0,1012.0
2011-12,Girls,Maryland,Basketball,196.0,4665.0
2011-12,Girls,Maryland,Bowling,4.0,26.0
2011-12,Girls,Maryland,Competitive Spirit Squads,,184.0
2011-12,Girls,Maryland,Cross Country,184.0,2575.0
2011-12,Girls,Massachusetts,Basketball,360.0,10043.0
2011-12,Girls,Massachusetts,Competitive Spirit Squads,,320.0
2011-12,Girls,Massachusetts,Cross Country,320.0,5210.0
2011-12,Girls,Michigan,Basketball,693.0,17040.0
2011-12,Girls,Michigan,Bowling,325.0,2952.0
2011-12,Girls,Michigan,Competitive Spirit Squads,334.0,7480.0
2011-12,Girls,Michigan,Cross Country,605.0,8135.0
2011-12,Girls,Minnesota,Basketball,456.0,11630.0
2011-12,Girls,Minnesota,Competitive Spirit Squads,,339.0
2011-12,Girls,Minnesota,Cross Country,339.0,8137.0
2011-12,Girls,Mississippi,Basketball,262.0,6938.0
2011-12,Girls,Mississippi,Bowling,51.0,350.0
2011-12,Girls,Mississippi,Competitive Spirit Squads,153.0,2751.0
2011-12,Girls,Mississippi,Cross Country,155.0,1401.0
2011-12,Girls,Missouri,Basketball,549.0,10499.0
2011-12,Girls,Missouri,Competitive Spirit Squads,,354.0
2011-12,Girls,Missouri,Cross Country,354.0,4073.0
2011-12,Girls,Montana,Basketball,177.0,3157.0
2011-12,Girls,Montana,Competitive Spirit Squads,,101.0
2011-12,Girls,Montana,Cross Country,101.0,827.0
2011-12,Girls,Nebraska,Basketball,305.0,6358.0
2011-12,Girls,Nebraska,Competitive Spirit Squads,,208.0
2011-12,Girls,Nebraska,Cross Country,208.0,2037.0
2011-12,Girls,Nevada,Basketball,100.0,2463.0
2011-12,Girls,Nevada,Bowling,33.0,253.0
2011-12,Girls,Nevada,Competitive Spirit Squads,,77.0
2011-12,Girls,Nevada,Cross Country,77.0,843.0
2011-12,Girls,New Hampshire,Basketball,87.0,2132.0
2011-12,Girls,New Hampshire,Bowling,,50.0
2011-12,Girls,New Hampshire,Competitive Spirit Squads,58.0,1735.0
2011-12,Girls,New Hampshire,Cross Country,73.0,999.0
2011-12,Girls,New Jersey,Basketball,401.0,9504.0
2011-12,Girls,New Jersey,Bowling,211.0,1795.0
2011-12,Girls,New Jersey,Competitive Spirit Squads,,364.0
2011-12,Girls,New Jersey,Cross Country,364.0,5062.0
2011-12,Girls,New Mexico,Basketball,156.0,3325.0
2011-12,Girls,New Mexico,Bowling,25.0,149.0
2011-12,Girls,New Mexico,Competitive Spirit Squads,156.0,1442.0
2011-12,Girls,New Mexico,Cross Country,114.0,1304.0
2011-12,Girls,New York,Basketball,731.0,16997.0
2011-12,Girls,New York,Bowling,327.0,3445.0
2011-12,Girls,New York,Competitive Spirit Squads,430.0,567.0
2011-12,Girls,New York,Cross Country,567.0,7966.0
2011-12,Girls,North Carolina,Basketball,391.0,8568.0
2011-12,Girls,North Carolina,Bowling,,380.0
2011-12,Girls,North Carolina,Competitive Spirit Squads,380.0,364.0
2011-12,Girls,North Carolina,Cross Country,364.0,4589.0
2011-12,Girls,North Dakota,Basketball,163.0,2394.0
2011-12,Girls,North Dakota,Competitive Spirit Squads,,66.0
2011-12,Girls,North Dakota,Cross Country,66.0,528.0
2011-12,Girls,Ohio,Basketball,810.0,17596.0
2011-12,Girls,Ohio,Bowling,338.0,3315.0
2011-12,Girls,Ohio,Competitive Spirit Squads,133.0,2110.0
2011-12,Girls,Ohio,Cross Country,745.0,8979.0
2011-12,Girls,Oklahoma,Basketball,481.0,7215.0
2011-12,Girls,Oklahoma,Bowling,,200.0
2011-12,Girls,Oklahoma,Competitive Spirit Squads,200.0,4000.0
2011-12,Girls,Oklahoma,Cross Country,275.0,2800.0
2011-12,Girls,Oregon,Basketball,277.0,5965.0
2011-12,Girls,Oregon,Bowling,,152.0
2011-12,Girls,Oregon,Competitive Spirit Squads,152.0,2710.0
2011-12,Girls,Oregon,Cross Country,203.0,2678.0
2011-12,Girls,Pennsylvania,Basketball,721.0,21630.0
2011-12,Girls,Pennsylvania,Bowling,141.0,1410.0
2011-12,Girls,Pennsylvania,Competitive Spirit Squads,72.0,1080.0
2011-12,Girls,Pennsylvania,Cross Country,562.0,11220.0
2011-12,Girls,Rhode Island,Basketball,50.0,1073.0
2011-12,Girls,Rhode Island,Bowling,,26.0
2011-12,Girls,Rhode Island,Competitive Spirit Squads,26.0,532.0
2011-12,Girls,Rhode Island,Cross Country,44.0,686.0
2011-12,Girls,South Carolina,Basketball,205.0,4837.0
2011-12,Girls,South Carolina,Bowling,,80.0
2011-12,Girls,South Carolina,Competitive Spirit Squads,80.0,2745.0
2011-12,Girls,South Carolina,Cross Country,152.0,2111.0
2011-12,Girls,South Dakota,Basketball,170.0,2805.0
2011-12,Girls,South Dakota,Bowling,,37.0
2011-12,Girls,South Dakota,Competitive Spirit Squads,37.0,715.0
2011-12,Girls,South Dakota,Cross Country,126.0,707.0
2011-12,Girls,Tennessee,Basketball,375.0,6303.0
2011-12,Girls,Tennessee,Bowling,139.0,1492.0
2011-12,Girls,Tennessee,Competitive Spirit Squads,,291.0
2011-12,Girls,Tennessee,Cross Country,291.0,2912.0
2011-12,Girls,Texas,Basketball,1297.0,69873.0
2011-12,Girls,Texas,Competitive Spirit Squads,,1268.0
2011-12,Girls,Texas,Cross Country,1268.0,28096.0
2011-12,Girls,Utah,Basketball,129.0,2993.0
2011-12,Girls,Utah,Competitive Spirit Squads,,125.0
2011-12,Girls,Utah,Cross Country,125.0,1944.0
2011-12,Girls,Vermont,Basketball,37.0,875.0
2011-12,Girls,Vermont,Bowling,2.0,6.0
2011-12,Girls,Vermont,Competitive Spirit Squads,14.0,216.0
2011-12,Girls,Vermont,Cross Country,28.0,412.0
2011-12,Girls,Virginia,Basketball,309.0,7580.0
2011-12,Girls,Virginia,Bowling,,221.0
2011-12,Girls,Virginia,Competitive Spirit Squads,221.0,5074.0
2011-12,Girls,Virginia,Cross Country,292.0,4654.0
2011-12,Girls,Washington,Basketball,382.0,8940.0
2011-12,Girls,Washington,Bowling,60.0,1032.0
2011-12,Girls,Washington,Competitive Spirit Squads,,265.0
2011-12,Girls,Washington,Cross Country,265.0,4547.0
2011-12,Girls,West Virginia,Basketball,125.0,2013.0
2011-12,Girls,West Virginia,Bowling,,121.0
2011-12,Girls,West Virginia,Competitive Spirit Squads,121.0,2068.0
2011-12,Girls,West Virginia,Cross Country,91.0,690.0
2011-12,Girls,Wisconsin,Basketball,475.0,11549.0
2011-12,Girls,Wisconsin,Competitive Spirit Squads,,389.0
2011-12,Girls,Wisconsin,Cross Country,389.0,5715.0
2011-12,Girls,Wyoming,Basketball,69.0,1603.0
2011-12,Girls,Wyoming,Bowling,,31.0
2011-12,Girls,Wyoming,Competitive Spirit Squads,31.0,497.0
2011-12,Girls,Wyoming,Cross Country,42.0,385.0
2011-12,Girls,Alabama,Football 11-player,,105.0
2011-12,Girls,Alabama,Golf,105.0,337.0
2011-12,Girls,Alaska,Field Hockey,,34.0
2011-12,Girls,Alaska,Football 11-player,34.0,28.0
2011-12,Girls,Alaska,Golf,,12.0
2011-12,Girls,Alaska,Gymnastics,12.0,155.0
2011-12,Girls,Arizona,Field Hockey,,24.0
2011-12,Girls,Arizona,Football 11-player,24.0,270.0
2011-12,Girls,Arizona,Golf,136.0,867.0
2011-12,Girls,Arkansas,Football 11-player,3.0,12.0
2011-12,Girls,Arkansas,Golf,122.0,533.0
2011-12,Girls,Arkansas,Gymnastics,3.0,44.0
2011-12,Girls,California,Field Hockey,97.0,3349.0
2011-12,Girls,California,Football 11-player,123.0,276.0
2011-12,Girls,California,Golf,805.0,6919.0
2011-12,Girls,California,Gymnastics,59.0,1015.0
2011-12,Girls,Colorado,Field Hockey,14.0,573.0
2011-12,Girls,Colorado,Football 11-player,,117.0
2011-12,Girls,Colorado,Golf,171.0,1429.0
2011-12,Girls,Colorado,Gymnastics,37.0,552.0
2011-12,Girls,Connecticut,Field Hockey,79.0,3214.0
2011-12,Girls,Connecticut,Football 11-player,,18.0
2011-12,Girls,Connecticut,Golf,40.0,591.0
2011-12,Girls,Connecticut,Gymnastics,51.0,438.0
2011-12,Girls,Delaware,Field Hockey,46.0,1425.0
2011-12,Girls,Delaware,Football 11-player,,2.0
2011-12,Girls,Delaware,Golf,2.0,58.0
2011-12,Girls,Florida,Football 11-player,,36.0
2011-12,Girls,Florida,Golf,408.0,2384.0
2011-12,Girls,Georgia,Field Hockey,,14.0
2011-12,Girls,Georgia,Football 11-player,14.0,43.0
2011-12,Girls,Georgia,Golf,352.0,1756.0
2011-12,Girls,Georgia,Gymnastics,41.0,389.0
2011-12,Girls,Hawaii,Football 11-player,,45.0
2011-12,Girls,Hawaii,Golf,45.0,184.0
2011-12,Girls,Idaho,Football 11-player,3.0,3.0
2011-12,Girls,Idaho,Golf,78.0,472.0
2011-12,Girls,Illinois,Football 11-player,,391.0
2011-12,Girls,Illinois,Golf,391.0,3983.0
2011-12,Girls,Illinois,Gymnastics,83.0,2012.0
2011-12,Girls,Indiana,Football 11-player,,281.0
2011-12,Girls,Indiana,Golf,281.0,2476.0
2011-12,Girls,Indiana,Gymnastics,80.0,752.0
2011-12,Girls,Iowa,Field Hockey,,17.0
2011-12,Girls,Iowa,Football 11-player,17.0,88.0
2011-12,Girls,Iowa,Golf,335.0,3348.0
2011-12,Girls,Kansas,Football 11-player,,12.0
2011-12,Girls,Kansas,Golf,113.0,1110.0
2011-12,Girls,Kansas,Gymnastics,12.0,142.0
2011-12,Girls,Kentucky,Football 11-player,,14.0
2011-12,Girls,Kentucky,Golf,205.0,1344.0
2011-12,Girls,Louisiana,Football 11-player,,127.0
2011-12,Girls,Louisiana,Golf,127.0,263.0
2011-12,Girls,Louisiana,Gymnastics,39.0,109.0
2011-12,Girls,Maine,Field Hockey,82.0,2423.0
2011-12,Girls,Maine,Football 11-player,4.0,6.0
2011-12,Girls,Maine,Golf,60.0,96.0
2011-12,Girls,Maine,Gymnastics,1.0,16.0
2011-12,Girls,Maryland,Field Hockey,126.0,4055.0
2011-12,Girls,Maryland,Football 11-player,,17.0
2011-12,Girls,Maryland,Golf,117.0,248.0
2011-12,Girls,Maryland,Gymnastics,8.0,119.0
2011-12,Girls,Massachusetts,Field Hockey,215.0,7950.0
2011-12,Girls,Massachusetts,Football 11-player,,23.0
2011-12,Girls,Massachusetts,Golf,26.0,479.0
2011-12,Girls,Massachusetts,Gymnastics,97.0,1242.0
2011-12,Girls,Michigan,Field Hockey,25.0,835.0
2011-12,Girls,Michigan,Football 11-player,,107.0
2011-12,Girls,Michigan,Golf,340.0,3514.0
2011-12,Girls,Michigan,Gymnastics,64.0,702.0
2011-12,Girls,Minnesota,Football 11-player,,363.0
2011-12,Girls,Minnesota,Golf,363.0,4096.0
2011-12,Girls,Minnesota,Gymnastics,182.0,2381.0
2011-12,Girls,Mississippi,Football 11-player,,81.0
2011-12,Girls,Mississippi,Golf,81.0,426.0
2011-12,Girls,Missouri,Field Hockey,29.0,1127.0
2011-12,Girls,Missouri,Football 11-player,,173.0
2011-12,Girls,Missouri,Golf,173.0,1644.0
2011-12,Girls,Montana,Football 11-player,2.0,2.0
2011-12,Girls,Montana,Golf,97.0,610.0
2011-12,Girls,Nebraska,Football 11-player,,30.0
2011-12,Girls,Nebraska,Golf,132.0,1301.0
2011-12,Girls,Nevada,Football 11-player,,69.0
2011-12,Girls,Nevada,Golf,69.0,457.0
2011-12,Girls,New Hampshire,Field Hockey,56.0,1888.0
2011-12,Girls,New Hampshire,Football 11-player,,9.0
2011-12,Girls,New Hampshire,Golf,35.0,49.0
2011-12,Girls,New Hampshire,Gymnastics,29.0,198.0
2011-12,Girls,New Jersey,Field Hockey,223.0,7982.0
2011-12,Girls,New Jersey,Football 11-player,3.0,11.0
2011-12,Girls,New Jersey,Golf,197.0,1269.0
2011-12,Girls,New Jersey,Gymnastics,74.0,1000.0
2011-12,Girls,New Mexico,Field Hockey,,100.0
2011-12,Girls,New Mexico,Football 11-player,100.0,26.0
2011-12,Girls,New Mexico,Golf,87.0,373.0
2011-12,Girls,New York,Field Hockey,230.0,7504.0
2011-12,Girls,New York,Football 11-player,,153.0
2011-12,Girls,New York,Golf,153.0,1811.0
2011-12,Girls,New York,Gymnastics,108.0,1625.0
2011-12,Girls,North Carolina,Field Hockey,56.0,1120.0
2011-12,Girls,North Carolina,Football 11-player,,269.0
2011-12,Girls,North Carolina,Golf,269.0,1241.0
2011-12,Girls,North Carolina,Gymnastics,34.0,198.0
2011-12,Girls,North Dakota,Football 11-player,4.0,7.0
2011-12,Girls,North Dakota,Golf,106.0,520.0
2011-12,Girls,North Dakota,Gymnastics,16.0,86.0
2011-12,Girls,Ohio,Field Hockey,45.0,1096.0
2011-12,Girls,Ohio,Football 11-player,14.0,25.0
2011-12,Girls,Ohio,Golf,547.0,3208.0
2011-12,Girls,Ohio,Gymnastics,164.0,1189.0
2011-12,Girls,Oklahoma,Football 11-player,,218.0
2011-12,Girls,Oklahoma,Golf,218.0,1289.0
2011-12,Girls,Oregon,Football 11-player,,68.0
2011-12,Girls,Oregon,Golf,142.0,888.0
2011-12,Girls,Pennsylvania,Field Hockey,291.0,
2011-12,Girls,Pennsylvania,Football 11-player,,346.0
2011-12,Girls,Pennsylvania,Golf,346.0,3460.0
2011-12,Girls,Pennsylvania,Gymnastics,21.0,210.0
2011-12,Girls,Rhode Island,Field Hockey,21.0,595.0
2011-12,Girls,Rhode Island,Football 11-player,,7.0
2011-12,Girls,Rhode Island,Golf,1.0,89.0
2011-12,Girls,Rhode Island,Gymnastics,13.0,203.0
2011-12,Girls,South Carolina,Football 11-player,,87.0
2011-12,Girls,South Carolina,Golf,87.0,697.0
2011-12,Girls,South Dakota,Football 11-player,,122.0
2011-12,Girls,South Dakota,Golf,122.0,699.0
2011-12,Girls,South Dakota,Gymnastics,28.0,231.0
2011-12,Girls,Tennessee,Football 11-player,,265.0
2011-12,Girls,Tennessee,Golf,265.0,937.0
2011-12,Girls,Texas,Football 11-player,,228.0
2011-12,Girls,Texas,Golf,1195.0,7959.0
2011-12,Girls,Utah,Football 11-player,,104.0
2011-12,Girls,Utah,Golf,104.0,982.0
2011-12,Girls,Vermont,Field Hockey,17.0,582.0
2011-12,Girls,Vermont,Football 11-player,3.0,76.0
2011-12,Girls,Vermont,Golf,20.0,97.0
2011-12,Girls,Vermont,Gymnastics,7.0,86.0
2011-12,Girls,Virginia,Field Hockey,136.0,4704.0
2011-12,Girls,Virginia,Football 11-player,17.0,21.0
2011-12,Girls,Virginia,Golf,170.0,392.0
2011-12,Girls,Virginia,Gymnastics,72.0,874.0
2011-12,Girls,Washington,Football 11-player,,18.0
2011-12,Girls,Washington,Golf,239.0,2250.0
2011-12,Girls,Washington,Gymnastics,79.0,1884.0
2011-12,Girls,West Virginia,Football 11-player,2.0,2.0
2011-12,Girls,West Virginia,Golf,1.0,1.0
2011-12,Girls,Wisconsin,Football 11-player,,149.0
2011-12,Girls,Wisconsin,Golf,149.0,1686.0
2011-12,Girls,Wisconsin,Gymnastics,81.0,1267.0
2011-12,Girls,Wyoming,Field Hockey,,54.0
2011-12,Girls,Wyoming,Football 11-player,54.0,4.0
2011-12,Girls,Wyoming,Golf,36.0,243.0
2011-12,Girls,Alaska,Ice Hockey,39.0,147.0
2011-12,Girls,Alaska,Skiing Alpine,,25.0
2011-12,Girls,Alaska,Skiing Cross Country,25.0,466.0
2011-12,Girls,California,Ice Hockey,9.0,73.0
2011-12,Girls,California,Lacrosse,170.0,5412.0
2011-12,Girls,California,Skiing Alpine,24.0,234.0
2011-12,Girls,California,Skiing Cross Country,6.0,46.0
2011-12,Girls,Colorado,Ice Hockey,,48.0
2011-12,Girls,Colorado,Lacrosse,48.0,1701.0
2011-12,Girls,Colorado,Skiing Alpine,14.0,102.0
2011-12,Girls,Colorado,Skiing Cross Country,14.0,80.0
2011-12,Girls,Connecticut,Ice Hockey,,5.0
2011-12,Girls,Connecticut,Lacrosse,79.0,3368.0
2011-12,Girls,Delaware,Ice Hockey,,29.0
2011-12,Girls,Delaware,Lacrosse,29.0,888.0
2011-12,Girls,Delaware,Skiing Alpine,7.0,97.0
2011-12,Girls,Florida,Ice Hockey,,125.0
2011-12,Girls,Florida,Lacrosse,125.0,3706.0
2011-12,Girls,Georgia,Ice Hockey,,71.0
2011-12,Girls,Georgia,Lacrosse,71.0,2427.0
2011-12,Girls,Illinois,Ice Hockey,,44.0
2011-12,Girls,Illinois,Lacrosse,44.0,580.0
2011-12,Girls,Kentucky,Ice Hockey,,12.0
2011-12,Girls,Kentucky,Lacrosse,12.0,355.0
2011-12,Girls,Maine,Ice Hockey,43.0,346.0
2011-12,Girls,Maine,Lacrosse,40.0,1344.0
2011-12,Girls,Maine,Skiing Alpine,41.0,368.0
2011-12,Girls,Maine,Skiing Cross Country,47.0,298.0
2011-12,Girls,Maryland,Ice Hockey,,140.0
2011-12,Girls,Maryland,Lacrosse,140.0,5206.0
2011-12,Girls,Massachusetts,Ice Hockey,116.0,2053.0
2011-12,Girls,Massachusetts,Lacrosse,176.0,7120.0
2011-12,Girls,Massachusetts,Skiing Alpine,71.0,835.0
2011-12,Girls,Massachusetts,Skiing Cross Country,21.0,322.0
2011-12,Girls,Michigan,Ice Hockey,17.0,256.0
2011-12,Girls,Michigan,Lacrosse,83.0,2447.0
2011-12,Girls,Michigan,Skiing Alpine,91.0,691.0
2011-12,Girls,Michigan,Skiing Cross Country,4.0,34.0
2011-12,Girls,Minnesota,Ice Hockey,240.0,3658.0
2011-12,Girls,Minnesota,Lacrosse,78.0,3108.0
2011-12,Girls,Minnesota,Skiing Alpine,115.0,772.0
2011-12,Girls,Minnesota,Skiing Cross Country,113.0,2246.0
2011-12,Girls,Missouri,Ice Hockey,,28.0
2011-12,Girls,Missouri,Lacrosse,28.0,1257.0
2011-12,Girls,Nevada,Lacrosse,,18.0
2011-12,Girls,Nevada,Skiing Alpine,18.0,202.0
2011-12,Girls,New Hampshire,Ice Hockey,9.0,194.0
2011-12,Girls,New Hampshire,Lacrosse,41.0,1468.0
2011-12,Girls,New Hampshire,Skiing Alpine,55.0,497.0
2011-12,Girls,New Hampshire,Skiing Cross Country,29.0,289.0
2011-12,Girls,New Jersey,Ice Hockey,15.0,177.0
2011-12,Girls,New Jersey,Lacrosse,182.0,7673.0
2011-12,Girls,New Jersey,Skiing Alpine,,15.0
2011-12,Girls,New Jersey,Skiing Cross Country,15.0,111.0
2011-12,Girls,New York,Ice Hockey,24.0,439.0
2011-12,Girls,New York,Lacrosse,298.0,11922.0
2011-12,Girls,New York,Skiing Alpine,84.0,706.0
2011-12,Girls,New York,Skiing Cross Country,32.0,398.0
2011-12,Girls,North Carolina,Ice Hockey,,71.0
2011-12,Girls,North Carolina,Lacrosse,71.0,1695.0
2011-12,Girls,North Dakota,Ice Hockey,17.0,216.0
2011-12,Girls,Ohio,Ice Hockey,13.0,18.0
2011-12,Girls,Ohio,Lacrosse,77.0,2752.0
2011-12,Girls,Pennsylvania,Ice Hockey,,179.0
2011-12,Girls,Pennsylvania,Lacrosse,179.0,5728.0
2011-12,Girls,Rhode Island,Ice Hockey,11.0,220.0
2011-12,Girls,Rhode Island,Lacrosse,27.0,940.0
2011-12,Girls,South Carolina,Ice Hockey,,26.0
2011-12,Girls,South Carolina,Lacrosse,26.0,653.0
2011-12,Girls,Vermont,Ice Hockey,15.0,258.0
2011-12,Girls,Vermont,Lacrosse,18.0,603.0
2011-12,Girls,Vermont,Skiing Alpine,13.0,95.0
2011-12,Girls,Vermont,Skiing Cross Country,17.0,265.0
2011-12,Girls,Virginia,Ice Hockey,,75.0
2011-12,Girls,Virginia,Lacrosse,75.0,2623.0
2011-12,Girls,Wisconsin,Ice Hockey,32.0,773.0
2011-12,Girls,Wyoming,Lacrosse,,6.0
2011-12,Girls,Wyoming,Skiing Alpine,6.0,58.0
2011-12,Girls,Wyoming,Skiing Cross Country,7.0,102.0
2011-12,Girls,Alabama,Soccer,146.0,3358.0
2011-12,Girls,Alabama,Softball Slow Pitch,,389.0
2011-12,Girls,Alabama,Softball Fast Pitch,389.0,6224.0
2011-12,Girls,Alabama,Swimming and Diving,58.0,321.0
2011-12,Girls,Alaska,Soccer,35.0,983.0
2011-12,Girls,Alaska,Softball Slow Pitch,,30.0
2011-12,Girls,Alaska,Softball Fast Pitch,30.0,724.0
2011-12,Girls,Alaska,Swimming and Diving,36.0,502.0
2011-12,Girls,Arizona,Soccer,170.0,5911.0
2011-12,Girls,Arizona,Softball Slow Pitch,,227.0
2011-12,Girls,Arizona,Softball Fast Pitch,227.0,6766.0
2011-12,Girls,Arizona,Swimming and Diving,123.0,3125.0
2011-12,Girls,Arkansas,Soccer,75.0,1718.0
2011-12,Girls,Arkansas,Softball Slow Pitch,,190.0
2011-12,Girls,Arkansas,Softball Fast Pitch,190.0,3423.0
2011-12,Girls,Arkansas,Swimming and Diving,33.0,366.0
2011-12,Girls,California,Soccer,1237.0,43332.0
2011-12,Girls,California,Softball Slow Pitch,,49.0
2011-12,Girls,California,Softball Fast Pitch,49.0,32636.0
2011-12,Girls,California,Swimming and Diving,881.0,28145.0
2011-12,Girls,Colorado,Soccer,201.0,7458.0
2011-12,Girls,Colorado,Softball Slow Pitch,,162.0
2011-12,Girls,Colorado,Softball Fast Pitch,162.0,3933.0
2011-12,Girls,Colorado,Swimming and Diving,134.0,4144.0
2011-12,Girls,Connecticut,Soccer,155.0,5808.0
2011-12,Girls,Connecticut,Softball Slow Pitch,,170.0
2011-12,Girls,Connecticut,Softball Fast Pitch,170.0,4219.0
2011-12,Girls,Connecticut,Swimming and Diving,97.0,2746.0
2011-12,Girls,Delaware,Soccer,49.0,1549.0
2011-12,Girls,Delaware,Softball Slow Pitch,,44.0
2011-12,Girls,Delaware,Softball Fast Pitch,44.0,1086.0
2011-12,Girls,Delaware,Swimming and Diving,37.0,807.0
2011-12,Girls,Florida,Soccer,500.0,14842.0
2011-12,Girls,Florida,Softball Slow Pitch,,592.0
2011-12,Girls,Florida,Softball Fast Pitch,592.0,11703.0
2011-12,Girls,Florida,Swimming and Diving,434.0,7658.0
2011-12,Girls,Georgia,Soccer,357.0,9777.0
2011-12,Girls,Georgia,Softball Slow Pitch,14.0,306.0
2011-12,Girls,Georgia,Softball Fast Pitch,389.0,7915.0
2011-12,Girls,Georgia,Swimming and Diving,224.0,3810.0
2011-12,Girls,Hawaii,Soccer,54.0,1718.0
2011-12,Girls,Hawaii,Softball Slow Pitch,,55.0
2011-12,Girls,Hawaii,Softball Fast Pitch,55.0,699.0
2011-12,Girls,Hawaii,Swimming and Diving,60.0,712.0
2011-12,Girls,Idaho,Soccer,72.0,1938.0
2011-12,Girls,Idaho,Softball Slow Pitch,,93.0
2011-12,Girls,Idaho,Softball Fast Pitch,93.0,2037.0
2011-12,Girls,Illinois,Soccer,394.0,16107.0
2011-12,Girls,Illinois,Softball Slow Pitch,,621.0
2011-12,Girls,Illinois,Softball Fast Pitch,621.0,16631.0
2011-12,Girls,Illinois,Swimming and Diving,251.0,6910.0
2011-12,Girls,Indiana,Soccer,253.0,6412.0
2011-12,Girls,Indiana,Softball Slow Pitch,,372.0
2011-12,Girls,Indiana,Softball Fast Pitch,372.0,8549.0
2011-12,Girls,Indiana,Swimming and Diving,237.0,4369.0
2011-12,Girls,Iowa,Soccer,133.0,4894.0
2011-12,Girls,Iowa,Softball Slow Pitch,,361.0
2011-12,Girls,Iowa,Softball Fast Pitch,361.0,8275.0
2011-12,Girls,Iowa,Swimming and Diving,56.0,1531.0
2011-12,Girls,Kansas,Soccer,87.0,3296.0
2011-12,Girls,Kansas,Softball Slow Pitch,,227.0
2011-12,Girls,Kansas,Softball Fast Pitch,227.0,4796.0
2011-12,Girls,Kansas,Swimming and Diving,73.0,1798.0
2011-12,Girls,Kentucky,Soccer,191.0,5640.0
2011-12,Girls,Kentucky,Softball Slow Pitch,,260.0
2011-12,Girls,Kentucky,Softball Fast Pitch,260.0,6039.0
2011-12,Girls,Kentucky,Swimming and Diving,130.0,1931.0
2011-12,Girls,Louisiana,Soccer,144.0,3670.0
2011-12,Girls,Louisiana,Softball Slow Pitch,,341.0
2011-12,Girls,Louisiana,Softball Fast Pitch,341.0,6353.0
2011-12,Girls,Louisiana,Swimming and Diving,137.0,1424.0
2011-12,Girls,Maine,Soccer,131.0,3780.0
2011-12,Girls,Maine,Softball Slow Pitch,,122.0
2011-12,Girls,Maine,Softball Fast Pitch,122.0,2713.0
2011-12,Girls,Maine,Swimming and Diving,54.0,942.0
2011-12,Girls,Maryland,Soccer,175.0,5699.0
2011-12,Girls,Maryland,Softball Slow Pitch,,196.0
2011-12,Girls,Maryland,Softball Fast Pitch,196.0,5180.0
2011-12,Girls,Maryland,Swimming and Diving,108.0,2167.0
2011-12,Girls,Massachusetts,Soccer,345.0,12990.0
2011-12,Girls,Massachusetts,Softball Slow Pitch,,349.0
2011-12,Girls,Massachusetts,Softball Fast Pitch,349.0,9870.0
2011-12,Girls,Massachusetts,Swimming and Diving,204.0,4198.0
2011-12,Girls,Michigan,Soccer,469.0,13654.0
2011-12,Girls,Michigan,Softball Slow Pitch,,620.0
2011-12,Girls,Michigan,Softball Fast Pitch,620.0,14675.0
2011-12,Girls,Michigan,Swimming and Diving,276.0,6015.0
2011-12,Girls,Minnesota,Soccer,221.0,8090.0
2011-12,Girls,Minnesota,Softball Slow Pitch,,415.0
2011-12,Girls,Minnesota,Softball Fast Pitch,415.0,11215.0
2011-12,Girls,Minnesota,Swimming and Diving,194.0,5404.0
2011-12,Girls,Mississippi,Soccer,125.0,2403.0
2011-12,Girls,Mississippi,Softball Slow Pitch,201.0,6182.0
2011-12,Girls,Mississippi,Softball Fast Pitch,202.0,4715.0
2011-12,Girls,Mississippi,Swimming and Diving,48.0,1773.0
2011-12,Girls,Missouri,Soccer,226.0,8064.0
2011-12,Girls,Missouri,Softball Slow Pitch,,525.0
2011-12,Girls,Missouri,Softball Fast Pitch,525.0,9979.0
2011-12,Girls,Missouri,Swimming and Diving,119.0,3027.0
2011-12,Girls,Montana,Soccer,29.0,843.0
2011-12,Girls,Montana,Softball Slow Pitch,,59.0
2011-12,Girls,Montana,Softball Fast Pitch,59.0,1117.0
2011-12,Girls,Montana,Swimming and Diving,18.0,285.0
2011-12,Girls,Nebraska,Soccer,75.0,2424.0
2011-12,Girls,Nebraska,Softball Slow Pitch,,132.0
2011-12,Girls,Nebraska,Softball Fast Pitch,132.0,2440.0
2011-12,Girls,Nebraska,Swimming and Diving,56.0,971.0
2011-12,Girls,Nevada,Soccer,68.0,2282.0
2011-12,Girls,Nevada,Softball Slow Pitch,,86.0
2011-12,Girls,Nevada,Softball Fast Pitch,86.0,2039.0
2011-12,Girls,Nevada,Swimming and Diving,58.0,1144.0
2011-12,Girls,New Hampshire,Soccer,80.0,2592.0
2011-12,Girls,New Hampshire,Softball Slow Pitch,,86.0
2011-12,Girls,New Hampshire,Softball Fast Pitch,86.0,2033.0
2011-12,Girls,New Hampshire,Swimming and Diving,54.0,710.0
2011-12,Girls,New Jersey,Soccer,356.0,13431.0
2011-12,Girls,New Jersey,Softball Slow Pitch,,395.0
2011-12,Girls,New Jersey,Softball Fast Pitch,395.0,12683.0
2011-12,Girls,New Jersey,Swimming and Diving,246.0,5931.0
2011-12,Girls,New Mexico,Soccer,69.0,2031.0
2011-12,Girls,New Mexico,Softball Slow Pitch,,91.0
2011-12,Girls,New Mexico,Softball Fast Pitch,91.0,1936.0
2011-12,Girls,New Mexico,Swimming and Diving,46.0,662.0
2011-12,Girls,New York,Soccer,700.0,22727.0
2011-12,Girls,New York,Softball Slow Pitch,,716.0
2011-12,Girls,New York,Softball Fast Pitch,716.0,18211.0
2011-12,Girls,New York,Swimming and Diving,327.0,7854.0
2011-12,Girls,North Carolina,Soccer,361.0,12132.0
2011-12,Girls,North Carolina,Softball Slow Pitch,,383.0
2011-12,Girls,North Carolina,Softball Fast Pitch,383.0,8809.0
2011-12,Girls,North Carolina,Swimming and Diving,290.0,4552.0
2011-12,Girls,North Dakota,Soccer,17.0,538.0
2011-12,Girls,North Dakota,Softball Slow Pitch,,48.0
2011-12,Girls,North Dakota,Softball Fast Pitch,48.0,638.0
2011-12,Girls,North Dakota,Swimming and Diving,20.0,317.0
2011-12,Girls,Ohio,Soccer,532.0,14256.0
2011-12,Girls,Ohio,Softball Slow Pitch,1.0,358.0
2011-12,Girls,Ohio,Softball Fast Pitch,784.0,16989.0
2011-12,Girls,Ohio,Swimming and Diving,395.0,6523.0
2011-12,Girls,Oklahoma,Soccer,114.0,2975.0
2011-12,Girls,Oklahoma,Softball Slow Pitch,300.0,6560.0
2011-12,Girls,Oklahoma,Softball Fast Pitch,450.0,10450.0
2011-12,Girls,Oklahoma,Swimming and Diving,43.0,425.0
2011-12,Girls,Oregon,Soccer,169.0,5019.0
2011-12,Girls,Oregon,Softball Slow Pitch,,214.0
2011-12,Girls,Oregon,Softball Fast Pitch,214.0,4125.0
2011-12,Girls,Oregon,Swimming and Diving,116.0,2288.0
2011-12,Girls,Pennsylvania,Soccer,541.0,18935.0
2011-12,Girls,Pennsylvania,Softball Slow Pitch,,657.0
2011-12,Girls,Pennsylvania,Softball Fast Pitch,657.0,19710.0
2011-12,Girls,Pennsylvania,Swimming and Diving,329.0,9870.0
2011-12,Girls,Rhode Island,Soccer,47.0,1500.0
2011-12,Girls,Rhode Island,Softball Slow Pitch,,48.0
2011-12,Girls,Rhode Island,Softball Fast Pitch,48.0,1033.0
2011-12,Girls,Rhode Island,Swimming and Diving,27.0,614.0
2011-12,Girls,South Carolina,Soccer,140.0,4409.0
2011-12,Girls,South Carolina,Softball Slow Pitch,,197.0
2011-12,Girls,South Carolina,Softball Fast Pitch,197.0,4942.0
2011-12,Girls,South Carolina,Swimming and Diving,77.0,1285.0
2011-12,Girls,Tennessee,Soccer,269.0,6172.0
2011-12,Girls,Tennessee,Softball Slow Pitch,,349.0
2011-12,Girls,Tennessee,Softball Fast Pitch,349.0,6113.0
2011-12,Girls,Texas,Soccer,575.0,30989.0
2011-12,Girls,Texas,Softball Slow Pitch,,1139.0
2011-12,Girls,Texas,Softball Fast Pitch,1139.0,31685.0
2011-12,Girls,Texas,Swimming and Diving,492.0,8123.0
2011-12,Girls,Utah,Soccer,99.0,3094.0
2011-12,Girls,Utah,Softball Slow Pitch,,100.0
2011-12,Girls,Utah,Softball Fast Pitch,100.0,2274.0
2011-12,Girls,Utah,Swimming and Diving,81.0,1602.0
2011-12,Girls,Vermont,Soccer,38.0,1282.0
2011-12,Girls,Vermont,Softball Slow Pitch,,35.0
2011-12,Girls,Vermont,Softball Fast Pitch,35.0,762.0
2011-12,Girls,Vermont,Swimming and Diving,2.0,28.0
2011-12,Girls,Virginia,Soccer,279.0,8809.0
2011-12,Girls,Virginia,Softball Slow Pitch,,299.0
2011-12,Girls,Virginia,Softball Fast Pitch,299.0,7605.0
2011-12,Girls,Virginia,Swimming and Diving,190.0,4128.0
2011-12,Girls,Washington,Soccer,270.0,9514.0
2011-12,Girls,Washington,Softball Slow Pitch,,308.0
2011-12,Girls,Washington,Softball Fast Pitch,308.0,7414.0
2011-12,Girls,Washington,Swimming and Diving,140.0,4343.0
2011-12,Girls,West Virginia,Soccer,74.0,1589.0
2011-12,Girls,West Virginia,Softball Slow Pitch,,118.0
2011-12,Girls,West Virginia,Softball Fast Pitch,118.0,2315.0
2011-12,Girls,West Virginia,Swimming and Diving,45.0,643.0
2011-12,Girls,Wisconsin,Soccer,251.0,9364.0
2011-12,Girls,Wisconsin,Softball Slow Pitch,,434.0
2011-12,Girls,Wisconsin,Softball Fast Pitch,434.0,11187.0
2011-12,Girls,Wisconsin,Swimming and Diving,137.0,3743.0
2011-12,Girls,Wyoming,Soccer,24.0,857.0
2011-12,Girls,Wyoming,Softball Fast Pitch,,25.0
2011-12,Girls,Wyoming,Swimming and Diving,25.0,568.0
2011-12,Girls,Alabama,Tennis,168.0,1726.0
2011-12,Girls,Alabama,Track and Field Indoor,,309.0
2011-12,Girls,Alabama,Track and Field Outdoor,309.0,4708.0
2011-12,Girls,Alabama,Volleyball,363.0,5445.0
2011-12,Girls,Alaska,Tennis,17.0,210.0
2011-12,Girls,Alaska,Track and Field Indoor,,55.0
2011-12,Girls,Alaska,Track and Field Outdoor,55.0,925.0
2011-12,Girls,Alaska,Volleyball,50.0,1475.0
2011-12,Girls,Arizona,Tennis,158.0,2515.0
2011-12,Girls,Arizona,Track and Field Indoor,,218.0
2011-12,Girls,Arizona,Track and Field Outdoor,218.0,6523.0
2011-12,Girls,Arizona,Volleyball,232.0,7486.0
2011-12,Girls,Arkansas,Tennis,130.0,1170.0
2011-12,Girls,Arkansas,Track and Field Indoor,40.0,554.0
2011-12,Girls,Arkansas,Track and Field Outdoor,253.0,3542.0
2011-12,Girls,Arkansas,Volleyball,129.0,2709.0
2011-12,Girls,California,Tennis,994.0,22544.0
2011-12,Girls,California,Track and Field Indoor,,1152.0
2011-12,Girls,California,Track and Field Outdoor,1152.0,45732.0
2011-12,Girls,California,Volleyball,1337.0,40507.0
2011-12,Girls,Colorado,Tennis,150.0,4675.0
2011-12,Girls,Colorado,Track and Field Indoor,,309.0
2011-12,Girls,Colorado,Track and Field Outdoor,309.0,6697.0
2011-12,Girls,Colorado,Volleyball,330.0,9463.0
2011-12,Girls,Connecticut,Tennis,140.0,3122.0
2011-12,Girls,Connecticut,Track and Field Indoor,151.0,4788.0
2011-12,Girls,Connecticut,Track and Field Outdoor,161.0,6562.0
2011-12,Girls,Connecticut,Volleyball,156.0,4497.0
2011-12,Girls,Delaware,Tennis,34.0,580.0
2011-12,Girls,Delaware,Track and Field Indoor,35.0,785.0
2011-12,Girls,Delaware,Track and Field Outdoor,42.0,1160.0
2011-12,Girls,Delaware,Volleyball,49.0,1450.0
2011-12,Girls,Florida,Tennis,479.0,4871.0
2011-12,Girls,Florida,Track and Field Indoor,,519.0
2011-12,Girls,Florida,Track and Field Outdoor,519.0,10896.0
2011-12,Girls,Florida,Volleyball,652.0,14435.0
2011-12,Girls,Georgia,Track and Field Indoor,,413.0
2011-12,Girls,Georgia,Track and Field Outdoor,413.0,10436.0
2011-12,Girls,Georgia,Volleyball,305.0,7115.0
2011-12,Girls,Hawaii,Tennis,63.0,902.0
2011-12,Girls,Hawaii,Track and Field Indoor,,62.0
2011-12,Girls,Hawaii,Track and Field Outdoor,62.0,1644.0
2011-12,Girls,Hawaii,Volleyball,68.0,1925.0
2011-12,Girls,Idaho,Tennis,54.0,1027.0
2011-12,Girls,Idaho,Track and Field Indoor,,139.0
2011-12,Girls,Idaho,Track and Field Outdoor,139.0,3093.0
2011-12,Girls,Idaho,Volleyball,149.0,3743.0
2011-12,Girls,Illinois,Tennis,317.0,8346.0
2011-12,Girls,Illinois,Track and Field Indoor,,596.0
2011-12,Girls,Illinois,Track and Field Outdoor,596.0,19283.0
2011-12,Girls,Illinois,Volleyball,694.0,22492.0
2011-12,Girls,Indiana,Tennis,311.0,6073.0
2011-12,Girls,Indiana,Track and Field Indoor,,388.0
2011-12,Girls,Indiana,Track and Field Outdoor,388.0,9826.0
2011-12,Girls,Indiana,Volleyball,396.0,9981.0
2011-12,Girls,Iowa,Tennis,114.0,3307.0
2011-12,Girls,Iowa,Track and Field Indoor,,365.0
2011-12,Girls,Iowa,Track and Field Outdoor,365.0,9435.0
2011-12,Girls,Iowa,Volleyball,372.0,12281.0
2011-12,Girls,Kansas,Tennis,135.0,2545.0
2011-12,Girls,Kansas,Track and Field Indoor,,346.0
2011-12,Girls,Kansas,Track and Field Outdoor,346.0,6945.0
2011-12,Girls,Kansas,Volleyball,344.0,8617.0
2011-12,Girls,Kentucky,Tennis,210.0,2744.0
2011-12,Girls,Kentucky,Track and Field Indoor,,238.0
2011-12,Girls,Kentucky,Track and Field Outdoor,238.0,5150.0
2011-12,Girls,Kentucky,Volleyball,255.0,6147.0
2011-12,Girls,Louisiana,Tennis,169.0,1699.0
2011-12,Girls,Louisiana,Track and Field Indoor,219.0,1048.0
2011-12,Girls,Louisiana,Track and Field Outdoor,354.0,7015.0
2011-12,Girls,Louisiana,Volleyball,195.0,4083.0
2011-12,Girls,Maine,Tennis,,65.0
2011-12,Girls,Maine,Track and Field Indoor,65.0,1281.0
2011-12,Girls,Maine,Track and Field Outdoor,103.0,2292.0
2011-12,Girls,Maine,Volleyball,32.0,642.0
2011-12,Girls,Maryland,Tennis,179.0,2410.0
2011-12,Girls,Maryland,Track and Field Indoor,174.0,4266.0
2011-12,Girls,Maryland,Track and Field Outdoor,190.0,5563.0
2011-12,Girls,Maryland,Volleyball,190.0,4927.0
2011-12,Girls,Massachusetts,Tennis,274.0,4357.0
2011-12,Girls,Massachusetts,Track and Field Indoor,244.0,8425.0
2011-12,Girls,Massachusetts,Track and Field Outdoor,312.0,11990.0
2011-12,Girls,Massachusetts,Volleyball,276.0,8129.0
2011-12,Girls,Michigan,Tennis,358.0,9754.0
2011-12,Girls,Michigan,Track and Field Indoor,31.0,212.0
2011-12,Girls,Michigan,Track and Field Outdoor,665.0,16819.0
2011-12,Girls,Michigan,Volleyball,710.0,20408.0
2011-12,Girls,Minnesota,Tennis,226.0,6308.0
2011-12,Girls,Minnesota,Track and Field Indoor,,434.0
2011-12,Girls,Minnesota,Track and Field Outdoor,434.0,15408.0
2011-12,Girls,Minnesota,Volleyball,452.0,14805.0
2011-12,Girls,Mississippi,Tennis,164.0,1696.0
2011-12,Girls,Mississippi,Track and Field Indoor,17.0,493.0
2011-12,Girls,Mississippi,Track and Field Outdoor,237.0,4639.0
2011-12,Girls,Mississippi,Volleyball,82.0,2088.0
2011-12,Girls,Missouri,Tennis,182.0,3818.0
2011-12,Girls,Missouri,Track and Field Indoor,,488.0
2011-12,Girls,Missouri,Track and Field Outdoor,488.0,11152.0
2011-12,Girls,Missouri,Volleyball,429.0,10345.0
2011-12,Girls,Montana,Tennis,52.0,1127.0
2011-12,Girls,Montana,Track and Field Indoor,,171.0
2011-12,Girls,Montana,Track and Field Outdoor,171.0,2396.0
2011-12,Girls,Montana,Volleyball,173.0,3650.0
2011-12,Girls,Nebraska,Tennis,65.0,1410.0
2011-12,Girls,Nebraska,Track and Field Indoor,,306.0
2011-12,Girls,Nebraska,Track and Field Outdoor,306.0,7168.0
2011-12,Girls,Nebraska,Volleyball,305.0,7034.0
2011-12,Girls,Nevada,Tennis,56.0,836.0
2011-12,Girls,Nevada,Track and Field Indoor,,91.0
2011-12,Girls,Nevada,Track and Field Outdoor,91.0,2787.0
2011-12,Girls,Nevada,Volleyball,101.0,2919.0
2011-12,Girls,New Hampshire,Tennis,,57.0
2011-12,Girls,New Hampshire,Track and Field Indoor,57.0,1184.0
2011-12,Girls,New Hampshire,Track and Field Outdoor,77.0,2173.0
2011-12,Girls,New Hampshire,Volleyball,59.0,1584.0
2011-12,Girls,New Jersey,Tennis,338.0,6559.0
2011-12,Girls,New Jersey,Track and Field Indoor,293.0,8386.0
2011-12,Girls,New Jersey,Track and Field Outdoor,370.0,16273.0
2011-12,Girls,New Jersey,Volleyball,256.0,6904.0
2011-12,Girls,New Mexico,Tennis,67.0,739.0
2011-12,Girls,New Mexico,Track and Field Indoor,,151.0
2011-12,Girls,New Mexico,Track and Field Outdoor,151.0,3097.0
2011-12,Girls,New Mexico,Volleyball,152.0,3725.0
2011-12,Girls,New York,Tennis,442.0,9502.0
2011-12,Girls,New York,Track and Field Indoor,409.0,12379.0
2011-12,Girls,New York,Track and Field Outdoor,647.0,21834.0
2011-12,Girls,New York,Volleyball,631.0,15788.0
2011-12,Girls,North Carolina,Tennis,345.0,4467.0
2011-12,Girls,North Carolina,Track and Field Indoor,234.0,3241.0
2011-12,Girls,North Carolina,Track and Field Outdoor,377.0,10138.0
2011-12,Girls,North Carolina,Volleyball,388.0,8843.0
2011-12,Girls,North Dakota,Tennis,18.0,419.0
2011-12,Girls,North Dakota,Track and Field Indoor,,151.0
2011-12,Girls,North Dakota,Track and Field Outdoor,151.0,1712.0
2011-12,Girls,North Dakota,Volleyball,158.0,3253.0
2011-12,Girls,Ohio,Tennis,429.0,6410.0
2011-12,Girls,Ohio,Track and Field Indoor,160.0,2390.0
2011-12,Girls,Ohio,Track and Field Outdoor,795.0,21110.0
2011-12,Girls,Ohio,Volleyball,801.0,18899.0
2011-12,Girls,Oklahoma,Tennis,114.0,770.0
2011-12,Girls,Oklahoma,Track and Field Indoor,,369.0
2011-12,Girls,Oklahoma,Track and Field Outdoor,369.0,3276.0
2011-12,Girls,Oklahoma,Volleyball,121.0,2904.0
2011-12,Girls,Oregon,Tennis,123.0,2787.0
2011-12,Girls,Oregon,Track and Field Indoor,,263.0
2011-12,Girls,Oregon,Track and Field Outdoor,263.0,6794.0
2011-12,Girls,Oregon,Volleyball,272.0,7050.0
2011-12,Girls,Pennsylvania,Tennis,408.0,4896.0
2011-12,Girls,Pennsylvania,Track and Field Indoor,168.0,2790.0
2011-12,Girls,Pennsylvania,Track and Field Outdoor,621.0,24840.0
2011-12,Girls,Pennsylvania,Volleyball,584.0,10512.0
2011-12,Girls,Rhode Island,Tennis,42.0,843.0
2011-12,Girls,Rhode Island,Track and Field Indoor,37.0,1271.0
2011-12,Girls,Rhode Island,Track and Field Outdoor,40.0,1545.0
2011-12,Girls,Rhode Island,Volleyball,40.0,961.0
2011-12,Girls,South Carolina,Tennis,120.0,1977.0
2011-12,Girls,South Carolina,Track and Field Indoor,,198.0
2011-12,Girls,South Carolina,Track and Field Outdoor,198.0,5804.0
2011-12,Girls,South Carolina,Volleyball,197.0,4733.0
2011-12,Girls,South Dakota,Tennis,22.0,259.0
2011-12,Girls,South Dakota,Track and Field Indoor,,167.0
2011-12,Girls,South Dakota,Track and Field Outdoor,167.0,2705.0
2011-12,Girls,South Dakota,Volleyball,163.0,3631.0
2011-12,Girls,Tennessee,Tennis,270.0,2925.0
2011-12,Girls,Tennessee,Track and Field Indoor,,270.0
2011-12,Girls,Tennessee,Track and Field Outdoor,270.0,5677.0
2011-12,Girls,Tennessee,Volleyball,316.0,6119.0
2011-12,Girls,Texas,Tennis,1195.0,18570.0
2011-12,Girls,Texas,Track and Field Indoor,,1335.0
2011-12,Girls,Texas,Track and Field Outdoor,1335.0,62557.0
2011-12,Girls,Texas,Volleyball,1138.0,44513.0
2011-12,Girls,Utah,Tennis,91.0,1759.0
2011-12,Girls,Utah,Track and Field Indoor,,123.0
2011-12,Girls,Utah,Track and Field Outdoor,123.0,4168.0
2011-12,Girls,Utah,Volleyball,129.0,2951.0
2011-12,Girls,Vermont,Tennis,18.0,297.0
2011-12,Girls,Vermont,Track and Field Indoor,16.0,237.0
2011-12,Girls,Vermont,Track and Field Outdoor,31.0,692.0
2011-12,Girls,Vermont,Volleyball,2.0,22.0
2011-12,Girls,Virginia,Tennis,266.0,3502.0
2011-12,Girls,Virginia,Track and Field Indoor,206.0,5720.0
2011-12,Girls,Virginia,Track and Field Outdoor,299.0,8458.0
2011-12,Girls,Virginia,Volleyball,301.0,7750.0
2011-12,Girls,Washington,Tennis,241.0,7222.0
2011-12,Girls,Washington,Track and Field Indoor,,322.0
2011-12,Girls,Washington,Track and Field Outdoor,322.0,9900.0
2011-12,Girls,Washington,Volleyball,361.0,10398.0
2011-12,Girls,West Virginia,Tennis,80.0,890.0
2011-12,Girls,West Virginia,Track and Field Indoor,,112.0
2011-12,Girls,West Virginia,Track and Field Outdoor,112.0,2417.0
2011-12,Girls,West Virginia,Volleyball,117.0,2266.0
2011-12,Girls,Wisconsin,Tennis,207.0,5939.0
2011-12,Girls,Wisconsin,Track and Field Indoor,,428.0
2011-12,Girls,Wisconsin,Track and Field Outdoor,428.0,12387.0
2011-12,Girls,Wisconsin,Volleyball,477.0,15328.0
2011-12,Girls,Wyoming,Tennis,16.0,315.0
2011-12,Girls,Wyoming,Track and Field Indoor,21.0,467.0
2011-12,Girls,Wyoming,Track and Field Outdoor,71.0,1301.0
2011-12,Girls,Wyoming,Volleyball,68.0,1823.0
2012-13,Girls,Alabama,Basketball,407.0,6165.0
2012-13,Girls,Alabama,Competitive Spirit Squads,,188.0
2012-13,Girls,Alabama,Cross Country,188.0,1180.0
2012-13,Girls,Alaska,Basketball,128.0,1863.0
2012-13,Girls,Alaska,Bowling,8.0,54.0
2012-13,Girls,Alaska,Competitive Spirit Squads,19.0,304.0
2012-13,Girls,Alaska,Cross Country,114.0,733.0
2012-13,Girls,Arizona,Basketball,245.0,6745.0
2012-13,Girls,Arizona,Bowling,,188.0
2012-13,Girls,Arizona,Competitive Spirit Squads,188.0,6497.0
2012-13,Girls,Arizona,Cross Country,192.0,2705.0
2012-13,Girls,Arkansas,Basketball,211.0,3379.0
2012-13,Girls,Arkansas,Bowling,62.0,603.0
2012-13,Girls,Arkansas,Competitive Spirit Squads,69.0,1615.0
2012-13,Girls,Arkansas,Cross Country,103.0,886.0
2012-13,Girls,California,Basketball,1327.0,33411.0
2012-13,Girls,California,Bowling,12.0,115.0
2012-13,Girls,California,Competitive Spirit Squads,305.0,8298.0
2012-13,Girls,California,Cross Country,1163.0,24362.0
2012-13,Girls,Colorado,Basketball,331.0,7153.0
2012-13,Girls,Colorado,Bowling,,339.0
2012-13,Girls,Colorado,Competitive Spirit Squads,339.0,5112.0
2012-13,Girls,Colorado,Cross Country,230.0,4186.0
2012-13,Girls,Connecticut,Basketball,179.0,3980.0
2012-13,Girls,Connecticut,Bowling,,154.0
2012-13,Girls,Connecticut,Competitive Spirit Squads,154.0,2410.0
2012-13,Girls,Connecticut,Cross Country,174.0,2699.0
2012-13,Girls,Delaware,Basketball,50.0,1029.0
2012-13,Girls,Delaware,Bowling,,12.0
2012-13,Girls,Delaware,Competitive Spirit Squads,12.0,179.0
2012-13,Girls,Delaware,Cross Country,45.0,744.0
2012-13,Girls,Florida,Basketball,631.0,10658.0
2012-13,Girls,Florida,Bowling,182.0,1425.0
2012-13,Girls,Florida,Competitive Spirit Squads,226.0,4915.0
2012-13,Girls,Florida,Cross Country,553.0,6795.0
2012-13,Girls,Georgia,Basketball,428.0,9033.0
2012-13,Girls,Georgia,Bowling,,237.0
2012-13,Girls,Georgia,Competitive Spirit Squads,237.0,5207.0
2012-13,Girls,Georgia,Cross Country,396.0,5881.0
2012-13,Girls,Hawaii,Basketball,61.0,1110.0
2012-13,Girls,Hawaii,Bowling,54.0,480.0
2012-13,Girls,Hawaii,Competitive Spirit Squads,37.0,787.0
2012-13,Girls,Hawaii,Cross Country,72.0,661.0
2012-13,Girls,Idaho,Basketball,145.0,3151.0
2012-13,Girls,Idaho,Bowling,,87.0
2012-13,Girls,Idaho,Competitive Spirit Squads,87.0,1516.0
2012-13,Girls,Idaho,Cross Country,104.0,1344.0
2012-13,Girls,Illinois,Basketball,684.0,17413.0
2012-13,Girls,Illinois,Bowling,209.0,3078.0
2012-13,Girls,Illinois,Competitive Spirit Squads,289.0,7599.0
2012-13,Girls,Illinois,Cross Country,499.0,10469.0
2012-13,Girls,Indiana,Basketball,398.0,8304.0
2012-13,Girls,Indiana,Competitive Spirit Squads,,379.0
2012-13,Girls,Indiana,Cross Country,379.0,4976.0
2012-13,Girls,Iowa,Basketball,363.0,8272.0
2012-13,Girls,Iowa,Bowling,88.0,1189.0
2012-13,Girls,Iowa,Competitive Spirit Squads,,319.0
2012-13,Girls,Iowa,Cross Country,319.0,4482.0
2012-13,Girls,Kansas,Basketball,347.0,6987.0
2012-13,Girls,Kansas,Bowling,71.0,849.0
2012-13,Girls,Kansas,Competitive Spirit Squads,,246.0
2012-13,Girls,Kansas,Cross Country,246.0,2953.0
2012-13,Girls,Kentucky,Basketball,272.0,5359.0
2012-13,Girls,Kentucky,Bowling,78.0,728.0
2012-13,Girls,Kentucky,Competitive Spirit Squads,248.0,5114.0
2012-13,Girls,Kentucky,Cross Country,241.0,2740.0
2012-13,Girls,Louisiana,Basketball,371.0,5555.0
2012-13,Girls,Louisiana,Bowling,66.0,384.0
2012-13,Girls,Louisiana,Competitive Spirit Squads,,274.0
2012-13,Girls,Louisiana,Cross Country,274.0,2219.0
2012-13,Girls,Maine,Basketball,141.0,3039.0
2012-13,Girls,Maine,Bowling,5.0,27.0
2012-13,Girls,Maine,Competitive Spirit Squads,88.0,1646.0
2012-13,Girls,Maine,Cross Country,103.0,1111.0
2012-13,Girls,Maryland,Basketball,192.0,4690.0
2012-13,Girls,Maryland,Bowling,7.0,29.0
2012-13,Girls,Maryland,Competitive Spirit Squads,,190.0
2012-13,Girls,Maryland,Cross Country,190.0,2753.0
2012-13,Girls,Massachusetts,Basketball,358.0,9864.0
2012-13,Girls,Massachusetts,Competitive Spirit Squads,,323.0
2012-13,Girls,Massachusetts,Cross Country,323.0,5610.0
2012-13,Girls,Michigan,Basketball,683.0,16587.0
2012-13,Girls,Michigan,Bowling,332.0,2994.0
2012-13,Girls,Michigan,Competitive Spirit Squads,325.0,7374.0
2012-13,Girls,Michigan,Cross Country,601.0,8378.0
2012-13,Girls,Minnesota,Basketball,454.0,11601.0
2012-13,Girls,Minnesota,Competitive Spirit Squads,,352.0
2012-13,Girls,Minnesota,Cross Country,352.0,8179.0
2012-13,Girls,Mississippi,Basketball,264.0,8541.0
2012-13,Girls,Mississippi,Bowling,45.0,386.0
2012-13,Girls,Mississippi,Competitive Spirit Squads,104.0,2925.0
2012-13,Girls,Mississippi,Cross Country,144.0,1301.0
2012-13,Girls,Missouri,Basketball,553.0,10502.0
2012-13,Girls,Missouri,Competitive Spirit Squads,,362.0
2012-13,Girls,Missouri,Cross Country,362.0,3880.0
2012-13,Girls,Montana,Basketball,177.0,3068.0
2012-13,Girls,Montana,Competitive Spirit Squads,,93.0
2012-13,Girls,Montana,Cross Country,93.0,863.0
2012-13,Girls,Nebraska,Basketball,303.0,6253.0
2012-13,Girls,Nebraska,Competitive Spirit Squads,,224.0
2012-13,Girls,Nebraska,Cross Country,224.0,2080.0
2012-13,Girls,Nevada,Basketball,100.0,2585.0
2012-13,Girls,Nevada,Bowling,33.0,276.0
2012-13,Girls,Nevada,Competitive Spirit Squads,,77.0
2012-13,Girls,Nevada,Cross Country,77.0,906.0
2012-13,Girls,New Hampshire,Basketball,86.0,2045.0
2012-13,Girls,New Hampshire,Bowling,,60.0
2012-13,Girls,New Hampshire,Competitive Spirit Squads,,1750.0
2012-13,Girls,New Hampshire,Cross Country,75.0,998.0
2012-13,Girls,New Jersey,Basketball,404.0,10122.0
2012-13,Girls,New Jersey,Bowling,212.0,2154.0
2012-13,Girls,New Jersey,Competitive Spirit Squads,,365.0
2012-13,Girls,New Jersey,Cross Country,365.0,5607.0
2012-13,Girls,New Mexico,Basketball,149.0,3749.0
2012-13,Girls,New Mexico,Bowling,23.0,232.0
2012-13,Girls,New Mexico,Competitive Spirit Squads,156.0,2213.0
2012-13,Girls,New Mexico,Cross Country,109.0,1349.0
2012-13,Girls,New York,Basketball,731.0,16997.0
2012-13,Girls,New York,Bowling,327.0,3445.0
2012-13,Girls,New York,Competitive Spirit Squads,430.0,567.0
2012-13,Girls,New York,Cross Country,567.0,7966.0
2012-13,Girls,North Carolina,Basketball,395.0,8652.0
2012-13,Girls,North Carolina,Bowling,,388.0
2012-13,Girls,North Carolina,Competitive Spirit Squads,388.0,365.0
2012-13,Girls,North Carolina,Cross Country,365.0,4614.0
2012-13,Girls,North Dakota,Basketball,163.0,2361.0
2012-13,Girls,North Dakota,Competitive Spirit Squads,,68.0
2012-13,Girls,North Dakota,Cross Country,68.0,524.0
2012-13,Girls,Ohio,Basketball,800.0,17379.0
2012-13,Girls,Ohio,Bowling,324.0,3178.0
2012-13,Girls,Ohio,Competitive Spirit Squads,131.0,2078.0
2012-13,Girls,Ohio,Cross Country,735.0,8081.0
2012-13,Girls,Oklahoma,Basketball,330.0,8102.0
2012-13,Girls,Oklahoma,Bowling,,200.0
2012-13,Girls,Oklahoma,Competitive Spirit Squads,200.0,5193.0
2012-13,Girls,Oklahoma,Cross Country,158.0,2385.0
2012-13,Girls,Oregon,Basketball,274.0,5780.0
2012-13,Girls,Oregon,Bowling,,158.0
2012-13,Girls,Oregon,Competitive Spirit Squads,158.0,2804.0
2012-13,Girls,Oregon,Cross Country,214.0,2859.0
2012-13,Girls,Pennsylvania,Basketball,717.0,21510.0
2012-13,Girls,Pennsylvania,Bowling,142.0,1420.0
2012-13,Girls,Pennsylvania,Competitive Spirit Squads,105.0,1575.0
2012-13,Girls,Pennsylvania,Cross Country,560.0,11200.0
2012-13,Girls,Rhode Island,Basketball,51.0,1074.0
2012-13,Girls,Rhode Island,Bowling,,28.0
2012-13,Girls,Rhode Island,Competitive Spirit Squads,28.0,583.0
2012-13,Girls,Rhode Island,Cross Country,44.0,673.0
2012-13,Girls,South Carolina,Basketball,205.0,4821.0
2012-13,Girls,South Carolina,Bowling,,83.0
2012-13,Girls,South Carolina,Competitive Spirit Squads,83.0,2793.0
2012-13,Girls,South Carolina,Cross Country,156.0,2200.0
2012-13,Girls,South Dakota,Basketball,170.0,2771.0
2012-13,Girls,South Dakota,Bowling,,40.0
2012-13,Girls,South Dakota,Competitive Spirit Squads,40.0,654.0
2012-13,Girls,South Dakota,Cross Country,129.0,673.0
2012-13,Girls,Tennessee,Basketball,375.0,6133.0
2012-13,Girls,Tennessee,Bowling,150.0,1297.0
2012-13,Girls,Tennessee,Competitive Spirit Squads,,295.0
2012-13,Girls,Tennessee,Cross Country,295.0,3045.0
2012-13,Girls,Texas,Basketball,1303.0,69304.0
2012-13,Girls,Texas,Competitive Spirit Squads,,1270.0
2012-13,Girls,Texas,Cross Country,1270.0,27689.0
2012-13,Girls,Utah,Basketball,127.0,3030.0
2012-13,Girls,Utah,Competitive Spirit Squads,,122.0
2012-13,Girls,Utah,Cross Country,122.0,2167.0
2012-13,Girls,Vermont,Basketball,37.0,852.0
2012-13,Girls,Vermont,Bowling,5.0,28.0
2012-13,Girls,Vermont,Competitive Spirit Squads,13.0,183.0
2012-13,Girls,Vermont,Cross Country,34.0,353.0
2012-13,Girls,Virginia,Basketball,309.0,7571.0
2012-13,Girls,Virginia,Bowling,,220.0
2012-13,Girls,Virginia,Competitive Spirit Squads,220.0,4956.0
2012-13,Girls,Virginia,Cross Country,294.0,4845.0
2012-13,Girls,Washington,Basketball,380.0,8933.0
2012-13,Girls,Washington,Bowling,59.0,1019.0
2012-13,Girls,Washington,Competitive Spirit Squads,,289.0
2012-13,Girls,Washington,Cross Country,289.0,4569.0
2012-13,Girls,West Virginia,Basketball,124.0,2161.0
2012-13,Girls,West Virginia,Bowling,,123.0
2012-13,Girls,West Virginia,Competitive Spirit Squads,123.0,2030.0
2012-13,Girls,West Virginia,Cross Country,93.0,714.0
2012-13,Girls,Wisconsin,Basketball,476.0,11638.0
2012-13,Girls,Wisconsin,Competitive Spirit Squads,,393.0
2012-13,Girls,Wisconsin,Cross Country,393.0,6323.0
2012-13,Girls,Wyoming,Basketball,69.0,1633.0
2012-13,Girls,Wyoming,Bowling,,31.0
2012-13,Girls,Wyoming,Competitive Spirit Squads,31.0,546.0
2012-13,Girls,Wyoming,Cross Country,41.0,394.0
2012-13,Girls,Alabama,Football 11-player,,125.0
2012-13,Girls,Alabama,Golf,125.0,480.0
2012-13,Girls,Alaska,Field Hockey,,32.0
2012-13,Girls,Alaska,Football 11-player,32.0,23.0
2012-13,Girls,Alaska,Gymnastics,8.0,93.0
2012-13,Girls,Arizona,Field Hockey,,30.0
2012-13,Girls,Arizona,Football 11-player,30.0,82.0
2012-13,Girls,Arizona,Golf,136.0,949.0
2012-13,Girls,Arkansas,Football 11-player,5.0,16.0
2012-13,Girls,Arkansas,Golf,130.0,581.0
2012-13,Girls,Arkansas,Gymnastics,4.0,27.0
2012-13,Girls,California,Field Hockey,100.0,3431.0
2012-13,Girls,California,Football 11-player,137.0,232.0
2012-13,Girls,California,Golf,810.0,6985.0
2012-13,Girls,California,Gymnastics,64.0,1091.0
2012-13,Girls,Colorado,Field Hockey,16.0,563.0
2012-13,Girls,Colorado,Football 11-player,,44.0
2012-13,Girls,Colorado,Golf,143.0,1489.0
2012-13,Girls,Colorado,Gymnastics,43.0,633.0
2012-13,Girls,Connecticut,Field Hockey,80.0,3187.0
2012-13,Girls,Connecticut,Football 11-player,,21.0
2012-13,Girls,Connecticut,Golf,45.0,619.0
2012-13,Girls,Connecticut,Gymnastics,52.0,440.0
2012-13,Girls,Delaware,Field Hockey,47.0,1488.0
2012-13,Girls,Delaware,Football 11-player,,2.0
2012-13,Girls,Delaware,Golf,2.0,61.0
2012-13,Girls,Florida,Football 11-player,,33.0
2012-13,Girls,Florida,Golf,420.0,2426.0
2012-13,Girls,Georgia,Field Hockey,,19.0
2012-13,Girls,Georgia,Football 11-player,19.0,52.0
2012-13,Girls,Georgia,Golf,353.0,1848.0
2012-13,Girls,Georgia,Gymnastics,45.0,419.0
2012-13,Girls,Hawaii,Football 11-player,,12.0
2012-13,Girls,Hawaii,Golf,45.0,183.0
2012-13,Girls,Idaho,Football 11-player,5.0,6.0
2012-13,Girls,Idaho,Golf,80.0,524.0
2012-13,Girls,Illinois,Football 11-player,,396.0
2012-13,Girls,Illinois,Golf,396.0,3916.0
2012-13,Girls,Illinois,Gymnastics,76.0,1872.0
2012-13,Girls,Indiana,Football 11-player,,298.0
2012-13,Girls,Indiana,Golf,298.0,2439.0
2012-13,Girls,Indiana,Gymnastics,80.0,724.0
2012-13,Girls,Iowa,Field Hockey,,11.0
2012-13,Girls,Iowa,Football 11-player,11.0,30.0
2012-13,Girls,Iowa,Golf,326.0,3220.0
2012-13,Girls,Kansas,Football 11-player,,16.0
2012-13,Girls,Kansas,Golf,98.0,1031.0
2012-13,Girls,Kansas,Gymnastics,13.0,166.0
2012-13,Girls,Kentucky,Field Hockey,18.0,676.0
2012-13,Girls,Kentucky,Football 11-player,,54.0
2012-13,Girls,Kentucky,Golf,214.0,1338.0
2012-13,Girls,Louisiana,Football 11-player,,141.0
2012-13,Girls,Louisiana,Golf,141.0,248.0
2012-13,Girls,Louisiana,Gymnastics,42.0,165.0
2012-13,Girls,Maine,Field Hockey,83.0,2411.0
2012-13,Girls,Maine,Football 11-player,8.0,10.0
2012-13,Girls,Maine,Golf,58.0,129.0
2012-13,Girls,Maryland,Field Hockey,127.0,4135.0
2012-13,Girls,Maryland,Football 11-player,,26.0
2012-13,Girls,Maryland,Golf,108.0,262.0
2012-13,Girls,Maryland,Gymnastics,8.0,147.0
2012-13,Girls,Massachusetts,Field Hockey,216.0,7928.0
2012-13,Girls,Massachusetts,Football 11-player,,16.0
2012-13,Girls,Massachusetts,Golf,27.0,509.0
2012-13,Girls,Massachusetts,Gymnastics,92.0,1405.0
2012-13,Girls,Michigan,Field Hockey,27.0,907.0
2012-13,Girls,Michigan,Football 11-player,,43.0
2012-13,Girls,Michigan,Golf,319.0,3335.0
2012-13,Girls,Michigan,Gymnastics,61.0,675.0
2012-13,Girls,Minnesota,Football 11-player,,362.0
2012-13,Girls,Minnesota,Golf,362.0,4035.0
2012-13,Girls,Minnesota,Gymnastics,186.0,2534.0
2012-13,Girls,Mississippi,Football 11-player,,93.0
2012-13,Girls,Mississippi,Golf,93.0,451.0
2012-13,Girls,Missouri,Field Hockey,41.0,1094.0
2012-13,Girls,Missouri,Football 11-player,,174.0
2012-13,Girls,Missouri,Golf,174.0,1656.0
2012-13,Girls,Montana,Football 11-player,3.0,3.0
2012-13,Girls,Montana,Golf,89.0,521.0
2012-13,Girls,Nebraska,Football 11-player,,11.0
2012-13,Girls,Nebraska,Golf,135.0,1333.0
2012-13,Girls,Nevada,Football 11-player,,69.0
2012-13,Girls,Nevada,Golf,69.0,419.0
2012-13,Girls,New Hampshire,Field Hockey,56.0,1899.0
2012-13,Girls,New Hampshire,Football 11-player,,8.0
2012-13,Girls,New Hampshire,Golf,32.0,46.0
2012-13,Girls,New Hampshire,Gymnastics,29.0,198.0
2012-13,Girls,New Jersey,Field Hockey,222.0,8672.0
2012-13,Girls,New Jersey,Football 11-player,,21.0
2012-13,Girls,New Jersey,Golf,199.0,1333.0
2012-13,Girls,New Jersey,Gymnastics,77.0,1023.0
2012-13,Girls,New Mexico,Field Hockey,,100.0
2012-13,Girls,New Mexico,Football 11-player,100.0,27.0
2012-13,Girls,New Mexico,Golf,77.0,399.0
2012-13,Girls,New York,Field Hockey,230.0,7504.0
2012-13,Girls,New York,Football 11-player,,153.0
2012-13,Girls,New York,Golf,153.0,1811.0
2012-13,Girls,New York,Gymnastics,108.0,1625.0
2012-13,Girls,North Carolina,Field Hockey,51.0,1020.0
2012-13,Girls,North Carolina,Football 11-player,,267.0
2012-13,Girls,North Carolina,Golf,267.0,1232.0
2012-13,Girls,North Carolina,Gymnastics,36.0,192.0
2012-13,Girls,North Dakota,Football 11-player,3.0,6.0
2012-13,Girls,North Dakota,Golf,98.0,519.0
2012-13,Girls,North Dakota,Gymnastics,19.0,105.0
2012-13,Girls,Ohio,Field Hockey,40.0,975.0
2012-13,Girls,Ohio,Football 11-player,15.0,38.0
2012-13,Girls,Ohio,Golf,537.0,3148.0
2012-13,Girls,Ohio,Gymnastics,154.0,1116.0
2012-13,Girls,Oklahoma,Football 11-player,,421.0
2012-13,Girls,Oklahoma,Golf,156.0,1370.0
2012-13,Girls,Oregon,Football 11-player,,28.0
2012-13,Girls,Oregon,Golf,136.0,864.0
2012-13,Girls,Pennsylvania,Field Hockey,285.0,9975.0
2012-13,Girls,Pennsylvania,Football 11-player,,347.0
2012-13,Girls,Pennsylvania,Golf,347.0,3470.0
2012-13,Girls,Pennsylvania,Gymnastics,21.0,210.0
2012-13,Girls,Rhode Island,Field Hockey,21.0,606.0
2012-13,Girls,Rhode Island,Football 11-player,,11.0
2012-13,Girls,Rhode Island,Golf,1.0,96.0
2012-13,Girls,Rhode Island,Gymnastics,13.0,192.0
2012-13,Girls,South Carolina,Football 11-player,,90.0
2012-13,Girls,South Carolina,Golf,90.0,680.0
2012-13,Girls,South Dakota,Football 11-player,2.0,8.0
2012-13,Girls,South Dakota,Golf,116.0,701.0
2012-13,Girls,South Dakota,Gymnastics,29.0,269.0
2012-13,Girls,Tennessee,Football 11-player,,269.0
2012-13,Girls,Tennessee,Golf,269.0,927.0
2012-13,Girls,Texas,Football 11-player,,196.0
2012-13,Girls,Texas,Golf,1187.0,7683.0
2012-13,Girls,Utah,Football 11-player,,106.0
2012-13,Girls,Utah,Golf,106.0,1051.0
2012-13,Girls,Vermont,Field Hockey,20.0,630.0
2012-13,Girls,Vermont,Football 11-player,7.0,8.0
2012-13,Girls,Vermont,Golf,20.0,75.0
2012-13,Girls,Vermont,Gymnastics,10.0,80.0
2012-13,Girls,Virginia,Field Hockey,140.0,4782.0
2012-13,Girls,Virginia,Football 11-player,28.0,28.0
2012-13,Girls,Virginia,Golf,156.0,373.0
2012-13,Girls,Virginia,Gymnastics,80.0,935.0
2012-13,Girls,Washington,Football 11-player,,235.0
2012-13,Girls,Washington,Golf,235.0,2217.0
2012-13,Girls,Washington,Gymnastics,88.0,1887.0
2012-13,Girls,Wisconsin,Football 11-player,,149.0
2012-13,Girls,Wisconsin,Golf,149.0,1813.0
2012-13,Girls,Wisconsin,Gymnastics,78.0,1340.0
2012-13,Girls,Wyoming,Field Hockey,,55.0
2012-13,Girls,Wyoming,Football 11-player,55.0,1.0
2012-13,Girls,Wyoming,Golf,37.0,238.0
2012-13,Girls,Alaska,Ice Hockey,11.0,154.0
2012-13,Girls,Alaska,Skiing Alpine,,29.0
2012-13,Girls,Alaska,Skiing Cross Country,29.0,435.0
2012-13,Girls,California,Ice Hockey,11.0,249.0
2012-13,Girls,California,Lacrosse,182.0,5736.0
2012-13,Girls,California,Skiing Alpine,25.0,207.0
2012-13,Girls,California,Skiing Cross Country,5.0,18.0
2012-13,Girls,Colorado,Ice Hockey,,32.0
2012-13,Girls,Colorado,Lacrosse,50.0,1640.0
2012-13,Girls,Colorado,Skiing Alpine,14.0,118.0
2012-13,Girls,Colorado,Skiing Cross Country,14.0,89.0
2012-13,Girls,Connecticut,Ice Hockey,,6.0
2012-13,Girls,Connecticut,Lacrosse,88.0,3655.0
2012-13,Girls,Delaware,Ice Hockey,,29.0
2012-13,Girls,Delaware,Lacrosse,29.0,901.0
2012-13,Girls,Delaware,Skiing Alpine,7.0,97.0
2012-13,Girls,Florida,Ice Hockey,,141.0
2012-13,Girls,Florida,Lacrosse,141.0,3701.0
2012-13,Girls,Georgia,Ice Hockey,,77.0
2012-13,Girls,Georgia,Lacrosse,77.0,2593.0
2012-13,Girls,Illinois,Ice Hockey,,55.0
2012-13,Girls,Illinois,Lacrosse,55.0,405.0
2012-13,Girls,Kentucky,Ice Hockey,,12.0
2012-13,Girls,Kentucky,Lacrosse,12.0,405.0
2012-13,Girls,Maine,Ice Hockey,42.0,383.0
2012-13,Girls,Maine,Lacrosse,48.0,1507.0
2012-13,Girls,Maine,Skiing Alpine,43.0,273.0
2012-13,Girls,Maine,Skiing Cross Country,45.0,359.0
2012-13,Girls,Maryland,Ice Hockey,,138.0
2012-13,Girls,Maryland,Lacrosse,138.0,5497.0
2012-13,Girls,Massachusetts,Ice Hockey,125.0,2237.0
2012-13,Girls,Massachusetts,Lacrosse,187.0,7274.0
2012-13,Girls,Massachusetts,Skiing Alpine,73.0,849.0
2012-13,Girls,Massachusetts,Skiing Cross Country,21.0,340.0
2012-13,Girls,Michigan,Ice Hockey,22.0,318.0
2012-13,Girls,Michigan,Lacrosse,89.0,2502.0
2012-13,Girls,Michigan,Skiing Alpine,94.0,682.0
2012-13,Girls,Michigan,Skiing Cross Country,4.0,42.0
2012-13,Girls,Minnesota,Ice Hockey,246.0,3812.0
2012-13,Girls,Minnesota,Lacrosse,83.0,3354.0
2012-13,Girls,Minnesota,Skiing Alpine,117.0,805.0
2012-13,Girls,Minnesota,Skiing Cross Country,113.0,2287.0
2012-13,Girls,Missouri,Ice Hockey,,31.0
2012-13,Girls,Missouri,Lacrosse,31.0,1265.0
2012-13,Girls,Nevada,Lacrosse,,18.0
2012-13,Girls,Nevada,Skiing Alpine,18.0,153.0
2012-13,Girls,New Hampshire,Ice Hockey,9.0,242.0
2012-13,Girls,New Hampshire,Lacrosse,40.0,1491.0
2012-13,Girls,New Hampshire,Skiing Alpine,54.0,425.0
2012-13,Girls,New Hampshire,Skiing Cross Country,30.0,286.0
2012-13,Girls,New Jersey,Ice Hockey,17.0,183.0
2012-13,Girls,New Jersey,Lacrosse,189.0,8128.0
2012-13,Girls,New Jersey,Skiing Alpine,,17.0
2012-13,Girls,New Jersey,Skiing Cross Country,17.0,169.0
2012-13,Girls,New York,Ice Hockey,24.0,439.0
2012-13,Girls,New York,Lacrosse,298.0,11922.0
2012-13,Girls,New York,Skiing Alpine,84.0,706.0
2012-13,Girls,New York,Skiing Cross Country,32.0,398.0
2012-13,Girls,North Carolina,Ice Hockey,,58.0
2012-13,Girls,North Carolina,Lacrosse,58.0,1385.0
2012-13,Girls,North Dakota,Ice Hockey,17.0,195.0
2012-13,Girls,Ohio,Ice Hockey,14.0,22.0
2012-13,Girls,Ohio,Lacrosse,80.0,2860.0
2012-13,Girls,Ohio,Skiing Alpine,1.0,13.0
2012-13,Girls,Pennsylvania,Ice Hockey,,183.0
2012-13,Girls,Pennsylvania,Lacrosse,183.0,5856.0
2012-13,Girls,Rhode Island,Ice Hockey,19.0,244.0
2012-13,Girls,Rhode Island,Lacrosse,30.0,969.0
2012-13,Girls,South Carolina,Ice Hockey,,31.0
2012-13,Girls,South Carolina,Lacrosse,31.0,851.0
2012-13,Girls,Vermont,Ice Hockey,18.0,228.0
2012-13,Girls,Vermont,Lacrosse,18.0,538.0
2012-13,Girls,Vermont,Skiing Alpine,14.0,94.0
2012-13,Girls,Vermont,Skiing Cross Country,15.0,211.0
2012-13,Girls,Virginia,Ice Hockey,,74.0
2012-13,Girls,Virginia,Lacrosse,74.0,2806.0
2012-13,Girls,Wisconsin,Ice Hockey,33.0,703.0
2012-13,Girls,Wyoming,Lacrosse,,6.0
2012-13,Girls,Wyoming,Skiing Alpine,6.0,67.0
2012-13,Girls,Wyoming,Skiing Cross Country,7.0,90.0
2012-13,Girls,Alabama,Soccer,145.0,3320.0
2012-13,Girls,Alabama,Softball Slow Pitch,,387.0
2012-13,Girls,Alabama,Softball Fast Pitch,387.0,6190.0
2012-13,Girls,Alabama,Swimming and Diving,38.0,265.0
2012-13,Girls,Alaska,Soccer,36.0,882.0
2012-13,Girls,Alaska,Softball Slow Pitch,,30.0
2012-13,Girls,Alaska,Softball Fast Pitch,30.0,693.0
2012-13,Girls,Alaska,Swimming and Diving,38.0,502.0
2012-13,Girls,Arizona,Soccer,173.0,6181.0
2012-13,Girls,Arizona,Softball Slow Pitch,,230.0
2012-13,Girls,Arizona,Softball Fast Pitch,230.0,7105.0
2012-13,Girls,Arizona,Swimming and Diving,125.0,3469.0
2012-13,Girls,Arkansas,Soccer,70.0,1585.0
2012-13,Girls,Arkansas,Softball Slow Pitch,,186.0
2012-13,Girls,Arkansas,Softball Fast Pitch,186.0,3351.0
2012-13,Girls,Arkansas,Swimming and Diving,31.0,347.0
2012-13,Girls,California,Soccer,1236.0,43282.0
2012-13,Girls,California,Softball Slow Pitch,1.0,10.0
2012-13,Girls,California,Softball Fast Pitch,1198.0,32097.0
2012-13,Girls,California,Swimming and Diving,868.0,28280.0
2012-13,Girls,Colorado,Soccer,207.0,7595.0
2012-13,Girls,Colorado,Softball Slow Pitch,,164.0
2012-13,Girls,Colorado,Softball Fast Pitch,164.0,3965.0
2012-13,Girls,Colorado,Swimming and Diving,129.0,4298.0
2012-13,Girls,Connecticut,Soccer,158.0,5877.0
2012-13,Girls,Connecticut,Softball Slow Pitch,,175.0
2012-13,Girls,Connecticut,Softball Fast Pitch,175.0,4319.0
2012-13,Girls,Connecticut,Swimming and Diving,97.0,2833.0
2012-13,Girls,Delaware,Soccer,49.0,1606.0
2012-13,Girls,Delaware,Softball Slow Pitch,,44.0
2012-13,Girls,Delaware,Softball Fast Pitch,44.0,1126.0
2012-13,Girls,Delaware,Swimming and Diving,37.0,788.0
2012-13,Girls,Florida,Soccer,542.0,13664.0
2012-13,Girls,Florida,Softball Slow Pitch,,583.0
2012-13,Girls,Florida,Softball Fast Pitch,583.0,10756.0
2012-13,Girls,Florida,Swimming and Diving,443.0,7590.0
2012-13,Girls,Georgia,Soccer,369.0,9716.0
2012-13,Girls,Georgia,Softball Slow Pitch,13.0,249.0
2012-13,Girls,Georgia,Softball Fast Pitch,393.0,7991.0
2012-13,Girls,Georgia,Swimming and Diving,234.0,4163.0
2012-13,Girls,Hawaii,Soccer,54.0,1490.0
2012-13,Girls,Hawaii,Softball Slow Pitch,,55.0
2012-13,Girls,Hawaii,Softball Fast Pitch,55.0,1135.0
2012-13,Girls,Hawaii,Swimming and Diving,60.0,663.0
2012-13,Girls,Idaho,Soccer,83.0,1965.0
2012-13,Girls,Idaho,Softball Slow Pitch,,92.0
2012-13,Girls,Idaho,Softball Fast Pitch,92.0,2086.0
2012-13,Girls,Illinois,Soccer,400.0,16144.0
2012-13,Girls,Illinois,Softball Slow Pitch,,626.0
2012-13,Girls,Illinois,Softball Fast Pitch,626.0,16142.0
2012-13,Girls,Illinois,Swimming and Diving,248.0,6869.0
2012-13,Girls,Indiana,Soccer,258.0,6436.0
2012-13,Girls,Indiana,Softball Slow Pitch,,375.0
2012-13,Girls,Indiana,Softball Fast Pitch,375.0,8501.0
2012-13,Girls,Indiana,Swimming and Diving,237.0,4348.0
2012-13,Girls,Iowa,Soccer,135.0,4900.0
2012-13,Girls,Iowa,Softball Slow Pitch,,348.0
2012-13,Girls,Iowa,Softball Fast Pitch,348.0,8119.0
2012-13,Girls,Iowa,Swimming and Diving,53.0,1671.0
2012-13,Girls,Kansas,Soccer,90.0,3367.0
2012-13,Girls,Kansas,Softball Slow Pitch,,222.0
2012-13,Girls,Kansas,Softball Fast Pitch,222.0,5030.0
2012-13,Girls,Kansas,Swimming and Diving,78.0,1984.0
2012-13,Girls,Kentucky,Soccer,192.0,5551.0
2012-13,Girls,Kentucky,Softball Slow Pitch,,262.0
2012-13,Girls,Kentucky,Softball Fast Pitch,262.0,5754.0
2012-13,Girls,Kentucky,Swimming and Diving,133.0,2137.0
2012-13,Girls,Louisiana,Soccer,151.0,3758.0
2012-13,Girls,Louisiana,Softball Slow Pitch,,342.0
2012-13,Girls,Louisiana,Softball Fast Pitch,342.0,6316.0
2012-13,Girls,Louisiana,Swimming and Diving,140.0,1574.0
2012-13,Girls,Maine,Soccer,139.0,3895.0
2012-13,Girls,Maine,Softball Slow Pitch,,127.0
2012-13,Girls,Maine,Softball Fast Pitch,127.0,2794.0
2012-13,Girls,Maine,Swimming and Diving,60.0,975.0
2012-13,Girls,Maryland,Soccer,175.0,5985.0
2012-13,Girls,Maryland,Softball Slow Pitch,,194.0
2012-13,Girls,Maryland,Softball Fast Pitch,194.0,5407.0
2012-13,Girls,Maryland,Swimming and Diving,108.0,2204.0
2012-13,Girls,Massachusetts,Soccer,345.0,12920.0
2012-13,Girls,Massachusetts,Softball Slow Pitch,,348.0
2012-13,Girls,Massachusetts,Softball Fast Pitch,348.0,9655.0
2012-13,Girls,Massachusetts,Swimming and Diving,214.0,4282.0
2012-13,Girls,Michigan,Soccer,463.0,13588.0
2012-13,Girls,Michigan,Softball Slow Pitch,,622.0
2012-13,Girls,Michigan,Softball Fast Pitch,622.0,14491.0
2012-13,Girls,Michigan,Swimming and Diving,267.0,6061.0
2012-13,Girls,Minnesota,Soccer,225.0,8346.0
2012-13,Girls,Minnesota,Softball Slow Pitch,,415.0
2012-13,Girls,Minnesota,Softball Fast Pitch,415.0,12056.0
2012-13,Girls,Minnesota,Swimming and Diving,195.0,5516.0
2012-13,Girls,Mississippi,Soccer,134.0,2538.0
2012-13,Girls,Mississippi,Softball Slow Pitch,164.0,5812.0
2012-13,Girls,Mississippi,Softball Fast Pitch,203.0,4735.0
2012-13,Girls,Mississippi,Swimming and Diving,62.0,1843.0
2012-13,Girls,Missouri,Soccer,232.0,8057.0
2012-13,Girls,Missouri,Softball Slow Pitch,,531.0
2012-13,Girls,Missouri,Softball Fast Pitch,531.0,9979.0
2012-13,Girls,Missouri,Swimming and Diving,126.0,2968.0
2012-13,Girls,Montana,Soccer,30.0,842.0
2012-13,Girls,Montana,Softball Slow Pitch,,63.0
2012-13,Girls,Montana,Softball Fast Pitch,63.0,1157.0
2012-13,Girls,Montana,Swimming and Diving,19.0,254.0
2012-13,Girls,Nebraska,Soccer,76.0,2347.0
2012-13,Girls,Nebraska,Softball Slow Pitch,,135.0
2012-13,Girls,Nebraska,Softball Fast Pitch,135.0,2403.0
2012-13,Girls,Nebraska,Swimming and Diving,59.0,1039.0
2012-13,Girls,Nevada,Soccer,67.0,2339.0
2012-13,Girls,Nevada,Softball Slow Pitch,,86.0
2012-13,Girls,Nevada,Softball Fast Pitch,86.0,2154.0
2012-13,Girls,Nevada,Swimming and Diving,58.0,1279.0
2012-13,Girls,New Hampshire,Soccer,79.0,2598.0
2012-13,Girls,New Hampshire,Softball Slow Pitch,,83.0
2012-13,Girls,New Hampshire,Softball Fast Pitch,83.0,1981.0
2012-13,Girls,New Hampshire,Swimming and Diving,50.0,608.0
2012-13,Girls,New Jersey,Soccer,360.0,14032.0
2012-13,Girls,New Jersey,Softball Slow Pitch,,398.0
2012-13,Girls,New Jersey,Softball Fast Pitch,398.0,12467.0
2012-13,Girls,New Jersey,Swimming and Diving,246.0,6145.0
2012-13,Girls,New Mexico,Soccer,69.0,2068.0
2012-13,Girls,New Mexico,Softball Slow Pitch,,89.0
2012-13,Girls,New Mexico,Softball Fast Pitch,89.0,2305.0
2012-13,Girls,New Mexico,Swimming and Diving,43.0,697.0
2012-13,Girls,New York,Soccer,700.0,22727.0
2012-13,Girls,New York,Softball Slow Pitch,,716.0
2012-13,Girls,New York,Softball Fast Pitch,716.0,18211.0
2012-13,Girls,New York,Swimming and Diving,327.0,7854.0
2012-13,Girls,North Carolina,Soccer,358.0,12031.0
2012-13,Girls,North Carolina,Softball Slow Pitch,,376.0
2012-13,Girls,North Carolina,Softball Fast Pitch,376.0,8648.0
2012-13,Girls,North Carolina,Swimming and Diving,297.0,4657.0
2012-13,Girls,North Dakota,Soccer,15.0,586.0
2012-13,Girls,North Dakota,Softball Slow Pitch,,55.0
2012-13,Girls,North Dakota,Softball Fast Pitch,55.0,733.0
2012-13,Girls,North Dakota,Swimming and Diving,20.0,331.0
2012-13,Girls,Ohio,Soccer,532.0,14256.0
2012-13,Girls,Ohio,Softball Slow Pitch,3.0,358.0
2012-13,Girls,Ohio,Softball Fast Pitch,754.0,16329.0
2012-13,Girls,Ohio,Swimming and Diving,385.0,6353.0
2012-13,Girls,Oklahoma,Soccer,90.0,3548.0
2012-13,Girls,Oklahoma,Softball Slow Pitch,207.0,4435.0
2012-13,Girls,Oklahoma,Softball Fast Pitch,305.0,7182.0
2012-13,Girls,Oklahoma,Swimming and Diving,44.0,654.0
2012-13,Girls,Oregon,Soccer,268.0,5113.0
2012-13,Girls,Oregon,Softball Slow Pitch,,215.0
2012-13,Girls,Oregon,Softball Fast Pitch,215.0,4647.0
2012-13,Girls,Oregon,Swimming and Diving,118.0,2435.0
2012-13,Girls,Pennsylvania,Soccer,541.0,18935.0
2012-13,Girls,Pennsylvania,Softball Slow Pitch,,648.0
2012-13,Girls,Pennsylvania,Softball Fast Pitch,648.0,19440.0
2012-13,Girls,Pennsylvania,Swimming and Diving,325.0,9750.0
2012-13,Girls,Rhode Island,Soccer,47.0,1486.0
2012-13,Girls,Rhode Island,Softball Slow Pitch,,48.0
2012-13,Girls,Rhode Island,Softball Fast Pitch,48.0,1030.0
2012-13,Girls,Rhode Island,Swimming and Diving,28.0,617.0
2012-13,Girls,South Carolina,Soccer,142.0,4559.0
2012-13,Girls,South Carolina,Softball Slow Pitch,,196.0
2012-13,Girls,South Carolina,Softball Fast Pitch,196.0,4975.0
2012-13,Girls,South Carolina,Swimming and Diving,82.0,1405.0
2012-13,Girls,Tennessee,Soccer,273.0,6434.0
2012-13,Girls,Tennessee,Softball Slow Pitch,,347.0
2012-13,Girls,Tennessee,Softball Fast Pitch,347.0,5932.0
2012-13,Girls,Texas,Soccer,596.0,30470.0
2012-13,Girls,Texas,Softball Slow Pitch,,1091.0
2012-13,Girls,Texas,Softball Fast Pitch,1091.0,31424.0
2012-13,Girls,Texas,Swimming and Diving,482.0,8566.0
2012-13,Girls,Utah,Soccer,95.0,3050.0
2012-13,Girls,Utah,Softball Slow Pitch,,98.0
2012-13,Girls,Utah,Softball Fast Pitch,98.0,2211.0
2012-13,Girls,Utah,Swimming and Diving,83.0,1659.0
2012-13,Girls,Vermont,Soccer,41.0,1338.0
2012-13,Girls,Vermont,Softball Slow Pitch,,40.0
2012-13,Girls,Vermont,Softball Fast Pitch,40.0,834.0
2012-13,Girls,Virginia,Soccer,283.0,8773.0
2012-13,Girls,Virginia,Softball Slow Pitch,,296.0
2012-13,Girls,Virginia,Softball Fast Pitch,296.0,7655.0
2012-13,Girls,Virginia,Swimming and Diving,191.0,4191.0
2012-13,Girls,Washington,Soccer,276.0,9475.0
2012-13,Girls,Washington,Softball Slow Pitch,,314.0
2012-13,Girls,Washington,Softball Fast Pitch,314.0,7623.0
2012-13,Girls,Washington,Swimming and Diving,158.0,4318.0
2012-13,Girls,West Virginia,Soccer,74.0,1647.0
2012-13,Girls,West Virginia,Softball Slow Pitch,,120.0
2012-13,Girls,West Virginia,Softball Fast Pitch,120.0,2247.0
2012-13,Girls,West Virginia,Swimming and Diving,46.0,654.0
2012-13,Girls,Wisconsin,Soccer,249.0,9243.0
2012-13,Girls,Wisconsin,Softball Slow Pitch,,429.0
2012-13,Girls,Wisconsin,Softball Fast Pitch,429.0,10949.0
2012-13,Girls,Wisconsin,Swimming and Diving,139.0,4314.0
2012-13,Girls,Wyoming,Soccer,24.0,867.0
2012-13,Girls,Wyoming,Softball Fast Pitch,,25.0
2012-13,Girls,Wyoming,Swimming and Diving,25.0,560.0
2012-13,Girls,Wyoming,Softball Slow Pitch,,66.0
2012-13,Girls,Alabama,Tennis,166.0,1705.0
2012-13,Girls,Alabama,Track and Field Indoor,41.0,615.0
2012-13,Girls,Alabama,Track and Field Outdoor,307.0,4690.0
2012-13,Girls,Alabama,Volleyball,364.0,5470.0
2012-13,Girls,Alaska,Tennis,17.0,223.0
2012-13,Girls,Alaska,Track and Field Indoor,,59.0
2012-13,Girls,Alaska,Track and Field Outdoor,59.0,935.0
2012-13,Girls,Alaska,Volleyball,120.0,1944.0
2012-13,Girls,Arizona,Tennis,167.0,2772.0
2012-13,Girls,Arizona,Track and Field Indoor,,218.0
2012-13,Girls,Arizona,Track and Field Outdoor,218.0,6728.0
2012-13,Girls,Arizona,Volleyball,242.0,8115.0
2012-13,Girls,Arkansas,Tennis,93.0,882.0
2012-13,Girls,Arkansas,Track and Field Indoor,37.0,654.0
2012-13,Girls,Arkansas,Track and Field Outdoor,174.0,2620.0
2012-13,Girls,Arkansas,Volleyball,104.0,2032.0
2012-13,Girls,California,Tennis,997.0,22210.0
2012-13,Girls,California,Track and Field Indoor,,1140.0
2012-13,Girls,California,Track and Field Outdoor,1140.0,44200.0
2012-13,Girls,California,Volleyball,1316.0,40271.0
2012-13,Girls,Colorado,Tennis,143.0,4575.0
2012-13,Girls,Colorado,Track and Field Indoor,,296.0
2012-13,Girls,Colorado,Track and Field Outdoor,296.0,7094.0
2012-13,Girls,Colorado,Volleyball,329.0,9482.0
2012-13,Girls,Connecticut,Tennis,141.0,3332.0
2012-13,Girls,Connecticut,Track and Field Indoor,150.0,4673.0
2012-13,Girls,Connecticut,Track and Field Outdoor,168.0,6661.0
2012-13,Girls,Connecticut,Volleyball,157.0,4590.0
2012-13,Girls,Delaware,Tennis,35.0,595.0
2012-13,Girls,Delaware,Track and Field Indoor,36.0,802.0
2012-13,Girls,Delaware,Track and Field Outdoor,42.0,1203.0
2012-13,Girls,Delaware,Volleyball,49.0,1459.0
2012-13,Girls,Florida,Tennis,504.0,4872.0
2012-13,Girls,Florida,Track and Field Indoor,,571.0
2012-13,Girls,Florida,Track and Field Outdoor,571.0,12818.0
2012-13,Girls,Florida,Volleyball,645.0,13715.0
2012-13,Girls,Georgia,Track and Field Indoor,,411.0
2012-13,Girls,Georgia,Track and Field Outdoor,411.0,10264.0
2012-13,Girls,Georgia,Volleyball,312.0,7370.0
2012-13,Girls,Hawaii,Tennis,63.0,691.0
2012-13,Girls,Hawaii,Track and Field Indoor,,62.0
2012-13,Girls,Hawaii,Track and Field Outdoor,62.0,1313.0
2012-13,Girls,Hawaii,Volleyball,68.0,1616.0
2012-13,Girls,Idaho,Tennis,54.0,1055.0
2012-13,Girls,Idaho,Track and Field Indoor,,139.0
2012-13,Girls,Idaho,Track and Field Outdoor,139.0,3059.0
2012-13,Girls,Idaho,Volleyball,146.0,3598.0
2012-13,Girls,Illinois,Tennis,311.0,8159.0
2012-13,Girls,Illinois,Track and Field Indoor,,597.0
2012-13,Girls,Illinois,Track and Field Outdoor,597.0,19926.0
2012-13,Girls,Illinois,Volleyball,694.0,22329.0
2012-13,Girls,Indiana,Tennis,309.0,6090.0
2012-13,Girls,Indiana,Track and Field Indoor,,389.0
2012-13,Girls,Indiana,Track and Field Outdoor,389.0,9961.0
2012-13,Girls,Indiana,Volleyball,396.0,9704.0
2012-13,Girls,Iowa,Tennis,114.0,3352.0
2012-13,Girls,Iowa,Track and Field Indoor,,362.0
2012-13,Girls,Iowa,Track and Field Outdoor,362.0,9785.0
2012-13,Girls,Iowa,Volleyball,374.0,12266.0
2012-13,Girls,Kansas,Tennis,134.0,2625.0
2012-13,Girls,Kansas,Track and Field Indoor,,334.0
2012-13,Girls,Kansas,Track and Field Outdoor,334.0,7330.0
2012-13,Girls,Kansas,Volleyball,344.0,8617.0
2012-13,Girls,Kentucky,Tennis,214.0,2806.0
2012-13,Girls,Kentucky,Track and Field Indoor,,245.0
2012-13,Girls,Kentucky,Track and Field Outdoor,245.0,5476.0
2012-13,Girls,Kentucky,Volleyball,257.0,6260.0
2012-13,Girls,Louisiana,Tennis,172.0,1703.0
2012-13,Girls,Louisiana,Track and Field Indoor,236.0,1186.0
2012-13,Girls,Louisiana,Track and Field Outdoor,363.0,7024.0
2012-13,Girls,Louisiana,Volleyball,200.0,4100.0
2012-13,Girls,Maine,Tennis,,64.0
2012-13,Girls,Maine,Track and Field Indoor,64.0,1300.0
2012-13,Girls,Maine,Track and Field Outdoor,109.0,2432.0
2012-13,Girls,Maine,Volleyball,32.0,719.0
2012-13,Girls,Maryland,Tennis,178.0,2593.0
2012-13,Girls,Maryland,Track and Field Indoor,174.0,4746.0
2012-13,Girls,Maryland,Track and Field Outdoor,193.0,6287.0
2012-13,Girls,Maryland,Volleyball,190.0,5410.0
2012-13,Girls,Massachusetts,Tennis,273.0,4456.0
2012-13,Girls,Massachusetts,Track and Field Indoor,249.0,9066.0
2012-13,Girls,Massachusetts,Track and Field Outdoor,313.0,12517.0
2012-13,Girls,Massachusetts,Volleyball,279.0,8162.0
2012-13,Girls,Michigan,Tennis,343.0,9276.0
2012-13,Girls,Michigan,Track and Field Indoor,,650.0
2012-13,Girls,Michigan,Track and Field Outdoor,650.0,16983.0
2012-13,Girls,Michigan,Volleyball,706.0,19905.0
2012-13,Girls,Minnesota,Tennis,226.0,6517.0
2012-13,Girls,Minnesota,Track and Field Indoor,,435.0
2012-13,Girls,Minnesota,Track and Field Outdoor,435.0,15589.0
2012-13,Girls,Minnesota,Volleyball,453.0,15124.0
2012-13,Girls,Mississippi,Tennis,178.0,1831.0
2012-13,Girls,Mississippi,Track and Field Indoor,16.0,473.0
2012-13,Girls,Mississippi,Track and Field Outdoor,253.0,5399.0
2012-13,Girls,Mississippi,Volleyball,82.0,2088.0
2012-13,Girls,Missouri,Tennis,187.0,3883.0
2012-13,Girls,Missouri,Track and Field Indoor,,496.0
2012-13,Girls,Missouri,Track and Field Outdoor,496.0,11447.0
2012-13,Girls,Missouri,Volleyball,429.0,10363.0
2012-13,Girls,Montana,Tennis,56.0,1070.0
2012-13,Girls,Montana,Track and Field Indoor,,174.0
2012-13,Girls,Montana,Track and Field Outdoor,174.0,2420.0
2012-13,Girls,Montana,Volleyball,173.0,3629.0
2012-13,Girls,Nebraska,Tennis,65.0,1451.0
2012-13,Girls,Nebraska,Track and Field Indoor,,305.0
2012-13,Girls,Nebraska,Track and Field Outdoor,305.0,7166.0
2012-13,Girls,Nebraska,Volleyball,307.0,6977.0
2012-13,Girls,Nevada,Tennis,56.0,778.0
2012-13,Girls,Nevada,Track and Field Indoor,,93.0
2012-13,Girls,Nevada,Track and Field Outdoor,93.0,2957.0
2012-13,Girls,Nevada,Volleyball,101.0,2921.0
2012-13,Girls,New Hampshire,Tennis,,60.0
2012-13,Girls,New Hampshire,Track and Field Indoor,60.0,1260.0
2012-13,Girls,New Hampshire,Track and Field Outdoor,77.0,2155.0
2012-13,Girls,New Hampshire,Volleyball,60.0,1590.0
2012-13,Girls,New Jersey,Tennis,341.0,6864.0
2012-13,Girls,New Jersey,Track and Field Indoor,303.0,9746.0
2012-13,Girls,New Jersey,Track and Field Outdoor,372.0,16417.0
2012-13,Girls,New Jersey,Volleyball,267.0,8143.0
2012-13,Girls,New Mexico,Tennis,65.0,809.0
2012-13,Girls,New Mexico,Track and Field Indoor,,156.0
2012-13,Girls,New Mexico,Track and Field Outdoor,156.0,3299.0
2012-13,Girls,New Mexico,Volleyball,153.0,4001.0
2012-13,Girls,New York,Tennis,442.0,9502.0
2012-13,Girls,New York,Track and Field Indoor,409.0,12379.0
2012-13,Girls,New York,Track and Field Outdoor,647.0,21834.0
2012-13,Girls,New York,Volleyball,631.0,15788.0
2012-13,Girls,North Carolina,Tennis,347.0,4779.0
2012-13,Girls,North Carolina,Track and Field Indoor,248.0,3435.0
2012-13,Girls,North Carolina,Track and Field Outdoor,373.0,9908.0
2012-13,Girls,North Carolina,Volleyball,391.0,8972.0
2012-13,Girls,North Dakota,Tennis,18.0,406.0
2012-13,Girls,North Dakota,Track and Field Indoor,,146.0
2012-13,Girls,North Dakota,Track and Field Outdoor,146.0,1660.0
2012-13,Girls,North Dakota,Volleyball,159.0,3171.0
2012-13,Girls,Ohio,Tennis,426.0,6365.0
2012-13,Girls,Ohio,Track and Field Indoor,160.0,2390.0
2012-13,Girls,Ohio,Track and Field Outdoor,790.0,20975.0
2012-13,Girls,Ohio,Volleyball,801.0,18899.0
2012-13,Girls,Oklahoma,Tennis,81.0,1325.0
2012-13,Girls,Oklahoma,Track and Field Indoor,,250.0
2012-13,Girls,Oklahoma,Track and Field Outdoor,250.0,5042.0
2012-13,Girls,Oklahoma,Volleyball,90.0,3357.0
2012-13,Girls,Oregon,Tennis,124.0,2778.0
2012-13,Girls,Oregon,Track and Field Indoor,,266.0
2012-13,Girls,Oregon,Track and Field Outdoor,266.0,7127.0
2012-13,Girls,Oregon,Volleyball,278.0,7131.0
2012-13,Girls,Pennsylvania,Tennis,405.0,4860.0
2012-13,Girls,Pennsylvania,Track and Field Indoor,188.0,2820.0
2012-13,Girls,Pennsylvania,Track and Field Outdoor,603.0,24120.0
2012-13,Girls,Pennsylvania,Volleyball,576.0,10368.0
2012-13,Girls,Rhode Island,Tennis,42.0,809.0
2012-13,Girls,Rhode Island,Track and Field Indoor,39.0,1325.0
2012-13,Girls,Rhode Island,Track and Field Outdoor,40.0,1507.0
2012-13,Girls,Rhode Island,Volleyball,41.0,1044.0
2012-13,Girls,South Carolina,Tennis,138.0,2005.0
2012-13,Girls,South Carolina,Track and Field Indoor,,195.0
2012-13,Girls,South Carolina,Track and Field Outdoor,195.0,5856.0
2012-13,Girls,South Carolina,Volleyball,198.0,4884.0
2012-13,Girls,South Dakota,Tennis,20.0,261.0
2012-13,Girls,South Dakota,Track and Field Indoor,,167.0
2012-13,Girls,South Dakota,Track and Field Outdoor,167.0,2861.0
2012-13,Girls,South Dakota,Volleyball,163.0,3631.0
2012-13,Girls,Tennessee,Tennis,268.0,2799.0
2012-13,Girls,Tennessee,Track and Field Indoor,,269.0
2012-13,Girls,Tennessee,Track and Field Outdoor,269.0,5542.0
2012-13,Girls,Tennessee,Volleyball,314.0,6171.0
2012-13,Girls,Texas,Tennis,1159.0,18145.0
2012-13,Girls,Texas,Track and Field Indoor,,1308.0
2012-13,Girls,Texas,Track and Field Outdoor,1308.0,61088.0
2012-13,Girls,Texas,Volleyball,1096.0,44045.0
2012-13,Girls,Utah,Tennis,90.0,1839.0
2012-13,Girls,Utah,Track and Field Indoor,,121.0
2012-13,Girls,Utah,Track and Field Outdoor,121.0,4484.0
2012-13,Girls,Utah,Volleyball,127.0,2955.0
2012-13,Girls,Vermont,Tennis,20.0,301.0
2012-13,Girls,Vermont,Track and Field Indoor,17.0,201.0
2012-13,Girls,Vermont,Track and Field Outdoor,30.0,617.0
2012-13,Girls,Vermont,Volleyball,1.0,12.0
2012-13,Girls,Virginia,Tennis,261.0,3502.0
2012-13,Girls,Virginia,Track and Field Indoor,205.0,5652.0
2012-13,Girls,Virginia,Track and Field Outdoor,298.0,8669.0
2012-13,Girls,Virginia,Volleyball,300.0,7692.0
2012-13,Girls,Washington,Tennis,252.0,7207.0
2012-13,Girls,Washington,Track and Field Indoor,,336.0
2012-13,Girls,Washington,Track and Field Outdoor,336.0,9919.0
2012-13,Girls,Washington,Volleyball,378.0,10412.0
2012-13,Girls,West Virginia,Tennis,79.0,853.0
2012-13,Girls,West Virginia,Track and Field Indoor,,114.0
2012-13,Girls,West Virginia,Track and Field Outdoor,114.0,2433.0
2012-13,Girls,West Virginia,Volleyball,119.0,2273.0
2012-13,Girls,Wisconsin,Tennis,208.0,5817.0
2012-13,Girls,Wisconsin,Track and Field Indoor,,425.0
2012-13,Girls,Wisconsin,Track and Field Outdoor,425.0,11759.0
2012-13,Girls,Wisconsin,Volleyball,475.0,15481.0
2012-13,Girls,Wyoming,Tennis,16.0,337.0
2012-13,Girls,Wyoming,Track and Field Indoor,22.0,502.0
2012-13,Girls,Wyoming,Track and Field Outdoor,71.0,1280.0
2012-13,Girls,Wyoming,Volleyball,66.0,1804.0
2013-14,Girls,Alabama,Basketball,409.0,6184.0
2013-14,Girls,Alabama,Competitive Spirit Squads,,223.0
2013-14,Girls,Alabama,Cross Country,223.0,1361.0
2013-14,Girls,Alaska,Basketball,128.0,1830.0
2013-14,Girls,Alaska,Bowling,10.0,68.0
2013-14,Girls,Alaska,Competitive Spirit Squads,103.0,1228.0
2013-14,Girls,Alaska,Cross Country,111.0,769.0
2013-14,Girls,Arizona,Basketball,250.0,6626.0
2013-14,Girls,Arizona,Bowling,,193.0
2013-14,Girls,Arizona,Competitive Spirit Squads,193.0,6480.0
2013-14,Girls,Arizona,Cross Country,217.0,2909.0
2013-14,Girls,Arkansas,Basketball,263.0,4338.0
2013-14,Girls,Arkansas,Bowling,59.0,544.0
2013-14,Girls,Arkansas,Competitive Spirit Squads,82.0,1759.0
2013-14,Girls,Arkansas,Cross Country,138.0,1194.0
2013-14,Girls,California,Basketball,1326.0,33471.0
2013-14,Girls,California,Bowling,10.0,139.0
2013-14,Girls,California,Competitive Spirit Squads,310.0,8700.0
2013-14,Girls,California,Cross Country,1180.0,25190.0
2013-14,Girls,Colorado,Basketball,332.0,7236.0
2013-14,Girls,Colorado,Bowling,,190.0
2013-14,Girls,Colorado,Competitive Spirit Squads,190.0,4769.0
2013-14,Girls,Colorado,Cross Country,234.0,4221.0
2013-14,Girls,Connecticut,Basketball,184.0,4053.0
2013-14,Girls,Connecticut,Bowling,,154.0
2013-14,Girls,Connecticut,Competitive Spirit Squads,154.0,2710.0
2013-14,Girls,Connecticut,Cross Country,178.0,2846.0
2013-14,Girls,Delaware,Basketball,50.0,993.0
2013-14,Girls,Delaware,Bowling,,12.0
2013-14,Girls,Delaware,Competitive Spirit Squads,12.0,113.0
2013-14,Girls,Delaware,Cross Country,47.0,797.0
2013-14,Girls,Florida,Basketball,643.0,11220.0
2013-14,Girls,Florida,Bowling,190.0,1625.0
2013-14,Girls,Florida,Competitive Spirit Squads,235.0,5584.0
2013-14,Girls,Florida,Cross Country,566.0,7237.0
2013-14,Girls,Georgia,Basketball,431.0,9084.0
2013-14,Girls,Georgia,Bowling,,243.0
2013-14,Girls,Georgia,Competitive Spirit Squads,243.0,5107.0
2013-14,Girls,Georgia,Cross Country,400.0,6202.0
2013-14,Girls,Hawaii,Basketball,61.0,1213.0
2013-14,Girls,Hawaii,Bowling,54.0,405.0
2013-14,Girls,Hawaii,Competitive Spirit Squads,37.0,872.0
2013-14,Girls,Hawaii,Cross Country,72.0,722.0
2013-14,Girls,Idaho,Basketball,154.0,3170.0
2013-14,Girls,Idaho,Bowling,,83.0
2013-14,Girls,Idaho,Competitive Spirit Squads,83.0,1528.0
2013-14,Girls,Idaho,Cross Country,105.0,1344.0
2013-14,Girls,Illinois,Basketball,679.0,17560.0
2013-14,Girls,Illinois,Bowling,214.0,3017.0
2013-14,Girls,Illinois,Competitive Spirit Squads,288.0,7281.0
2013-14,Girls,Illinois,Cross Country,505.0,10961.0
2013-14,Girls,Indiana,Basketball,402.0,8280.0
2013-14,Girls,Indiana,Competitive Spirit Squads,,379.0
2013-14,Girls,Indiana,Cross Country,379.0,5003.0
2013-14,Girls,Iowa,Basketball,361.0,8026.0
2013-14,Girls,Iowa,Bowling,90.0,1274.0
2013-14,Girls,Iowa,Competitive Spirit Squads,,319.0
2013-14,Girls,Iowa,Cross Country,319.0,4609.0
2013-14,Girls,Kansas,Basketball,350.0,6827.0
2013-14,Girls,Kansas,Bowling,77.0,859.0
2013-14,Girls,Kansas,Competitive Spirit Squads,,252.0
2013-14,Girls,Kansas,Cross Country,252.0,2977.0
2013-14,Girls,Kentucky,Basketball,269.0,5447.0
2013-14,Girls,Kentucky,Bowling,89.0,820.0
2013-14,Girls,Kentucky,Competitive Spirit Squads,251.0,5328.0
2013-14,Girls,Kentucky,Cross Country,241.0,2911.0
2013-14,Girls,Louisiana,Basketball,373.0,5519.0
2013-14,Girls,Louisiana,Bowling,70.0,399.0
2013-14,Girls,Louisiana,Competitive Spirit Squads,,284.0
2013-14,Girls,Louisiana,Cross Country,284.0,2521.0
2013-14,Girls,Maine,Basketball,140.0,2915.0
2013-14,Girls,Maine,Bowling,7.0,29.0
2013-14,Girls,Maine,Competitive Spirit Squads,85.0,1628.0
2013-14,Girls,Maine,Cross Country,102.0,1091.0
2013-14,Girls,Maryland,Basketball,194.0,4665.0
2013-14,Girls,Maryland,Bowling,4.0,22.0
2013-14,Girls,Maryland,Competitive Spirit Squads,,186.0
2013-14,Girls,Maryland,Cross Country,186.0,2817.0
2013-14,Girls,Massachusetts,Basketball,360.0,10039.0
2013-14,Girls,Massachusetts,Competitive Spirit Squads,,328.0
2013-14,Girls,Massachusetts,Cross Country,328.0,5617.0
2013-14,Girls,Michigan,Basketball,676.0,16329.0
2013-14,Girls,Michigan,Bowling,326.0,2946.0
2013-14,Girls,Michigan,Competitive Spirit Squads,311.0,7120.0
2013-14,Girls,Michigan,Cross Country,591.0,8703.0
2013-14,Girls,Minnesota,Basketball,457.0,11697.0
2013-14,Girls,Minnesota,Competitive Spirit Squads,,354.0
2013-14,Girls,Minnesota,Cross Country,354.0,8688.0
2013-14,Girls,Mississippi,Basketball,259.0,8450.0
2013-14,Girls,Mississippi,Bowling,51.0,520.0
2013-14,Girls,Mississippi,Competitive Spirit Squads,125.0,3010.0
2013-14,Girls,Mississippi,Cross Country,150.0,1400.0
2013-14,Girls,Missouri,Basketball,548.0,10318.0
2013-14,Girls,Missouri,Bowling,6.0,17.0
2013-14,Girls,Missouri,Competitive Spirit Squads,,381.0
2013-14,Girls,Missouri,Cross Country,381.0,4195.0
2013-14,Girls,Montana,Basketball,176.0,3086.0
2013-14,Girls,Montana,Competitive Spirit Squads,,101.0
2013-14,Girls,Montana,Cross Country,101.0,931.0
2013-14,Girls,Nebraska,Basketball,304.0,6207.0
2013-14,Girls,Nebraska,Competitive Spirit Squads,,223.0
2013-14,Girls,Nebraska,Cross Country,223.0,2195.0
2013-14,Girls,Nevada,Basketball,96.0,2443.0
2013-14,Girls,Nevada,Bowling,34.0,272.0
2013-14,Girls,Nevada,Competitive Spirit Squads,,81.0
2013-14,Girls,Nevada,Cross Country,81.0,881.0
2013-14,Girls,New Hampshire,Basketball,86.0,1951.0
2013-14,Girls,New Hampshire,Bowling,11.0,59.0
2013-14,Girls,New Hampshire,Competitive Spirit Squads,76.0,1152.0
2013-14,Girls,New Hampshire,Cross Country,75.0,910.0
2013-14,Girls,New Jersey,Basketball,415.0,10701.0
2013-14,Girls,New Jersey,Bowling,217.0,2230.0
2013-14,Girls,New Jersey,Competitive Spirit Squads,,374.0
2013-14,Girls,New Jersey,Cross Country,374.0,6075.0
2013-14,Girls,New Mexico,Basketball,155.0,3720.0
2013-14,Girls,New Mexico,Bowling,23.0,216.0
2013-14,Girls,New Mexico,Competitive Spirit Squads,156.0,2449.0
2013-14,Girls,New Mexico,Cross Country,105.0,1371.0
2013-14,Girls,New York,Basketball,731.0,16997.0
2013-14,Girls,New York,Bowling,327.0,3445.0
2013-14,Girls,New York,Competitive Spirit Squads,430.0,567.0
2013-14,Girls,New York,Cross Country,567.0,7966.0
2013-14,Girls,North Carolina,Basketball,397.0,8696.0
2013-14,Girls,North Carolina,Bowling,,389.0
2013-14,Girls,North Carolina,Competitive Spirit Squads,389.0,374.0
2013-14,Girls,North Carolina,Cross Country,374.0,4741.0
2013-14,Girls,North Dakota,Basketball,158.0,2232.0
2013-14,Girls,North Dakota,Competitive Spirit Squads,,70.0
2013-14,Girls,North Dakota,Cross Country,70.0,517.0
2013-14,Girls,Ohio,Basketball,795.0,17298.0
2013-14,Girls,Ohio,Bowling,325.0,3210.0
2013-14,Girls,Ohio,Competitive Spirit Squads,128.0,2033.0
2013-14,Girls,Ohio,Cross Country,730.0,7998.0
2013-14,Girls,Oklahoma,Basketball,479.0,7974.0
2013-14,Girls,Oklahoma,Bowling,,60.0
2013-14,Girls,Oklahoma,Competitive Spirit Squads,60.0,5430.0
2013-14,Girls,Oklahoma,Cross Country,249.0,2680.0
2013-14,Girls,Oregon,Basketball,285.0,5923.0
2013-14,Girls,Oregon,Bowling,,152.0
2013-14,Girls,Oregon,Competitive Spirit Squads,152.0,2701.0
2013-14,Girls,Oregon,Cross Country,223.0,3053.0
2013-14,Girls,Pennsylvania,Basketball,711.0,21330.0
2013-14,Girls,Pennsylvania,Bowling,138.0,1380.0
2013-14,Girls,Pennsylvania,Competitive Spirit Squads,263.0,3945.0
2013-14,Girls,Pennsylvania,Cross Country,559.0,11200.0
2013-14,Girls,Rhode Island,Basketball,50.0,1022.0
2013-14,Girls,Rhode Island,Bowling,,29.0
2013-14,Girls,Rhode Island,Competitive Spirit Squads,29.0,508.0
2013-14,Girls,Rhode Island,Cross Country,44.0,705.0
2013-14,Girls,South Carolina,Basketball,207.0,4797.0
2013-14,Girls,South Carolina,Bowling,,84.0
2013-14,Girls,South Carolina,Competitive Spirit Squads,84.0,2956.0
2013-14,Girls,South Carolina,Cross Country,149.0,2332.0
2013-14,Girls,South Dakota,Basketball,172.0,2748.0
2013-14,Girls,South Dakota,Bowling,,38.0
2013-14,Girls,South Dakota,Competitive Spirit Squads,38.0,709.0
2013-14,Girls,South Dakota,Cross Country,133.0,766.0
2013-14,Girls,Tennessee,Basketball,379.0,6275.0
2013-14,Girls,Tennessee,Bowling,145.0,1193.0
2013-14,Girls,Tennessee,Competitive Spirit Squads,,297.0
2013-14,Girls,Tennessee,Cross Country,297.0,3199.0
2013-14,Girls,Texas,Basketball,1304.0,68564.0
2013-14,Girls,Texas,Competitive Spirit Squads,,1269.0
2013-14,Girls,Texas,Cross Country,1269.0,24042.0
2013-14,Girls,Utah,Basketball,127.0,2935.0
2013-14,Girls,Utah,Competitive Spirit Squads,,123.0
2013-14,Girls,Utah,Cross Country,123.0,2120.0
2013-14,Girls,Vermont,Basketball,48.0,1111.0
2013-14,Girls,Vermont,Bowling,7.0,23.0
2013-14,Girls,Vermont,Competitive Spirit Squads,8.0,99.0
2013-14,Girls,Vermont,Cross Country,42.0,511.0
2013-14,Girls,Virginia,Basketball,307.0,7784.0
2013-14,Girls,Virginia,Bowling,,223.0
2013-14,Girls,Virginia,Competitive Spirit Squads,223.0,5007.0
2013-14,Girls,Virginia,Cross Country,293.0,4922.0
2013-14,Girls,Washington,Basketball,370.0,8704.0
2013-14,Girls,Washington,Bowling,65.0,969.0
2013-14,Girls,Washington,Competitive Spirit Squads,,307.0
2013-14,Girls,Washington,Cross Country,307.0,4820.0
2013-14,Girls,West Virginia,Basketball,145.0,2143.0
2013-14,Girls,West Virginia,Bowling,,133.0
2013-14,Girls,West Virginia,Competitive Spirit Squads,133.0,2075.0
2013-14,Girls,West Virginia,Cross Country,97.0,770.0
2013-14,Girls,Wisconsin,Basketball,473.0,11206.0
2013-14,Girls,Wisconsin,Competitive Spirit Squads,,393.0
2013-14,Girls,Wisconsin,Cross Country,393.0,6490.0
2013-14,Girls,Wyoming,Basketball,70.0,1592.0
2013-14,Girls,Wyoming,Bowling,,34.0
2013-14,Girls,Wyoming,Competitive Spirit Squads,34.0,631.0
2013-14,Girls,Wyoming,Cross Country,41.0,386.0
2013-14,Girls,Alabama,Football 11-player,,178.0
2013-14,Girls,Alabama,Golf,178.0,684.0
2013-14,Girls,Alaska,Football 11-player,9.0,27.0
2013-14,Girls,Alaska,Golf,,12.0
2013-14,Girls,Alaska,Gymnastics,12.0,120.0
2013-14,Girls,Arizona,Field Hockey,,28.0
2013-14,Girls,Arizona,Football 11-player,28.0,109.0
2013-14,Girls,Arizona,Golf,163.0,965.0
2013-14,Girls,Arkansas,Field Hockey,,13.0
2013-14,Girls,Arkansas,Football 11-player,13.0,60.0
2013-14,Girls,Arkansas,Golf,156.0,695.0
2013-14,Girls,Arkansas,Gymnastics,4.0,73.0
2013-14,Girls,California,Field Hockey,97.0,3329.0
2013-14,Girls,California,Football 11-player,150.0,252.0
2013-14,Girls,California,Golf,816.0,6950.0
2013-14,Girls,California,Gymnastics,63.0,1076.0
2013-14,Girls,Colorado,Field Hockey,13.0,591.0
2013-14,Girls,Colorado,Football 11-player,,216.0
2013-14,Girls,Colorado,Golf,145.0,1495.0
2013-14,Girls,Colorado,Gymnastics,43.0,481.0
2013-14,Girls,Connecticut,Field Hockey,81.0,3229.0
2013-14,Girls,Connecticut,Football 11-player,,21.0
2013-14,Girls,Connecticut,Golf,47.0,642.0
2013-14,Girls,Connecticut,Gymnastics,54.0,443.0
2013-14,Girls,Delaware,Field Hockey,48.0,1500.0
2013-14,Girls,Delaware,Football 11-player,,2.0
2013-14,Girls,Delaware,Golf,2.0,70.0
2013-14,Girls,Florida,Football 11-player,,37.0
2013-14,Girls,Florida,Golf,428.0,2406.0
2013-14,Girls,Georgia,Field Hockey,,17.0
2013-14,Girls,Georgia,Football 11-player,17.0,38.0
2013-14,Girls,Georgia,Golf,347.0,1809.0
2013-14,Girls,Georgia,Gymnastics,54.0,472.0
2013-14,Girls,Hawaii,Football 11-player,,16.0
2013-14,Girls,Hawaii,Golf,45.0,215.0
2013-14,Girls,Idaho,Football 11-player,,84.0
2013-14,Girls,Idaho,Golf,84.0,540.0
2013-14,Girls,Illinois,Field Hockey,4.0,95.0
2013-14,Girls,Illinois,Football 11-player,,398.0
2013-14,Girls,Illinois,Golf,398.0,3880.0
2013-14,Girls,Illinois,Gymnastics,75.0,1912.0
2013-14,Girls,Indiana,Football 11-player,,288.0
2013-14,Girls,Indiana,Golf,288.0,2363.0
2013-14,Girls,Indiana,Gymnastics,73.0,677.0
2013-14,Girls,Iowa,Field Hockey,,11.0
2013-14,Girls,Iowa,Football 11-player,11.0,32.0
2013-14,Girls,Iowa,Golf,327.0,3148.0
2013-14,Girls,Kansas,Football 11-player,,22.0
2013-14,Girls,Kansas,Golf,97.0,1039.0
2013-14,Girls,Kansas,Gymnastics,13.0,156.0
2013-14,Girls,Kentucky,Field Hockey,20.0,735.0
2013-14,Girls,Kentucky,Football 11-player,,13.0
2013-14,Girls,Kentucky,Golf,214.0,1367.0
2013-14,Girls,Louisiana,Football 11-player,,156.0
2013-14,Girls,Louisiana,Golf,156.0,250.0
2013-14,Girls,Louisiana,Gymnastics,48.0,144.0
2013-14,Girls,Maine,Field Hockey,81.0,2361.0
2013-14,Girls,Maine,Football 11-player,8.0,11.0
2013-14,Girls,Maine,Golf,57.0,101.0
2013-14,Girls,Maryland,Field Hockey,125.0,3976.0
2013-14,Girls,Maryland,Football 11-player,,46.0
2013-14,Girls,Maryland,Golf,121.0,262.0
2013-14,Girls,Maryland,Gymnastics,8.0,122.0
2013-14,Girls,Massachusetts,Field Hockey,216.0,8007.0
2013-14,Girls,Massachusetts,Football 11-player,,26.0
2013-14,Girls,Massachusetts,Golf,33.0,528.0
2013-14,Girls,Massachusetts,Gymnastics,97.0,1286.0
2013-14,Girls,Michigan,Field Hockey,28.0,947.0
2013-14,Girls,Michigan,Football 11-player,,43.0
2013-14,Girls,Michigan,Golf,317.0,3427.0
2013-14,Girls,Michigan,Gymnastics,56.0,600.0
2013-14,Girls,Minnesota,Football 11-player,,5.0
2013-14,Girls,Minnesota,Golf,363.0,4206.0
2013-14,Girls,Minnesota,Gymnastics,195.0,2608.0
2013-14,Girls,Mississippi,Football 11-player,,98.0
2013-14,Girls,Mississippi,Golf,98.0,275.0
2013-14,Girls,Missouri,Field Hockey,30.0,1053.0
2013-14,Girls,Missouri,Football 11-player,,183.0
2013-14,Girls,Missouri,Golf,183.0,1755.0
2013-14,Girls,Montana,Football 11-player,3.0,3.0
2013-14,Girls,Montana,Golf,88.0,480.0
2013-14,Girls,Nebraska,Football 11-player,,17.0
2013-14,Girls,Nebraska,Golf,139.0,1306.0
2013-14,Girls,Nevada,Football 11-player,,67.0
2013-14,Girls,Nevada,Golf,67.0,431.0
2013-14,Girls,New Hampshire,Field Hockey,56.0,1823.0
2013-14,Girls,New Hampshire,Football 11-player,,7.0
2013-14,Girls,New Hampshire,Golf,24.0,47.0
2013-14,Girls,New Hampshire,Gymnastics,28.0,206.0
2013-14,Girls,New Jersey,Field Hockey,229.0,8516.0
2013-14,Girls,New Jersey,Football 11-player,,197.0
2013-14,Girls,New Jersey,Golf,199.0,1288.0
2013-14,Girls,New Jersey,Gymnastics,83.0,1219.0
2013-14,Girls,New Mexico,Field Hockey,,127.0
2013-14,Girls,New Mexico,Football 11-player,127.0,30.0
2013-14,Girls,New Mexico,Golf,63.0,377.0
2013-14,Girls,New York,Field Hockey,230.0,7504.0
2013-14,Girls,New York,Football 11-player,,153.0
2013-14,Girls,New York,Golf,153.0,1811.0
2013-14,Girls,New York,Gymnastics,108.0,1625.0
2013-14,Girls,North Carolina,Field Hockey,23.0,460.0
2013-14,Girls,North Carolina,Football 11-player,,280.0
2013-14,Girls,North Carolina,Golf,280.0,1292.0
2013-14,Girls,North Carolina,Gymnastics,38.0,203.0
2013-14,Girls,North Dakota,Football 11-player,3.0,6.0
2013-14,Girls,North Dakota,Golf,93.0,501.0
2013-14,Girls,North Dakota,Gymnastics,17.0,105.0
2013-14,Girls,Ohio,Field Hockey,40.0,977.0
2013-14,Girls,Ohio,Football 11-player,18.0,105.0
2013-14,Girls,Ohio,Golf,510.0,3084.0
2013-14,Girls,Ohio,Gymnastics,146.0,1061.0
2013-14,Girls,Oklahoma,Field Hockey,,17.0
2013-14,Girls,Oklahoma,Football 11-player,17.0,100.0
2013-14,Girls,Oklahoma,Golf,218.0,1306.0
2013-14,Girls,Oregon,Football 11-player,,43.0
2013-14,Girls,Oregon,Golf,163.0,878.0
2013-14,Girls,Pennsylvania,Field Hockey,284.0,9940.0
2013-14,Girls,Pennsylvania,Football 11-player,,358.0
2013-14,Girls,Pennsylvania,Golf,358.0,3580.0
2013-14,Girls,Pennsylvania,Gymnastics,21.0,210.0
2013-14,Girls,Rhode Island,Field Hockey,22.0,650.0
2013-14,Girls,Rhode Island,Football 11-player,,6.0
2013-14,Girls,Rhode Island,Golf,1.0,96.0
2013-14,Girls,Rhode Island,Gymnastics,12.0,169.0
2013-14,Girls,South Carolina,Football 11-player,,92.0
2013-14,Girls,South Carolina,Golf,92.0,711.0
2013-14,Girls,South Dakota,Football 11-player,2.0,4.0
2013-14,Girls,South Dakota,Golf,116.0,660.0
2013-14,Girls,South Dakota,Gymnastics,30.0,272.0
2013-14,Girls,Tennessee,Football 11-player,,267.0
2013-14,Girls,Tennessee,Golf,267.0,934.0
2013-14,Girls,Texas,Football 11-player,,179.0
2013-14,Girls,Texas,Golf,1170.0,8577.0
2013-14,Girls,Utah,Football 11-player,,104.0
2013-14,Girls,Utah,Golf,104.0,1033.0
2013-14,Girls,Vermont,Field Hockey,28.0,898.0
2013-14,Girls,Vermont,Football 11-player,4.0,4.0
2013-14,Girls,Vermont,Golf,25.0,94.0
2013-14,Girls,Vermont,Gymnastics,10.0,82.0
2013-14,Girls,Virginia,Field Hockey,140.0,4746.0
2013-14,Girls,Virginia,Football 11-player,36.0,36.0
2013-14,Girls,Virginia,Golf,165.0,457.0
2013-14,Girls,Virginia,Gymnastics,75.0,900.0
2013-14,Girls,Washington,Football 11-player,,254.0
2013-14,Girls,Washington,Golf,254.0,2075.0
2013-14,Girls,Washington,Gymnastics,84.0,1758.0
2013-14,Girls,West Virginia,Football 11-player,,9.0
2013-14,Girls,West Virginia,Golf,9.0,16.0
2013-14,Girls,Wisconsin,Football 11-player,,151.0
2013-14,Girls,Wisconsin,Golf,151.0,1835.0
2013-14,Girls,Wisconsin,Gymnastics,79.0,1251.0
2013-14,Girls,Wyoming,Football 11-player,2.0,2.0
2013-14,Girls,Wyoming,Golf,39.0,211.0
2013-14,Girls,Alaska,Ice Hockey,11.0,53.0
2013-14,Girls,Alaska,Lacrosse,,26.0
2013-14,Girls,Alaska,Skiing Alpine,26.0,419.0
2013-14,Girls,California,Ice Hockey,8.0,48.0
2013-14,Girls,California,Lacrosse,193.0,6039.0
2013-14,Girls,California,Skiing Alpine,5.0,16.0
2013-14,Girls,California,Skiing Cross Country,28.0,206.0
2013-14,Girls,Colorado,Ice Hockey,,7.0
2013-14,Girls,Colorado,Lacrosse,50.0,1590.0
2013-14,Girls,Colorado,Skiing Alpine,14.0,76.0
2013-14,Girls,Colorado,Skiing Cross Country,14.0,117.0
2013-14,Girls,Connecticut,Ice Hockey,,7.0
2013-14,Girls,Connecticut,Lacrosse,89.0,3682.0
2013-14,Girls,Delaware,Ice Hockey,,31.0
2013-14,Girls,Delaware,Lacrosse,31.0,847.0
2013-14,Girls,Delaware,Skiing Cross Country,7.0,14.0
2013-14,Girls,Florida,Ice Hockey,,152.0
2013-14,Girls,Florida,Lacrosse,152.0,4256.0
2013-14,Girls,Georgia,Ice Hockey,,84.0
2013-14,Girls,Georgia,Lacrosse,84.0,2719.0
2013-14,Girls,Illinois,Ice Hockey,,55.0
2013-14,Girls,Illinois,Lacrosse,55.0,405.0
2013-14,Girls,Kentucky,Ice Hockey,,15.0
2013-14,Girls,Kentucky,Lacrosse,15.0,541.0
2013-14,Girls,Maine,Ice Hockey,46.0,378.0
2013-14,Girls,Maine,Lacrosse,50.0,1482.0
2013-14,Girls,Maine,Skiing Alpine,47.0,302.0
2013-14,Girls,Maine,Skiing Cross Country,46.0,248.0
2013-14,Girls,Maryland,Ice Hockey,,139.0
2013-14,Girls,Maryland,Lacrosse,139.0,5137.0
2013-14,Girls,Massachusetts,Ice Hockey,137.0,2157.0
2013-14,Girls,Massachusetts,Lacrosse,196.0,7518.0
2013-14,Girls,Massachusetts,Skiing Alpine,20.0,399.0
2013-14,Girls,Massachusetts,Skiing Cross Country,72.0,954.0
2013-14,Girls,Michigan,Ice Hockey,15.0,269.0
2013-14,Girls,Michigan,Lacrosse,86.0,2540.0
2013-14,Girls,Michigan,Skiing Alpine,4.0,26.0
2013-14,Girls,Michigan,Skiing Cross Country,78.0,662.0
2013-14,Girls,Minnesota,Ice Hockey,245.0,3784.0
2013-14,Girls,Minnesota,Lacrosse,87.0,3525.0
2013-14,Girls,Minnesota,Skiing Alpine,113.0,2403.0
2013-14,Girls,Minnesota,Skiing Cross Country,119.0,831.0
2013-14,Girls,Missouri,Ice Hockey,,31.0
2013-14,Girls,Missouri,Lacrosse,31.0,1256.0
2013-14,Girls,Nevada,Skiing Alpine,,19.0
2013-14,Girls,Nevada,Skiing Cross Country,19.0,159.0
2013-14,Girls,New Hampshire,Ice Hockey,11.0,231.0
2013-14,Girls,New Hampshire,Lacrosse,47.0,1558.0
2013-14,Girls,New Hampshire,Skiing Alpine,29.0,278.0
2013-14,Girls,New Hampshire,Skiing Cross Country,52.0,403.0
2013-14,Girls,New Jersey,Ice Hockey,19.0,203.0
2013-14,Girls,New Jersey,Lacrosse,199.0,9573.0
2013-14,Girls,New Jersey,Skiing Alpine,44.0,117.0
2013-14,Girls,New York,Ice Hockey,24.0,439.0
2013-14,Girls,New York,Lacrosse,298.0,11922.0
2013-14,Girls,New York,Skiing Alpine,32.0,398.0
2013-14,Girls,New York,Skiing Cross Country,84.0,706.0
2013-14,Girls,North Carolina,Ice Hockey,,70.0
2013-14,Girls,North Carolina,Lacrosse,70.0,1672.0
2013-14,Girls,North Dakota,Ice Hockey,18.0,221.0
2013-14,Girls,Ohio,Ice Hockey,12.0,22.0
2013-14,Girls,Ohio,Lacrosse,86.0,3035.0
2013-14,Girls,Ohio,Skiing Cross Country,1.0,12.0
2013-14,Girls,Pennsylvania,Ice Hockey,,199.0
2013-14,Girls,Pennsylvania,Lacrosse,199.0,6368.0
2013-14,Girls,Rhode Island,Ice Hockey,10.0,245.0
2013-14,Girls,Rhode Island,Lacrosse,31.0,1051.0
2013-14,Girls,South Carolina,Ice Hockey,,33.0
2013-14,Girls,South Carolina,Lacrosse,33.0,992.0
2013-14,Girls,Vermont,Ice Hockey,22.0,247.0
2013-14,Girls,Vermont,Lacrosse,25.0,712.0
2013-14,Girls,Vermont,Skiing Alpine,24.0,351.0
2013-14,Girls,Vermont,Skiing Cross Country,19.0,164.0
2013-14,Girls,Virginia,Ice Hockey,,90.0
2013-14,Girls,Virginia,Lacrosse,90.0,3258.0
2013-14,Girls,Wisconsin,Ice Hockey,34.0,839.0
2013-14,Girls,Wyoming,Lacrosse,,7.0
2013-14,Girls,Wyoming,Skiing Alpine,7.0,78.0
2013-14,Girls,Wyoming,Skiing Cross Country,6.0,65.0
2013-14,Girls,Alabama,Soccer,144.0,3291.0
2013-14,Girls,Alabama,Softball Slow Pitch,,400.0
2013-14,Girls,Alabama,Softball Fast Pitch,400.0,6206.0
2013-14,Girls,Alabama,Swimming and Diving,36.0,268.0
2013-14,Girls,Alaska,Soccer,35.0,930.0
2013-14,Girls,Alaska,Softball Slow Pitch,,29.0
2013-14,Girls,Alaska,Softball Fast Pitch,29.0,622.0
2013-14,Girls,Alaska,Swimming and Diving,33.0,506.0
2013-14,Girls,Arizona,Soccer,175.0,6353.0
2013-14,Girls,Arizona,Softball Slow Pitch,,236.0
2013-14,Girls,Arizona,Softball Fast Pitch,236.0,6978.0
2013-14,Girls,Arizona,Swimming and Diving,186.0,3332.0
2013-14,Girls,Arkansas,Soccer,85.0,1959.0
2013-14,Girls,Arkansas,Softball Slow Pitch,5.0,106.0
2013-14,Girls,Arkansas,Softball Fast Pitch,233.0,4300.0
2013-14,Girls,Arkansas,Swimming and Diving,41.0,405.0
2013-14,Girls,California,Soccer,1239.0,43819.0
2013-14,Girls,California,Softball Slow Pitch,,59.0
2013-14,Girls,California,Softball Fast Pitch,1198.0,32239.0
2013-14,Girls,California,Swimming and Diving,872.0,28496.0
2013-14,Girls,Colorado,Soccer,207.0,7589.0
2013-14,Girls,Colorado,Softball Slow Pitch,,164.0
2013-14,Girls,Colorado,Softball Fast Pitch,164.0,3884.0
2013-14,Girls,Colorado,Swimming and Diving,129.0,4098.0
2013-14,Girls,Connecticut,Soccer,163.0,5785.0
2013-14,Girls,Connecticut,Softball Slow Pitch,,176.0
2013-14,Girls,Connecticut,Softball Fast Pitch,176.0,4314.0
2013-14,Girls,Connecticut,Swimming and Diving,101.0,2800.0
2013-14,Girls,Delaware,Soccer,49.0,1549.0
2013-14,Girls,Delaware,Softball Slow Pitch,,45.0
2013-14,Girls,Delaware,Softball Fast Pitch,45.0,1042.0
2013-14,Girls,Delaware,Swimming and Diving,38.0,785.0
2013-14,Girls,Florida,Soccer,550.0,15400.0
2013-14,Girls,Florida,Softball Slow Pitch,,588.0
2013-14,Girls,Florida,Softball Fast Pitch,588.0,11685.0
2013-14,Girls,Florida,Swimming and Diving,449.0,8200.0
2013-14,Girls,Georgia,Soccer,370.0,9725.0
2013-14,Girls,Georgia,Softball Slow Pitch,13.0,245.0
2013-14,Girls,Georgia,Softball Fast Pitch,394.0,7935.0
2013-14,Girls,Georgia,Swimming and Diving,235.0,4195.0
2013-14,Girls,Hawaii,Soccer,54.0,1674.0
2013-14,Girls,Hawaii,Softball Slow Pitch,,55.0
2013-14,Girls,Hawaii,Softball Fast Pitch,55.0,1347.0
2013-14,Girls,Hawaii,Swimming and Diving,60.0,652.0
2013-14,Girls,Idaho,Soccer,71.0,1964.0
2013-14,Girls,Idaho,Softball Slow Pitch,,95.0
2013-14,Girls,Idaho,Softball Fast Pitch,95.0,2164.0
2013-14,Girls,Illinois,Soccer,404.0,16011.0
2013-14,Girls,Illinois,Softball Slow Pitch,,622.0
2013-14,Girls,Illinois,Softball Fast Pitch,622.0,15729.0
2013-14,Girls,Illinois,Swimming and Diving,251.0,6628.0
2013-14,Girls,Indiana,Soccer,258.0,6484.0
2013-14,Girls,Indiana,Softball Slow Pitch,,374.0
2013-14,Girls,Indiana,Softball Fast Pitch,374.0,8494.0
2013-14,Girls,Indiana,Swimming and Diving,236.0,4249.0
2013-14,Girls,Iowa,Soccer,139.0,5249.0
2013-14,Girls,Iowa,Softball Slow Pitch,,347.0
2013-14,Girls,Iowa,Softball Fast Pitch,347.0,8201.0
2013-14,Girls,Iowa,Swimming and Diving,90.0,1710.0
2013-14,Girls,Kansas,Soccer,91.0,3511.0
2013-14,Girls,Kansas,Softball Slow Pitch,,225.0
2013-14,Girls,Kansas,Softball Fast Pitch,225.0,4992.0
2013-14,Girls,Kansas,Swimming and Diving,75.0,1883.0
2013-14,Girls,Kentucky,Soccer,188.0,5566.0
2013-14,Girls,Kentucky,Softball Slow Pitch,,262.0
2013-14,Girls,Kentucky,Softball Fast Pitch,262.0,5886.0
2013-14,Girls,Kentucky,Swimming and Diving,132.0,2327.0
2013-14,Girls,Louisiana,Soccer,153.0,3824.0
2013-14,Girls,Louisiana,Softball Slow Pitch,,336.0
2013-14,Girls,Louisiana,Softball Fast Pitch,336.0,6344.0
2013-14,Girls,Louisiana,Swimming and Diving,145.0,1483.0
2013-14,Girls,Maine,Soccer,135.0,3769.0
2013-14,Girls,Maine,Softball Slow Pitch,,128.0
2013-14,Girls,Maine,Softball Fast Pitch,128.0,2791.0
2013-14,Girls,Maine,Swimming and Diving,61.0,971.0
2013-14,Girls,Maryland,Soccer,176.0,5840.0
2013-14,Girls,Maryland,Softball Slow Pitch,,185.0
2013-14,Girls,Maryland,Softball Fast Pitch,185.0,4905.0
2013-14,Girls,Maryland,Swimming and Diving,106.0,2116.0
2013-14,Girls,Massachusetts,Soccer,348.0,12889.0
2013-14,Girls,Massachusetts,Softball Slow Pitch,,351.0
2013-14,Girls,Massachusetts,Softball Fast Pitch,351.0,9778.0
2013-14,Girls,Massachusetts,Swimming and Diving,219.0,4205.0
2013-14,Girls,Michigan,Soccer,466.0,13667.0
2013-14,Girls,Michigan,Softball Slow Pitch,,569.0
2013-14,Girls,Michigan,Softball Fast Pitch,569.0,13443.0
2013-14,Girls,Michigan,Swimming and Diving,260.0,6072.0
2013-14,Girls,Minnesota,Soccer,230.0,7835.0
2013-14,Girls,Minnesota,Softball Slow Pitch,,418.0
2013-14,Girls,Minnesota,Softball Fast Pitch,418.0,12737.0
2013-14,Girls,Minnesota,Swimming and Diving,199.0,5749.0
2013-14,Girls,Mississippi,Soccer,135.0,2640.0
2013-14,Girls,Mississippi,Softball Slow Pitch,155.0,2300.0
2013-14,Girls,Mississippi,Softball Fast Pitch,205.0,4798.0
2013-14,Girls,Mississippi,Swimming and Diving,68.0,1675.0
2013-14,Girls,Missouri,Soccer,233.0,8173.0
2013-14,Girls,Missouri,Softball Slow Pitch,,524.0
2013-14,Girls,Missouri,Softball Fast Pitch,524.0,9956.0
2013-14,Girls,Missouri,Swimming and Diving,129.0,2990.0
2013-14,Girls,Montana,Soccer,29.0,828.0
2013-14,Girls,Montana,Softball Slow Pitch,,62.0
2013-14,Girls,Montana,Softball Fast Pitch,62.0,1107.0
2013-14,Girls,Montana,Swimming and Diving,19.0,328.0
2013-14,Girls,Nebraska,Soccer,69.0,2473.0
2013-14,Girls,Nebraska,Softball Slow Pitch,,139.0
2013-14,Girls,Nebraska,Softball Fast Pitch,139.0,2504.0
2013-14,Girls,Nebraska,Swimming and Diving,59.0,1041.0
2013-14,Girls,Nevada,Soccer,69.0,2293.0
2013-14,Girls,Nevada,Softball Slow Pitch,,85.0
2013-14,Girls,Nevada,Softball Fast Pitch,85.0,2133.0
2013-14,Girls,Nevada,Swimming and Diving,58.0,1336.0
2013-14,Girls,New Hampshire,Soccer,79.0,2685.0
2013-14,Girls,New Hampshire,Softball Slow Pitch,,84.0
2013-14,Girls,New Hampshire,Softball Fast Pitch,84.0,1983.0
2013-14,Girls,New Hampshire,Swimming and Diving,49.0,706.0
2013-14,Girls,New Jersey,Soccer,371.0,14968.0
2013-14,Girls,New Jersey,Softball Slow Pitch,,406.0
2013-14,Girls,New Jersey,Softball Fast Pitch,406.0,12749.0
2013-14,Girls,New Jersey,Swimming and Diving,256.0,6441.0
2013-14,Girls,New Mexico,Soccer,70.0,2228.0
2013-14,Girls,New Mexico,Softball Slow Pitch,,91.0
2013-14,Girls,New Mexico,Softball Fast Pitch,91.0,2557.0
2013-14,Girls,New Mexico,Swimming and Diving,44.0,640.0
2013-14,Girls,New York,Soccer,700.0,22727.0
2013-14,Girls,New York,Softball Slow Pitch,,716.0
2013-14,Girls,New York,Softball Fast Pitch,716.0,18211.0
2013-14,Girls,New York,Swimming and Diving,327.0,7854.0
2013-14,Girls,North Carolina,Soccer,359.0,12031.0
2013-14,Girls,North Carolina,Softball Slow Pitch,,387.0
2013-14,Girls,North Carolina,Softball Fast Pitch,387.0,8901.0
2013-14,Girls,North Carolina,Swimming and Diving,305.0,4782.0
2013-14,Girls,North Dakota,Soccer,19.0,535.0
2013-14,Girls,North Dakota,Softball Slow Pitch,,62.0
2013-14,Girls,North Dakota,Softball Fast Pitch,62.0,771.0
2013-14,Girls,North Dakota,Swimming and Diving,20.0,334.0
2013-14,Girls,Ohio,Soccer,530.0,14200.0
2013-14,Girls,Ohio,Softball Slow Pitch,5.0,340.0
2013-14,Girls,Ohio,Softball Fast Pitch,761.0,16421.0
2013-14,Girls,Ohio,Swimming and Diving,380.0,6253.0
2013-14,Girls,Oklahoma,Soccer,130.0,3428.0
2013-14,Girls,Oklahoma,Softball Slow Pitch,301.0,4502.0
2013-14,Girls,Oklahoma,Softball Fast Pitch,418.0,7201.0
2013-14,Girls,Oklahoma,Swimming and Diving,65.0,714.0
2013-14,Girls,Oregon,Soccer,168.0,5137.0
2013-14,Girls,Oregon,Softball Slow Pitch,,219.0
2013-14,Girls,Oregon,Softball Fast Pitch,219.0,4604.0
2013-14,Girls,Oregon,Swimming and Diving,127.0,2374.0
2013-14,Girls,Pennsylvania,Soccer,536.0,18760.0
2013-14,Girls,Pennsylvania,Softball Slow Pitch,,639.0
2013-14,Girls,Pennsylvania,Softball Fast Pitch,639.0,19170.0
2013-14,Girls,Pennsylvania,Swimming and Diving,325.0,9750.0
2013-14,Girls,Rhode Island,Soccer,47.0,1471.0
2013-14,Girls,Rhode Island,Softball Slow Pitch,,48.0
2013-14,Girls,Rhode Island,Softball Fast Pitch,48.0,1044.0
2013-14,Girls,Rhode Island,Swimming and Diving,27.0,567.0
2013-14,Girls,South Carolina,Soccer,147.0,4583.0
2013-14,Girls,South Carolina,Softball Slow Pitch,,199.0
2013-14,Girls,South Carolina,Softball Fast Pitch,199.0,4943.0
2013-14,Girls,South Carolina,Swimming and Diving,82.0,1406.0
2013-14,Girls,South Dakota,Soccer,9.0,222.0
2013-14,Girls,Tennessee,Soccer,284.0,6584.0
2013-14,Girls,Tennessee,Softball Slow Pitch,,361.0
2013-14,Girls,Tennessee,Softball Fast Pitch,361.0,6363.0
2013-14,Girls,Texas,Soccer,582.0,28909.0
2013-14,Girls,Texas,Softball Slow Pitch,,1091.0
2013-14,Girls,Texas,Softball Fast Pitch,1091.0,32439.0
2013-14,Girls,Texas,Swimming and Diving,479.0,9693.0
2013-14,Girls,Utah,Soccer,96.0,3047.0
2013-14,Girls,Utah,Softball Slow Pitch,,100.0
2013-14,Girls,Utah,Softball Fast Pitch,100.0,2278.0
2013-14,Girls,Utah,Swimming and Diving,85.0,1718.0
2013-14,Girls,Vermont,Soccer,47.0,1547.0
2013-14,Girls,Vermont,Softball Slow Pitch,3.0,42.0
2013-14,Girls,Vermont,Softball Fast Pitch,40.0,870.0
2013-14,Girls,Vermont,Swimming and Diving,2.0,30.0
2013-14,Girls,Virginia,Soccer,284.0,9130.0
2013-14,Girls,Virginia,Softball Slow Pitch,,299.0
2013-14,Girls,Virginia,Softball Fast Pitch,299.0,7478.0
2013-14,Girls,Virginia,Swimming and Diving,191.0,4238.0
2013-14,Girls,Washington,Soccer,272.0,9161.0
2013-14,Girls,Washington,Softball Slow Pitch,,295.0
2013-14,Girls,Washington,Softball Fast Pitch,295.0,6850.0
2013-14,Girls,Washington,Swimming and Diving,166.0,4497.0
2013-14,Girls,West Virginia,Soccer,77.0,1704.0
2013-14,Girls,West Virginia,Softball Slow Pitch,,122.0
2013-14,Girls,West Virginia,Softball Fast Pitch,122.0,2339.0
2013-14,Girls,West Virginia,Swimming and Diving,47.0,614.0
2013-14,Girls,Wisconsin,Soccer,253.0,9137.0
2013-14,Girls,Wisconsin,Softball Slow Pitch,,429.0
2013-14,Girls,Wisconsin,Softball Fast Pitch,429.0,10272.0
2013-14,Girls,Wisconsin,Swimming and Diving,138.0,3942.0
2013-14,Girls,Wyoming,Soccer,24.0,850.0
2013-14,Girls,Wyoming,Softball Fast Pitch,,24.0
2013-14,Girls,Wyoming,Swimming and Diving,24.0,596.0
2013-14,Girls,Wyoming,Softball Slow Pitch,,67.0
2013-14,Girls,Alabama,Tennis,173.0,1781.0
2013-14,Girls,Alabama,Track and Field Indoor,126.0,1238.0
2013-14,Girls,Alabama,Track and Field Outdoor,337.0,5122.0
2013-14,Girls,Alabama,Volleyball,371.0,5572.0
2013-14,Girls,Alaska,Tennis,15.0,211.0
2013-14,Girls,Alaska,Track and Field Indoor,,57.0
2013-14,Girls,Alaska,Track and Field Outdoor,57.0,938.0
2013-14,Girls,Alaska,Volleyball,148.0,1994.0
2013-14,Girls,Arizona,Tennis,168.0,2731.0
2013-14,Girls,Arizona,Track and Field Indoor,,236.0
2013-14,Girls,Arizona,Track and Field Outdoor,236.0,6601.0
2013-14,Girls,Arizona,Volleyball,250.0,8056.0
2013-14,Girls,Arkansas,Tennis,106.0,1027.0
2013-14,Girls,Arkansas,Track and Field Indoor,45.0,795.0
2013-14,Girls,Arkansas,Track and Field Outdoor,222.0,3411.0
2013-14,Girls,Arkansas,Volleyball,117.0,2437.0
2013-14,Girls,California,Tennis,994.0,22270.0
2013-14,Girls,California,Track and Field Indoor,,1137.0
2013-14,Girls,California,Track and Field Outdoor,1137.0,44566.0
2013-14,Girls,California,Volleyball,1328.0,40753.0
2013-14,Girls,Colorado,Tennis,143.0,4437.0
2013-14,Girls,Colorado,Track and Field Indoor,,296.0
2013-14,Girls,Colorado,Track and Field Outdoor,296.0,7375.0
2013-14,Girls,Colorado,Volleyball,329.0,9234.0
2013-14,Girls,Connecticut,Tennis,139.0,3209.0
2013-14,Girls,Connecticut,Track and Field Indoor,151.0,4901.0
2013-14,Girls,Connecticut,Track and Field Outdoor,172.0,6981.0
2013-14,Girls,Connecticut,Volleyball,157.0,4544.0
2013-14,Girls,Delaware,Tennis,36.0,569.0
2013-14,Girls,Delaware,Track and Field Indoor,34.0,791.0
2013-14,Girls,Delaware,Track and Field Outdoor,42.0,1203.0
2013-14,Girls,Delaware,Volleyball,49.0,1459.0
2013-14,Girls,Florida,Tennis,505.0,5001.0
2013-14,Girls,Florida,Track and Field Indoor,,573.0
2013-14,Girls,Florida,Track and Field Outdoor,573.0,13972.0
2013-14,Girls,Florida,Volleyball,646.0,14839.0
2013-14,Girls,Georgia,Track and Field Indoor,,417.0
2013-14,Girls,Georgia,Track and Field Outdoor,417.0,10559.0
2013-14,Girls,Georgia,Volleyball,318.0,7555.0
2013-14,Girls,Hawaii,Tennis,63.0,795.0
2013-14,Girls,Hawaii,Track and Field Indoor,,62.0
2013-14,Girls,Hawaii,Track and Field Outdoor,62.0,1402.0
2013-14,Girls,Hawaii,Volleyball,68.0,1818.0
2013-14,Girls,Idaho,Tennis,56.0,1077.0
2013-14,Girls,Idaho,Track and Field Indoor,,144.0
2013-14,Girls,Idaho,Track and Field Outdoor,144.0,3262.0
2013-14,Girls,Idaho,Volleyball,145.0,3550.0
2013-14,Girls,Illinois,Tennis,311.0,8152.0
2013-14,Girls,Illinois,Track and Field Indoor,,599.0
2013-14,Girls,Illinois,Track and Field Outdoor,599.0,20278.0
2013-14,Girls,Illinois,Volleyball,700.0,21723.0
2013-14,Girls,Indiana,Tennis,309.0,6102.0
2013-14,Girls,Indiana,Track and Field Indoor,,392.0
2013-14,Girls,Indiana,Track and Field Outdoor,392.0,10144.0
2013-14,Girls,Indiana,Volleyball,402.0,9672.0
2013-14,Girls,Iowa,Tennis,113.0,3325.0
2013-14,Girls,Iowa,Track and Field Indoor,,360.0
2013-14,Girls,Iowa,Track and Field Outdoor,360.0,9367.0
2013-14,Girls,Iowa,Volleyball,366.0,11600.0
2013-14,Girls,Kansas,Tennis,134.0,2661.0
2013-14,Girls,Kansas,Track and Field Indoor,,328.0
2013-14,Girls,Kansas,Track and Field Outdoor,328.0,6908.0
2013-14,Girls,Kansas,Volleyball,347.0,8773.0
2013-14,Girls,Kentucky,Tennis,213.0,2798.0
2013-14,Girls,Kentucky,Track and Field Indoor,,246.0
2013-14,Girls,Kentucky,Track and Field Outdoor,246.0,5337.0
2013-14,Girls,Kentucky,Volleyball,259.0,6125.0
2013-14,Girls,Louisiana,Tennis,177.0,1600.0
2013-14,Girls,Louisiana,Track and Field Indoor,244.0,1180.0
2013-14,Girls,Louisiana,Track and Field Outdoor,362.0,6816.0
2013-14,Girls,Louisiana,Volleyball,206.0,4277.0
2013-14,Girls,Maine,Tennis,,70.0
2013-14,Girls,Maine,Track and Field Indoor,70.0,1332.0
2013-14,Girls,Maine,Track and Field Outdoor,107.0,2382.0
2013-14,Girls,Maine,Volleyball,33.0,743.0
2013-14,Girls,Maryland,Tennis,175.0,2314.0
2013-14,Girls,Maryland,Track and Field Indoor,172.0,4684.0
2013-14,Girls,Maryland,Track and Field Outdoor,188.0,5501.0
2013-14,Girls,Maryland,Volleyball,186.0,4933.0
2013-14,Girls,Massachusetts,Tennis,274.0,4563.0
2013-14,Girls,Massachusetts,Track and Field Indoor,233.0,9430.0
2013-14,Girls,Massachusetts,Track and Field Outdoor,305.0,12913.0
2013-14,Girls,Massachusetts,Volleyball,287.0,8529.0
2013-14,Girls,Michigan,Tennis,338.0,8862.0
2013-14,Girls,Michigan,Track and Field Indoor,,634.0
2013-14,Girls,Michigan,Track and Field Outdoor,634.0,17259.0
2013-14,Girls,Michigan,Volleyball,662.0,18607.0
2013-14,Girls,Minnesota,Tennis,225.0,6558.0
2013-14,Girls,Minnesota,Track and Field Indoor,,435.0
2013-14,Girls,Minnesota,Track and Field Outdoor,435.0,15613.0
2013-14,Girls,Minnesota,Volleyball,458.0,16102.0
2013-14,Girls,Mississippi,Tennis,178.0,1891.0
2013-14,Girls,Mississippi,Track and Field Indoor,16.0,300.0
2013-14,Girls,Mississippi,Track and Field Outdoor,253.0,5400.0
2013-14,Girls,Mississippi,Volleyball,90.0,2248.0
2013-14,Girls,Missouri,Tennis,186.0,3995.0
2013-14,Girls,Missouri,Track and Field Indoor,,493.0
2013-14,Girls,Missouri,Track and Field Outdoor,493.0,10979.0
2013-14,Girls,Missouri,Volleyball,430.0,10404.0
2013-14,Girls,Montana,Tennis,60.0,1034.0
2013-14,Girls,Montana,Track and Field Indoor,,166.0
2013-14,Girls,Montana,Track and Field Outdoor,166.0,2424.0
2013-14,Girls,Montana,Volleyball,170.0,3570.0
2013-14,Girls,Nebraska,Tennis,66.0,1395.0
2013-14,Girls,Nebraska,Track and Field Indoor,,305.0
2013-14,Girls,Nebraska,Track and Field Outdoor,305.0,6958.0
2013-14,Girls,Nebraska,Volleyball,306.0,7111.0
2013-14,Girls,Nevada,Tennis,55.0,786.0
2013-14,Girls,Nevada,Track and Field Indoor,,92.0
2013-14,Girls,Nevada,Track and Field Outdoor,92.0,2779.0
2013-14,Girls,Nevada,Volleyball,101.0,2886.0
2013-14,Girls,New Hampshire,Tennis,54.0,879.0
2013-14,Girls,New Hampshire,Track and Field Indoor,59.0,1186.0
2013-14,Girls,New Hampshire,Track and Field Outdoor,78.0,2134.0
2013-14,Girls,New Hampshire,Volleyball,60.0,1629.0
2013-14,Girls,New Jersey,Tennis,349.0,6875.0
2013-14,Girls,New Jersey,Track and Field Indoor,309.0,10546.0
2013-14,Girls,New Jersey,Track and Field Outdoor,381.0,17721.0
2013-14,Girls,New Jersey,Volleyball,277.0,8962.0
2013-14,Girls,New Mexico,Tennis,60.0,842.0
2013-14,Girls,New Mexico,Track and Field Indoor,,156.0
2013-14,Girls,New Mexico,Track and Field Outdoor,156.0,3627.0
2013-14,Girls,New Mexico,Volleyball,154.0,4190.0
2013-14,Girls,New York,Tennis,442.0,9502.0
2013-14,Girls,New York,Track and Field Indoor,409.0,12379.0
2013-14,Girls,New York,Track and Field Outdoor,647.0,21834.0
2013-14,Girls,New York,Volleyball,631.0,15788.0
2013-14,Girls,North Carolina,Tennis,348.0,4793.0
2013-14,Girls,North Carolina,Track and Field Indoor,270.0,3740.0
2013-14,Girls,North Carolina,Track and Field Outdoor,372.0,9908.0
2013-14,Girls,North Carolina,Volleyball,399.0,9156.0
2013-14,Girls,North Dakota,Tennis,18.0,448.0
2013-14,Girls,North Dakota,Track and Field Indoor,,144.0
2013-14,Girls,North Dakota,Track and Field Outdoor,144.0,1749.0
2013-14,Girls,North Dakota,Volleyball,155.0,3215.0
2013-14,Girls,Ohio,Tennis,426.0,6365.0
2013-14,Girls,Ohio,Track and Field Indoor,162.0,2450.0
2013-14,Girls,Ohio,Track and Field Outdoor,785.0,20899.0
2013-14,Girls,Ohio,Volleyball,794.0,18889.0
2013-14,Girls,Oklahoma,Tennis,130.0,1287.0
2013-14,Girls,Oklahoma,Track and Field Indoor,,372.0
2013-14,Girls,Oklahoma,Track and Field Outdoor,372.0,5386.0
2013-14,Girls,Oklahoma,Volleyball,95.0,6485.0
2013-14,Girls,Oregon,Tennis,130.0,2906.0
2013-14,Girls,Oregon,Track and Field Indoor,,271.0
2013-14,Girls,Oregon,Track and Field Outdoor,271.0,7334.0
2013-14,Girls,Oregon,Volleyball,284.0,7100.0
2013-14,Girls,Pennsylvania,Tennis,400.0,4800.0
2013-14,Girls,Pennsylvania,Track and Field Indoor,186.0,2790.0
2013-14,Girls,Pennsylvania,Track and Field Outdoor,607.0,24280.0
2013-14,Girls,Pennsylvania,Volleyball,579.0,10422.0
2013-14,Girls,Rhode Island,Tennis,42.0,788.0
2013-14,Girls,Rhode Island,Track and Field Indoor,40.0,1338.0
2013-14,Girls,Rhode Island,Track and Field Outdoor,43.0,1556.0
2013-14,Girls,Rhode Island,Volleyball,43.0,1080.0
2013-14,Girls,South Carolina,Tennis,138.0,2090.0
2013-14,Girls,South Carolina,Track and Field Indoor,,198.0
2013-14,Girls,South Carolina,Track and Field Outdoor,198.0,5990.0
2013-14,Girls,South Carolina,Volleyball,198.0,4953.0
2013-14,Girls,South Dakota,Tennis,20.0,270.0
2013-14,Girls,South Dakota,Track and Field Indoor,,169.0
2013-14,Girls,South Dakota,Track and Field Outdoor,169.0,2906.0
2013-14,Girls,South Dakota,Volleyball,163.0,3631.0
2013-14,Girls,Tennessee,Tennis,279.0,2962.0
2013-14,Girls,Tennessee,Track and Field Indoor,,286.0
2013-14,Girls,Tennessee,Track and Field Outdoor,286.0,5884.0
2013-14,Girls,Tennessee,Volleyball,319.0,6361.0
2013-14,Girls,Texas,Tennis,1145.0,20550.0
2013-14,Girls,Texas,Track and Field Indoor,,1314.0
2013-14,Girls,Texas,Track and Field Outdoor,1314.0,60210.0
2013-14,Girls,Texas,Volleyball,1097.0,46954.0
2013-14,Girls,Utah,Tennis,89.0,1852.0
2013-14,Girls,Utah,Track and Field Indoor,,126.0
2013-14,Girls,Utah,Track and Field Outdoor,126.0,4520.0
2013-14,Girls,Utah,Volleyball,126.0,3091.0
2013-14,Girls,Vermont,Tennis,18.0,281.0
2013-14,Girls,Vermont,Track and Field Indoor,23.0,290.0
2013-14,Girls,Vermont,Track and Field Outdoor,42.0,862.0
2013-14,Girls,Vermont,Volleyball,7.0,107.0
2013-14,Girls,Virginia,Tennis,265.0,3448.0
2013-14,Girls,Virginia,Track and Field Indoor,209.0,6001.0
2013-14,Girls,Virginia,Track and Field Outdoor,299.0,8860.0
2013-14,Girls,Virginia,Volleyball,304.0,7885.0
2013-14,Girls,Washington,Tennis,243.0,7029.0
2013-14,Girls,Washington,Track and Field Indoor,,344.0
2013-14,Girls,Washington,Track and Field Outdoor,344.0,9988.0
2013-14,Girls,Washington,Volleyball,376.0,10924.0
2013-14,Girls,West Virginia,Tennis,79.0,849.0
2013-14,Girls,West Virginia,Track and Field Indoor,,118.0
2013-14,Girls,West Virginia,Track and Field Outdoor,118.0,2586.0
2013-14,Girls,West Virginia,Volleyball,130.0,2343.0
2013-14,Girls,Wisconsin,Tennis,207.0,5682.0
2013-14,Girls,Wisconsin,Track and Field Indoor,,425.0
2013-14,Girls,Wisconsin,Track and Field Outdoor,425.0,12426.0
2013-14,Girls,Wisconsin,Volleyball,473.0,15191.0
2013-14,Girls,Wyoming,Tennis,16.0,311.0
2013-14,Girls,Wyoming,Track and Field Indoor,21.0,468.0
2013-14,Girls,Wyoming,Track and Field Outdoor,70.0,1374.0
2013-14,Girls,Wyoming,Volleyball,67.0,1776.0
2014-15,Girls,Alabama,Basketball,407.0,8349.0
2014-15,Girls,Alabama,Bowling,43.0,107.0
2014-15,Girls,Alabama,Competitive Spirit Squads,,249.0
2014-15,Girls,Alabama,Cross Country,249.0,2378.0
2014-15,Girls,Alaska,Basketball,133.0,1843.0
2014-15,Girls,Alaska,Bowling,9.0,47.0
2014-15,Girls,Alaska,Competitive Spirit Squads,52.0,705.0
2014-15,Girls,Alaska,Cross Country,113.0,780.0
2014-15,Girls,Arizona,Basketball,252.0,6482.0
2014-15,Girls,Arizona,Bowling,,194.0
2014-15,Girls,Arizona,Competitive Spirit Squads,194.0,5879.0
2014-15,Girls,Arizona,Cross Country,216.0,2744.0
2014-15,Girls,Arkansas,Basketball,259.0,4167.0
2014-15,Girls,Arkansas,Bowling,65.0,579.0
2014-15,Girls,Arkansas,Competitive Spirit Squads,87.0,1649.0
2014-15,Girls,Arkansas,Cross Country,145.0,1234.0
2014-15,Girls,California,Basketball,1351.0,34025.0
2014-15,Girls,California,Bowling,9.0,144.0
2014-15,Girls,California,Competitive Spirit Squads,342.0,1188.0
2014-15,Girls,California,Cross Country,1188.0,27340.0
2014-15,Girls,Colorado,Basketball,329.0,7089.0
2014-15,Girls,Colorado,Bowling,,190.0
2014-15,Girls,Colorado,Competitive Spirit Squads,190.0,4810.0
2014-15,Girls,Colorado,Cross Country,230.0,3957.0
2014-15,Girls,Connecticut,Basketball,185.0,3992.0
2014-15,Girls,Connecticut,Bowling,,154.0
2014-15,Girls,Connecticut,Competitive Spirit Squads,154.0,2810.0
2014-15,Girls,Connecticut,Cross Country,178.0,2844.0
2014-15,Girls,Delaware,Basketball,52.0,1184.0
2014-15,Girls,Delaware,Bowling,,12.0
2014-15,Girls,Delaware,Competitive Spirit Squads,12.0,113.0
2014-15,Girls,Delaware,Cross Country,52.0,875.0
2014-15,Girls,Florida,Basketball,626.0,10976.0
2014-15,Girls,Florida,Bowling,186.0,1559.0
2014-15,Girls,Florida,Competitive Spirit Squads,234.0,5589.0
2014-15,Girls,Florida,Cross Country,564.0,7280.0
2014-15,Girls,Georgia,Basketball,431.0,9084.0
2014-15,Girls,Georgia,Bowling,,243.0
2014-15,Girls,Georgia,Competitive Spirit Squads,243.0,5107.0
2014-15,Girls,Georgia,Cross Country,400.0,6202.0
2014-15,Girls,Hawaii,Basketball,63.0,1258.0
2014-15,Girls,Hawaii,Bowling,49.0,419.0
2014-15,Girls,Hawaii,Competitive Spirit Squads,48.0,851.0
2014-15,Girls,Hawaii,Cross Country,67.0,765.0
2014-15,Girls,Idaho,Basketball,142.0,2976.0
2014-15,Girls,Idaho,Bowling,,78.0
2014-15,Girls,Idaho,Competitive Spirit Squads,78.0,1349.0
2014-15,Girls,Idaho,Cross Country,106.0,1391.0
2014-15,Girls,Illinois,Basketball,677.0,17190.0
2014-15,Girls,Illinois,Bowling,215.0,3114.0
2014-15,Girls,Illinois,Competitive Spirit Squads,283.0,6946.0
2014-15,Girls,Illinois,Cross Country,508.0,10714.0
2014-15,Girls,Indiana,Basketball,398.0,8174.0
2014-15,Girls,Indiana,Competitive Spirit Squads,,379.0
2014-15,Girls,Indiana,Cross Country,379.0,4962.0
2014-15,Girls,Iowa,Basketball,361.0,7747.0
2014-15,Girls,Iowa,Bowling,93.0,1211.0
2014-15,Girls,Iowa,Competitive Spirit Squads,,329.0
2014-15,Girls,Iowa,Cross Country,329.0,4741.0
2014-15,Girls,Kansas,Basketball,349.0,6833.0
2014-15,Girls,Kansas,Bowling,79.0,942.0
2014-15,Girls,Kansas,Competitive Spirit Squads,,298.0
2014-15,Girls,Kansas,Cross Country,298.0,2990.0
2014-15,Girls,Kentucky,Basketball,268.0,5090.0
2014-15,Girls,Kentucky,Bowling,93.0,839.0
2014-15,Girls,Kentucky,Competitive Spirit Squads,239.0,4730.0
2014-15,Girls,Kentucky,Cross Country,236.0,2662.0
2014-15,Girls,Louisiana,Basketball,374.0,5371.0
2014-15,Girls,Louisiana,Bowling,75.0,367.0
2014-15,Girls,Louisiana,Competitive Spirit Squads,,290.0
2014-15,Girls,Louisiana,Cross Country,290.0,2477.0
2014-15,Girls,Maine,Basketball,141.0,2848.0
2014-15,Girls,Maine,Bowling,10.0,28.0
2014-15,Girls,Maine,Competitive Spirit Squads,84.0,1433.0
2014-15,Girls,Maine,Cross Country,106.0,1076.0
2014-15,Girls,Maryland,Basketball,195.0,4726.0
2014-15,Girls,Maryland,Bowling,4.0,29.0
2014-15,Girls,Maryland,Competitive Spirit Squads,,188.0
2014-15,Girls,Maryland,Cross Country,188.0,2815.0
2014-15,Girls,Massachusetts,Basketball,363.0,9483.0
2014-15,Girls,Massachusetts,Competitive Spirit Squads,,308.0
2014-15,Girls,Massachusetts,Cross Country,308.0,5865.0
2014-15,Girls,Michigan,Basketball,665.0,15716.0
2014-15,Girls,Michigan,Bowling,339.0,2983.0
2014-15,Girls,Michigan,Competitive Spirit Squads,335.0,7189.0
2014-15,Girls,Michigan,Cross Country,605.0,8350.0
2014-15,Girls,Minnesota,Basketball,457.0,11788.0
2014-15,Girls,Minnesota,Competitive Spirit Squads,,362.0
2014-15,Girls,Minnesota,Cross Country,362.0,8870.0
2014-15,Girls,Mississippi,Basketball,262.0,8425.0
2014-15,Girls,Mississippi,Bowling,56.0,450.0
2014-15,Girls,Mississippi,Competitive Spirit Squads,255.0,5760.0
2014-15,Girls,Mississippi,Cross Country,166.0,1420.0
2014-15,Girls,Missouri,Basketball,545.0,10258.0
2014-15,Girls,Missouri,Bowling,6.0,51.0
2014-15,Girls,Missouri,Competitive Spirit Squads,,381.0
2014-15,Girls,Missouri,Cross Country,381.0,4329.0
2014-15,Girls,Montana,Basketball,175.0,2995.0
2014-15,Girls,Montana,Competitive Spirit Squads,,105.0
2014-15,Girls,Montana,Cross Country,105.0,968.0
2014-15,Girls,Nebraska,Basketball,302.0,6127.0
2014-15,Girls,Nebraska,Competitive Spirit Squads,,227.0
2014-15,Girls,Nebraska,Cross Country,227.0,2265.0
2014-15,Girls,Nevada,Basketball,103.0,2572.0
2014-15,Girls,Nevada,Bowling,34.0,259.0
2014-15,Girls,Nevada,Competitive Spirit Squads,,80.0
2014-15,Girls,Nevada,Cross Country,80.0,925.0
2014-15,Girls,New Hampshire,Basketball,86.0,1931.0
2014-15,Girls,New Hampshire,Bowling,14.0,52.0
2014-15,Girls,New Hampshire,Competitive Spirit Squads,76.0,1547.0
2014-15,Girls,New Hampshire,Cross Country,72.0,1008.0
2014-15,Girls,New Jersey,Basketball,406.0,10145.0
2014-15,Girls,New Jersey,Bowling,209.0,2141.0
2014-15,Girls,New Jersey,Competitive Spirit Squads,,371.0
2014-15,Girls,New Jersey,Cross Country,371.0,5767.0
2014-15,Girls,New Mexico,Basketball,154.0,3695.0
2014-15,Girls,New Mexico,Bowling,22.0,243.0
2014-15,Girls,New Mexico,Competitive Spirit Squads,75.0,1755.0
2014-15,Girls,New Mexico,Cross Country,108.0,1424.0
2014-15,Girls,New York,Basketball,731.0,16997.0
2014-15,Girls,New York,Bowling,327.0,3445.0
2014-15,Girls,New York,Competitive Spirit Squads,430.0,567.0
2014-15,Girls,New York,Cross Country,567.0,7966.0
2014-15,Girls,North Carolina,Basketball,399.0,8117.0
2014-15,Girls,North Carolina,Bowling,,389.0
2014-15,Girls,North Carolina,Competitive Spirit Squads,389.0,373.0
2014-15,Girls,North Carolina,Cross Country,373.0,5315.0
2014-15,Girls,North Dakota,Basketball,160.0,2245.0
2014-15,Girls,North Dakota,Competitive Spirit Squads,,92.0
2014-15,Girls,North Dakota,Cross Country,92.0,535.0
2014-15,Girls,Ohio,Basketball,744.0,16118.0
2014-15,Girls,Ohio,Bowling,344.0,3252.0
2014-15,Girls,Ohio,Competitive Spirit Squads,106.0,1859.0
2014-15,Girls,Ohio,Cross Country,694.0,9355.0
2014-15,Girls,Oklahoma,Basketball,478.0,8467.0
2014-15,Girls,Oklahoma,Bowling,,478.0
2014-15,Girls,Oklahoma,Competitive Spirit Squads,478.0,9560.0
2014-15,Girls,Oklahoma,Cross Country,249.0,2849.0
2014-15,Girls,Oregon,Basketball,278.0,5712.0
2014-15,Girls,Oregon,Bowling,,146.0
2014-15,Girls,Oregon,Competitive Spirit Squads,146.0,2650.0
2014-15,Girls,Oregon,Cross Country,216.0,3006.0
2014-15,Girls,Pennsylvania,Basketball,712.0,21360.0
2014-15,Girls,Pennsylvania,Bowling,142.0,1420.0
2014-15,Girls,Pennsylvania,Competitive Spirit Squads,274.0,4110.0
2014-15,Girls,Pennsylvania,Cross Country,566.0,11400.0
2014-15,Girls,Rhode Island,Basketball,50.0,983.0
2014-15,Girls,Rhode Island,Bowling,,27.0
2014-15,Girls,Rhode Island,Competitive Spirit Squads,27.0,449.0
2014-15,Girls,Rhode Island,Cross Country,45.0,638.0
2014-15,Girls,South Carolina,Basketball,210.0,4724.0
2014-15,Girls,South Carolina,Bowling,,88.0
2014-15,Girls,South Carolina,Competitive Spirit Squads,88.0,2927.0
2014-15,Girls,South Carolina,Cross Country,163.0,2354.0
2014-15,Girls,South Dakota,Basketball,175.0,2765.0
2014-15,Girls,South Dakota,Bowling,,39.0
2014-15,Girls,South Dakota,Competitive Spirit Squads,39.0,702.0
2014-15,Girls,South Dakota,Cross Country,144.0,783.0
2014-15,Girls,Tennessee,Basketball,380.0,6052.0
2014-15,Girls,Tennessee,Bowling,136.0,1202.0
2014-15,Girls,Tennessee,Competitive Spirit Squads,,302.0
2014-15,Girls,Tennessee,Cross Country,302.0,3126.0
2014-15,Girls,Texas,Basketball,1304.0,68003.0
2014-15,Girls,Texas,Competitive Spirit Squads,,1278.0
2014-15,Girls,Texas,Cross Country,1278.0,23206.0
2014-15,Girls,Utah,Basketball,127.0,2919.0
2014-15,Girls,Utah,Competitive Spirit Squads,,129.0
2014-15,Girls,Utah,Cross Country,129.0,1987.0
2014-15,Girls,Vermont,Basketball,53.0,842.0
2014-15,Girls,Vermont,Bowling,7.0,32.0
2014-15,Girls,Vermont,Competitive Spirit Squads,27.0,100.0
2014-15,Girls,Vermont,Cross Country,53.0,321.0
2014-15,Girls,Virginia,Basketball,311.0,7569.0
2014-15,Girls,Virginia,Bowling,,217.0
2014-15,Girls,Virginia,Competitive Spirit Squads,217.0,4814.0
2014-15,Girls,Virginia,Cross Country,297.0,5010.0
2014-15,Girls,Washington,Basketball,368.0,8591.0
2014-15,Girls,Washington,Bowling,74.0,1091.0
2014-15,Girls,Washington,Competitive Spirit Squads,,305.0
2014-15,Girls,Washington,Cross Country,305.0,4454.0
2014-15,Girls,West Virginia,Basketball,125.0,2095.0
2014-15,Girls,West Virginia,Bowling,,122.0
2014-15,Girls,West Virginia,Competitive Spirit Squads,122.0,1938.0
2014-15,Girls,West Virginia,Cross Country,98.0,825.0
2014-15,Girls,Wisconsin,Basketball,467.0,11276.0
2014-15,Girls,Wisconsin,Competitive Spirit Squads,,395.0
2014-15,Girls,Wisconsin,Cross Country,395.0,6335.0
2014-15,Girls,Wyoming,Basketball,70.0,1542.0
2014-15,Girls,Wyoming,Bowling,,34.0
2014-15,Girls,Wyoming,Competitive Spirit Squads,34.0,631.0
2014-15,Girls,Wyoming,Cross Country,42.0,419.0
2014-15,Girls,Alabama,Football 11-player,,266.0
2014-15,Girls,Alabama,Golf,266.0,665.0
2014-15,Girls,Alaska,Football 11-player,9.0,27.0
2014-15,Girls,Alaska,Gymnastics,8.0,28.0
2014-15,Girls,Arizona,Field Hockey,,34.0
2014-15,Girls,Arizona,Football 11-player,34.0,64.0
2014-15,Girls,Arizona,Golf,117.0,928.0
2014-15,Girls,Arkansas,Field Hockey,,10.0
2014-15,Girls,Arkansas,Football 11-player,10.0,28.0
2014-15,Girls,Arkansas,Golf,171.0,720.0
2014-15,Girls,Arkansas,Gymnastics,5.0,74.0
2014-15,Girls,California,Field Hockey,97.0,3310.0
2014-15,Girls,California,Football 11-player,163.0,236.0
2014-15,Girls,California,Golf,837.0,7119.0
2014-15,Girls,California,Gymnastics,60.0,959.0
2014-15,Girls,Colorado,Field Hockey,13.0,592.0
2014-15,Girls,Colorado,Football 11-player,,35.0
2014-15,Girls,Colorado,Golf,164.0,1514.0
2014-15,Girls,Colorado,Gymnastics,66.0,543.0
2014-15,Girls,Connecticut,Field Hockey,83.0,3264.0
2014-15,Girls,Connecticut,Football 11-player,,34.0
2014-15,Girls,Connecticut,Golf,49.0,631.0
2014-15,Girls,Connecticut,Gymnastics,55.0,419.0
2014-15,Girls,Delaware,Field Hockey,48.0,1644.0
2014-15,Girls,Delaware,Football 11-player,,15.0
2014-15,Girls,Delaware,Golf,2.0,118.0
2014-15,Girls,Florida,Football 11-player,,35.0
2014-15,Girls,Florida,Golf,407.0,2292.0
2014-15,Girls,Georgia,Field Hockey,,17.0
2014-15,Girls,Georgia,Football 11-player,17.0,38.0
2014-15,Girls,Georgia,Golf,347.0,1809.0
2014-15,Girls,Georgia,Gymnastics,54.0,472.0
2014-15,Girls,Hawaii,Football 11-player,,15.0
2014-15,Girls,Hawaii,Golf,50.0,223.0
2014-15,Girls,Idaho,Football 11-player,,85.0
2014-15,Girls,Idaho,Golf,85.0,515.0
2014-15,Girls,Illinois,Field Hockey,4.0,95.0
2014-15,Girls,Illinois,Football 11-player,,393.0
2014-15,Girls,Illinois,Golf,393.0,3977.0
2014-15,Girls,Illinois,Gymnastics,79.0,1795.0
2014-15,Girls,Indiana,Football 11-player,,289.0
2014-15,Girls,Indiana,Golf,289.0,2391.0
2014-15,Girls,Indiana,Gymnastics,70.0,632.0
2014-15,Girls,Iowa,Field Hockey,,18.0
2014-15,Girls,Iowa,Football 11-player,18.0,32.0
2014-15,Girls,Iowa,Golf,317.0,2994.0
2014-15,Girls,Kansas,Football 11-player,,19.0
2014-15,Girls,Kansas,Golf,119.0,1078.0
2014-15,Girls,Kansas,Gymnastics,13.0,173.0
2014-15,Girls,Kentucky,Field Hockey,18.0,661.0
2014-15,Girls,Kentucky,Football 11-player,,13.0
2014-15,Girls,Kentucky,Golf,211.0,1270.0
2014-15,Girls,Louisiana,Football 11-player,,166.0
2014-15,Girls,Louisiana,Golf,166.0,255.0
2014-15,Girls,Louisiana,Gymnastics,51.0,143.0
2014-15,Girls,Maine,Field Hockey,83.0,2264.0
2014-15,Girls,Maine,Football 11-player,7.0,11.0
2014-15,Girls,Maine,Golf,53.0,121.0
2014-15,Girls,Maine,Gymnastics,1.0,3.0
2014-15,Girls,Maryland,Field Hockey,122.0,3909.0
2014-15,Girls,Maryland,Football 11-player,,18.0
2014-15,Girls,Maryland,Golf,133.0,253.0
2014-15,Girls,Maryland,Gymnastics,8.0,138.0
2014-15,Girls,Massachusetts,Field Hockey,216.0,8138.0
2014-15,Girls,Massachusetts,Football 11-player,,26.0
2014-15,Girls,Massachusetts,Golf,33.0,780.0
2014-15,Girls,Massachusetts,Gymnastics,102.0,1161.0
2014-15,Girls,Michigan,Field Hockey,29.0,956.0
2014-15,Girls,Michigan,Football 11-player,,65.0
2014-15,Girls,Michigan,Golf,325.0,3407.0
2014-15,Girls,Michigan,Gymnastics,66.0,618.0
2014-15,Girls,Minnesota,Football 11-player,,323.0
2014-15,Girls,Minnesota,Golf,323.0,4231.0
2014-15,Girls,Minnesota,Gymnastics,197.0,2631.0
2014-15,Girls,Mississippi,Football 11-player,,121.0
2014-15,Girls,Mississippi,Golf,121.0,439.0
2014-15,Girls,Missouri,Field Hockey,31.0,1108.0
2014-15,Girls,Missouri,Football 11-player,,186.0
2014-15,Girls,Missouri,Golf,186.0,1763.0
2014-15,Girls,Montana,Football 11-player,4.0,4.0
2014-15,Girls,Montana,Golf,93.0,484.0
2014-15,Girls,Nebraska,Football 11-player,,26.0
2014-15,Girls,Nebraska,Golf,139.0,1331.0
2014-15,Girls,Nevada,Football 11-player,,67.0
2014-15,Girls,Nevada,Golf,67.0,375.0
2014-15,Girls,New Hampshire,Field Hockey,53.0,1826.0
2014-15,Girls,New Hampshire,Football 11-player,,13.0
2014-15,Girls,New Hampshire,Golf,27.0,35.0
2014-15,Girls,New Hampshire,Gymnastics,27.0,217.0
2014-15,Girls,New Jersey,Field Hockey,222.0,8207.0
2014-15,Girls,New Jersey,Football 11-player,,137.0
2014-15,Girls,New Jersey,Golf,192.0,1501.0
2014-15,Girls,New Jersey,Gymnastics,77.0,1192.0
2014-15,Girls,New Mexico,Field Hockey,,131.0
2014-15,Girls,New Mexico,Football 11-player,131.0,53.0
2014-15,Girls,New Mexico,Golf,67.0,383.0
2014-15,Girls,New York,Field Hockey,230.0,7504.0
2014-15,Girls,New York,Football 11-player,,153.0
2014-15,Girls,New York,Golf,153.0,1811.0
2014-15,Girls,New York,Gymnastics,108.0,1625.0
2014-15,Girls,North Carolina,Football 11-player,,241.0
2014-15,Girls,North Carolina,Golf,241.0,1344.0
2014-15,Girls,North Carolina,Gymnastics,37.0,255.0
2014-15,Girls,North Dakota,Football 11-player,1.0,1.0
2014-15,Girls,North Dakota,Golf,112.0,449.0
2014-15,Girls,North Dakota,Gymnastics,17.0,121.0
2014-15,Girls,Ohio,Field Hockey,36.0,1126.0
2014-15,Girls,Ohio,Football 11-player,24.0,245.0
2014-15,Girls,Ohio,Golf,479.0,3057.0
2014-15,Girls,Ohio,Gymnastics,134.0,888.0
2014-15,Girls,Oklahoma,Football 11-player,8.0,11.0
2014-15,Girls,Oklahoma,Golf,191.0,1528.0
2014-15,Girls,Oregon,Football 11-player,,31.0
2014-15,Girls,Oregon,Golf,132.0,863.0
2014-15,Girls,Pennsylvania,Field Hockey,280.0,9800.0
2014-15,Girls,Pennsylvania,Football 11-player,,361.0
2014-15,Girls,Pennsylvania,Golf,361.0,3610.0
2014-15,Girls,Pennsylvania,Gymnastics,21.0,210.0
2014-15,Girls,Rhode Island,Field Hockey,22.0,652.0
2014-15,Girls,Rhode Island,Football 11-player,,16.0
2014-15,Girls,Rhode Island,Golf,1.0,90.0
2014-15,Girls,Rhode Island,Gymnastics,12.0,157.0
2014-15,Girls,South Carolina,Football 11-player,,103.0
2014-15,Girls,South Carolina,Golf,103.0,779.0
2014-15,Girls,South Dakota,Football 11-player,3.0,3.0
2014-15,Girls,South Dakota,Golf,116.0,607.0
2014-15,Girls,South Dakota,Gymnastics,30.0,292.0
2014-15,Girls,Tennessee,Football 11-player,,270.0
2014-15,Girls,Tennessee,Golf,270.0,874.0
2014-15,Girls,Texas,Football 11-player,,169.0
2014-15,Girls,Texas,Golf,1170.0,8217.0
2014-15,Girls,Utah,Football 11-player,,103.0
2014-15,Girls,Utah,Golf,103.0,1013.0
2014-15,Girls,Vermont,Field Hockey,26.0,580.0
2014-15,Girls,Vermont,Football 11-player,6.0,106.0
2014-15,Girls,Vermont,Golf,25.0,96.0
2014-15,Girls,Vermont,Gymnastics,8.0,28.0
2014-15,Girls,Virginia,Field Hockey,140.0,4754.0
2014-15,Girls,Virginia,Football 11-player,30.0,37.0
2014-15,Girls,Virginia,Golf,176.0,471.0
2014-15,Girls,Virginia,Gymnastics,82.0,935.0
2014-15,Girls,Washington,Football 11-player,,257.0
2014-15,Girls,Washington,Golf,257.0,2134.0
2014-15,Girls,Washington,Gymnastics,84.0,1656.0
2014-15,Girls,Wisconsin,Football 11-player,,147.0
2014-15,Girls,Wisconsin,Golf,147.0,1837.0
2014-15,Girls,Wisconsin,Gymnastics,78.0,1192.0
2014-15,Girls,Wyoming,Football 11-player,2.0,2.0
2014-15,Girls,Wyoming,Golf,38.0,180.0
2014-15,Girls,Alaska,Ice Hockey,10.0,120.0
2014-15,Girls,Alaska,Lacrosse,,25.0
2014-15,Girls,Alaska,Skiing Alpine,25.0,399.0
2014-15,Girls,California,Ice Hockey,8.0,45.0
2014-15,Girls,California,Lacrosse,204.0,6547.0
2014-15,Girls,California,Skiing Alpine,4.0,22.0
2014-15,Girls,California,Skiing Cross Country,26.0,221.0
2014-15,Girls,Colorado,Ice Hockey,,5.0
2014-15,Girls,Colorado,Lacrosse,81.0,1604.0
2014-15,Girls,Colorado,Skiing Alpine,14.0,100.0
2014-15,Girls,Colorado,Skiing Cross Country,14.0,151.0
2014-15,Girls,Connecticut,Ice Hockey,,15.0
2014-15,Girls,Connecticut,Lacrosse,91.0,3661.0
2014-15,Girls,Delaware,Ice Hockey,,31.0
2014-15,Girls,Delaware,Lacrosse,31.0,988.0
2014-15,Girls,Delaware,Skiing Cross Country,,2.0
2014-15,Girls,Florida,Ice Hockey,,164.0
2014-15,Girls,Florida,Lacrosse,164.0,4531.0
2014-15,Girls,Georgia,Ice Hockey,,84.0
2014-15,Girls,Georgia,Lacrosse,84.0,2719.0
2014-15,Girls,Illinois,Ice Hockey,,58.0
2014-15,Girls,Illinois,Lacrosse,58.0,358.0
2014-15,Girls,Kentucky,Ice Hockey,,16.0
2014-15,Girls,Kentucky,Lacrosse,16.0,681.0
2014-15,Girls,Maine,Ice Hockey,46.0,400.0
2014-15,Girls,Maine,Lacrosse,51.0,1513.0
2014-15,Girls,Maine,Skiing Alpine,45.0,324.0
2014-15,Girls,Maine,Skiing Cross Country,44.0,230.0
2014-15,Girls,Maryland,Ice Hockey,,2.0
2014-15,Girls,Maryland,Lacrosse,137.0,4850.0
2014-15,Girls,Massachusetts,Ice Hockey,148.0,2277.0
2014-15,Girls,Massachusetts,Lacrosse,206.0,7523.0
2014-15,Girls,Massachusetts,Skiing Alpine,20.0,415.0
2014-15,Girls,Massachusetts,Skiing Cross Country,70.0,925.0
2014-15,Girls,Michigan,Ice Hockey,24.0,336.0
2014-15,Girls,Michigan,Lacrosse,88.0,2592.0
2014-15,Girls,Michigan,Skiing Alpine,4.0,34.0
2014-15,Girls,Michigan,Skiing Cross Country,90.0,671.0
2014-15,Girls,Minnesota,Ice Hockey,245.0,3769.0
2014-15,Girls,Minnesota,Lacrosse,98.0,3598.0
2014-15,Girls,Minnesota,Skiing Alpine,118.0,2424.0
2014-15,Girls,Minnesota,Skiing Cross Country,124.0,838.0
2014-15,Girls,Missouri,Ice Hockey,,31.0
2014-15,Girls,Missouri,Lacrosse,31.0,1303.0
2014-15,Girls,Nevada,Skiing Alpine,,18.0
2014-15,Girls,Nevada,Skiing Cross Country,18.0,187.0
2014-15,Girls,New Hampshire,Ice Hockey,13.0,254.0
2014-15,Girls,New Hampshire,Lacrosse,42.0,1607.0
2014-15,Girls,New Hampshire,Skiing Alpine,28.0,264.0
2014-15,Girls,New Hampshire,Skiing Cross Country,53.0,445.0
2014-15,Girls,New Jersey,Ice Hockey,,222.0
2014-15,Girls,New Jersey,Lacrosse,201.0,10391.0
2014-15,Girls,New Jersey,Skiing Alpine,44.0,133.0
2014-15,Girls,New York,Ice Hockey,24.0,439.0
2014-15,Girls,New York,Lacrosse,298.0,11922.0
2014-15,Girls,New York,Skiing Alpine,32.0,398.0
2014-15,Girls,New York,Skiing Cross Country,84.0,706.0
2014-15,Girls,North Carolina,Ice Hockey,,65.0
2014-15,Girls,North Carolina,Lacrosse,65.0,1953.0
2014-15,Girls,North Dakota,Ice Hockey,21.0,202.0
2014-15,Girls,Ohio,Ice Hockey,16.0,23.0
2014-15,Girls,Ohio,Lacrosse,102.0,3296.0
2014-15,Girls,Ohio,Skiing Alpine,1.0,12.0
2014-15,Girls,Ohio,Skiing Cross Country,1.0,11.0
2014-15,Girls,Pennsylvania,Ice Hockey,,207.0
2014-15,Girls,Pennsylvania,Lacrosse,207.0,6624.0
2014-15,Girls,Rhode Island,Ice Hockey,9.0,201.0
2014-15,Girls,Rhode Island,Lacrosse,31.0,1058.0
2014-15,Girls,South Carolina,Ice Hockey,,40.0
2014-15,Girls,South Carolina,Lacrosse,40.0,1214.0
2014-15,Girls,Vermont,Ice Hockey,18.0,230.0
2014-15,Girls,Vermont,Lacrosse,25.0,545.0
2014-15,Girls,Vermont,Skiing Alpine,30.0,351.0
2014-15,Girls,Vermont,Skiing Cross Country,17.0,110.0
2014-15,Girls,Virginia,Ice Hockey,,95.0
2014-15,Girls,Virginia,Lacrosse,95.0,3400.0
2014-15,Girls,Wisconsin,Ice Hockey,33.0,878.0
2014-15,Girls,Wyoming,Lacrosse,,7.0
2014-15,Girls,Wyoming,Skiing Alpine,7.0,79.0
2014-15,Girls,Wyoming,Skiing Cross Country,6.0,62.0
2014-15,Girls,Alabama,Soccer,180.0,4098.0
2014-15,Girls,Alabama,Softball Slow Pitch,,381.0
2014-15,Girls,Alabama,Softball Fast Pitch,381.0,9338.0
2014-15,Girls,Alabama,Swimming and Diving,107.0,732.0
2014-15,Girls,Alaska,Soccer,61.0,948.0
2014-15,Girls,Alaska,Softball Slow Pitch,,27.0
2014-15,Girls,Alaska,Softball Fast Pitch,27.0,684.0
2014-15,Girls,Alaska,Swimming and Diving,31.0,471.0
2014-15,Girls,Arizona,Soccer,179.0,6359.0
2014-15,Girls,Arizona,Softball Slow Pitch,,238.0
2014-15,Girls,Arizona,Softball Fast Pitch,238.0,6432.0
2014-15,Girls,Arizona,Swimming and Diving,147.0,3141.0
2014-15,Girls,Arkansas,Soccer,89.0,2064.0
2014-15,Girls,Arkansas,Softball Slow Pitch,5.0,106.0
2014-15,Girls,Arkansas,Softball Fast Pitch,243.0,4417.0
2014-15,Girls,Arkansas,Swimming and Diving,47.0,487.0
2014-15,Girls,California,Soccer,1262.0,44670.0
2014-15,Girls,California,Softball Slow Pitch,,1226.0
2014-15,Girls,California,Softball Fast Pitch,1226.0,32914.0
2014-15,Girls,California,Swimming and Diving,898.0,29099.0
2014-15,Girls,Colorado,Soccer,213.0,7623.0
2014-15,Girls,Colorado,Softball Slow Pitch,,178.0
2014-15,Girls,Colorado,Softball Fast Pitch,178.0,3724.0
2014-15,Girls,Colorado,Swimming and Diving,153.0,4142.0
2014-15,Girls,Connecticut,Soccer,166.0,5331.0
2014-15,Girls,Connecticut,Softball Slow Pitch,,180.0
2014-15,Girls,Connecticut,Softball Fast Pitch,180.0,4299.0
2014-15,Girls,Connecticut,Swimming and Diving,101.0,2620.0
2014-15,Girls,Delaware,Soccer,52.0,1764.0
2014-15,Girls,Delaware,Softball Slow Pitch,,46.0
2014-15,Girls,Delaware,Softball Fast Pitch,46.0,1167.0
2014-15,Girls,Delaware,Swimming and Diving,42.0,822.0
2014-15,Girls,Florida,Soccer,535.0,15066.0
2014-15,Girls,Florida,Softball Slow Pitch,,573.0
2014-15,Girls,Florida,Softball Fast Pitch,573.0,11441.0
2014-15,Girls,Florida,Swimming and Diving,443.0,7707.0
2014-15,Girls,Georgia,Soccer,382.0,10053.0
2014-15,Girls,Georgia,Softball Slow Pitch,13.0,253.0
2014-15,Girls,Georgia,Softball Fast Pitch,398.0,8050.0
2014-15,Girls,Georgia,Swimming and Diving,258.0,4401.0
2014-15,Girls,Hawaii,Soccer,65.0,1697.0
2014-15,Girls,Hawaii,Softball Slow Pitch,,59.0
2014-15,Girls,Hawaii,Softball Fast Pitch,59.0,1378.0
2014-15,Girls,Hawaii,Swimming and Diving,55.0,701.0
2014-15,Girls,Idaho,Soccer,71.0,1982.0
2014-15,Girls,Idaho,Softball Slow Pitch,,95.0
2014-15,Girls,Idaho,Softball Fast Pitch,95.0,2110.0
2014-15,Girls,Illinois,Soccer,396.0,15489.0
2014-15,Girls,Illinois,Softball Slow Pitch,,608.0
2014-15,Girls,Illinois,Softball Fast Pitch,608.0,15212.0
2014-15,Girls,Illinois,Swimming and Diving,247.0,6549.0
2014-15,Girls,Indiana,Soccer,260.0,6619.0
2014-15,Girls,Indiana,Softball Slow Pitch,,375.0
2014-15,Girls,Indiana,Softball Fast Pitch,375.0,8501.0
2014-15,Girls,Indiana,Swimming and Diving,237.0,4265.0
2014-15,Girls,Iowa,Soccer,142.0,5209.0
2014-15,Girls,Iowa,Softball Slow Pitch,,344.0
2014-15,Girls,Iowa,Softball Fast Pitch,344.0,7869.0
2014-15,Girls,Iowa,Swimming and Diving,90.0,1639.0
2014-15,Girls,Kansas,Soccer,92.0,3453.0
2014-15,Girls,Kansas,Softball Slow Pitch,,234.0
2014-15,Girls,Kansas,Softball Fast Pitch,234.0,5156.0
2014-15,Girls,Kansas,Swimming and Diving,78.0,1826.0
2014-15,Girls,Kentucky,Soccer,192.0,5539.0
2014-15,Girls,Kentucky,Softball Slow Pitch,,259.0
2014-15,Girls,Kentucky,Softball Fast Pitch,259.0,5451.0
2014-15,Girls,Kentucky,Swimming and Diving,136.0,1945.0
2014-15,Girls,Louisiana,Soccer,161.0,3730.0
2014-15,Girls,Louisiana,Softball Slow Pitch,,337.0
2014-15,Girls,Louisiana,Softball Fast Pitch,337.0,6144.0
2014-15,Girls,Louisiana,Swimming and Diving,153.0,1385.0
2014-15,Girls,Maine,Soccer,142.0,3785.0
2014-15,Girls,Maine,Softball Slow Pitch,,125.0
2014-15,Girls,Maine,Softball Fast Pitch,125.0,2685.0
2014-15,Girls,Maine,Swimming and Diving,64.0,1001.0
2014-15,Girls,Maryland,Soccer,175.0,5805.0
2014-15,Girls,Maryland,Softball Slow Pitch,,191.0
2014-15,Girls,Maryland,Softball Fast Pitch,191.0,5074.0
2014-15,Girls,Maryland,Swimming and Diving,109.0,2140.0
2014-15,Girls,Massachusetts,Soccer,350.0,13005.0
2014-15,Girls,Massachusetts,Softball Slow Pitch,,347.0
2014-15,Girls,Massachusetts,Softball Fast Pitch,347.0,9720.0
2014-15,Girls,Massachusetts,Swimming and Diving,220.0,4264.0
2014-15,Girls,Michigan,Soccer,459.0,13389.0
2014-15,Girls,Michigan,Softball Slow Pitch,,570.0
2014-15,Girls,Michigan,Softball Fast Pitch,570.0,13113.0
2014-15,Girls,Michigan,Swimming and Diving,256.0,5620.0
2014-15,Girls,Minnesota,Soccer,235.0,7953.0
2014-15,Girls,Minnesota,Softball Slow Pitch,,412.0
2014-15,Girls,Minnesota,Softball Fast Pitch,412.0,12722.0
2014-15,Girls,Minnesota,Swimming and Diving,203.0,5757.0
2014-15,Girls,Mississippi,Soccer,135.0,2700.0
2014-15,Girls,Mississippi,Softball Slow Pitch,172.0,2430.0
2014-15,Girls,Mississippi,Softball Fast Pitch,229.0,5200.0
2014-15,Girls,Mississippi,Swimming and Diving,61.0,1525.0
2014-15,Girls,Missouri,Soccer,229.0,8228.0
2014-15,Girls,Missouri,Softball Slow Pitch,,507.0
2014-15,Girls,Missouri,Softball Fast Pitch,507.0,9892.0
2014-15,Girls,Missouri,Swimming and Diving,127.0,2835.0
2014-15,Girls,Montana,Soccer,30.0,821.0
2014-15,Girls,Montana,Softball Slow Pitch,,63.0
2014-15,Girls,Montana,Softball Fast Pitch,63.0,1109.0
2014-15,Girls,Montana,Swimming and Diving,22.0,327.0
2014-15,Girls,Nebraska,Soccer,79.0,2505.0
2014-15,Girls,Nebraska,Softball Slow Pitch,,145.0
2014-15,Girls,Nebraska,Softball Fast Pitch,145.0,2576.0
2014-15,Girls,Nebraska,Swimming and Diving,59.0,1054.0
2014-15,Girls,Nevada,Soccer,68.0,2442.0
2014-15,Girls,Nevada,Softball Slow Pitch,,88.0
2014-15,Girls,Nevada,Softball Fast Pitch,88.0,2182.0
2014-15,Girls,Nevada,Swimming and Diving,58.0,1336.0
2014-15,Girls,New Hampshire,Soccer,80.0,2762.0
2014-15,Girls,New Hampshire,Softball Slow Pitch,,85.0
2014-15,Girls,New Hampshire,Softball Fast Pitch,85.0,2009.0
2014-15,Girls,New Hampshire,Swimming and Diving,51.0,696.0
2014-15,Girls,New Jersey,Soccer,368.0,14208.0
2014-15,Girls,New Jersey,Softball Slow Pitch,,395.0
2014-15,Girls,New Jersey,Softball Fast Pitch,395.0,12046.0
2014-15,Girls,New Jersey,Swimming and Diving,248.0,6322.0
2014-15,Girls,New Mexico,Soccer,70.0,2112.0
2014-15,Girls,New Mexico,Softball Slow Pitch,,97.0
2014-15,Girls,New Mexico,Softball Fast Pitch,97.0,2572.0
2014-15,Girls,New Mexico,Swimming and Diving,45.0,710.0
2014-15,Girls,New York,Soccer,700.0,22727.0
2014-15,Girls,New York,Softball Slow Pitch,,716.0
2014-15,Girls,New York,Softball Fast Pitch,716.0,18211.0
2014-15,Girls,New York,Swimming and Diving,327.0,7854.0
2014-15,Girls,North Carolina,Soccer,354.0,9877.0
2014-15,Girls,North Carolina,Softball Slow Pitch,,382.0
2014-15,Girls,North Carolina,Softball Fast Pitch,382.0,7762.0
2014-15,Girls,North Carolina,Swimming and Diving,287.0,4499.0
2014-15,Girls,North Dakota,Soccer,18.0,522.0
2014-15,Girls,North Dakota,Softball Slow Pitch,,71.0
2014-15,Girls,North Dakota,Softball Fast Pitch,71.0,900.0
2014-15,Girls,North Dakota,Swimming and Diving,22.0,345.0
2014-15,Girls,Ohio,Soccer,553.0,14547.0
2014-15,Girls,Ohio,Softball Slow Pitch,11.0,268.0
2014-15,Girls,Ohio,Softball Fast Pitch,684.0,15116.0
2014-15,Girls,Ohio,Swimming and Diving,381.0,6060.0
2014-15,Girls,Oklahoma,Soccer,127.0,4263.0
2014-15,Girls,Oklahoma,Softball Slow Pitch,306.0,6732.0
2014-15,Girls,Oklahoma,Softball Fast Pitch,340.0,7480.0
2014-15,Girls,Oklahoma,Swimming and Diving,67.0,723.0
2014-15,Girls,Oregon,Soccer,156.0,5162.0
2014-15,Girls,Oregon,Softball Slow Pitch,,221.0
2014-15,Girls,Oregon,Softball Fast Pitch,221.0,4630.0
2014-15,Girls,Oregon,Swimming and Diving,122.0,2392.0
2014-15,Girls,Pennsylvania,Soccer,539.0,18865.0
2014-15,Girls,Pennsylvania,Softball Slow Pitch,,652.0
2014-15,Girls,Pennsylvania,Softball Fast Pitch,652.0,19560.0
2014-15,Girls,Pennsylvania,Swimming and Diving,331.0,9930.0
2014-15,Girls,Rhode Island,Soccer,47.0,1436.0
2014-15,Girls,Rhode Island,Softball Slow Pitch,,50.0
2014-15,Girls,Rhode Island,Softball Fast Pitch,50.0,1028.0
2014-15,Girls,Rhode Island,Swimming and Diving,28.0,558.0
2014-15,Girls,South Carolina,Soccer,151.0,4807.0
2014-15,Girls,South Carolina,Softball Slow Pitch,,201.0
2014-15,Girls,South Carolina,Softball Fast Pitch,201.0,4907.0
2014-15,Girls,South Carolina,Swimming and Diving,85.0,1466.0
2014-15,Girls,South Dakota,Soccer,20.0,610.0
2014-15,Girls,Tennessee,Soccer,279.0,6749.0
2014-15,Girls,Tennessee,Softball Slow Pitch,,359.0
2014-15,Girls,Tennessee,Softball Fast Pitch,359.0,6221.0
2014-15,Girls,Texas,Soccer,582.0,30015.0
2014-15,Girls,Texas,Softball Slow Pitch,,1091.0
2014-15,Girls,Texas,Softball Fast Pitch,1091.0,32439.0
2014-15,Girls,Texas,Swimming and Diving,479.0,11924.0
2014-15,Girls,Utah,Soccer,95.0,3211.0
2014-15,Girls,Utah,Softball Slow Pitch,,100.0
2014-15,Girls,Utah,Softball Fast Pitch,100.0,2249.0
2014-15,Girls,Utah,Swimming and Diving,82.0,1837.0
2014-15,Girls,Vermont,Soccer,53.0,1183.0
2014-15,Girls,Vermont,Softball Slow Pitch,,51.0
2014-15,Girls,Vermont,Softball Fast Pitch,51.0,719.0
2014-15,Girls,Vermont,Swimming and Diving,2.0,19.0
2014-15,Girls,Virginia,Soccer,283.0,8822.0
2014-15,Girls,Virginia,Softball Slow Pitch,,299.0
2014-15,Girls,Virginia,Softball Fast Pitch,299.0,7415.0
2014-15,Girls,Virginia,Swimming and Diving,196.0,4161.0
2014-15,Girls,Washington,Soccer,273.0,9232.0
2014-15,Girls,Washington,Softball Slow Pitch,,295.0
2014-15,Girls,Washington,Softball Fast Pitch,295.0,7416.0
2014-15,Girls,Washington,Swimming and Diving,164.0,4371.0
2014-15,Girls,West Virginia,Soccer,76.0,1768.0
2014-15,Girls,West Virginia,Softball Slow Pitch,,119.0
2014-15,Girls,West Virginia,Softball Fast Pitch,119.0,2376.0
2014-15,Girls,West Virginia,Swimming and Diving,45.0,635.0
2014-15,Girls,Wisconsin,Soccer,253.0,8983.0
2014-15,Girls,Wisconsin,Softball Slow Pitch,,429.0
2014-15,Girls,Wisconsin,Softball Fast Pitch,429.0,10013.0
2014-15,Girls,Wisconsin,Swimming and Diving,138.0,3804.0
2014-15,Girls,Wyoming,Soccer,25.0,877.0
2014-15,Girls,Wyoming,Softball Fast Pitch,,24.0
2014-15,Girls,Wyoming,Swimming and Diving,24.0,545.0
2014-15,Girls,Wyoming,Softball Slow Pitch,,67.0
2014-15,Girls,Alabama,Tennis,181.0,1784.0
2014-15,Girls,Alabama,Track and Field Indoor,155.0,1452.0
2014-15,Girls,Alabama,Track and Field Outdoor,336.0,4679.0
2014-15,Girls,Alabama,Volleyball,378.0,9202.0
2014-15,Girls,Alaska,Tennis,15.0,211.0
2014-15,Girls,Alaska,Track and Field Indoor,,54.0
2014-15,Girls,Alaska,Track and Field Outdoor,54.0,967.0
2014-15,Girls,Alaska,Volleyball,40.0,2024.0
2014-15,Girls,Arizona,Tennis,170.0,2665.0
2014-15,Girls,Arizona,Track and Field Indoor,,229.0
2014-15,Girls,Arizona,Track and Field Outdoor,229.0,6867.0
2014-15,Girls,Arizona,Volleyball,252.0,7907.0
2014-15,Girls,Arkansas,Tennis,115.0,1114.0
2014-15,Girls,Arkansas,Track and Field Indoor,42.0,621.0
2014-15,Girls,Arkansas,Track and Field Outdoor,230.0,3273.0
2014-15,Girls,Arkansas,Volleyball,123.0,2545.0
2014-15,Girls,California,Tennis,1003.0,22610.0
2014-15,Girls,California,Track and Field Indoor,,1154.0
2014-15,Girls,California,Track and Field Outdoor,1154.0,45501.0
2014-15,Girls,California,Volleyball,1357.0,41734.0
2014-15,Girls,Colorado,Tennis,153.0,4552.0
2014-15,Girls,Colorado,Track and Field Indoor,,302.0
2014-15,Girls,Colorado,Track and Field Outdoor,302.0,7334.0
2014-15,Girls,Colorado,Volleyball,318.0,9097.0
2014-15,Girls,Connecticut,Tennis,145.0,3365.0
2014-15,Girls,Connecticut,Track and Field Indoor,156.0,4933.0
2014-15,Girls,Connecticut,Track and Field Outdoor,175.0,7348.0
2014-15,Girls,Connecticut,Volleyball,164.0,4763.0
2014-15,Girls,Delaware,Tennis,39.0,635.0
2014-15,Girls,Delaware,Track and Field Indoor,38.0,732.0
2014-15,Girls,Delaware,Track and Field Outdoor,47.0,1202.0
2014-15,Girls,Delaware,Volleyball,53.0,1585.0
2014-15,Girls,Florida,Tennis,496.0,5059.0
2014-15,Girls,Florida,Track and Field Indoor,,566.0
2014-15,Girls,Florida,Track and Field Outdoor,566.0,14109.0
2014-15,Girls,Florida,Volleyball,641.0,14718.0
2014-15,Girls,Georgia,Track and Field Indoor,,422.0
2014-15,Girls,Georgia,Track and Field Outdoor,422.0,10894.0
2014-15,Girls,Georgia,Volleyball,327.0,7730.0
2014-15,Girls,Hawaii,Tennis,60.0,859.0
2014-15,Girls,Hawaii,Track and Field Indoor,,63.0
2014-15,Girls,Hawaii,Track and Field Outdoor,63.0,1465.0
2014-15,Girls,Hawaii,Volleyball,67.0,1890.0
2014-15,Girls,Idaho,Tennis,57.0,1052.0
2014-15,Girls,Idaho,Track and Field Indoor,,137.0
2014-15,Girls,Idaho,Track and Field Outdoor,137.0,3164.0
2014-15,Girls,Idaho,Volleyball,148.0,3601.0
2014-15,Girls,Illinois,Tennis,311.0,8063.0
2014-15,Girls,Illinois,Track and Field Indoor,,593.0
2014-15,Girls,Illinois,Track and Field Outdoor,593.0,19895.0
2014-15,Girls,Illinois,Volleyball,690.0,21939.0
2014-15,Girls,Indiana,Tennis,308.0,6160.0
2014-15,Girls,Indiana,Track and Field Indoor,,392.0
2014-15,Girls,Indiana,Track and Field Outdoor,392.0,10407.0
2014-15,Girls,Indiana,Volleyball,397.0,9551.0
2014-15,Girls,Iowa,Tennis,114.0,3326.0
2014-15,Girls,Iowa,Track and Field Indoor,,355.0
2014-15,Girls,Iowa,Track and Field Outdoor,355.0,9086.0
2014-15,Girls,Iowa,Volleyball,363.0,11482.0
2014-15,Girls,Kansas,Tennis,140.0,2647.0
2014-15,Girls,Kansas,Track and Field Indoor,,344.0
2014-15,Girls,Kansas,Track and Field Outdoor,344.0,6918.0
2014-15,Girls,Kansas,Volleyball,348.0,8749.0
2014-15,Girls,Kentucky,Tennis,211.0,2474.0
2014-15,Girls,Kentucky,Track and Field Indoor,,245.0
2014-15,Girls,Kentucky,Track and Field Outdoor,245.0,5019.0
2014-15,Girls,Kentucky,Volleyball,258.0,5871.0
2014-15,Girls,Louisiana,Tennis,182.0,1589.0
2014-15,Girls,Louisiana,Track and Field Indoor,246.0,1171.0
2014-15,Girls,Louisiana,Track and Field Outdoor,357.0,6671.0
2014-15,Girls,Louisiana,Volleyball,208.0,4341.0
2014-15,Girls,Maine,Tennis,,68.0
2014-15,Girls,Maine,Track and Field Indoor,68.0,1327.0
2014-15,Girls,Maine,Track and Field Outdoor,109.0,2487.0
2014-15,Girls,Maine,Volleyball,35.0,785.0
2014-15,Girls,Maryland,Tennis,180.0,2367.0
2014-15,Girls,Maryland,Track and Field Indoor,170.0,4319.0
2014-15,Girls,Maryland,Track and Field Outdoor,192.0,5862.0
2014-15,Girls,Maryland,Volleyball,189.0,5281.0
2014-15,Girls,Massachusetts,Tennis,258.0,4603.0
2014-15,Girls,Massachusetts,Track and Field Indoor,255.0,9218.0
2014-15,Girls,Massachusetts,Track and Field Outdoor,318.0,13239.0
2014-15,Girls,Massachusetts,Volleyball,290.0,9449.0
2014-15,Girls,Michigan,Tennis,335.0,8639.0
2014-15,Girls,Michigan,Track and Field Indoor,,645.0
2014-15,Girls,Michigan,Track and Field Outdoor,645.0,16855.0
2014-15,Girls,Michigan,Volleyball,646.0,17996.0
2014-15,Girls,Minnesota,Tennis,225.0,6550.0
2014-15,Girls,Minnesota,Track and Field Indoor,,436.0
2014-15,Girls,Minnesota,Track and Field Outdoor,436.0,15594.0
2014-15,Girls,Minnesota,Volleyball,463.0,16242.0
2014-15,Girls,Mississippi,Tennis,189.0,1900.0
2014-15,Girls,Mississippi,Track and Field Indoor,15.0,200.0
2014-15,Girls,Mississippi,Track and Field Outdoor,252.0,5350.0
2014-15,Girls,Mississippi,Volleyball,110.0,2490.0
2014-15,Girls,Missouri,Tennis,186.0,3997.0
2014-15,Girls,Missouri,Track and Field Indoor,,490.0
2014-15,Girls,Missouri,Track and Field Outdoor,490.0,11696.0
2014-15,Girls,Missouri,Volleyball,432.0,10290.0
2014-15,Girls,Montana,Tennis,59.0,1065.0
2014-15,Girls,Montana,Track and Field Indoor,,168.0
2014-15,Girls,Montana,Track and Field Outdoor,168.0,2506.0
2014-15,Girls,Montana,Volleyball,171.0,3629.0
2014-15,Girls,Nebraska,Tennis,67.0,1438.0
2014-15,Girls,Nebraska,Track and Field Indoor,,300.0
2014-15,Girls,Nebraska,Track and Field Outdoor,300.0,6878.0
2014-15,Girls,Nebraska,Volleyball,303.0,7063.0
2014-15,Girls,Nevada,Tennis,55.0,807.0
2014-15,Girls,Nevada,Track and Field Indoor,,93.0
2014-15,Girls,Nevada,Track and Field Outdoor,93.0,2965.0
2014-15,Girls,Nevada,Volleyball,105.0,2948.0
2014-15,Girls,New Hampshire,Tennis,54.0,914.0
2014-15,Girls,New Hampshire,Track and Field Indoor,58.0,1126.0
2014-15,Girls,New Hampshire,Track and Field Outdoor,78.0,2018.0
2014-15,Girls,New Hampshire,Volleyball,60.0,1617.0
2014-15,Girls,New Jersey,Tennis,338.0,6762.0
2014-15,Girls,New Jersey,Track and Field Indoor,305.0,10483.0
2014-15,Girls,New Jersey,Track and Field Outdoor,374.0,16766.0
2014-15,Girls,New Jersey,Volleyball,278.0,8765.0
2014-15,Girls,New Mexico,Tennis,61.0,856.0
2014-15,Girls,New Mexico,Track and Field Indoor,,150.0
2014-15,Girls,New Mexico,Track and Field Outdoor,150.0,3585.0
2014-15,Girls,New Mexico,Volleyball,159.0,4197.0
2014-15,Girls,New York,Tennis,442.0,9502.0
2014-15,Girls,New York,Track and Field Indoor,409.0,12379.0
2014-15,Girls,New York,Track and Field Outdoor,647.0,21834.0
2014-15,Girls,New York,Volleyball,631.0,15788.0
2014-15,Girls,North Carolina,Tennis,339.0,4094.0
2014-15,Girls,North Carolina,Track and Field Indoor,234.0,4024.0
2014-15,Girls,North Carolina,Track and Field Outdoor,384.0,9890.0
2014-15,Girls,North Carolina,Volleyball,398.0,9287.0
2014-15,Girls,North Dakota,Tennis,21.0,401.0
2014-15,Girls,North Dakota,Track and Field Indoor,,156.0
2014-15,Girls,North Dakota,Track and Field Outdoor,156.0,1798.0
2014-15,Girls,North Dakota,Volleyball,155.0,3067.0
2014-15,Girls,Ohio,Tennis,413.0,6381.0
2014-15,Girls,Ohio,Track and Field Indoor,172.0,2460.0
2014-15,Girls,Ohio,Track and Field Outdoor,751.0,21861.0
2014-15,Girls,Ohio,Volleyball,709.0,17960.0
2014-15,Girls,Oklahoma,Tennis,113.0,1297.0
2014-15,Girls,Oklahoma,Track and Field Indoor,,440.0
2014-15,Girls,Oklahoma,Track and Field Outdoor,440.0,5380.0
2014-15,Girls,Oklahoma,Volleyball,95.0,6485.0
2014-15,Girls,Oregon,Tennis,130.0,3020.0
2014-15,Girls,Oregon,Track and Field Indoor,,273.0
2014-15,Girls,Oregon,Track and Field Outdoor,273.0,7470.0
2014-15,Girls,Oregon,Volleyball,285.0,7001.0
2014-15,Girls,Pennsylvania,Tennis,402.0,4824.0
2014-15,Girls,Pennsylvania,Track and Field Indoor,191.0,2865.0
2014-15,Girls,Pennsylvania,Track and Field Outdoor,610.0,24400.0
2014-15,Girls,Pennsylvania,Volleyball,579.0,10422.0
2014-15,Girls,Rhode Island,Tennis,42.0,811.0
2014-15,Girls,Rhode Island,Track and Field Indoor,38.0,1281.0
2014-15,Girls,Rhode Island,Track and Field Outdoor,43.0,1503.0
2014-15,Girls,Rhode Island,Volleyball,43.0,1041.0
2014-15,Girls,South Carolina,Tennis,137.0,1964.0
2014-15,Girls,South Carolina,Track and Field Indoor,,198.0
2014-15,Girls,South Carolina,Track and Field Outdoor,198.0,5709.0
2014-15,Girls,South Carolina,Volleyball,204.0,4820.0
2014-15,Girls,South Dakota,Tennis,21.0,258.0
2014-15,Girls,South Dakota,Track and Field Indoor,,171.0
2014-15,Girls,South Dakota,Track and Field Outdoor,171.0,2670.0
2014-15,Girls,South Dakota,Volleyball,168.0,3514.0
2014-15,Girls,Tennessee,Tennis,275.0,2870.0
2014-15,Girls,Tennessee,Track and Field Indoor,,291.0
2014-15,Girls,Tennessee,Track and Field Outdoor,291.0,6015.0
2014-15,Girls,Tennessee,Volleyball,322.0,6231.0
2014-15,Girls,Texas,Tennis,1145.0,19901.0
2014-15,Girls,Texas,Track and Field Indoor,,1314.0
2014-15,Girls,Texas,Track and Field Outdoor,1314.0,59850.0
2014-15,Girls,Texas,Volleyball,1103.0,45486.0
2014-15,Girls,Utah,Tennis,89.0,1884.0
2014-15,Girls,Utah,Track and Field Indoor,,126.0
2014-15,Girls,Utah,Track and Field Outdoor,126.0,4346.0
2014-15,Girls,Utah,Volleyball,126.0,3126.0
2014-15,Girls,Vermont,Tennis,21.0,286.0
2014-15,Girls,Vermont,Track and Field Indoor,22.0,170.0
2014-15,Girls,Vermont,Track and Field Outdoor,49.0,514.0
2014-15,Girls,Vermont,Volleyball,7.0,113.0
2014-15,Girls,Virginia,Tennis,260.0,3378.0
2014-15,Girls,Virginia,Track and Field Indoor,219.0,5682.0
2014-15,Girls,Virginia,Track and Field Outdoor,300.0,8513.0
2014-15,Girls,Virginia,Volleyball,305.0,7849.0
2014-15,Girls,Washington,Tennis,243.0,7174.0
2014-15,Girls,Washington,Track and Field Indoor,,343.0
2014-15,Girls,Washington,Track and Field Outdoor,343.0,10163.0
2014-15,Girls,Washington,Volleyball,371.0,10593.0
2014-15,Girls,West Virginia,Tennis,77.0,865.0
2014-15,Girls,West Virginia,Track and Field Indoor,,112.0
2014-15,Girls,West Virginia,Track and Field Outdoor,112.0,2627.0
2014-15,Girls,West Virginia,Volleyball,120.0,2405.0
2014-15,Girls,Wisconsin,Tennis,206.0,5461.0
2014-15,Girls,Wisconsin,Track and Field Indoor,,425.0
2014-15,Girls,Wisconsin,Track and Field Outdoor,425.0,11848.0
2014-15,Girls,Wisconsin,Volleyball,472.0,15141.0
2014-15,Girls,Wyoming,Tennis,16.0,262.0
2014-15,Girls,Wyoming,Track and Field Indoor,23.0,492.0
2014-15,Girls,Wyoming,Track and Field Outdoor,70.0,1325.0
2014-15,Girls,Wyoming,Volleyball,68.0,1794.0
2015-16,Girls,Alabama,Basketball,406.0,8757.0
2015-16,Girls,Alabama,Bowling,60.0,416.0
2015-16,Girls,Alabama,Competitive Spirit Squads,,256.0
2015-16,Girls,Alabama,Cross Country,256.0,2546.0
2015-16,Girls,Alaska,Basketball,271.0,1730.0
2015-16,Girls,Alaska,Bowling,7.0,56.0
2015-16,Girls,Alaska,Competitive Spirit Squads,30.0,264.0
2015-16,Girls,Alaska,Cross Country,114.0,822.0
2015-16,Girls,Arizona,Basketball,254.0,6654.0
2015-16,Girls,Arizona,Bowling,,193.0
2015-16,Girls,Arizona,Competitive Spirit Squads,193.0,5938.0
2015-16,Girls,Arizona,Cross Country,226.0,2851.0
2015-16,Girls,Arkansas,Basketball,256.0,4177.0
2015-16,Girls,Arkansas,Bowling,61.0,548.0
2015-16,Girls,Arkansas,Competitive Spirit Squads,81.0,1594.0
2015-16,Girls,Arkansas,Cross Country,151.0,1335.0
2015-16,Girls,California,Basketball,1407.0,34373.0
2015-16,Girls,California,Bowling,6.0,43.0
2015-16,Girls,California,Competitive Spirit Squads,338.0,8846.0
2015-16,Girls,California,Cross Country,1267.0,25103.0
2015-16,Girls,Colorado,Basketball,335.0,7160.0
2015-16,Girls,Colorado,Bowling,,207.0
2015-16,Girls,Colorado,Competitive Spirit Squads,207.0,4830.0
2015-16,Girls,Colorado,Cross Country,241.0,4178.0
2015-16,Girls,Connecticut,Basketball,188.0,3928.0
2015-16,Girls,Connecticut,Bowling,,156.0
2015-16,Girls,Connecticut,Competitive Spirit Squads,156.0,2801.0
2015-16,Girls,Connecticut,Cross Country,183.0,2874.0
2015-16,Girls,Delaware,Basketball,56.0,1120.0
2015-16,Girls,Delaware,Bowling,,20.0
2015-16,Girls,Delaware,Competitive Spirit Squads,20.0,224.0
2015-16,Girls,Delaware,Cross Country,52.0,847.0
2015-16,Girls,District of Columbia,Basketball,37.0,584.0
2015-16,Girls,District of Columbia,Bowling,13.0,78.0
2015-16,Girls,District of Columbia,Competitive Spirit Squads,8.0,135.0
2015-16,Girls,District of Columbia,Cross Country,27.0,333.0
2015-16,Girls,Florida,Basketball,631.0,11376.0
2015-16,Girls,Florida,Bowling,199.0,1609.0
2015-16,Girls,Florida,Competitive Spirit Squads,233.0,5386.0
2015-16,Girls,Florida,Cross Country,563.0,7729.0
2015-16,Girls,Georgia,Basketball,435.0,8897.0
2015-16,Girls,Georgia,Bowling,,238.0
2015-16,Girls,Georgia,Competitive Spirit Squads,238.0,4857.0
2015-16,Girls,Georgia,Cross Country,411.0,6379.0
2015-16,Girls,Hawaii,Basketball,64.0,1333.0
2015-16,Girls,Hawaii,Bowling,49.0,470.0
2015-16,Girls,Hawaii,Competitive Spirit Squads,49.0,802.0
2015-16,Girls,Hawaii,Cross Country,67.0,856.0
2015-16,Girls,Idaho,Basketball,147.0,3199.0
2015-16,Girls,Idaho,Bowling,,121.0
2015-16,Girls,Idaho,Competitive Spirit Squads,121.0,1449.0
2015-16,Girls,Idaho,Cross Country,111.0,1419.0
2015-16,Girls,Illinois,Basketball,686.0,17015.0
2015-16,Girls,Illinois,Bowling,226.0,3098.0
2015-16,Girls,Illinois,Competitive Spirit Squads,285.0,7069.0
2015-16,Girls,Illinois,Cross Country,514.0,10713.0
2015-16,Girls,Indiana,Basketball,395.0,8048.0
2015-16,Girls,Indiana,Competitive Spirit Squads,,390.0
2015-16,Girls,Indiana,Cross Country,390.0,4942.0
2015-16,Girls,Iowa,Basketball,359.0,7205.0
2015-16,Girls,Iowa,Bowling,96.0,1166.0
2015-16,Girls,Iowa,Competitive Spirit Squads,,314.0
2015-16,Girls,Iowa,Cross Country,314.0,4339.0
2015-16,Girls,Kansas,Basketball,349.0,7004.0
2015-16,Girls,Kansas,Bowling,78.0,937.0
2015-16,Girls,Kansas,Competitive Spirit Squads,,305.0
2015-16,Girls,Kansas,Cross Country,305.0,3118.0
2015-16,Girls,Kentucky,Basketball,269.0,5482.0
2015-16,Girls,Kentucky,Bowling,98.0,873.0
2015-16,Girls,Kentucky,Competitive Spirit Squads,249.0,4983.0
2015-16,Girls,Kentucky,Cross Country,238.0,2946.0
2015-16,Girls,Louisiana,Basketball,376.0,5346.0
2015-16,Girls,Louisiana,Bowling,79.0,386.0
2015-16,Girls,Louisiana,Competitive Spirit Squads,,300.0
2015-16,Girls,Louisiana,Cross Country,300.0,2528.0
2015-16,Girls,Maine,Basketball,138.0,2826.0
2015-16,Girls,Maine,Bowling,5.0,17.0
2015-16,Girls,Maine,Competitive Spirit Squads,80.0,1134.0
2015-16,Girls,Maine,Cross Country,104.0,1082.0
2015-16,Girls,Maryland,Basketball,193.0,4435.0
2015-16,Girls,Maryland,Bowling,4.0,27.0
2015-16,Girls,Maryland,Competitive Spirit Squads,,184.0
2015-16,Girls,Maryland,Cross Country,184.0,2836.0
2015-16,Girls,Massachusetts,Basketball,365.0,9289.0
2015-16,Girls,Massachusetts,Competitive Spirit Squads,,310.0
2015-16,Girls,Massachusetts,Cross Country,310.0,6063.0
2015-16,Girls,Michigan,Basketball,653.0,15573.0
2015-16,Girls,Michigan,Bowling,350.0,3054.0
2015-16,Girls,Michigan,Competitive Spirit Squads,336.0,7062.0
2015-16,Girls,Michigan,Cross Country,615.0,8405.0
2015-16,Girls,Minnesota,Basketball,457.0,12012.0
2015-16,Girls,Minnesota,Competitive Spirit Squads,,362.0
2015-16,Girls,Minnesota,Cross Country,362.0,9065.0
2015-16,Girls,Mississippi,Basketball,250.0,8460.0
2015-16,Girls,Mississippi,Bowling,58.0,475.0
2015-16,Girls,Mississippi,Competitive Spirit Squads,125.0,3010.0
2015-16,Girls,Mississippi,Cross Country,166.0,1445.0
2015-16,Girls,Missouri,Basketball,542.0,10120.0
2015-16,Girls,Missouri,Bowling,7.0,58.0
2015-16,Girls,Missouri,Competitive Spirit Squads,,392.0
2015-16,Girls,Missouri,Cross Country,392.0,4549.0
2015-16,Girls,Montana,Basketball,172.0,2903.0
2015-16,Girls,Montana,Competitive Spirit Squads,,109.0
2015-16,Girls,Montana,Cross Country,109.0,1001.0
2015-16,Girls,Nebraska,Basketball,301.0,5976.0
2015-16,Girls,Nebraska,Competitive Spirit Squads,,230.0
2015-16,Girls,Nebraska,Cross Country,230.0,2363.0
2015-16,Girls,Nevada,Basketball,101.0,2520.0
2015-16,Girls,Nevada,Bowling,36.0,257.0
2015-16,Girls,Nevada,Competitive Spirit Squads,,85.0
2015-16,Girls,Nevada,Cross Country,85.0,903.0
2015-16,Girls,New Hampshire,Basketball,86.0,1777.0
2015-16,Girls,New Hampshire,Bowling,13.0,50.0
2015-16,Girls,New Hampshire,Competitive Spirit Squads,93.0,1424.0
2015-16,Girls,New Hampshire,Cross Country,72.0,965.0
2015-16,Girls,New Jersey,Basketball,410.0,10055.0
2015-16,Girls,New Jersey,Bowling,204.0,2024.0
2015-16,Girls,New Jersey,Competitive Spirit Squads,,373.0
2015-16,Girls,New Jersey,Cross Country,373.0,6008.0
2015-16,Girls,New Mexico,Basketball,154.0,3734.0
2015-16,Girls,New Mexico,Bowling,24.0,220.0
2015-16,Girls,New Mexico,Competitive Spirit Squads,74.0,1657.0
2015-16,Girls,New Mexico,Cross Country,110.0,1304.0
2015-16,Girls,New York,Basketball,725.0,16302.0
2015-16,Girls,New York,Bowling,327.0,3022.0
2015-16,Girls,New York,Competitive Spirit Squads,553.0,12081.0
2015-16,Girls,New York,Cross Country,579.0,7874.0
2015-16,Girls,North Carolina,Basketball,403.0,8182.0
2015-16,Girls,North Carolina,Bowling,,392.0
2015-16,Girls,North Carolina,Competitive Spirit Squads,392.0,20601.0
2015-16,Girls,North Carolina,Cross Country,381.0,5444.0
2015-16,Girls,North Dakota,Basketball,162.0,2256.0
2015-16,Girls,North Dakota,Competitive Spirit Squads,,101.0
2015-16,Girls,North Dakota,Cross Country,101.0,588.0
2015-16,Girls,Ohio,Basketball,744.0,16118.0
2015-16,Girls,Ohio,Bowling,344.0,3252.0
2015-16,Girls,Ohio,Competitive Spirit Squads,106.0,1859.0
2015-16,Girls,Ohio,Cross Country,694.0,9355.0
2015-16,Girls,Oklahoma,Basketball,473.0,9247.0
2015-16,Girls,Oklahoma,Bowling,,473.0
2015-16,Girls,Oklahoma,Competitive Spirit Squads,473.0,9247.0
2015-16,Girls,Oklahoma,Cross Country,237.0,3097.0
2015-16,Girls,Oregon,Basketball,274.0,5765.0
2015-16,Girls,Oregon,Bowling,,143.0
2015-16,Girls,Oregon,Competitive Spirit Squads,143.0,2438.0
2015-16,Girls,Oregon,Cross Country,216.0,3004.0
2015-16,Girls,Pennsylvania,Basketball,711.0,21330.0
2015-16,Girls,Pennsylvania,Bowling,141.0,1410.0
2015-16,Girls,Pennsylvania,Competitive Spirit Squads,310.0,4650.0
2015-16,Girls,Pennsylvania,Cross Country,570.0,11440.0
2015-16,Girls,Rhode Island,Basketball,49.0,986.0
2015-16,Girls,Rhode Island,Bowling,,29.0
2015-16,Girls,Rhode Island,Competitive Spirit Squads,29.0,392.0
2015-16,Girls,Rhode Island,Cross Country,47.0,629.0
2015-16,Girls,South Carolina,Basketball,210.0,4974.0
2015-16,Girls,South Carolina,Bowling,,94.0
2015-16,Girls,South Carolina,Competitive Spirit Squads,94.0,2959.0
2015-16,Girls,South Carolina,Cross Country,171.0,2419.0
2015-16,Girls,South Dakota,Basketball,172.0,2701.0
2015-16,Girls,South Dakota,Bowling,,38.0
2015-16,Girls,South Dakota,Competitive Spirit Squads,38.0,709.0
2015-16,Girls,South Dakota,Cross Country,150.0,786.0
2015-16,Girls,Tennessee,Basketball,389.0,6194.0
2015-16,Girls,Tennessee,Bowling,134.0,1096.0
2015-16,Girls,Tennessee,Competitive Spirit Squads,,311.0
2015-16,Girls,Tennessee,Cross Country,311.0,3151.0
2015-16,Girls,Texas,Basketball,1297.0,68013.0
2015-16,Girls,Texas,Competitive Spirit Squads,,1279.0
2015-16,Girls,Texas,Cross Country,1279.0,23547.0
2015-16,Girls,Utah,Basketball,129.0,3110.0
2015-16,Girls,Utah,Competitive Spirit Squads,,130.0
2015-16,Girls,Utah,Cross Country,130.0,2148.0
2015-16,Girls,Vermont,Basketball,53.0,842.0
2015-16,Girls,Vermont,Bowling,7.0,32.0
2015-16,Girls,Vermont,Competitive Spirit Squads,27.0,100.0
2015-16,Girls,Vermont,Cross Country,53.0,321.0
2015-16,Girls,Virginia,Basketball,311.0,7730.0
2015-16,Girls,Virginia,Bowling,,212.0
2015-16,Girls,Virginia,Competitive Spirit Squads,212.0,4515.0
2015-16,Girls,Virginia,Cross Country,304.0,5086.0
2015-16,Girls,Washington,Basketball,385.0,7839.0
2015-16,Girls,Washington,Bowling,82.0,1207.0
2015-16,Girls,Washington,Competitive Spirit Squads,,322.0
2015-16,Girls,Washington,Cross Country,322.0,4192.0
2015-16,Girls,West Virginia,Basketball,124.0,2164.0
2015-16,Girls,West Virginia,Bowling,,106.0
2015-16,Girls,West Virginia,Competitive Spirit Squads,106.0,1975.0
2015-16,Girls,West Virginia,Cross Country,93.0,829.0
2015-16,Girls,Wisconsin,Basketball,466.0,10955.0
2015-16,Girls,Wisconsin,Competitive Spirit Squads,,398.0
2015-16,Girls,Wisconsin,Cross Country,398.0,6340.0
2015-16,Girls,Wyoming,Basketball,70.0,1604.0
2015-16,Girls,Wyoming,Bowling,,33.0
2015-16,Girls,Wyoming,Competitive Spirit Squads,33.0,540.0
2015-16,Girls,Wyoming,Cross Country,42.0,419.0
2015-16,Girls,Alabama,Football 11-player,,241.0
2015-16,Girls,Alabama,Golf,241.0,700.0
2015-16,Girls,Alaska,Football 11-player,8.0,23.0
2015-16,Girls,Alaska,Gymnastics,8.0,78.0
2015-16,Girls,Arizona,Field Hockey,,28.0
2015-16,Girls,Arizona,Football 11-player,28.0,95.0
2015-16,Girls,Arizona,Golf,109.0,945.0
2015-16,Girls,Arkansas,Field Hockey,,10.0
2015-16,Girls,Arkansas,Football 11-player,10.0,28.0
2015-16,Girls,Arkansas,Golf,172.0,786.0
2015-16,Girls,Arkansas,Gymnastics,6.0,94.0
2015-16,Girls,California,Field Hockey,96.0,3334.0
2015-16,Girls,California,Football 11-player,223.0,333.0
2015-16,Girls,California,Golf,865.0,7541.0
2015-16,Girls,California,Gymnastics,52.0,799.0
2015-16,Girls,Colorado,Field Hockey,13.0,557.0
2015-16,Girls,Colorado,Football 11-player,,109.0
2015-16,Girls,Colorado,Golf,163.0,1689.0
2015-16,Girls,Colorado,Gymnastics,43.0,545.0
2015-16,Girls,Connecticut,Field Hockey,84.0,3302.0
2015-16,Girls,Connecticut,Football 11-player,,35.0
2015-16,Girls,Connecticut,Golf,75.0,748.0
2015-16,Girls,Connecticut,Gymnastics,80.0,424.0
2015-16,Girls,Delaware,Field Hockey,49.0,1507.0
2015-16,Girls,Delaware,Football 11-player,,2.0
2015-16,Girls,Delaware,Golf,33.0,94.0
2015-16,Girls,District of Columbia,Field Hockey,5.0,143.0
2015-16,Girls,District of Columbia,Football 11-player,,7.0
2015-16,Girls,District of Columbia,Golf,7.0,20.0
2015-16,Girls,Florida,Football 11-player,,46.0
2015-16,Girls,Florida,Golf,438.0,2513.0
2015-16,Girls,Georgia,Field Hockey,,31.0
2015-16,Girls,Georgia,Football 11-player,31.0,75.0
2015-16,Girls,Georgia,Golf,354.0,1891.0
2015-16,Girls,Georgia,Gymnastics,60.0,455.0
2015-16,Girls,Hawaii,Field Hockey,,13.0
2015-16,Girls,Hawaii,Football 11-player,13.0,19.0
2015-16,Girls,Hawaii,Golf,52.0,226.0
2015-16,Girls,Idaho,Football 11-player,,18.0
2015-16,Girls,Idaho,Golf,89.0,578.0
2015-16,Girls,Illinois,Field Hockey,11.0,191.0
2015-16,Girls,Illinois,Football 11-player,,392.0
2015-16,Girls,Illinois,Golf,392.0,3971.0
2015-16,Girls,Illinois,Gymnastics,76.0,1753.0
2015-16,Girls,Indiana,Football 11-player,,290.0
2015-16,Girls,Indiana,Golf,290.0,2382.0
2015-16,Girls,Indiana,Gymnastics,74.0,603.0
2015-16,Girls,Iowa,Field Hockey,,18.0
2015-16,Girls,Iowa,Football 11-player,18.0,87.0
2015-16,Girls,Iowa,Golf,315.0,3003.0
2015-16,Girls,Kansas,Football 11-player,,29.0
2015-16,Girls,Kansas,Golf,119.0,1280.0
2015-16,Girls,Kansas,Gymnastics,13.0,141.0
2015-16,Girls,Kentucky,Field Hockey,19.0,718.0
2015-16,Girls,Kentucky,Football 11-player,,31.0
2015-16,Girls,Kentucky,Golf,211.0,1246.0
2015-16,Girls,Louisiana,Football 11-player,,173.0
2015-16,Girls,Louisiana,Golf,173.0,259.0
2015-16,Girls,Louisiana,Gymnastics,54.0,135.0
2015-16,Girls,Maine,Field Hockey,82.0,2184.0
2015-16,Girls,Maine,Football 11-player,9.0,25.0
2015-16,Girls,Maine,Golf,55.0,126.0
2015-16,Girls,Maine,Gymnastics,1.0,3.0
2015-16,Girls,Maryland,Field Hockey,124.0,3868.0
2015-16,Girls,Maryland,Football 11-player,13.0,27.0
2015-16,Girls,Maryland,Golf,135.0,270.0
2015-16,Girls,Maryland,Gymnastics,13.0,350.0
2015-16,Girls,Massachusetts,Field Hockey,218.0,7694.0
2015-16,Girls,Massachusetts,Football 11-player,,55.0
2015-16,Girls,Massachusetts,Golf,33.0,616.0
2015-16,Girls,Massachusetts,Gymnastics,106.0,1207.0
2015-16,Girls,Michigan,Field Hockey,29.0,977.0
2015-16,Girls,Michigan,Football 11-player,,92.0
2015-16,Girls,Michigan,Golf,334.0,3534.0
2015-16,Girls,Michigan,Gymnastics,67.0,638.0
2015-16,Girls,Minnesota,Football 11-player,,364.0
2015-16,Girls,Minnesota,Golf,364.0,4204.0
2015-16,Girls,Minnesota,Gymnastics,197.0,2595.0
2015-16,Girls,Mississippi,Football 11-player,,121.0
2015-16,Girls,Mississippi,Golf,121.0,448.0
2015-16,Girls,Missouri,Field Hockey,31.0,1120.0
2015-16,Girls,Missouri,Football 11-player,,195.0
2015-16,Girls,Missouri,Golf,195.0,1874.0
2015-16,Girls,Montana,Football 11-player,5.0,6.0
2015-16,Girls,Montana,Golf,92.0,470.0
2015-16,Girls,Nebraska,Football 11-player,,18.0
2015-16,Girls,Nebraska,Golf,138.0,1351.0
2015-16,Girls,Nevada,Football 11-player,,69.0
2015-16,Girls,Nevada,Golf,69.0,372.0
2015-16,Girls,New Hampshire,Field Hockey,53.0,1744.0
2015-16,Girls,New Hampshire,Football 11-player,,16.0
2015-16,Girls,New Hampshire,Golf,19.0,35.0
2015-16,Girls,New Hampshire,Gymnastics,26.0,200.0
2015-16,Girls,New Jersey,Field Hockey,219.0,8262.0
2015-16,Girls,New Jersey,Football 11-player,,37.0
2015-16,Girls,New Jersey,Golf,183.0,1709.0
2015-16,Girls,New Jersey,Gymnastics,72.0,965.0
2015-16,Girls,New Mexico,Field Hockey,,128.0
2015-16,Girls,New Mexico,Football 11-player,128.0,52.0
2015-16,Girls,New Mexico,Golf,75.0,415.0
2015-16,Girls,New York,Field Hockey,227.0,7241.0
2015-16,Girls,New York,Football 11-player,,175.0
2015-16,Girls,New York,Golf,175.0,1978.0
2015-16,Girls,New York,Gymnastics,108.0,1457.0
2015-16,Girls,North Carolina,Football 11-player,,242.0
2015-16,Girls,North Carolina,Golf,242.0,1311.0
2015-16,Girls,North Dakota,Football 11-player,5.0,11.0
2015-16,Girls,North Dakota,Golf,120.0,465.0
2015-16,Girls,North Dakota,Gymnastics,21.0,122.0
2015-16,Girls,Ohio,Field Hockey,36.0,1126.0
2015-16,Girls,Ohio,Football 11-player,24.0,245.0
2015-16,Girls,Ohio,Golf,479.0,3057.0
2015-16,Girls,Ohio,Gymnastics,134.0,888.0
2015-16,Girls,Oklahoma,Field Hockey,,14.0
2015-16,Girls,Oklahoma,Football 11-player,14.0,20.0
2015-16,Girls,Oklahoma,Golf,199.0,1478.0
2015-16,Girls,Oregon,Football 11-player,,28.0
2015-16,Girls,Oregon,Golf,133.0,927.0
2015-16,Girls,Pennsylvania,Field Hockey,281.0,9835.0
2015-16,Girls,Pennsylvania,Football 11-player,,358.0
2015-16,Girls,Pennsylvania,Golf,358.0,3580.0
2015-16,Girls,Pennsylvania,Gymnastics,22.0,220.0
2015-16,Girls,Rhode Island,Field Hockey,22.0,724.0
2015-16,Girls,Rhode Island,Football 11-player,,18.0
2015-16,Girls,Rhode Island,Golf,1.0,91.0
2015-16,Girls,Rhode Island,Gymnastics,13.0,169.0
2015-16,Girls,South Carolina,Football 11-player,,100.0
2015-16,Girls,South Carolina,Golf,100.0,862.0
2015-16,Girls,South Dakota,Football 11-player,4.0,6.0
2015-16,Girls,South Dakota,Golf,114.0,606.0
2015-16,Girls,South Dakota,Gymnastics,33.0,244.0
2015-16,Girls,Tennessee,Football 11-player,,268.0
2015-16,Girls,Tennessee,Golf,268.0,929.0
2015-16,Girls,Texas,Football 11-player,,178.0
2015-16,Girls,Texas,Golf,1165.0,8269.0
2015-16,Girls,Utah,Football 11-player,,10.0
2015-16,Girls,Utah,Golf,107.0,1094.0
2015-16,Girls,Vermont,Field Hockey,26.0,580.0
2015-16,Girls,Vermont,Football 11-player,6.0,106.0
2015-16,Girls,Vermont,Golf,25.0,96.0
2015-16,Girls,Vermont,Gymnastics,8.0,28.0
2015-16,Girls,Virginia,Field Hockey,138.0,4686.0
2015-16,Girls,Virginia,Football 11-player,32.0,59.0
2015-16,Girls,Virginia,Golf,178.0,471.0
2015-16,Girls,Virginia,Gymnastics,80.0,878.0
2015-16,Girls,Washington,Football 11-player,,279.0
2015-16,Girls,Washington,Golf,279.0,2178.0
2015-16,Girls,Washington,Gymnastics,89.0,1427.0
2015-16,Girls,Wisconsin,Football 11-player,,154.0
2015-16,Girls,Wisconsin,Golf,154.0,1878.0
2015-16,Girls,Wisconsin,Gymnastics,79.0,1296.0
2015-16,Girls,Wyoming,Football 11-player,5.0,5.0
2015-16,Girls,Wyoming,Golf,38.0,196.0
2015-16,Girls,Alaska,Ice Hockey,24.0,87.0
2015-16,Girls,Alaska,Lacrosse,,22.0
2015-16,Girls,Alaska,Skiing Alpine,22.0,380.0
2015-16,Girls,California,Ice Hockey,5.0,13.0
2015-16,Girls,California,Lacrosse,213.0,6039.0
2015-16,Girls,California,Skiing Alpine,4.0,30.0
2015-16,Girls,California,Skiing Cross Country,22.0,167.0
2015-16,Girls,Colorado,Ice Hockey,,7.0
2015-16,Girls,Colorado,Lacrosse,79.0,1719.0
2015-16,Girls,Colorado,Skiing Alpine,14.0,144.0
2015-16,Girls,Colorado,Skiing Cross Country,14.0,147.0
2015-16,Girls,Connecticut,Ice Hockey,,21.0
2015-16,Girls,Connecticut,Lacrosse,95.0,3770.0
2015-16,Girls,Delaware,Ice Hockey,,35.0
2015-16,Girls,Delaware,Lacrosse,35.0,1140.0
2015-16,Girls,District of Columbia,Ice Hockey,,12.0
2015-16,Girls,District of Columbia,Lacrosse,12.0,324.0
2015-16,Girls,District of Columbia,Skiing Cross Country,7.0,14.0
2015-16,Girls,Florida,Ice Hockey,,167.0
2015-16,Girls,Florida,Lacrosse,167.0,5094.0
2015-16,Girls,Georgia,Ice Hockey,,101.0
2015-16,Girls,Georgia,Lacrosse,101.0,3179.0
2015-16,Girls,Illinois,Ice Hockey,,63.0
2015-16,Girls,Illinois,Lacrosse,63.0,1749.0
2015-16,Girls,Kentucky,Ice Hockey,,18.0
2015-16,Girls,Kentucky,Lacrosse,18.0,788.0
2015-16,Girls,Maine,Ice Hockey,48.0,423.0
2015-16,Girls,Maine,Lacrosse,51.0,1413.0
2015-16,Girls,Maine,Skiing Alpine,40.0,296.0
2015-16,Girls,Maine,Skiing Cross Country,42.0,255.0
2015-16,Girls,Maryland,Ice Hockey,8.0,89.0
2015-16,Girls,Maryland,Lacrosse,137.0,4866.0
2015-16,Girls,Massachusetts,Ice Hockey,147.0,2268.0
2015-16,Girls,Massachusetts,Lacrosse,213.0,7812.0
2015-16,Girls,Massachusetts,Skiing Alpine,20.0,329.0
2015-16,Girls,Massachusetts,Skiing Cross Country,73.0,846.0
2015-16,Girls,Michigan,Ice Hockey,27.0,359.0
2015-16,Girls,Michigan,Lacrosse,97.0,2779.0
2015-16,Girls,Michigan,Skiing Alpine,3.0,33.0
2015-16,Girls,Michigan,Skiing Cross Country,92.0,652.0
2015-16,Girls,Minnesota,Ice Hockey,245.0,3761.0
2015-16,Girls,Minnesota,Lacrosse,98.0,3773.0
2015-16,Girls,Minnesota,Skiing Alpine,118.0,2431.0
2015-16,Girls,Minnesota,Skiing Cross Country,124.0,821.0
2015-16,Girls,Missouri,Ice Hockey,,35.0
2015-16,Girls,Missouri,Lacrosse,35.0,1435.0
2015-16,Girls,Nevada,Skiing Alpine,,19.0
2015-16,Girls,Nevada,Skiing Cross Country,19.0,177.0
2015-16,Girls,New Hampshire,Ice Hockey,13.0,264.0
2015-16,Girls,New Hampshire,Lacrosse,43.0,1641.0
2015-16,Girls,New Hampshire,Skiing Alpine,31.0,320.0
2015-16,Girls,New Hampshire,Skiing Cross Country,52.0,435.0
2015-16,Girls,New Jersey,Ice Hockey,,222.0
2015-16,Girls,New Jersey,Lacrosse,209.0,9324.0
2015-16,Girls,New Jersey,Skiing Alpine,44.0,138.0
2015-16,Girls,New York,Ice Hockey,30.0,528.0
2015-16,Girls,New York,Lacrosse,316.0,12085.0
2015-16,Girls,New York,Skiing Alpine,35.0,413.0
2015-16,Girls,New York,Skiing Cross Country,73.0,560.0
2015-16,Girls,North Carolina,Ice Hockey,,74.0
2015-16,Girls,North Carolina,Lacrosse,74.0,2197.0
2015-16,Girls,North Dakota,Ice Hockey,20.0,214.0
2015-16,Girls,Ohio,Ice Hockey,16.0,23.0
2015-16,Girls,Ohio,Lacrosse,102.0,3296.0
2015-16,Girls,Ohio,Skiing Alpine,1.0,12.0
2015-16,Girls,Ohio,Skiing Cross Country,1.0,11.0
2015-16,Girls,Pennsylvania,Ice Hockey,,213.0
2015-16,Girls,Pennsylvania,Lacrosse,213.0,6816.0
2015-16,Girls,Rhode Island,Ice Hockey,8.0,242.0
2015-16,Girls,Rhode Island,Lacrosse,34.0,1218.0
2015-16,Girls,South Carolina,Ice Hockey,,40.0
2015-16,Girls,South Carolina,Lacrosse,40.0,1364.0
2015-16,Girls,Vermont,Ice Hockey,18.0,230.0
2015-16,Girls,Vermont,Lacrosse,25.0,545.0
2015-16,Girls,Vermont,Skiing Alpine,30.0,351.0
2015-16,Girls,Vermont,Skiing Cross Country,17.0,110.0
2015-16,Girls,Virginia,Ice Hockey,,102.0
2015-16,Girls,Virginia,Lacrosse,102.0,3684.0
2015-16,Girls,Wisconsin,Ice Hockey,33.0,763.0
2015-16,Girls,Wyoming,Lacrosse,,7.0
2015-16,Girls,Wyoming,Skiing Alpine,7.0,63.0
2015-16,Girls,Wyoming,Skiing Cross Country,6.0,76.0
2015-16,Girls,Alabama,Soccer,166.0,4439.0
2015-16,Girls,Alabama,Softball Slow Pitch,,380.0
2015-16,Girls,Alabama,Softball Fast Pitch,380.0,9330.0
2015-16,Girls,Alabama,Swimming and Diving,72.0,771.0
2015-16,Girls,Alaska,Soccer,38.0,955.0
2015-16,Girls,Alaska,Softball Slow Pitch,,28.0
2015-16,Girls,Alaska,Softball Fast Pitch,28.0,639.0
2015-16,Girls,Alaska,Swimming and Diving,31.0,450.0
2015-16,Girls,Arizona,Soccer,184.0,6401.0
2015-16,Girls,Arizona,Softball Slow Pitch,,238.0
2015-16,Girls,Arizona,Softball Fast Pitch,238.0,6853.0
2015-16,Girls,Arizona,Swimming and Diving,149.0,3056.0
2015-16,Girls,Arkansas,Soccer,90.0,2134.0
2015-16,Girls,Arkansas,Softball Slow Pitch,,231.0
2015-16,Girls,Arkansas,Softball Fast Pitch,231.0,4285.0
2015-16,Girls,Arkansas,Swimming and Diving,45.0,456.0
2015-16,Girls,California,Soccer,1319.0,46769.0
2015-16,Girls,California,Softball Slow Pitch,6.0,94.0
2015-16,Girls,California,Softball Fast Pitch,1239.0,33348.0
2015-16,Girls,California,Swimming and Diving,921.0,29054.0
2015-16,Girls,Colorado,Soccer,222.0,7991.0
2015-16,Girls,Colorado,Softball Slow Pitch,,184.0
2015-16,Girls,Colorado,Softball Fast Pitch,184.0,3920.0
2015-16,Girls,Colorado,Swimming and Diving,145.0,4287.0
2015-16,Girls,Connecticut,Soccer,169.0,5817.0
2015-16,Girls,Connecticut,Softball Slow Pitch,,182.0
2015-16,Girls,Connecticut,Softball Fast Pitch,182.0,4232.0
2015-16,Girls,Connecticut,Swimming and Diving,113.0,2635.0
2015-16,Girls,Delaware,Soccer,51.0,1590.0
2015-16,Girls,Delaware,Softball Slow Pitch,,47.0
2015-16,Girls,Delaware,Softball Fast Pitch,47.0,1110.0
2015-16,Girls,Delaware,Swimming and Diving,39.0,769.0
2015-16,Girls,District of Columbia,Soccer,26.0,640.0
2015-16,Girls,District of Columbia,Softball Slow Pitch,,30.0
2015-16,Girls,District of Columbia,Softball Fast Pitch,30.0,496.0
2015-16,Girls,District of Columbia,Swimming and Diving,18.0,207.0
2015-16,Girls,Florida,Soccer,536.0,15902.0
2015-16,Girls,Florida,Softball Slow Pitch,,559.0
2015-16,Girls,Florida,Softball Fast Pitch,559.0,12638.0
2015-16,Girls,Florida,Swimming and Diving,439.0,8093.0
2015-16,Girls,Georgia,Soccer,390.0,10359.0
2015-16,Girls,Georgia,Softball Slow Pitch,6.0,116.0
2015-16,Girls,Georgia,Softball Fast Pitch,405.0,8230.0
2015-16,Girls,Georgia,Swimming and Diving,259.0,4521.0
2015-16,Girls,Hawaii,Soccer,63.0,1697.0
2015-16,Girls,Hawaii,Softball Slow Pitch,,57.0
2015-16,Girls,Hawaii,Softball Fast Pitch,57.0,1453.0
2015-16,Girls,Hawaii,Swimming and Diving,60.0,852.0
2015-16,Girls,Idaho,Soccer,76.0,2153.0
2015-16,Girls,Idaho,Softball Slow Pitch,,97.0
2015-16,Girls,Idaho,Softball Fast Pitch,97.0,2153.0
2015-16,Girls,Illinois,Soccer,403.0,16286.0
2015-16,Girls,Illinois,Softball Slow Pitch,,615.0
2015-16,Girls,Illinois,Softball Fast Pitch,615.0,15333.0
2015-16,Girls,Illinois,Swimming and Diving,250.0,6435.0
2015-16,Girls,Indiana,Soccer,262.0,6984.0
2015-16,Girls,Indiana,Softball Slow Pitch,,373.0
2015-16,Girls,Indiana,Softball Fast Pitch,373.0,8408.0
2015-16,Girls,Indiana,Swimming and Diving,239.0,4267.0
2015-16,Girls,Iowa,Soccer,142.0,4902.0
2015-16,Girls,Iowa,Softball Slow Pitch,,341.0
2015-16,Girls,Iowa,Softball Fast Pitch,341.0,7948.0
2015-16,Girls,Iowa,Swimming and Diving,56.0,1530.0
2015-16,Girls,Kansas,Soccer,89.0,3371.0
2015-16,Girls,Kansas,Softball Slow Pitch,,226.0
2015-16,Girls,Kansas,Softball Fast Pitch,226.0,4938.0
2015-16,Girls,Kansas,Swimming and Diving,79.0,1971.0
2015-16,Girls,Kentucky,Soccer,197.0,6016.0
2015-16,Girls,Kentucky,Softball Slow Pitch,,259.0
2015-16,Girls,Kentucky,Softball Fast Pitch,259.0,5846.0
2015-16,Girls,Kentucky,Swimming and Diving,135.0,2096.0
2015-16,Girls,Louisiana,Soccer,165.0,4026.0
2015-16,Girls,Louisiana,Softball Slow Pitch,,340.0
2015-16,Girls,Louisiana,Softball Fast Pitch,340.0,6156.0
2015-16,Girls,Louisiana,Swimming and Diving,204.0,1368.0
2015-16,Girls,Maine,Soccer,138.0,3633.0
2015-16,Girls,Maine,Softball Slow Pitch,,128.0
2015-16,Girls,Maine,Softball Fast Pitch,128.0,2740.0
2015-16,Girls,Maine,Swimming and Diving,62.0,957.0
2015-16,Girls,Maryland,Soccer,175.0,5796.0
2015-16,Girls,Maryland,Softball Slow Pitch,,191.0
2015-16,Girls,Maryland,Softball Fast Pitch,191.0,4890.0
2015-16,Girls,Maryland,Swimming and Diving,107.0,2256.0
2015-16,Girls,Massachusetts,Soccer,356.0,12911.0
2015-16,Girls,Massachusetts,Softball Slow Pitch,,352.0
2015-16,Girls,Massachusetts,Softball Fast Pitch,352.0,9524.0
2015-16,Girls,Massachusetts,Swimming and Diving,224.0,4237.0
2015-16,Girls,Michigan,Soccer,456.0,13415.0
2015-16,Girls,Michigan,Softball Slow Pitch,,612.0
2015-16,Girls,Michigan,Softball Fast Pitch,612.0,13788.0
2015-16,Girls,Michigan,Swimming and Diving,253.0,5378.0
2015-16,Girls,Minnesota,Soccer,235.0,8116.0
2015-16,Girls,Minnesota,Softball Slow Pitch,,412.0
2015-16,Girls,Minnesota,Softball Fast Pitch,412.0,13029.0
2015-16,Girls,Minnesota,Swimming and Diving,203.0,5813.0
2015-16,Girls,Mississippi,Soccer,135.0,2690.0
2015-16,Girls,Mississippi,Softball Slow Pitch,150.0,2180.0
2015-16,Girls,Mississippi,Softball Fast Pitch,230.0,4820.0
2015-16,Girls,Mississippi,Swimming and Diving,68.0,1675.0
2015-16,Girls,Missouri,Soccer,234.0,8295.0
2015-16,Girls,Missouri,Softball Slow Pitch,,501.0
2015-16,Girls,Missouri,Softball Fast Pitch,501.0,9813.0
2015-16,Girls,Missouri,Swimming and Diving,133.0,2931.0
2015-16,Girls,Montana,Soccer,31.0,835.0
2015-16,Girls,Montana,Softball Slow Pitch,,64.0
2015-16,Girls,Montana,Softball Fast Pitch,64.0,1215.0
2015-16,Girls,Montana,Swimming and Diving,22.0,350.0
2015-16,Girls,Nebraska,Soccer,74.0,2662.0
2015-16,Girls,Nebraska,Softball Slow Pitch,,139.0
2015-16,Girls,Nebraska,Softball Fast Pitch,139.0,2574.0
2015-16,Girls,Nebraska,Swimming and Diving,59.0,1056.0
2015-16,Girls,Nevada,Soccer,67.0,2371.0
2015-16,Girls,Nevada,Softball Slow Pitch,,90.0
2015-16,Girls,Nevada,Softball Fast Pitch,90.0,2209.0
2015-16,Girls,Nevada,Swimming and Diving,58.0,1391.0
2015-16,Girls,New Hampshire,Soccer,80.0,2749.0
2015-16,Girls,New Hampshire,Softball Slow Pitch,,85.0
2015-16,Girls,New Hampshire,Softball Fast Pitch,85.0,1893.0
2015-16,Girls,New Hampshire,Swimming and Diving,52.0,738.0
2015-16,Girls,New Jersey,Soccer,370.0,14549.0
2015-16,Girls,New Jersey,Softball Slow Pitch,,403.0
2015-16,Girls,New Jersey,Softball Fast Pitch,403.0,12627.0
2015-16,Girls,New Jersey,Swimming and Diving,214.0,6328.0
2015-16,Girls,New Mexico,Soccer,71.0,2155.0
2015-16,Girls,New Mexico,Softball Slow Pitch,,92.0
2015-16,Girls,New Mexico,Softball Fast Pitch,92.0,2630.0
2015-16,Girls,New Mexico,Swimming and Diving,44.0,717.0
2015-16,Girls,New York,Soccer,691.0,21080.0
2015-16,Girls,New York,Softball Slow Pitch,,682.0
2015-16,Girls,New York,Softball Fast Pitch,682.0,16225.0
2015-16,Girls,New York,Swimming and Diving,321.0,6848.0
2015-16,Girls,North Carolina,Soccer,362.0,10227.0
2015-16,Girls,North Carolina,Softball Slow Pitch,,388.0
2015-16,Girls,North Carolina,Softball Fast Pitch,388.0,7768.0
2015-16,Girls,North Carolina,Swimming and Diving,290.0,4754.0
2015-16,Girls,North Dakota,Soccer,18.0,628.0
2015-16,Girls,North Dakota,Softball Slow Pitch,,72.0
2015-16,Girls,North Dakota,Softball Fast Pitch,72.0,895.0
2015-16,Girls,North Dakota,Swimming and Diving,22.0,385.0
2015-16,Girls,Ohio,Soccer,553.0,14547.0
2015-16,Girls,Ohio,Softball Slow Pitch,11.0,268.0
2015-16,Girls,Ohio,Softball Fast Pitch,684.0,15116.0
2015-16,Girls,Ohio,Swimming and Diving,381.0,6060.0
2015-16,Girls,Oklahoma,Soccer,124.0,3943.0
2015-16,Girls,Oklahoma,Softball Slow Pitch,299.0,4692.0
2015-16,Girls,Oklahoma,Softball Fast Pitch,425.0,7327.0
2015-16,Girls,Oklahoma,Swimming and Diving,68.0,842.0
2015-16,Girls,Oregon,Soccer,160.0,5221.0
2015-16,Girls,Oregon,Softball Slow Pitch,,219.0
2015-16,Girls,Oregon,Softball Fast Pitch,219.0,4772.0
2015-16,Girls,Oregon,Swimming and Diving,118.0,2404.0
2015-16,Girls,Pennsylvania,Soccer,544.0,19040.0
2015-16,Girls,Pennsylvania,Softball Slow Pitch,,650.0
2015-16,Girls,Pennsylvania,Softball Fast Pitch,650.0,19500.0
2015-16,Girls,Pennsylvania,Swimming and Diving,330.0,9900.0
2015-16,Girls,Rhode Island,Soccer,46.0,1476.0
2015-16,Girls,Rhode Island,Softball Slow Pitch,,49.0
2015-16,Girls,Rhode Island,Softball Fast Pitch,49.0,1022.0
2015-16,Girls,Rhode Island,Swimming and Diving,28.0,536.0
2015-16,Girls,South Carolina,Soccer,154.0,5003.0
2015-16,Girls,South Carolina,Softball Slow Pitch,,202.0
2015-16,Girls,South Carolina,Softball Fast Pitch,202.0,5155.0
2015-16,Girls,South Carolina,Swimming and Diving,89.0,1456.0
2015-16,Girls,South Dakota,Soccer,26.0,620.0
2015-16,Girls,Tennessee,Soccer,303.0,6952.0
2015-16,Girls,Tennessee,Softball Slow Pitch,,369.0
2015-16,Girls,Tennessee,Softball Fast Pitch,369.0,6169.0
2015-16,Girls,Texas,Soccer,615.0,30175.0
2015-16,Girls,Texas,Softball Slow Pitch,,1105.0
2015-16,Girls,Texas,Softball Fast Pitch,1105.0,33920.0
2015-16,Girls,Texas,Swimming and Diving,485.0,11920.0
2015-16,Girls,Utah,Soccer,99.0,3474.0
2015-16,Girls,Utah,Softball Slow Pitch,,101.0
2015-16,Girls,Utah,Softball Fast Pitch,101.0,2404.0
2015-16,Girls,Utah,Swimming and Diving,85.0,1956.0
2015-16,Girls,Vermont,Soccer,53.0,1183.0
2015-16,Girls,Vermont,Softball Slow Pitch,,51.0
2015-16,Girls,Vermont,Softball Fast Pitch,51.0,719.0
2015-16,Girls,Vermont,Swimming and Diving,2.0,19.0
2015-16,Girls,Virginia,Soccer,287.0,9104.0
2015-16,Girls,Virginia,Softball Slow Pitch,,306.0
2015-16,Girls,Virginia,Softball Fast Pitch,306.0,7535.0
2015-16,Girls,Virginia,Swimming and Diving,199.0,4271.0
2015-16,Girls,Washington,Soccer,290.0,8515.0
2015-16,Girls,Washington,Softball Slow Pitch,,320.0
2015-16,Girls,Washington,Softball Fast Pitch,320.0,6932.0
2015-16,Girls,Washington,Swimming and Diving,178.0,3969.0
2015-16,Girls,West Virginia,Soccer,64.0,1789.0
2015-16,Girls,West Virginia,Softball Slow Pitch,,122.0
2015-16,Girls,West Virginia,Softball Fast Pitch,122.0,2327.0
2015-16,Girls,West Virginia,Swimming and Diving,49.0,638.0
2015-16,Girls,Wisconsin,Soccer,253.0,9070.0
2015-16,Girls,Wisconsin,Softball Slow Pitch,,429.0
2015-16,Girls,Wisconsin,Softball Fast Pitch,429.0,9831.0
2015-16,Girls,Wisconsin,Swimming and Diving,137.0,3606.0
2015-16,Girls,Wyoming,Soccer,24.0,873.0
2015-16,Girls,Wyoming,Softball Fast Pitch,,24.0
2015-16,Girls,Wyoming,Swimming and Diving,24.0,538.0
2015-16,Girls,Alabama,Tennis,173.0,1749.0
2015-16,Girls,Alabama,Track and Field Indoor,165.0,1602.0
2015-16,Girls,Alabama,Track and Field Outdoor,354.0,5087.0
2015-16,Girls,Alabama,Volleyball,384.0,9348.0
2015-16,Girls,Alaska,Tennis,17.0,214.0
2015-16,Girls,Alaska,Track and Field Indoor,,51.0
2015-16,Girls,Alaska,Track and Field Outdoor,51.0,922.0
2015-16,Girls,Alaska,Volleyball,39.0,1201.0
2015-16,Girls,Arizona,Tennis,172.0,2675.0
2015-16,Girls,Arizona,Track and Field Indoor,,233.0
2015-16,Girls,Arizona,Track and Field Outdoor,233.0,6792.0
2015-16,Girls,Arizona,Volleyball,257.0,8071.0
2015-16,Girls,Arkansas,Tennis,121.0,1070.0
2015-16,Girls,Arkansas,Track and Field Indoor,58.0,1052.0
2015-16,Girls,Arkansas,Track and Field Outdoor,229.0,3538.0
2015-16,Girls,Arkansas,Volleyball,125.0,2883.0
2015-16,Girls,California,Tennis,1004.0,22610.0
2015-16,Girls,California,Track and Field Indoor,,1211.0
2015-16,Girls,California,Track and Field Outdoor,1211.0,46003.0
2015-16,Girls,California,Volleyball,1426.0,43455.0
2015-16,Girls,Colorado,Tennis,151.0,4763.0
2015-16,Girls,Colorado,Track and Field Indoor,,302.0
2015-16,Girls,Colorado,Track and Field Outdoor,302.0,7667.0
2015-16,Girls,Colorado,Volleyball,329.0,9576.0
2015-16,Girls,Connecticut,Tennis,151.0,3357.0
2015-16,Girls,Connecticut,Track and Field Indoor,171.0,5144.0
2015-16,Girls,Connecticut,Track and Field Outdoor,181.0,6976.0
2015-16,Girls,Connecticut,Volleyball,170.0,4872.0
2015-16,Girls,Delaware,Tennis,36.0,518.0
2015-16,Girls,Delaware,Track and Field Indoor,38.0,798.0
2015-16,Girls,Delaware,Track and Field Outdoor,42.0,1203.0
2015-16,Girls,Delaware,Volleyball,55.0,1490.0
2015-16,Girls,District of Columbia,Tennis,18.0,215.0
2015-16,Girls,District of Columbia,Track and Field Indoor,21.0,276.0
2015-16,Girls,District of Columbia,Track and Field Outdoor,35.0,514.0
2015-16,Girls,District of Columbia,Volleyball,36.0,681.0
2015-16,Girls,Florida,Tennis,493.0,5561.0
2015-16,Girls,Florida,Track and Field Indoor,,566.0
2015-16,Girls,Florida,Track and Field Outdoor,566.0,15542.0
2015-16,Girls,Florida,Volleyball,635.0,17423.0
2015-16,Girls,Georgia,Track and Field Indoor,,423.0
2015-16,Girls,Georgia,Track and Field Outdoor,423.0,11115.0
2015-16,Girls,Georgia,Volleyball,329.0,7891.0
2015-16,Girls,Hawaii,Tennis,62.0,863.0
2015-16,Girls,Hawaii,Track and Field Indoor,,63.0
2015-16,Girls,Hawaii,Track and Field Outdoor,63.0,1584.0
2015-16,Girls,Hawaii,Volleyball,70.0,2034.0
2015-16,Girls,Idaho,Tennis,54.0,1114.0
2015-16,Girls,Idaho,Track and Field Indoor,,144.0
2015-16,Girls,Idaho,Track and Field Outdoor,144.0,3437.0
2015-16,Girls,Idaho,Volleyball,147.0,3541.0
2015-16,Girls,Illinois,Tennis,312.0,8087.0
2015-16,Girls,Illinois,Track and Field Indoor,,599.0
2015-16,Girls,Illinois,Track and Field Outdoor,599.0,19974.0
2015-16,Girls,Illinois,Volleyball,697.0,22231.0
2015-16,Girls,Indiana,Tennis,314.0,6216.0
2015-16,Girls,Indiana,Track and Field Indoor,,390.0
2015-16,Girls,Indiana,Track and Field Outdoor,390.0,10582.0
2015-16,Girls,Indiana,Volleyball,398.0,9417.0
2015-16,Girls,Iowa,Tennis,114.0,3248.0
2015-16,Girls,Iowa,Track and Field Indoor,,351.0
2015-16,Girls,Iowa,Track and Field Outdoor,351.0,9012.0
2015-16,Girls,Iowa,Volleyball,361.0,11669.0
2015-16,Girls,Kansas,Tennis,141.0,2831.0
2015-16,Girls,Kansas,Track and Field Indoor,,343.0
2015-16,Girls,Kansas,Track and Field Outdoor,343.0,6990.0
2015-16,Girls,Kansas,Volleyball,349.0,8956.0
2015-16,Girls,Kentucky,Tennis,212.0,2549.0
2015-16,Girls,Kentucky,Track and Field Indoor,,248.0
2015-16,Girls,Kentucky,Track and Field Outdoor,248.0,5332.0
2015-16,Girls,Kentucky,Volleyball,259.0,6366.0
2015-16,Girls,Louisiana,Tennis,183.0,1772.0
2015-16,Girls,Louisiana,Track and Field Indoor,253.0,1216.0
2015-16,Girls,Louisiana,Track and Field Outdoor,363.0,6840.0
2015-16,Girls,Louisiana,Volleyball,206.0,4785.0
2015-16,Girls,Maine,Tennis,,69.0
2015-16,Girls,Maine,Track and Field Indoor,69.0,1345.0
2015-16,Girls,Maine,Track and Field Outdoor,108.0,2615.0
2015-16,Girls,Maine,Volleyball,38.0,812.0
2015-16,Girls,Maryland,Tennis,180.0,2439.0
2015-16,Girls,Maryland,Track and Field Indoor,169.0,4511.0
2015-16,Girls,Maryland,Track and Field Outdoor,192.0,5806.0
2015-16,Girls,Maryland,Volleyball,183.0,5059.0
2015-16,Girls,Massachusetts,Tennis,249.0,4500.0
2015-16,Girls,Massachusetts,Track and Field Indoor,262.0,9636.0
2015-16,Girls,Massachusetts,Track and Field Outdoor,323.0,13761.0
2015-16,Girls,Massachusetts,Volleyball,295.0,9600.0
2015-16,Girls,Michigan,Tennis,331.0,8687.0
2015-16,Girls,Michigan,Track and Field Indoor,34.0,346.0
2015-16,Girls,Michigan,Track and Field Outdoor,646.0,16611.0
2015-16,Girls,Michigan,Volleyball,708.0,19395.0
2015-16,Girls,Minnesota,Tennis,225.0,6524.0
2015-16,Girls,Minnesota,Track and Field Indoor,,436.0
2015-16,Girls,Minnesota,Track and Field Outdoor,436.0,15842.0
2015-16,Girls,Minnesota,Volleyball,463.0,16222.0
2015-16,Girls,Mississippi,Tennis,190.0,1901.0
2015-16,Girls,Mississippi,Track and Field Indoor,15.0,200.0
2015-16,Girls,Mississippi,Track and Field Outdoor,250.0,5400.0
2015-16,Girls,Mississippi,Volleyball,92.0,2265.0
2015-16,Girls,Missouri,Tennis,189.0,3882.0
2015-16,Girls,Missouri,Track and Field Indoor,,492.0
2015-16,Girls,Missouri,Track and Field Outdoor,492.0,12039.0
2015-16,Girls,Missouri,Volleyball,434.0,10476.0
2015-16,Girls,Montana,Tennis,60.0,1000.0
2015-16,Girls,Montana,Track and Field Indoor,,167.0
2015-16,Girls,Montana,Track and Field Outdoor,167.0,2519.0
2015-16,Girls,Montana,Volleyball,165.0,3490.0
2015-16,Girls,Nebraska,Tennis,67.0,1510.0
2015-16,Girls,Nebraska,Track and Field Indoor,,300.0
2015-16,Girls,Nebraska,Track and Field Outdoor,300.0,7239.0
2015-16,Girls,Nebraska,Volleyball,301.0,7104.0
2015-16,Girls,Nevada,Tennis,56.0,807.0
2015-16,Girls,Nevada,Track and Field Indoor,,93.0
2015-16,Girls,Nevada,Track and Field Outdoor,93.0,3130.0
2015-16,Girls,Nevada,Volleyball,102.0,2939.0
2015-16,Girls,New Hampshire,Tennis,54.0,872.0
2015-16,Girls,New Hampshire,Track and Field Indoor,59.0,1080.0
2015-16,Girls,New Hampshire,Track and Field Outdoor,76.0,2036.0
2015-16,Girls,New Hampshire,Volleyball,60.0,1602.0
2015-16,Girls,New Jersey,Tennis,328.0,6883.0
2015-16,Girls,New Jersey,Track and Field Indoor,312.0,10440.0
2015-16,Girls,New Jersey,Track and Field Outdoor,377.0,17939.0
2015-16,Girls,New Jersey,Volleyball,284.0,9154.0
2015-16,Girls,New Mexico,Tennis,63.0,838.0
2015-16,Girls,New Mexico,Track and Field Indoor,,158.0
2015-16,Girls,New Mexico,Track and Field Outdoor,158.0,3582.0
2015-16,Girls,New Mexico,Volleyball,150.0,4014.0
2015-16,Girls,New York,Tennis,421.0,8463.0
2015-16,Girls,New York,Track and Field Indoor,443.0,13029.0
2015-16,Girls,New York,Track and Field Outdoor,674.0,22002.0
2015-16,Girls,New York,Volleyball,634.0,15137.0
2015-16,Girls,North Carolina,Tennis,344.0,4223.0
2015-16,Girls,North Carolina,Track and Field Indoor,250.0,4837.0
2015-16,Girls,North Carolina,Track and Field Outdoor,387.0,10178.0
2015-16,Girls,North Carolina,Volleyball,402.0,9337.0
2015-16,Girls,North Dakota,Tennis,23.0,488.0
2015-16,Girls,North Dakota,Track and Field Indoor,,156.0
2015-16,Girls,North Dakota,Track and Field Outdoor,156.0,1958.0
2015-16,Girls,North Dakota,Volleyball,154.0,3213.0
2015-16,Girls,Ohio,Tennis,413.0,6381.0
2015-16,Girls,Ohio,Track and Field Indoor,172.0,2460.0
2015-16,Girls,Ohio,Track and Field Outdoor,751.0,21861.0
2015-16,Girls,Ohio,Volleyball,709.0,17960.0
2015-16,Girls,Oklahoma,Tennis,111.0,1489.0
2015-16,Girls,Oklahoma,Track and Field Indoor,,444.0
2015-16,Girls,Oklahoma,Track and Field Outdoor,444.0,5923.0
2015-16,Girls,Oklahoma,Volleyball,125.0,3422.0
2015-16,Girls,Oregon,Tennis,123.0,2910.0
2015-16,Girls,Oregon,Track and Field Indoor,,264.0
2015-16,Girls,Oregon,Track and Field Outdoor,264.0,7453.0
2015-16,Girls,Oregon,Volleyball,272.0,6859.0
2015-16,Girls,Pennsylvania,Tennis,400.0,4800.0
2015-16,Girls,Pennsylvania,Track and Field Indoor,191.0,2865.0
2015-16,Girls,Pennsylvania,Track and Field Outdoor,605.0,24200.0
2015-16,Girls,Pennsylvania,Volleyball,581.0,10458.0
2015-16,Girls,Rhode Island,Tennis,43.0,889.0
2015-16,Girls,Rhode Island,Track and Field Indoor,38.0,1410.0
2015-16,Girls,Rhode Island,Track and Field Outdoor,44.0,1488.0
2015-16,Girls,Rhode Island,Volleyball,42.0,1081.0
2015-16,Girls,South Carolina,Tennis,139.0,2112.0
2015-16,Girls,South Carolina,Track and Field Indoor,,200.0
2015-16,Girls,South Carolina,Track and Field Outdoor,200.0,5615.0
2015-16,Girls,South Carolina,Volleyball,203.0,5020.0
2015-16,Girls,South Dakota,Tennis,22.0,254.0
2015-16,Girls,South Dakota,Track and Field Indoor,,171.0
2015-16,Girls,South Dakota,Track and Field Outdoor,171.0,2678.0
2015-16,Girls,South Dakota,Volleyball,168.0,3498.0
2015-16,Girls,Tennessee,Tennis,279.0,2867.0
2015-16,Girls,Tennessee,Track and Field Indoor,,299.0
2015-16,Girls,Tennessee,Track and Field Outdoor,299.0,5836.0
2015-16,Girls,Tennessee,Volleyball,334.0,6354.0
2015-16,Girls,Texas,Tennis,1145.0,19975.0
2015-16,Girls,Texas,Track and Field Indoor,,1311.0
2015-16,Girls,Texas,Track and Field Outdoor,1311.0,59872.0
2015-16,Girls,Texas,Volleyball,1103.0,45562.0
2015-16,Girls,Utah,Tennis,92.0,1924.0
2015-16,Girls,Utah,Track and Field Indoor,,125.0
2015-16,Girls,Utah,Track and Field Outdoor,125.0,4594.0
2015-16,Girls,Utah,Volleyball,129.0,3354.0
2015-16,Girls,Vermont,Tennis,21.0,286.0
2015-16,Girls,Vermont,Track and Field Indoor,22.0,170.0
2015-16,Girls,Vermont,Track and Field Outdoor,49.0,514.0
2015-16,Girls,Vermont,Volleyball,7.0,113.0
2015-16,Girls,Virginia,Tennis,267.0,3600.0
2015-16,Girls,Virginia,Track and Field Indoor,223.0,6283.0
2015-16,Girls,Virginia,Track and Field Outdoor,299.0,8867.0
2015-16,Girls,Virginia,Volleyball,309.0,8033.0
2015-16,Girls,Washington,Tennis,261.0,7001.0
2015-16,Girls,Washington,Track and Field Indoor,,363.0
2015-16,Girls,Washington,Track and Field Outdoor,363.0,9907.0
2015-16,Girls,Washington,Volleyball,389.0,9627.0
2015-16,Girls,West Virginia,Tennis,79.0,937.0
2015-16,Girls,West Virginia,Track and Field Indoor,,118.0
2015-16,Girls,West Virginia,Track and Field Outdoor,118.0,2714.0
2015-16,Girls,West Virginia,Volleyball,108.0,2390.0
2015-16,Girls,Wisconsin,Tennis,203.0,5676.0
2015-16,Girls,Wisconsin,Track and Field Indoor,,430.0
2015-16,Girls,Wisconsin,Track and Field Outdoor,430.0,11371.0
2015-16,Girls,Wisconsin,Volleyball,471.0,15046.0
2015-16,Girls,Wyoming,Tennis,16.0,270.0
2015-16,Girls,Wyoming,Track and Field Indoor,23.0,507.0
2015-16,Girls,Wyoming,Track and Field Outdoor,72.0,1309.0
2015-16,Girls,Wyoming,Volleyball,68.0,1823.0
2016-17,Girls,Alabama,Basketball,406.0,8673.0
2016-17,Girls,Alabama,Bowling,84.0,554.0
2016-17,Girls,Alabama,Competitive Spirit Squads,,256.0
2016-17,Girls,Alabama,Cross Country,256.0,2579.0
2016-17,Girls,Alaska,Basketball,127.0,1741.0
2016-17,Girls,Alaska,Bowling,8.0,46.0
2016-17,Girls,Alaska,Competitive Spirit Squads,32.0,154.0
2016-17,Girls,Alaska,Cross Country,114.0,800.0
2016-17,Girls,Arizona,Basketball,259.0,6586.0
2016-17,Girls,Arizona,Bowling,,204.0
2016-17,Girls,Arizona,Competitive Spirit Squads,204.0,5983.0
2016-17,Girls,Arizona,Cross Country,229.0,2933.0
2016-17,Girls,Arkansas,Basketball,252.0,4154.0
2016-17,Girls,Arkansas,Bowling,64.0,538.0
2016-17,Girls,Arkansas,Competitive Spirit Squads,73.0,1443.0
2016-17,Girls,Arkansas,Cross Country,149.0,1321.0
2016-17,Girls,California,Basketball,1391.0,34222.0
2016-17,Girls,California,Bowling,9.0,60.0
2016-17,Girls,California,Competitive Spirit Squads,,1281.0
2016-17,Girls,California,Cross Country,1281.0,25600.0
2016-17,Girls,Colorado,Basketball,333.0,7082.0
2016-17,Girls,Colorado,Bowling,,186.0
2016-17,Girls,Colorado,Competitive Spirit Squads,186.0,4731.0
2016-17,Girls,Colorado,Cross Country,247.0,4078.0
2016-17,Girls,Connecticut,Basketball,184.0,3870.0
2016-17,Girls,Connecticut,Bowling,,153.0
2016-17,Girls,Connecticut,Competitive Spirit Squads,153.0,2810.0
2016-17,Girls,Connecticut,Cross Country,173.0,2778.0
2016-17,Girls,Delaware,Basketball,59.0,1147.0
2016-17,Girls,Delaware,Bowling,,11.0
2016-17,Girls,Delaware,Competitive Spirit Squads,11.0,218.0
2016-17,Girls,Delaware,Cross Country,52.0,881.0
2016-17,Girls,District of Columbia,Basketball,37.0,611.0
2016-17,Girls,District of Columbia,Bowling,13.0,79.0
2016-17,Girls,District of Columbia,Competitive Spirit Squads,8.0,115.0
2016-17,Girls,District of Columbia,Cross Country,27.0,365.0
2016-17,Girls,Florida,Basketball,707.0,14008.0
2016-17,Girls,Florida,Bowling,202.0,1646.0
2016-17,Girls,Florida,Competitive Spirit Squads,230.0,5583.0
2016-17,Girls,Florida,Cross Country,598.0,8258.0
2016-17,Girls,Georgia,Basketball,439.0,9051.0
2016-17,Girls,Georgia,Bowling,,238.0
2016-17,Girls,Georgia,Competitive Spirit Squads,238.0,4711.0
2016-17,Girls,Georgia,Cross Country,416.0,6598.0
2016-17,Girls,Hawaii,Basketball,64.0,1339.0
2016-17,Girls,Hawaii,Bowling,48.0,463.0
2016-17,Girls,Hawaii,Competitive Spirit Squads,49.0,802.0
2016-17,Girls,Hawaii,Cross Country,66.0,832.0
2016-17,Girls,Idaho,Basketball,150.0,3305.0
2016-17,Girls,Idaho,Bowling,,120.0
2016-17,Girls,Idaho,Competitive Spirit Squads,120.0,1506.0
2016-17,Girls,Idaho,Cross Country,119.0,1522.0
2016-17,Girls,Illinois,Basketball,682.0,16929.0
2016-17,Girls,Illinois,Bowling,230.0,3072.0
2016-17,Girls,Illinois,Competitive Spirit Squads,290.0,6916.0
2016-17,Girls,Illinois,Cross Country,516.0,10711.0
2016-17,Girls,Indiana,Basketball,398.0,7988.0
2016-17,Girls,Indiana,Competitive Spirit Squads,,396.0
2016-17,Girls,Indiana,Cross Country,396.0,4781.0
2016-17,Girls,Iowa,Basketball,356.0,7576.0
2016-17,Girls,Iowa,Bowling,99.0,1315.0
2016-17,Girls,Iowa,Competitive Spirit Squads,,319.0
2016-17,Girls,Iowa,Cross Country,319.0,4732.0
2016-17,Girls,Kansas,Basketball,350.0,6931.0
2016-17,Girls,Kansas,Bowling,75.0,821.0
2016-17,Girls,Kansas,Competitive Spirit Squads,,292.0
2016-17,Girls,Kansas,Cross Country,292.0,2785.0
2016-17,Girls,Kentucky,Basketball,267.0,5452.0
2016-17,Girls,Kentucky,Bowling,91.0,811.0
2016-17,Girls,Kentucky,Competitive Spirit Squads,249.0,4952.0
2016-17,Girls,Kentucky,Cross Country,237.0,2817.0
2016-17,Girls,Louisiana,Basketball,378.0,5516.0
2016-17,Girls,Louisiana,Bowling,80.0,417.0
2016-17,Girls,Louisiana,Competitive Spirit Squads,,309.0
2016-17,Girls,Louisiana,Cross Country,309.0,2474.0
2016-17,Girls,Maine,Basketball,142.0,2792.0
2016-17,Girls,Maine,Bowling,4.0,27.0
2016-17,Girls,Maine,Competitive Spirit Squads,83.0,1450.0
2016-17,Girls,Maine,Cross Country,107.0,1157.0
2016-17,Girls,Maryland,Basketball,188.0,4337.0
2016-17,Girls,Maryland,Bowling,4.0,28.0
2016-17,Girls,Maryland,Competitive Spirit Squads,,184.0
2016-17,Girls,Maryland,Cross Country,184.0,2710.0
2016-17,Girls,Massachusetts,Basketball,359.0,9275.0
2016-17,Girls,Massachusetts,Competitive Spirit Squads,,305.0
2016-17,Girls,Massachusetts,Cross Country,305.0,5953.0
2016-17,Girls,Michigan,Basketball,690.0,15900.0
2016-17,Girls,Michigan,Bowling,341.0,2950.0
2016-17,Girls,Michigan,Competitive Spirit Squads,334.0,6720.0
2016-17,Girls,Michigan,Cross Country,618.0,8489.0
2016-17,Girls,Minnesota,Basketball,468.0,12088.0
2016-17,Girls,Minnesota,Competitive Spirit Squads,,397.0
2016-17,Girls,Minnesota,Cross Country,397.0,9130.0
2016-17,Girls,Mississippi,Basketball,242.0,8410.0
2016-17,Girls,Mississippi,Bowling,60.0,550.0
2016-17,Girls,Mississippi,Competitive Spirit Squads,165.0,3900.0
2016-17,Girls,Mississippi,Cross Country,164.0,1425.0
2016-17,Girls,Missouri,Basketball,540.0,10269.0
2016-17,Girls,Missouri,Bowling,12.0,65.0
2016-17,Girls,Missouri,Competitive Spirit Squads,,395.0
2016-17,Girls,Missouri,Cross Country,395.0,4500.0
2016-17,Girls,Montana,Basketball,177.0,3010.0
2016-17,Girls,Montana,Competitive Spirit Squads,,106.0
2016-17,Girls,Montana,Cross Country,106.0,1090.0
2016-17,Girls,Nebraska,Basketball,302.0,6024.0
2016-17,Girls,Nebraska,Competitive Spirit Squads,,239.0
2016-17,Girls,Nebraska,Cross Country,239.0,2502.0
2016-17,Girls,Nevada,Basketball,99.0,2400.0
2016-17,Girls,Nevada,Bowling,71.0,219.0
2016-17,Girls,Nevada,Competitive Spirit Squads,,82.0
2016-17,Girls,Nevada,Cross Country,82.0,889.0
2016-17,Girls,New Hampshire,Basketball,87.0,1848.0
2016-17,Girls,New Hampshire,Bowling,12.0,69.0
2016-17,Girls,New Hampshire,Competitive Spirit Squads,91.0,1373.0
2016-17,Girls,New Hampshire,Cross Country,73.0,906.0
2016-17,Girls,New Jersey,Basketball,413.0,10227.0
2016-17,Girls,New Jersey,Bowling,205.0,1969.0
2016-17,Girls,New Jersey,Competitive Spirit Squads,,371.0
2016-17,Girls,New Jersey,Cross Country,371.0,6201.0
2016-17,Girls,New Mexico,Basketball,155.0,3644.0
2016-17,Girls,New Mexico,Bowling,24.0,214.0
2016-17,Girls,New Mexico,Competitive Spirit Squads,70.0,1685.0
2016-17,Girls,New Mexico,Cross Country,112.0,1411.0
2016-17,Girls,New York,Basketball,738.0,16007.0
2016-17,Girls,New York,Bowling,328.0,3113.0
2016-17,Girls,New York,Competitive Spirit Squads,545.0,11669.0
2016-17,Girls,New York,Cross Country,581.0,8062.0
2016-17,Girls,North Carolina,Basketball,407.0,8022.0
2016-17,Girls,North Carolina,Bowling,,395.0
2016-17,Girls,North Carolina,Competitive Spirit Squads,395.0,20617.0
2016-17,Girls,North Carolina,Cross Country,379.0,5352.0
2016-17,Girls,North Dakota,Basketball,158.0,2244.0
2016-17,Girls,North Dakota,Competitive Spirit Squads,,107.0
2016-17,Girls,North Dakota,Cross Country,107.0,606.0
2016-17,Girls,Ohio,Basketball,804.0,15446.0
2016-17,Girls,Ohio,Bowling,390.0,3686.0
2016-17,Girls,Ohio,Competitive Spirit Squads,240.0,4209.0
2016-17,Girls,Ohio,Cross Country,735.0,10144.0
2016-17,Girls,Oklahoma,Basketball,474.0,8101.0
2016-17,Girls,Oklahoma,Bowling,,474.0
2016-17,Girls,Oklahoma,Competitive Spirit Squads,474.0,9307.0
2016-17,Girls,Oklahoma,Cross Country,239.0,3063.0
2016-17,Girls,Oregon,Basketball,276.0,5921.0
2016-17,Girls,Oregon,Bowling,,143.0
2016-17,Girls,Oregon,Competitive Spirit Squads,143.0,2611.0
2016-17,Girls,Oregon,Cross Country,224.0,3157.0
2016-17,Girls,Pennsylvania,Basketball,713.0,21390.0
2016-17,Girls,Pennsylvania,Bowling,132.0,1320.0
2016-17,Girls,Pennsylvania,Competitive Spirit Squads,307.0,4605.0
2016-17,Girls,Pennsylvania,Cross Country,573.0,11380.0
2016-17,Girls,Rhode Island,Basketball,50.0,1009.0
2016-17,Girls,Rhode Island,Bowling,,28.0
2016-17,Girls,Rhode Island,Competitive Spirit Squads,28.0,356.0
2016-17,Girls,Rhode Island,Cross Country,46.0,647.0
2016-17,Girls,South Carolina,Basketball,212.0,4809.0
2016-17,Girls,South Carolina,Bowling,,94.0
2016-17,Girls,South Carolina,Competitive Spirit Squads,94.0,2959.0
2016-17,Girls,South Carolina,Cross Country,174.0,2663.0
2016-17,Girls,South Dakota,Basketball,173.0,2748.0
2016-17,Girls,South Dakota,Bowling,,41.0
2016-17,Girls,South Dakota,Competitive Spirit Squads,41.0,706.0
2016-17,Girls,South Dakota,Cross Country,151.0,790.0
2016-17,Girls,Tennessee,Basketball,395.0,6115.0
2016-17,Girls,Tennessee,Bowling,139.0,1194.0
2016-17,Girls,Tennessee,Competitive Spirit Squads,,322.0
2016-17,Girls,Tennessee,Cross Country,322.0,3104.0
2016-17,Girls,Texas,Basketball,1298.0,67400.0
2016-17,Girls,Texas,Bowling,,1321.0
2016-17,Girls,Texas,Competitive Spirit Squads,1321.0,25000.0
2016-17,Girls,Texas,Cross Country,1279.0,23706.0
2016-17,Girls,Utah,Basketball,133.0,3128.0
2016-17,Girls,Utah,Competitive Spirit Squads,,134.0
2016-17,Girls,Utah,Cross Country,134.0,2258.0
2016-17,Girls,Vermont,Basketball,35.0,682.0
2016-17,Girls,Vermont,Bowling,10.0,26.0
2016-17,Girls,Vermont,Competitive Spirit Squads,16.0,182.0
2016-17,Girls,Vermont,Cross Country,30.0,296.0
2016-17,Girls,Virginia,Basketball,313.0,7517.0
2016-17,Girls,Virginia,Bowling,,212.0
2016-17,Girls,Virginia,Competitive Spirit Squads,212.0,4484.0
2016-17,Girls,Virginia,Cross Country,303.0,5018.0
2016-17,Girls,Washington,Basketball,387.0,9112.0
2016-17,Girls,Washington,Bowling,86.0,1336.0
2016-17,Girls,Washington,Competitive Spirit Squads,,324.0
2016-17,Girls,Washington,Cross Country,324.0,4943.0
2016-17,Girls,West Virginia,Basketball,125.0,2173.0
2016-17,Girls,West Virginia,Bowling,,106.0
2016-17,Girls,West Virginia,Competitive Spirit Squads,106.0,1975.0
2016-17,Girls,West Virginia,Cross Country,98.0,806.0
2016-17,Girls,Wisconsin,Basketball,472.0,10617.0
2016-17,Girls,Wisconsin,Competitive Spirit Squads,,396.0
2016-17,Girls,Wisconsin,Cross Country,396.0,6372.0
2016-17,Girls,Wyoming,Basketball,70.0,1522.0
2016-17,Girls,Wyoming,Bowling,,33.0
2016-17,Girls,Wyoming,Competitive Spirit Squads,33.0,511.0
2016-17,Girls,Wyoming,Cross Country,43.0,464.0
2016-17,Girls,Alabama,Football 11-player,,241.0
2016-17,Girls,Alabama,Golf,241.0,699.0
2016-17,Girls,Alaska,Field Hockey,,32.0
2016-17,Girls,Alaska,Football 11-player,32.0,32.0
2016-17,Girls,Alaska,Gymnastics,8.0,103.0
2016-17,Girls,Arizona,Field Hockey,,47.0
2016-17,Girls,Arizona,Football 11-player,47.0,97.0
2016-17,Girls,Arizona,Golf,111.0,919.0
2016-17,Girls,Arkansas,Football 11-player,9.0,22.0
2016-17,Girls,Arkansas,Golf,160.0,678.0
2016-17,Girls,Arkansas,Gymnastics,4.0,53.0
2016-17,Girls,California,Field Hockey,101.0,3695.0
2016-17,Girls,California,Football 11-player,261.0,420.0
2016-17,Girls,California,Golf,863.0,8044.0
2016-17,Girls,California,Gymnastics,52.0,825.0
2016-17,Girls,Colorado,Field Hockey,15.0,602.0
2016-17,Girls,Colorado,Football 11-player,,53.0
2016-17,Girls,Colorado,Golf,177.0,1737.0
2016-17,Girls,Colorado,Gymnastics,43.0,522.0
2016-17,Girls,Connecticut,Field Hockey,80.0,3226.0
2016-17,Girls,Connecticut,Football 11-player,,38.0
2016-17,Girls,Connecticut,Golf,53.0,721.0
2016-17,Girls,Connecticut,Gymnastics,53.0,447.0
2016-17,Girls,Delaware,Field Hockey,51.0,1525.0
2016-17,Girls,Delaware,Football 11-player,,32.0
2016-17,Girls,Delaware,Golf,32.0,126.0
2016-17,Girls,District of Columbia,Field Hockey,5.0,166.0
2016-17,Girls,District of Columbia,Football 11-player,,7.0
2016-17,Girls,District of Columbia,Golf,7.0,28.0
2016-17,Girls,Florida,Football 11-player,,66.0
2016-17,Girls,Florida,Golf,463.0,2585.0
2016-17,Girls,Georgia,Field Hockey,,25.0
2016-17,Girls,Georgia,Football 11-player,25.0,59.0
2016-17,Girls,Georgia,Golf,349.0,1889.0
2016-17,Girls,Georgia,Gymnastics,60.0,466.0
2016-17,Girls,Hawaii,Field Hockey,,11.0
2016-17,Girls,Hawaii,Football 11-player,11.0,18.0
2016-17,Girls,Hawaii,Golf,53.0,255.0
2016-17,Girls,Idaho,Football 11-player,,11.0
2016-17,Girls,Idaho,Golf,94.0,601.0
2016-17,Girls,Illinois,Football 11-player,,391.0
2016-17,Girls,Illinois,Golf,391.0,3987.0
2016-17,Girls,Illinois,Gymnastics,82.0,1708.0
2016-17,Girls,Indiana,Football 11-player,,310.0
2016-17,Girls,Indiana,Golf,310.0,2504.0
2016-17,Girls,Indiana,Gymnastics,75.0,643.0
2016-17,Girls,Iowa,Field Hockey,,22.0
2016-17,Girls,Iowa,Football 11-player,22.0,39.0
2016-17,Girls,Iowa,Golf,315.0,3092.0
2016-17,Girls,Kansas,Football 11-player,,20.0
2016-17,Girls,Kansas,Golf,122.0,1122.0
2016-17,Girls,Kansas,Gymnastics,13.0,109.0
2016-17,Girls,Kentucky,Field Hockey,19.0,668.0
2016-17,Girls,Kentucky,Football 11-player,,35.0
2016-17,Girls,Kentucky,Golf,222.0,1230.0
2016-17,Girls,Louisiana,Field Hockey,,25.0
2016-17,Girls,Louisiana,Football 11-player,25.0,30.0
2016-17,Girls,Louisiana,Golf,187.0,280.0
2016-17,Girls,Louisiana,Gymnastics,59.0,167.0
2016-17,Girls,Maine,Field Hockey,81.0,2213.0
2016-17,Girls,Maine,Football 11-player,14.0,26.0
2016-17,Girls,Maine,Golf,60.0,130.0
2016-17,Girls,Maryland,Field Hockey,123.0,3883.0
2016-17,Girls,Maryland,Football 11-player,9.0,9.0
2016-17,Girls,Maryland,Golf,133.0,303.0
2016-17,Girls,Maryland,Gymnastics,8.0,145.0
2016-17,Girls,Massachusetts,Field Hockey,218.0,7947.0
2016-17,Girls,Massachusetts,Football 11-player,,54.0
2016-17,Girls,Massachusetts,Golf,33.0,626.0
2016-17,Girls,Massachusetts,Gymnastics,111.0,1239.0
2016-17,Girls,Michigan,Field Hockey,31.0,945.0
2016-17,Girls,Michigan,Football 11-player,,111.0
2016-17,Girls,Michigan,Golf,329.0,3661.0
2016-17,Girls,Michigan,Gymnastics,72.0,636.0
2016-17,Girls,Minnesota,Football 11-player,,364.0
2016-17,Girls,Minnesota,Golf,364.0,4247.0
2016-17,Girls,Minnesota,Gymnastics,201.0,2627.0
2016-17,Girls,Mississippi,Football 11-player,,119.0
2016-17,Girls,Mississippi,Golf,119.0,442.0
2016-17,Girls,Missouri,Field Hockey,31.0,1142.0
2016-17,Girls,Missouri,Football 11-player,,194.0
2016-17,Girls,Missouri,Golf,194.0,1918.0
2016-17,Girls,Montana,Football 11-player,6.0,6.0
2016-17,Girls,Montana,Golf,101.0,539.0
2016-17,Girls,Nebraska,Football 11-player,,18.0
2016-17,Girls,Nebraska,Golf,141.0,1349.0
2016-17,Girls,Nevada,Football 11-player,,67.0
2016-17,Girls,Nevada,Golf,67.0,359.0
2016-17,Girls,New Hampshire,Field Hockey,54.0,1753.0
2016-17,Girls,New Hampshire,Football 11-player,,13.0
2016-17,Girls,New Hampshire,Golf,19.0,46.0
2016-17,Girls,New Hampshire,Gymnastics,27.0,210.0
2016-17,Girls,New Jersey,Field Hockey,222.0,8742.0
2016-17,Girls,New Jersey,Football 11-player,,67.0
2016-17,Girls,New Jersey,Golf,179.0,1779.0
2016-17,Girls,New Jersey,Gymnastics,74.0,896.0
2016-17,Girls,New Mexico,Field Hockey,,125.0
2016-17,Girls,New Mexico,Football 11-player,125.0,181.0
2016-17,Girls,New Mexico,Golf,76.0,401.0
2016-17,Girls,New York,Field Hockey,231.0,6819.0
2016-17,Girls,New York,Football 11-player,,157.0
2016-17,Girls,New York,Golf,157.0,1742.0
2016-17,Girls,New York,Gymnastics,110.0,1350.0
2016-17,Girls,North Carolina,Football 11-player,,256.0
2016-17,Girls,North Carolina,Golf,256.0,1296.0
2016-17,Girls,North Dakota,Football 11-player,6.0,17.0
2016-17,Girls,North Dakota,Golf,122.0,497.0
2016-17,Girls,North Dakota,Gymnastics,19.0,100.0
2016-17,Girls,Ohio,Field Hockey,39.0,1219.0
2016-17,Girls,Ohio,Football 11-player,24.0,245.0
2016-17,Girls,Ohio,Golf,551.0,3471.0
2016-17,Girls,Ohio,Gymnastics,165.0,1093.0
2016-17,Girls,Oklahoma,Field Hockey,,10.0
2016-17,Girls,Oklahoma,Football 11-player,10.0,11.0
2016-17,Girls,Oklahoma,Golf,206.0,1277.0
2016-17,Girls,Oregon,Football 11-player,,39.0
2016-17,Girls,Oregon,Golf,132.0,1000.0
2016-17,Girls,Pennsylvania,Field Hockey,280.0,9800.0
2016-17,Girls,Pennsylvania,Football 11-player,,269.0
2016-17,Girls,Pennsylvania,Golf,269.0,2690.0
2016-17,Girls,Pennsylvania,Gymnastics,21.0,210.0
2016-17,Girls,Rhode Island,Field Hockey,21.0,639.0
2016-17,Girls,Rhode Island,Football 11-player,,10.0
2016-17,Girls,Rhode Island,Golf,1.0,77.0
2016-17,Girls,Rhode Island,Gymnastics,12.0,195.0
2016-17,Girls,South Carolina,Football 11-player,,99.0
2016-17,Girls,South Carolina,Golf,99.0,862.0
2016-17,Girls,South Dakota,Football 11-player,3.0,4.0
2016-17,Girls,South Dakota,Golf,117.0,594.0
2016-17,Girls,South Dakota,Gymnastics,31.0,278.0
2016-17,Girls,Tennessee,Football 11-player,,269.0
2016-17,Girls,Tennessee,Golf,269.0,922.0
2016-17,Girls,Texas,Football 11-player,,181.0
2016-17,Girls,Texas,Golf,1165.0,8717.0
2016-17,Girls,Utah,Football 11-player,,17.0
2016-17,Girls,Utah,Golf,114.0,1136.0
2016-17,Girls,Vermont,Field Hockey,18.0,515.0
2016-17,Girls,Vermont,Football 11-player,4.0,5.0
2016-17,Girls,Vermont,Golf,16.0,74.0
2016-17,Girls,Vermont,Gymnastics,10.0,75.0
2016-17,Girls,Virginia,Field Hockey,154.0,5050.0
2016-17,Girls,Virginia,Football 11-player,29.0,35.0
2016-17,Girls,Virginia,Golf,173.0,441.0
2016-17,Girls,Virginia,Gymnastics,82.0,892.0
2016-17,Girls,Washington,Football 11-player,,25.0
2016-17,Girls,Washington,Golf,270.0,2342.0
2016-17,Girls,Washington,Gymnastics,91.0,1732.0
2016-17,Girls,Wisconsin,Football 11-player,,156.0
2016-17,Girls,Wisconsin,Golf,156.0,1963.0
2016-17,Girls,Wisconsin,Gymnastics,79.0,1194.0
2016-17,Girls,Wyoming,Football 11-player,3.0,3.0
2016-17,Girls,Wyoming,Golf,38.0,207.0
2016-17,Girls,Alaska,Ice Hockey,8.0,120.0
2016-17,Girls,Alaska,Lacrosse,,22.0
2016-17,Girls,Alaska,Skiing Alpine,22.0,374.0
2016-17,Girls,California,Ice Hockey,6.0,21.0
2016-17,Girls,California,Lacrosse,235.0,8495.0
2016-17,Girls,California,Skiing Alpine,5.0,39.0
2016-17,Girls,California,Skiing Cross Country,21.0,158.0
2016-17,Girls,Colorado,Ice Hockey,,7.0
2016-17,Girls,Colorado,Lacrosse,85.0,1762.0
2016-17,Girls,Colorado,Skiing Alpine,14.0,118.0
2016-17,Girls,Colorado,Skiing Cross Country,14.0,171.0
2016-17,Girls,Connecticut,Ice Hockey,,17.0
2016-17,Girls,Connecticut,Lacrosse,94.0,3742.0
2016-17,Girls,Delaware,Ice Hockey,,35.0
2016-17,Girls,Delaware,Lacrosse,35.0,1063.0
2016-17,Girls,District of Columbia,Ice Hockey,,12.0
2016-17,Girls,District of Columbia,Lacrosse,12.0,356.0
2016-17,Girls,Florida,Ice Hockey,,175.0
2016-17,Girls,Florida,Lacrosse,175.0,5431.0
2016-17,Girls,Georgia,Ice Hockey,,105.0
2016-17,Girls,Georgia,Lacrosse,105.0,3439.0
2016-17,Girls,Illinois,Ice Hockey,,71.0
2016-17,Girls,Illinois,Lacrosse,71.0,1811.0
2016-17,Girls,Kentucky,Ice Hockey,,19.0
2016-17,Girls,Kentucky,Lacrosse,19.0,801.0
2016-17,Girls,Maine,Ice Hockey,46.0,439.0
2016-17,Girls,Maine,Lacrosse,53.0,1419.0
2016-17,Girls,Maine,Skiing Alpine,39.0,246.0
2016-17,Girls,Maine,Skiing Cross Country,41.0,301.0
2016-17,Girls,Maryland,Ice Hockey,1.0,2.0
2016-17,Girls,Maryland,Lacrosse,153.0,5291.0
2016-17,Girls,Massachusetts,Ice Hockey,155.0,2319.0
2016-17,Girls,Massachusetts,Lacrosse,219.0,8122.0
2016-17,Girls,Massachusetts,Skiing Alpine,20.0,358.0
2016-17,Girls,Massachusetts,Skiing Cross Country,78.0,973.0
2016-17,Girls,Michigan,Ice Hockey,25.0,356.0
2016-17,Girls,Michigan,Lacrosse,107.0,2818.0
2016-17,Girls,Michigan,Skiing Alpine,7.0,58.0
2016-17,Girls,Michigan,Skiing Cross Country,89.0,753.0
2016-17,Girls,Minnesota,Ice Hockey,241.0,3731.0
2016-17,Girls,Minnesota,Lacrosse,111.0,3855.0
2016-17,Girls,Minnesota,Skiing Alpine,121.0,2484.0
2016-17,Girls,Minnesota,Skiing Cross Country,129.0,847.0
2016-17,Girls,Missouri,Ice Hockey,,39.0
2016-17,Girls,Missouri,Lacrosse,39.0,1576.0
2016-17,Girls,Nevada,Skiing Alpine,,11.0
2016-17,Girls,Nevada,Skiing Cross Country,11.0,209.0
2016-17,Girls,New Hampshire,Ice Hockey,15.0,274.0
2016-17,Girls,New Hampshire,Lacrosse,45.0,1643.0
2016-17,Girls,New Hampshire,Skiing Alpine,31.0,255.0
2016-17,Girls,New Hampshire,Skiing Cross Country,53.0,403.0
2016-17,Girls,New Jersey,Ice Hockey,,356.0
2016-17,Girls,New Jersey,Lacrosse,212.0,9522.0
2016-17,Girls,New Jersey,Skiing Alpine,44.0,130.0
2016-17,Girls,New York,Ice Hockey,33.0,474.0
2016-17,Girls,New York,Lacrosse,320.0,11773.0
2016-17,Girls,New York,Skiing Alpine,30.0,348.0
2016-17,Girls,New York,Skiing Cross Country,87.0,584.0
2016-17,Girls,North Carolina,Ice Hockey,,75.0
2016-17,Girls,North Carolina,Lacrosse,75.0,2387.0
2016-17,Girls,North Dakota,Ice Hockey,19.0,209.0
2016-17,Girls,Ohio,Ice Hockey,16.0,23.0
2016-17,Girls,Ohio,Lacrosse,130.0,4200.0
2016-17,Girls,Ohio,Skiing Alpine,1.0,12.0
2016-17,Girls,Ohio,Skiing Cross Country,1.0,11.0
2016-17,Girls,Pennsylvania,Ice Hockey,,224.0
2016-17,Girls,Pennsylvania,Lacrosse,224.0,7168.0
2016-17,Girls,Rhode Island,Ice Hockey,8.0,211.0
2016-17,Girls,Rhode Island,Lacrosse,34.0,1164.0
2016-17,Girls,South Carolina,Ice Hockey,,41.0
2016-17,Girls,South Carolina,Lacrosse,41.0,1355.0
2016-17,Girls,Vermont,Ice Hockey,18.0,264.0
2016-17,Girls,Vermont,Lacrosse,19.0,513.0
2016-17,Girls,Vermont,Skiing Alpine,15.0,183.0
2016-17,Girls,Vermont,Skiing Cross Country,11.0,131.0
2016-17,Girls,Virginia,Ice Hockey,,104.0
2016-17,Girls,Virginia,Lacrosse,104.0,3767.0
2016-17,Girls,Wisconsin,Ice Hockey,31.0,776.0
2016-17,Girls,Wyoming,Lacrosse,,7.0
2016-17,Girls,Wyoming,Skiing Alpine,7.0,65.0
2016-17,Girls,Wyoming,Skiing Cross Country,6.0,64.0
2016-17,Girls,Alabama,Soccer,166.0,4781.0
2016-17,Girls,Alabama,Softball Slow Pitch,,380.0
2016-17,Girls,Alabama,Softball Fast Pitch,380.0,9516.0
2016-17,Girls,Alabama,Swimming and Diving,72.0,844.0
2016-17,Girls,Alaska,Soccer,37.0,961.0
2016-17,Girls,Alaska,Softball Slow Pitch,,28.0
2016-17,Girls,Alaska,Softball Fast Pitch,28.0,563.0
2016-17,Girls,Alaska,Swimming and Diving,32.0,426.0
2016-17,Girls,Arizona,Soccer,187.0,6484.0
2016-17,Girls,Arizona,Softball Slow Pitch,,238.0
2016-17,Girls,Arizona,Softball Fast Pitch,238.0,6724.0
2016-17,Girls,Arizona,Swimming and Diving,151.0,3416.0
2016-17,Girls,Arkansas,Soccer,101.0,2336.0
2016-17,Girls,Arkansas,Softball Slow Pitch,,239.0
2016-17,Girls,Arkansas,Softball Fast Pitch,239.0,4479.0
2016-17,Girls,Arkansas,Swimming and Diving,55.0,584.0
2016-17,Girls,California,Soccer,1291.0,47139.0
2016-17,Girls,California,Softball Slow Pitch,6.0,69.0
2016-17,Girls,California,Softball Fast Pitch,1209.0,33265.0
2016-17,Girls,California,Swimming and Diving,915.0,29722.0
2016-17,Girls,Colorado,Soccer,235.0,8000.0
2016-17,Girls,Colorado,Softball Slow Pitch,,183.0
2016-17,Girls,Colorado,Softball Fast Pitch,183.0,3824.0
2016-17,Girls,Colorado,Swimming and Diving,152.0,4503.0
2016-17,Girls,Connecticut,Soccer,165.0,5738.0
2016-17,Girls,Connecticut,Softball Slow Pitch,,179.0
2016-17,Girls,Connecticut,Softball Fast Pitch,179.0,4140.0
2016-17,Girls,Connecticut,Swimming and Diving,99.0,2655.0
2016-17,Girls,Delaware,Soccer,54.0,1701.0
2016-17,Girls,Delaware,Softball Slow Pitch,,48.0
2016-17,Girls,Delaware,Softball Fast Pitch,48.0,1082.0
2016-17,Girls,Delaware,Swimming and Diving,41.0,812.0
2016-17,Girls,District of Columbia,Soccer,26.0,664.0
2016-17,Girls,District of Columbia,Softball Slow Pitch,,30.0
2016-17,Girls,District of Columbia,Softball Fast Pitch,30.0,478.0
2016-17,Girls,District of Columbia,Swimming and Diving,18.0,219.0
2016-17,Girls,Florida,Soccer,583.0,17392.0
2016-17,Girls,Florida,Softball Slow Pitch,,610.0
2016-17,Girls,Florida,Softball Fast Pitch,610.0,12911.0
2016-17,Girls,Florida,Swimming and Diving,451.0,8869.0
2016-17,Girls,Georgia,Soccer,396.0,10669.0
2016-17,Girls,Georgia,Softball Slow Pitch,13.0,218.0
2016-17,Girls,Georgia,Softball Fast Pitch,413.0,8166.0
2016-17,Girls,Georgia,Swimming and Diving,265.0,4808.0
2016-17,Girls,Hawaii,Soccer,62.0,1659.0
2016-17,Girls,Hawaii,Softball Slow Pitch,,57.0
2016-17,Girls,Hawaii,Softball Fast Pitch,57.0,1404.0
2016-17,Girls,Hawaii,Swimming and Diving,61.0,901.0
2016-17,Girls,Idaho,Soccer,76.0,2205.0
2016-17,Girls,Idaho,Softball Slow Pitch,,102.0
2016-17,Girls,Idaho,Softball Fast Pitch,102.0,2201.0
2016-17,Girls,Illinois,Soccer,405.0,16148.0
2016-17,Girls,Illinois,Softball Slow Pitch,,618.0
2016-17,Girls,Illinois,Softball Fast Pitch,618.0,15242.0
2016-17,Girls,Illinois,Swimming and Diving,263.0,6916.0
2016-17,Girls,Indiana,Soccer,289.0,7416.0
2016-17,Girls,Indiana,Softball Slow Pitch,,368.0
2016-17,Girls,Indiana,Softball Fast Pitch,368.0,7923.0
2016-17,Girls,Indiana,Swimming and Diving,241.0,4480.0
2016-17,Girls,Iowa,Soccer,154.0,5423.0
2016-17,Girls,Iowa,Softball Slow Pitch,,339.0
2016-17,Girls,Iowa,Softball Fast Pitch,339.0,7927.0
2016-17,Girls,Iowa,Swimming and Diving,55.0,1659.0
2016-17,Girls,Kansas,Soccer,97.0,3548.0
2016-17,Girls,Kansas,Softball Slow Pitch,,225.0
2016-17,Girls,Kansas,Softball Fast Pitch,225.0,4988.0
2016-17,Girls,Kansas,Swimming and Diving,83.0,1990.0
2016-17,Girls,Kentucky,Soccer,200.0,5938.0
2016-17,Girls,Kentucky,Softball Slow Pitch,,256.0
2016-17,Girls,Kentucky,Softball Fast Pitch,256.0,5709.0
2016-17,Girls,Kentucky,Swimming and Diving,137.0,2178.0
2016-17,Girls,Louisiana,Soccer,171.0,3987.0
2016-17,Girls,Louisiana,Softball Slow Pitch,,343.0
2016-17,Girls,Louisiana,Softball Fast Pitch,343.0,6197.0
2016-17,Girls,Louisiana,Swimming and Diving,212.0,1349.0
2016-17,Girls,Maine,Soccer,137.0,3603.0
2016-17,Girls,Maine,Softball Slow Pitch,,130.0
2016-17,Girls,Maine,Softball Fast Pitch,130.0,2631.0
2016-17,Girls,Maine,Swimming and Diving,58.0,894.0
2016-17,Girls,Maryland,Soccer,175.0,5902.0
2016-17,Girls,Maryland,Softball Slow Pitch,,187.0
2016-17,Girls,Maryland,Softball Fast Pitch,187.0,4826.0
2016-17,Girls,Maryland,Swimming and Diving,110.0,2339.0
2016-17,Girls,Massachusetts,Soccer,352.0,12787.0
2016-17,Girls,Massachusetts,Softball Slow Pitch,,346.0
2016-17,Girls,Massachusetts,Softball Fast Pitch,346.0,9260.0
2016-17,Girls,Massachusetts,Swimming and Diving,220.0,4420.0
2016-17,Girls,Michigan,Soccer,459.0,13301.0
2016-17,Girls,Michigan,Softball Slow Pitch,,616.0
2016-17,Girls,Michigan,Softball Fast Pitch,616.0,13641.0
2016-17,Girls,Michigan,Swimming and Diving,256.0,5660.0
2016-17,Girls,Minnesota,Soccer,248.0,8313.0
2016-17,Girls,Minnesota,Softball Slow Pitch,,419.0
2016-17,Girls,Minnesota,Softball Fast Pitch,419.0,13240.0
2016-17,Girls,Minnesota,Swimming and Diving,202.0,5799.0
2016-17,Girls,Mississippi,Soccer,132.0,2660.0
2016-17,Girls,Mississippi,Softball Slow Pitch,135.0,2075.0
2016-17,Girls,Mississippi,Softball Fast Pitch,232.0,4920.0
2016-17,Girls,Mississippi,Swimming and Diving,64.0,1715.0
2016-17,Girls,Missouri,Soccer,235.0,8323.0
2016-17,Girls,Missouri,Softball Slow Pitch,,507.0
2016-17,Girls,Missouri,Softball Fast Pitch,507.0,9871.0
2016-17,Girls,Missouri,Swimming and Diving,134.0,3254.0
2016-17,Girls,Montana,Soccer,30.0,828.0
2016-17,Girls,Montana,Softball Slow Pitch,,61.0
2016-17,Girls,Montana,Softball Fast Pitch,61.0,1152.0
2016-17,Girls,Montana,Swimming and Diving,20.0,382.0
2016-17,Girls,Nebraska,Soccer,79.0,2696.0
2016-17,Girls,Nebraska,Softball Slow Pitch,,144.0
2016-17,Girls,Nebraska,Softball Fast Pitch,144.0,2753.0
2016-17,Girls,Nebraska,Swimming and Diving,62.0,1065.0
2016-17,Girls,Nevada,Soccer,70.0,2278.0
2016-17,Girls,Nevada,Softball Slow Pitch,,89.0
2016-17,Girls,Nevada,Softball Fast Pitch,89.0,2213.0
2016-17,Girls,Nevada,Swimming and Diving,56.0,1264.0
2016-17,Girls,New Hampshire,Soccer,80.0,2578.0
2016-17,Girls,New Hampshire,Softball Slow Pitch,,85.0
2016-17,Girls,New Hampshire,Softball Fast Pitch,85.0,1850.0
2016-17,Girls,New Hampshire,Swimming and Diving,51.0,676.0
2016-17,Girls,New Jersey,Soccer,370.0,14900.0
2016-17,Girls,New Jersey,Softball Slow Pitch,,404.0
2016-17,Girls,New Jersey,Softball Fast Pitch,404.0,12222.0
2016-17,Girls,New Jersey,Swimming and Diving,216.0,6522.0
2016-17,Girls,New Mexico,Soccer,73.0,2159.0
2016-17,Girls,New Mexico,Softball Slow Pitch,,96.0
2016-17,Girls,New Mexico,Softball Fast Pitch,96.0,2515.0
2016-17,Girls,New Mexico,Swimming and Diving,43.0,750.0
2016-17,Girls,New York,Soccer,694.0,20939.0
2016-17,Girls,New York,Softball Slow Pitch,,700.0
2016-17,Girls,New York,Softball Fast Pitch,700.0,15876.0
2016-17,Girls,New York,Swimming and Diving,345.0,7401.0
2016-17,Girls,North Carolina,Soccer,371.0,10263.0
2016-17,Girls,North Carolina,Softball Slow Pitch,,394.0
2016-17,Girls,North Carolina,Softball Fast Pitch,394.0,7790.0
2016-17,Girls,North Carolina,Swimming and Diving,294.0,5000.0
2016-17,Girls,North Dakota,Soccer,20.0,619.0
2016-17,Girls,North Dakota,Softball Slow Pitch,,74.0
2016-17,Girls,North Dakota,Softball Fast Pitch,74.0,961.0
2016-17,Girls,North Dakota,Swimming and Diving,23.0,369.0
2016-17,Girls,Ohio,Soccer,543.0,15185.0
2016-17,Girls,Ohio,Softball Slow Pitch,11.0,268.0
2016-17,Girls,Ohio,Softball Fast Pitch,765.0,16906.0
2016-17,Girls,Ohio,Swimming and Diving,439.0,6982.0
2016-17,Girls,Oklahoma,Soccer,125.0,4086.0
2016-17,Girls,Oklahoma,Softball Slow Pitch,297.0,4493.0
2016-17,Girls,Oklahoma,Softball Fast Pitch,418.0,7229.0
2016-17,Girls,Oklahoma,Swimming and Diving,72.0,897.0
2016-17,Girls,Oregon,Soccer,163.0,5489.0
2016-17,Girls,Oregon,Softball Slow Pitch,,217.0
2016-17,Girls,Oregon,Softball Fast Pitch,217.0,4742.0
2016-17,Girls,Oregon,Swimming and Diving,119.0,2512.0
2016-17,Girls,Pennsylvania,Soccer,542.0,18970.0
2016-17,Girls,Pennsylvania,Softball Slow Pitch,,651.0
2016-17,Girls,Pennsylvania,Softball Fast Pitch,651.0,19530.0
2016-17,Girls,Pennsylvania,Swimming and Diving,337.0,10110.0
2016-17,Girls,Rhode Island,Soccer,46.0,1381.0
2016-17,Girls,Rhode Island,Softball Slow Pitch,,48.0
2016-17,Girls,Rhode Island,Softball Fast Pitch,48.0,1012.0
2016-17,Girls,Rhode Island,Swimming and Diving,28.0,572.0
2016-17,Girls,South Carolina,Soccer,159.0,5107.0
2016-17,Girls,South Carolina,Softball Slow Pitch,,205.0
2016-17,Girls,South Carolina,Softball Fast Pitch,205.0,5151.0
2016-17,Girls,South Carolina,Swimming and Diving,94.0,1529.0
2016-17,Girls,South Dakota,Soccer,26.0,639.0
2016-17,Girls,Tennessee,Soccer,308.0,7153.0
2016-17,Girls,Tennessee,Softball Slow Pitch,,371.0
2016-17,Girls,Tennessee,Softball Fast Pitch,371.0,6221.0
2016-17,Girls,Texas,Soccer,619.0,30583.0
2016-17,Girls,Texas,Softball Slow Pitch,,1106.0
2016-17,Girls,Texas,Softball Fast Pitch,1106.0,34020.0
2016-17,Girls,Texas,Swimming and Diving,485.0,11928.0
2016-17,Girls,Utah,Soccer,103.0,3652.0
2016-17,Girls,Utah,Softball Slow Pitch,,106.0
2016-17,Girls,Utah,Softball Fast Pitch,106.0,2340.0
2016-17,Girls,Utah,Swimming and Diving,93.0,2101.0
2016-17,Girls,Vermont,Soccer,34.0,968.0
2016-17,Girls,Vermont,Softball Slow Pitch,,29.0
2016-17,Girls,Vermont,Softball Fast Pitch,29.0,592.0
2016-17,Girls,Vermont,Swimming and Diving,1.0,17.0
2016-17,Girls,Virginia,Soccer,294.0,9120.0
2016-17,Girls,Virginia,Softball Slow Pitch,,307.0
2016-17,Girls,Virginia,Softball Fast Pitch,307.0,7533.0
2016-17,Girls,Virginia,Swimming and Diving,209.0,520.0
2016-17,Girls,Washington,Soccer,287.0,10039.0
2016-17,Girls,Washington,Softball Slow Pitch,,323.0
2016-17,Girls,Washington,Softball Fast Pitch,323.0,7745.0
2016-17,Girls,Washington,Swimming and Diving,176.0,4872.0
2016-17,Girls,West Virginia,Soccer,75.0,1745.0
2016-17,Girls,West Virginia,Softball Slow Pitch,,117.0
2016-17,Girls,West Virginia,Softball Fast Pitch,117.0,2243.0
2016-17,Girls,West Virginia,Swimming and Diving,49.0,708.0
2016-17,Girls,Wisconsin,Soccer,255.0,9127.0
2016-17,Girls,Wisconsin,Softball Slow Pitch,,428.0
2016-17,Girls,Wisconsin,Softball Fast Pitch,428.0,9681.0
2016-17,Girls,Wisconsin,Swimming and Diving,138.0,3691.0
2016-17,Girls,Wyoming,Soccer,24.0,757.0
2016-17,Girls,Wyoming,Softball Fast Pitch,,24.0
2016-17,Girls,Wyoming,Swimming and Diving,24.0,517.0
2016-17,Girls,Wyoming,Softball Slow Pitch,67.0,
2016-17,Girls,Alabama,Tennis,173.0,1833.0
2016-17,Girls,Alabama,Track and Field Indoor,165.0,1835.0
2016-17,Girls,Alabama,Track and Field Outdoor,354.0,5543.0
2016-17,Girls,Alabama,Volleyball,384.0,9878.0
2016-17,Girls,Alaska,Tennis,19.0,216.0
2016-17,Girls,Alaska,Track and Field Indoor,,51.0
2016-17,Girls,Alaska,Track and Field Outdoor,51.0,958.0
2016-17,Girls,Alaska,Volleyball,39.0,1214.0
2016-17,Girls,Arizona,Tennis,175.0,2719.0
2016-17,Girls,Arizona,Track and Field Indoor,,235.0
2016-17,Girls,Arizona,Track and Field Outdoor,235.0,6766.0
2016-17,Girls,Arizona,Volleyball,260.0,7926.0
2016-17,Girls,Arkansas,Tennis,121.0,1128.0
2016-17,Girls,Arkansas,Track and Field Indoor,57.0,890.0
2016-17,Girls,Arkansas,Track and Field Outdoor,234.0,3698.0
2016-17,Girls,Arkansas,Volleyball,131.0,2899.0
2016-17,Girls,California,Tennis,987.0,23077.0
2016-17,Girls,California,Track and Field Indoor,,1183.0
2016-17,Girls,California,Track and Field Outdoor,1183.0,46276.0
2016-17,Girls,California,Volleyball,1404.0,44526.0
2016-17,Girls,Colorado,Tennis,159.0,6181.0
2016-17,Girls,Colorado,Track and Field Indoor,,300.0
2016-17,Girls,Colorado,Track and Field Outdoor,300.0,7574.0
2016-17,Girls,Colorado,Volleyball,323.0,9446.0
2016-17,Girls,Connecticut,Tennis,141.0,3254.0
2016-17,Girls,Connecticut,Track and Field Indoor,159.0,5027.0
2016-17,Girls,Connecticut,Track and Field Outdoor,176.0,6914.0
2016-17,Girls,Connecticut,Volleyball,166.0,4882.0
2016-17,Girls,Delaware,Tennis,36.0,566.0
2016-17,Girls,Delaware,Track and Field Indoor,40.0,868.0
2016-17,Girls,Delaware,Track and Field Outdoor,48.0,1279.0
2016-17,Girls,Delaware,Volleyball,56.0,1623.0
2016-17,Girls,District of Columbia,Tennis,18.0,241.0
2016-17,Girls,District of Columbia,Track and Field Indoor,21.0,270.0
2016-17,Girls,District of Columbia,Track and Field Outdoor,35.0,586.0
2016-17,Girls,District of Columbia,Volleyball,36.0,751.0
2016-17,Girls,Florida,Tennis,523.0,5874.0
2016-17,Girls,Florida,Track and Field Indoor,,643.0
2016-17,Girls,Florida,Track and Field Outdoor,643.0,16938.0
2016-17,Girls,Florida,Volleyball,701.0,19788.0
2016-17,Girls,Georgia,Track and Field Indoor,,422.0
2016-17,Girls,Georgia,Track and Field Outdoor,422.0,11091.0
2016-17,Girls,Georgia,Volleyball,341.0,8211.0
2016-17,Girls,Hawaii,Tennis,61.0,873.0
2016-17,Girls,Hawaii,Track and Field Indoor,,66.0
2016-17,Girls,Hawaii,Track and Field Outdoor,66.0,1645.0
2016-17,Girls,Hawaii,Volleyball,68.0,1905.0
2016-17,Girls,Idaho,Tennis,59.0,1161.0
2016-17,Girls,Idaho,Track and Field Indoor,,145.0
2016-17,Girls,Idaho,Track and Field Outdoor,145.0,3517.0
2016-17,Girls,Idaho,Volleyball,150.0,3771.0
2016-17,Girls,Illinois,Tennis,313.0,8239.0
2016-17,Girls,Illinois,Track and Field Indoor,,603.0
2016-17,Girls,Illinois,Track and Field Outdoor,603.0,20357.0
2016-17,Girls,Illinois,Volleyball,697.0,22157.0
2016-17,Girls,Indiana,Tennis,309.0,5887.0
2016-17,Girls,Indiana,Track and Field Indoor,,392.0
2016-17,Girls,Indiana,Track and Field Outdoor,392.0,10319.0
2016-17,Girls,Indiana,Volleyball,396.0,9438.0
2016-17,Girls,Iowa,Tennis,113.0,3419.0
2016-17,Girls,Iowa,Track and Field Indoor,,349.0
2016-17,Girls,Iowa,Track and Field Outdoor,349.0,9631.0
2016-17,Girls,Iowa,Volleyball,358.0,11722.0
2016-17,Girls,Kansas,Tennis,136.0,2501.0
2016-17,Girls,Kansas,Track and Field Indoor,,345.0
2016-17,Girls,Kansas,Track and Field Outdoor,345.0,7170.0
2016-17,Girls,Kansas,Volleyball,344.0,8611.0
2016-17,Girls,Kentucky,Tennis,213.0,2547.0
2016-17,Girls,Kentucky,Track and Field Indoor,,249.0
2016-17,Girls,Kentucky,Track and Field Outdoor,249.0,5516.0
2016-17,Girls,Kentucky,Volleyball,263.0,6272.0
2016-17,Girls,Louisiana,Tennis,191.0,1819.0
2016-17,Girls,Louisiana,Track and Field Indoor,262.0,1113.0
2016-17,Girls,Louisiana,Track and Field Outdoor,371.0,6927.0
2016-17,Girls,Louisiana,Volleyball,212.0,4600.0
2016-17,Girls,Maine,Track and Field Indoor,69.0,1446.0
2016-17,Girls,Maine,Track and Field Outdoor,106.0,2558.0
2016-17,Girls,Maine,Volleyball,41.0,977.0
2016-17,Girls,Maryland,Tennis,177.0,2318.0
2016-17,Girls,Maryland,Track and Field Indoor,165.0,4497.0
2016-17,Girls,Maryland,Track and Field Outdoor,188.0,5726.0
2016-17,Girls,Maryland,Volleyball,184.0,5215.0
2016-17,Girls,Massachusetts,Tennis,243.0,4544.0
2016-17,Girls,Massachusetts,Track and Field Indoor,258.0,9579.0
2016-17,Girls,Massachusetts,Track and Field Outdoor,320.0,13503.0
2016-17,Girls,Massachusetts,Volleyball,298.0,9808.0
2016-17,Girls,Michigan,Tennis,327.0,8941.0
2016-17,Girls,Michigan,Track and Field Indoor,39.0,429.0
2016-17,Girls,Michigan,Track and Field Outdoor,648.0,17009.0
2016-17,Girls,Michigan,Volleyball,704.0,19067.0
2016-17,Girls,Minnesota,Tennis,227.0,6582.0
2016-17,Girls,Minnesota,Track and Field Indoor,,468.0
2016-17,Girls,Minnesota,Track and Field Outdoor,468.0,16039.0
2016-17,Girls,Minnesota,Volleyball,470.0,16379.0
2016-17,Girls,Mississippi,Tennis,189.0,1891.0
2016-17,Girls,Mississippi,Track and Field Indoor,15.0,200.0
2016-17,Girls,Mississippi,Track and Field Outdoor,250.0,5400.0
2016-17,Girls,Mississippi,Volleyball,98.0,2300.0
2016-17,Girls,Missouri,Tennis,186.0,4047.0
2016-17,Girls,Missouri,Track and Field Indoor,,491.0
2016-17,Girls,Missouri,Track and Field Outdoor,491.0,12347.0
2016-17,Girls,Missouri,Volleyball,432.0,10420.0
2016-17,Girls,Montana,Tennis,60.0,942.0
2016-17,Girls,Montana,Track and Field Indoor,,175.0
2016-17,Girls,Montana,Track and Field Outdoor,175.0,2664.0
2016-17,Girls,Montana,Volleyball,172.0,3596.0
2016-17,Girls,Nebraska,Tennis,68.0,1578.0
2016-17,Girls,Nebraska,Track and Field Indoor,,300.0
2016-17,Girls,Nebraska,Track and Field Outdoor,300.0,7282.0
2016-17,Girls,Nebraska,Volleyball,301.0,6959.0
2016-17,Girls,Nevada,Tennis,56.0,784.0
2016-17,Girls,Nevada,Track and Field Indoor,,91.0
2016-17,Girls,Nevada,Track and Field Outdoor,91.0,2786.0
2016-17,Girls,Nevada,Volleyball,103.0,2975.0
2016-17,Girls,New Hampshire,Tennis,54.0,877.0
2016-17,Girls,New Hampshire,Track and Field Indoor,57.0,1156.0
2016-17,Girls,New Hampshire,Track and Field Outdoor,76.0,2067.0
2016-17,Girls,New Hampshire,Volleyball,59.0,1627.0
2016-17,Girls,New Jersey,Tennis,328.0,6996.0
2016-17,Girls,New Jersey,Track and Field Indoor,315.0,11078.0
2016-17,Girls,New Jersey,Track and Field Outdoor,378.0,18098.0
2016-17,Girls,New Jersey,Volleyball,292.0,9791.0
2016-17,Girls,New Mexico,Tennis,64.0,835.0
2016-17,Girls,New Mexico,Track and Field Indoor,,157.0
2016-17,Girls,New Mexico,Track and Field Outdoor,157.0,3644.0
2016-17,Girls,New Mexico,Volleyball,153.0,3708.0
2016-17,Girls,New York,Tennis,433.0,8402.0
2016-17,Girls,New York,Track and Field Indoor,469.0,13563.0
2016-17,Girls,New York,Track and Field Outdoor,672.0,21996.0
2016-17,Girls,New York,Volleyball,648.0,15229.0
2016-17,Girls,North Carolina,Tennis,337.0,4289.0
2016-17,Girls,North Carolina,Track and Field Indoor,266.0,4959.0
2016-17,Girls,North Carolina,Track and Field Outdoor,394.0,10476.0
2016-17,Girls,North Carolina,Volleyball,408.0,9375.0
2016-17,Girls,North Dakota,Tennis,22.0,443.0
2016-17,Girls,North Dakota,Track and Field Indoor,,156.0
2016-17,Girls,North Dakota,Track and Field Outdoor,156.0,1994.0
2016-17,Girls,North Dakota,Volleyball,152.0,3258.0
2016-17,Girls,Ohio,Tennis,418.0,6458.0
2016-17,Girls,Ohio,Track and Field Indoor,344.0,4290.0
2016-17,Girls,Ohio,Track and Field Outdoor,789.0,22967.0
2016-17,Girls,Ohio,Volleyball,801.0,19275.0
2016-17,Girls,Oklahoma,Tennis,112.0,1455.0
2016-17,Girls,Oklahoma,Track and Field Indoor,,448.0
2016-17,Girls,Oklahoma,Track and Field Outdoor,448.0,5837.0
2016-17,Girls,Oklahoma,Volleyball,125.0,3426.0
2016-17,Girls,Oregon,Tennis,125.0,3063.0
2016-17,Girls,Oregon,Track and Field Indoor,,269.0
2016-17,Girls,Oregon,Track and Field Outdoor,269.0,7629.0
2016-17,Girls,Oregon,Volleyball,282.0,7123.0
2016-17,Girls,Pennsylvania,Tennis,395.0,4740.0
2016-17,Girls,Pennsylvania,Track and Field Indoor,175.0,2625.0
2016-17,Girls,Pennsylvania,Track and Field Outdoor,609.0,24360.0
2016-17,Girls,Pennsylvania,Volleyball,581.0,10458.0
2016-17,Girls,Rhode Island,Tennis,42.0,806.0
2016-17,Girls,Rhode Island,Track and Field Indoor,40.0,1421.0
2016-17,Girls,Rhode Island,Track and Field Outdoor,44.0,1433.0
2016-17,Girls,Rhode Island,Volleyball,42.0,1106.0
2016-17,Girls,South Carolina,Tennis,138.0,2057.0
2016-17,Girls,South Carolina,Track and Field Indoor,,200.0
2016-17,Girls,South Carolina,Track and Field Outdoor,200.0,6226.0
2016-17,Girls,South Carolina,Volleyball,208.0,5086.0
2016-17,Girls,South Dakota,Tennis,22.0,231.0
2016-17,Girls,South Dakota,Track and Field Indoor,,172.0
2016-17,Girls,South Dakota,Track and Field Outdoor,172.0,2832.0
2016-17,Girls,South Dakota,Volleyball,169.0,3438.0
2016-17,Girls,Tennessee,Tennis,273.0,2994.0
2016-17,Girls,Tennessee,Track and Field Indoor,,299.0
2016-17,Girls,Tennessee,Track and Field Outdoor,299.0,5879.0
2016-17,Girls,Tennessee,Volleyball,339.0,6450.0
2016-17,Girls,Texas,Tennis,1145.0,19958.0
2016-17,Girls,Texas,Track and Field Indoor,,1311.0
2016-17,Girls,Texas,Track and Field Outdoor,1311.0,58960.0
2016-17,Girls,Texas,Volleyball,1108.0,45938.0
2016-17,Girls,Utah,Tennis,96.0,2093.0
2016-17,Girls,Utah,Track and Field Indoor,,131.0
2016-17,Girls,Utah,Track and Field Outdoor,131.0,5038.0
2016-17,Girls,Utah,Volleyball,132.0,3470.0
2016-17,Girls,Vermont,Tennis,15.0,207.0
2016-17,Girls,Vermont,Track and Field Indoor,19.0,211.0
2016-17,Girls,Vermont,Track and Field Outdoor,29.0,590.0
2016-17,Girls,Vermont,Volleyball,5.0,111.0
2016-17,Girls,Virginia,Tennis,264.0,3594.0
2016-17,Girls,Virginia,Track and Field Indoor,230.0,6413.0
2016-17,Girls,Virginia,Track and Field Outdoor,302.0,9000.0
2016-17,Girls,Virginia,Volleyball,311.0,8154.0
2016-17,Girls,Washington,Tennis,261.0,8082.0
2016-17,Girls,Washington,Track and Field Indoor,,362.0
2016-17,Girls,Washington,Track and Field Outdoor,362.0,11860.0
2016-17,Girls,Washington,Volleyball,385.0,11293.0
2016-17,Girls,West Virginia,Tennis,78.0,867.0
2016-17,Girls,West Virginia,Track and Field Indoor,,119.0
2016-17,Girls,West Virginia,Track and Field Outdoor,119.0,2561.0
2016-17,Girls,West Virginia,Volleyball,118.0,2367.0
2016-17,Girls,Wisconsin,Tennis,203.0,5637.0
2016-17,Girls,Wisconsin,Track and Field Indoor,,431.0
2016-17,Girls,Wisconsin,Track and Field Outdoor,431.0,11595.0
2016-17,Girls,Wisconsin,Volleyball,474.0,14959.0
2016-17,Girls,Wyoming,Tennis,16.0,273.0
2016-17,Girls,Wyoming,Track and Field Indoor,21.0,552.0
2016-17,Girls,Wyoming,Track and Field Outdoor,72.0,1416.0
2016-17,Girls,Wyoming,Volleyball,68.0,1821.0
2017-18,Girls,Alaska,Basketball,155.0,1744.0
2017-18,Girls,Alaska,Bowling,8.0,53.0
2017-18,Girls,Alaska,Competitive Spirit Squads,16.0,173.0
2017-18,Girls,Alaska,Cross Country,117.0,836.0
2017-18,Girls,Arizona,Basketball,257.0,6448.0
2017-18,Girls,Arizona,Bowling,,204.0
2017-18,Girls,Arizona,Competitive Spirit Squads,204.0,5877.0
2017-18,Girls,Arizona,Cross Country,228.0,2709.0
2017-18,Girls,Arkansas,Basketball,269.0,4211.0
2017-18,Girls,Arkansas,Bowling,69.0,617.0
2017-18,Girls,Arkansas,Competitive Spirit Squads,85.0,1617.0
2017-18,Girls,Arkansas,Cross Country,172.0,1530.0
2017-18,Girls,Colorado,Basketball,333.0,7062.0
2017-18,Girls,Colorado,Bowling,,186.0
2017-18,Girls,Colorado,Competitive Spirit Squads,186.0,4825.0
2017-18,Girls,Colorado,Cross Country,247.0,4020.0
2017-18,Girls,Connecticut,Basketball,181.0,3765.0
2017-18,Girls,Connecticut,Bowling,,152.0
2017-18,Girls,Connecticut,Competitive Spirit Squads,152.0,2834.0
2017-18,Girls,Connecticut,Cross Country,174.0,2840.0
2017-18,Girls,District of Columbia,Basketball,37.0,526.0
2017-18,Girls,District of Columbia,Bowling,13.0,85.0
2017-18,Girls,District of Columbia,Competitive Spirit Squads,8.0,336.0
2017-18,Girls,District of Columbia,Cross Country,27.0,399.0
2017-18,Girls,Florida,Basketball,704.0,13648.0
2017-18,Girls,Florida,Bowling,213.0,1751.0
2017-18,Girls,Florida,Competitive Spirit Squads,232.0,5310.0
2017-18,Girls,Florida,Cross Country,595.0,7704.0
2017-18,Girls,Georgia,Basketball,438.0,8777.0
2017-18,Girls,Georgia,Bowling,,238.0
2017-18,Girls,Georgia,Competitive Spirit Squads,238.0,4672.0
2017-18,Girls,Georgia,Cross Country,417.0,6478.0
2017-18,Girls,Hawaii,Basketball,66.0,1267.0
2017-18,Girls,Hawaii,Bowling,47.0,437.0
2017-18,Girls,Hawaii,Competitive Spirit Squads,49.0,900.0
2017-18,Girls,Hawaii,Cross Country,70.0,847.0
2017-18,Girls,Idaho,Basketball,151.0,3349.0
2017-18,Girls,Idaho,Bowling,,86.0
2017-18,Girls,Idaho,Competitive Spirit Squads,86.0,1537.0
2017-18,Girls,Idaho,Cross Country,118.0,1467.0
2017-18,Girls,Illinois,Basketball,671.0,16399.0
2017-18,Girls,Illinois,Bowling,230.0,3098.0
2017-18,Girls,Illinois,Competitive Spirit Squads,279.0,6592.0
2017-18,Girls,Illinois,Cross Country,533.0,10653.0
2017-18,Girls,Iowa,Basketball,354.0,7414.0
2017-18,Girls,Iowa,Bowling,101.0,1348.0
2017-18,Girls,Iowa,Competitive Spirit Squads,,323.0
2017-18,Girls,Iowa,Cross Country,323.0,4799.0
2017-18,Girls,Kansas,Basketball,349.0,6625.0
2017-18,Girls,Kansas,Bowling,77.0,884.0
2017-18,Girls,Kansas,Competitive Spirit Squads,,295.0
2017-18,Girls,Kansas,Cross Country,295.0,2898.0
2017-18,Girls,Kentucky,Basketball,268.0,5313.0
2017-18,Girls,Kentucky,Bowling,93.0,840.0
2017-18,Girls,Kentucky,Competitive Spirit Squads,240.0,4891.0
2017-18,Girls,Kentucky,Cross Country,242.0,2786.0
2017-18,Girls,Louisiana,Basketball,386.0,5431.0
2017-18,Girls,Louisiana,Bowling,94.0,423.0
2017-18,Girls,Louisiana,Competitive Spirit Squads,,319.0
2017-18,Girls,Louisiana,Cross Country,319.0,2346.0
2017-18,Girls,Maine,Basketball,140.0,2662.0
2017-18,Girls,Maine,Bowling,4.0,22.0
2017-18,Girls,Maine,Competitive Spirit Squads,83.0,1286.0
2017-18,Girls,Maine,Cross Country,109.0,1215.0
2017-18,Girls,Maryland,Basketball,190.0,4368.0
2017-18,Girls,Maryland,Bowling,16.0,80.0
2017-18,Girls,Maryland,Competitive Spirit Squads,,181.0
2017-18,Girls,Maryland,Cross Country,181.0,2681.0
2017-18,Girls,Michigan,Basketball,691.0,15659.0
2017-18,Girls,Michigan,Bowling,360.0,3096.0
2017-18,Girls,Michigan,Competitive Spirit Squads,343.0,6715.0
2017-18,Girls,Michigan,Cross Country,640.0,8702.0
2017-18,Girls,Minnesota,Basketball,469.0,12206.0
2017-18,Girls,Minnesota,Competitive Spirit Squads,,407.0
2017-18,Girls,Minnesota,Cross Country,407.0,9219.0
2017-18,Girls,Mississippi,Basketball,244.0,8420.0
2017-18,Girls,Mississippi,Bowling,62.0,555.0
2017-18,Girls,Mississippi,Competitive Spirit Squads,165.0,3950.0
2017-18,Girls,Mississippi,Cross Country,166.0,1430.0
2017-18,Girls,Missouri,Basketball,541.0,9971.0
2017-18,Girls,Missouri,Bowling,9.0,38.0
2017-18,Girls,Missouri,Competitive Spirit Squads,,406.0
2017-18,Girls,Missouri,Cross Country,406.0,4374.0
2017-18,Girls,Montana,Basketball,175.0,2837.0
2017-18,Girls,Montana,Competitive Spirit Squads,,106.0
2017-18,Girls,Montana,Cross Country,106.0,1017.0
2017-18,Girls,Nebraska,Basketball,300.0,5882.0
2017-18,Girls,Nebraska,Competitive Spirit Squads,,240.0
2017-18,Girls,Nebraska,Cross Country,240.0,2404.0
2017-18,Girls,Nebraska,Bowling,35.0,270.0
2017-18,Girls,New Hampshire,Basketball,87.0,1890.0
2017-18,Girls,New Hampshire,Bowling,15.0,73.0
2017-18,Girls,New Hampshire,Competitive Spirit Squads,89.0,1452.0
2017-18,Girls,New Hampshire,Cross Country,73.0,914.0
2017-18,Girls,New Jersey,Basketball,411.0,10188.0
2017-18,Girls,New Jersey,Bowling,207.0,2041.0
2017-18,Girls,New Jersey,Competitive Spirit Squads,,373.0
2017-18,Girls,New Jersey,Cross Country,373.0,6097.0
2017-18,Girls,New York,Basketball,716.0,15805.0
2017-18,Girls,New York,Bowling,318.0,3297.0
2017-18,Girls,New York,Competitive Spirit Squads,719.0,16830.0
2017-18,Girls,New York,Cross Country,585.0,7983.0
2017-18,Girls,North Carolina,Basketball,411.0,7913.0
2017-18,Girls,North Carolina,Bowling,,396.0
2017-18,Girls,North Carolina,Competitive Spirit Squads,396.0,20250.0
2017-18,Girls,North Carolina,Cross Country,386.0,5250.0
2017-18,Girls,North Dakota,Basketball,162.0,2267.0
2017-18,Girls,North Dakota,Competitive Spirit Squads,,108.0
2017-18,Girls,North Dakota,Cross Country,108.0,591.0
2017-18,Girls,Ohio,Basketball,788.0,15045.0
2017-18,Girls,Ohio,Bowling,404.0,3862.0
2017-18,Girls,Ohio,Competitive Spirit Squads,,5605.0
2017-18,Girls,Ohio,Cross Country,729.0,10446.0
2017-18,Girls,Oklahoma,Basketball,473.0,7535.0
2017-18,Girls,Oklahoma,Bowling,,470.0
2017-18,Girls,Oklahoma,Competitive Spirit Squads,470.0,5485.0
2017-18,Girls,Oklahoma,Cross Country,282.0,3051.0
2017-18,Girls,Oregon,Basketball,286.0,5824.0
2017-18,Girls,Oregon,Bowling,,141.0
2017-18,Girls,Oregon,Competitive Spirit Squads,141.0,2654.0
2017-18,Girls,Oregon,Cross Country,228.0,2998.0
2017-18,Girls,Rhode Island,Basketball,50.0,1203.0
2017-18,Girls,Rhode Island,Bowling,,21.0
2017-18,Girls,Rhode Island,Competitive Spirit Squads,21.0,229.0
2017-18,Girls,Rhode Island,Cross Country,46.0,966.0
2017-18,Girls,South Carolina,Basketball,215.0,4606.0
2017-18,Girls,South Carolina,Bowling,,94.0
2017-18,Girls,South Carolina,Competitive Spirit Squads,94.0,2959.0
2017-18,Girls,South Carolina,Cross Country,174.0,2453.0
2017-18,Girls,South Dakota,Basketball,174.0,2820.0
2017-18,Girls,South Dakota,Bowling,,41.0
2017-18,Girls,South Dakota,Competitive Spirit Squads,41.0,706.0
2017-18,Girls,South Dakota,Cross Country,159.0,776.0
2017-18,Girls,Tennessee,Basketball,394.0,6078.0
2017-18,Girls,Tennessee,Bowling,141.0,1207.0
2017-18,Girls,Tennessee,Competitive Spirit Squads,,326.0
2017-18,Girls,Tennessee,Cross Country,326.0,2922.0
2017-18,Girls,Texas,Basketball,1497.0,53900.0
2017-18,Girls,Texas,Bowling,,1373.0
2017-18,Girls,Texas,Competitive Spirit Squads,1373.0,28381.0
2017-18,Girls,Texas,Cross Country,1457.0,23031.0
2017-18,Girls,Utah,Basketball,140.0,3268.0
2017-18,Girls,Utah,Competitive Spirit Squads,,134.0
2017-18,Girls,Utah,Cross Country,134.0,2409.0
2017-18,Girls,Utah,Bowling,4.0,11.0
2017-18,Girls,Virginia,Basketball,314.0,7496.0
2017-18,Girls,Virginia,Bowling,,202.0
2017-18,Girls,Virginia,Competitive Spirit Squads,202.0,4297.0
2017-18,Girls,Virginia,Cross Country,305.0,4788.0
2017-18,Girls,Washington,Basketball,368.0,9675.0
2017-18,Girls,Washington,Bowling,78.0,1311.0
2017-18,Girls,Washington,Competitive Spirit Squads,,309.0
2017-18,Girls,Washington,Cross Country,309.0,4838.0
2017-18,Girls,West Virginia,Basketball,124.0,2098.0
2017-18,Girls,West Virginia,Bowling,,106.0
2017-18,Girls,West Virginia,Competitive Spirit Squads,106.0,1975.0
2017-18,Girls,West Virginia,Cross Country,98.0,821.0
2017-18,Girls,Wisconsin,Basketball,471.0,10309.0
2017-18,Girls,Wisconsin,Competitive Spirit Squads,,390.0
2017-18,Girls,Wisconsin,Cross Country,390.0,6211.0
2017-18,Girls,Wyoming,Basketball,71.0,1614.0
2017-18,Girls,Wyoming,Bowling,,34.0
2017-18,Girls,Wyoming,Competitive Spirit Squads,34.0,580.0
2017-18,Girls,Wyoming,Cross Country,44.0,445.0
2017-18,Girls,Alabama,Football 11-player,,241.0
2017-18,Girls,Alabama,Golf,241.0,750.0
2017-18,Girls,Alabama,Field Hockey,,20.0
2017-18,Girls,Alabama,Gymnastics,9.0,81.0
2017-18,Girls,Arizona,Field Hockey,,48.0
2017-18,Girls,Arizona,Football 11-player,48.0,86.0
2017-18,Girls,Arizona,Golf,112.0,951.0
2017-18,Girls,Arizona,Gymnastics,8.0,64.0
2017-18,Girls,California,Field Hockey,99.0,3692.0
2017-18,Girls,California,Football 11-player,262.0,469.0
2017-18,Girls,California,Golf,907.0,8506.0
2017-18,Girls,California,Gymnastics,42.0,760.0
2017-18,Girls,Connecticut,Field Hockey,80.0,3226.0
2017-18,Girls,Connecticut,Football 11-player,,45.0
2017-18,Girls,Connecticut,Golf,54.0,739.0
2017-18,Girls,Connecticut,Gymnastics,54.0,475.0
2017-18,Girls,District of Columbia,Field Hockey,5.0,217.0
2017-18,Girls,District of Columbia,Football 11-player,,7.0
2017-18,Girls,District of Columbia,Golf,7.0,35.0
2017-18,Girls,Florida,Football 11-player,,87.0
2017-18,Girls,Florida,Golf,470.0,2543.0
2017-18,Girls,Georgia,Field Hockey,,31.0
2017-18,Girls,Georgia,Football 11-player,31.0,66.0
2017-18,Girls,Georgia,Golf,343.0,1855.0
2017-18,Girls,Georgia,Gymnastics,59.0,488.0
2017-18,Girls,Hawaii,Field Hockey,,13.0
2017-18,Girls,Hawaii,Football 11-player,13.0,22.0
2017-18,Girls,Hawaii,Golf,56.0,262.0
2017-18,Girls,Idaho,Field Hockey,,14.0
2017-18,Girls,Idaho,Football 11-player,14.0,36.0
2017-18,Girls,Idaho,Golf,91.0,604.0
2017-18,Girls,Illinois,Football 11-player,,396.0
2017-18,Girls,Illinois,Golf,396.0,4107.0
2017-18,Girls,Illinois,Gymnastics,81.0,1920.0
2017-18,Girls,Indiana,Field Hockey,,39.0
2017-18,Girls,Indiana,Football 11-player,39.0,44.0
2017-18,Girls,Indiana,Golf,312.0,2462.0
2017-18,Girls,Indiana,Gymnastics,78.0,604.0
2017-18,Girls,Iowa,Field Hockey,,20.0
2017-18,Girls,Iowa,Football 11-player,20.0,93.0
2017-18,Girls,Iowa,Golf,316.0,3325.0
2017-18,Girls,Kansas,Football 11-player,,24.0
2017-18,Girls,Kansas,Golf,124.0,1145.0
2017-18,Girls,Kansas,Gymnastics,16.0,127.0
2017-18,Girls,Kentucky,Field Hockey,19.0,655.0
2017-18,Girls,Kentucky,Football 11-player,,33.0
2017-18,Girls,Kentucky,Golf,220.0,1183.0
2017-18,Girls,Louisiana,Football 11-player,,195.0
2017-18,Girls,Louisiana,Golf,195.0,253.0
2017-18,Girls,Louisiana,Gymnastics,64.0,186.0
2017-18,Girls,Maine,Field Hockey,83.0,2250.0
2017-18,Girls,Maine,Football 11-player,7.0,7.0
2017-18,Girls,Maine,Golf,49.0,115.0
2017-18,Girls,Maine,Gymnastics,1.0,1.0
2017-18,Girls,Maryland,Field Hockey,110.0,3564.0
2017-18,Girls,Maryland,Football 11-player,44.0,16.0
2017-18,Girls,Maryland,Golf,128.0,333.0
2017-18,Girls,Maryland,Gymnastics,8.0,119.0
2017-18,Girls,Massachusetts,Field Hockey,211.0,7793.0
2017-18,Girls,Massachusetts,Football 11-player,,85.0
2017-18,Girls,Massachusetts,Golf,35.0,684.0
2017-18,Girls,Massachusetts,Gymnastics,109.0,1258.0
2017-18,Girls,Michigan,Field Hockey,34.0,981.0
2017-18,Girls,Michigan,Football 11-player,,108.0
2017-18,Girls,Michigan,Golf,340.0,3833.0
2017-18,Girls,Michigan,Gymnastics,83.0,702.0
2017-18,Girls,Minnesota,Football 11-player,,364.0
2017-18,Girls,Minnesota,Golf,364.0,4244.0
2017-18,Girls,Minnesota,Gymnastics,207.0,2595.0
2017-18,Girls,Missouri,Field Hockey,31.0,1142.0
2017-18,Girls,Missouri,Football 11-player,,196.0
2017-18,Girls,Missouri,Golf,196.0,1898.0
2017-18,Girls,Nebraska,Football 11-player,,19.0
2017-18,Girls,Nebraska,Golf,139.0,1391.0
2017-18,Girls,New Hampshire,Field Hockey,54.0,1684.0
2017-18,Girls,New Hampshire,Football 11-player,,15.0
2017-18,Girls,New Hampshire,Golf,32.0,57.0
2017-18,Girls,New Hampshire,Gymnastics,27.0,182.0
2017-18,Girls,New Mexico,Field Hockey,,121.0
2017-18,Girls,New Mexico,Football 11-player,121.0,63.0
2017-18,Girls,New Mexico,Golf,79.0,414.0
2017-18,Girls,New Mexico,Gymnastics,105.0,1414.0
2017-18,Girls,North Carolina,Football 11-player,,246.0
2017-18,Girls,North Carolina,Golf,246.0,1358.0
2017-18,Girls,North Dakota,Field Hockey,,5.0
2017-18,Girls,North Dakota,Football 11-player,5.0,10.0
2017-18,Girls,North Dakota,Golf,119.0,487.0
2017-18,Girls,North Dakota,Gymnastics,16.0,103.0
2017-18,Girls,Ohio,Field Hockey,37.0,1134.0
2017-18,Girls,Ohio,Football 11-player,,45.0
2017-18,Girls,Ohio,Golf,538.0,3669.0
2017-18,Girls,Ohio,Gymnastics,169.0,1225.0
2017-18,Girls,Oklahoma,Field Hockey,,8.0
2017-18,Girls,Oklahoma,Football 11-player,8.0,9.0
2017-18,Girls,Oklahoma,Golf,188.0,1080.0
2017-18,Girls,Oregon,Football 11-player,,46.0
2017-18,Girls,Oregon,Golf,140.0,970.0
2017-18,Girls,Pennsylvania,Field Hockey,280.0,9800.0
2017-18,Girls,Pennsylvania,Football 11-player,,269.0
2017-18,Girls,Pennsylvania,Golf,269.0,2690.0
2017-18,Girls,Pennsylvania,Gymnastics,21.0,210.0
2017-18,Girls,Rhode Island,Field Hockey,21.0,709.0
2017-18,Girls,Rhode Island,Football 11-player,,15.0
2017-18,Girls,Rhode Island,Golf,1.0,80.0
2017-18,Girls,Rhode Island,Gymnastics,12.0,162.0
2017-18,Girls,South Carolina,Football 11-player,,100.0
2017-18,Girls,South Carolina,Golf,100.0,817.0
2017-18,Girls,South Dakota,Field Hockey,,4.0
2017-18,Girls,South Dakota,Football 11-player,4.0,32.0
2017-18,Girls,South Dakota,Golf,117.0,576.0
2017-18,Girls,South Dakota,Gymnastics,35.0,271.0
2017-18,Girls,Tennessee,Football 11-player,,268.0
2017-18,Girls,Tennessee,Golf,268.0,928.0
2017-18,Girls,Texas,Football 11-player,,210.0
2017-18,Girls,Texas,Golf,1284.0,10060.0
2017-18,Girls,Utah,Football 11-player,,16.0
2017-18,Girls,Utah,Golf,115.0,1261.0
2017-18,Girls,Vermont,Field Hockey,15.0,413.0
2017-18,Girls,Vermont,Football 11-player,5.0,59.0
2017-18,Girls,Vermont,Golf,13.0,35.0
2017-18,Girls,Vermont,Gymnastics,2.0,17.0
2017-18,Girls,Virginia,Field Hockey,156.0,4925.0
2017-18,Girls,Virginia,Football 11-player,30.0,48.0
2017-18,Girls,Virginia,Golf,189.0,490.0
2017-18,Girls,Virginia,Gymnastics,82.0,892.0
2017-18,Girls,Washington,Football 11-player,,267.0
2017-18,Girls,Washington,Golf,267.0,2425.0
2017-18,Girls,Washington,Gymnastics,86.0,2298.0
2017-18,Girls,West Virginia,Football 11-player,,152.0
2017-18,Girls,West Virginia,Golf,152.0,1892.0
2017-18,Girls,West Virginia,Gymnastics,79.0,1165.0
2017-18,Girls,Wyoming,Field Hockey,,3.0
2017-18,Girls,Wyoming,Football 11-player,3.0,4.0
2017-18,Girls,Wyoming,Golf,38.0,221.0
2017-18,Girls,Alabama,Ice Hockey,30.0,137.0
2017-18,Girls,Alabama,Lacrosse,,28.0
2017-18,Girls,Alabama,Skiing Alpine,28.0,390.0
2017-18,Girls,California,Ice Hockey,7.0,24.0
2017-18,Girls,California,Lacrosse,257.0,8880.0
2017-18,Girls,California,Skiing Alpine,3.0,19.0
2017-18,Girls,California,Skiing Cross Country,19.0,163.0
2017-18,Girls,Connecticut,Ice Hockey,,21.0
2017-18,Girls,Connecticut,Lacrosse,94.0,3789.0
2017-18,Girls,District of Columbia,Ice Hockey,2.0,26.0
2017-18,Girls,District of Columbia,Lacrosse,12.0,259.0
2017-18,Girls,District of Columbia,Skiing Alpine,1.0,5.0
2017-18,Girls,Florida,Ice Hockey,,193.0
2017-18,Girls,Florida,Lacrosse,193.0,5743.0
2017-18,Girls,Georgia,Ice Hockey,,108.0
2017-18,Girls,Georgia,Lacrosse,108.0,3420.0
2017-18,Girls,Illinois,Ice Hockey,,61.0
2017-18,Girls,Illinois,Lacrosse,61.0,3029.0
2017-18,Girls,Kentucky,Ice Hockey,,20.0
2017-18,Girls,Kentucky,Lacrosse,20.0,890.0
2017-18,Girls,Maine,Ice Hockey,45.0,457.0
2017-18,Girls,Maine,Lacrosse,56.0,1518.0
2017-18,Girls,Maine,Skiing Alpine,42.0,268.0
2017-18,Girls,Maine,Skiing Cross Country,39.0,273.0
2017-18,Girls,Maryland,Ice Hockey,,161.0
2017-18,Girls,Maryland,Lacrosse,161.0,5472.0
2017-18,Girls,Massachusetts,Ice Hockey,168.0,2320.0
2017-18,Girls,Massachusetts,Lacrosse,229.0,8164.0
2017-18,Girls,Massachusetts,Skiing Alpine,20.0,379.0
2017-18,Girls,Massachusetts,Skiing Cross Country,82.0,998.0
2017-18,Girls,Michigan,Ice Hockey,22.0,304.0
2017-18,Girls,Michigan,Lacrosse,109.0,2907.0
2017-18,Girls,Michigan,Skiing Alpine,5.0,49.0
2017-18,Girls,Michigan,Skiing Cross Country,95.0,768.0
2017-18,Girls,Minnesota,Ice Hockey,240.0,3723.0
2017-18,Girls,Minnesota,Lacrosse,115.0,3986.0
2017-18,Girls,Minnesota,Skiing Alpine,121.0,2468.0
2017-18,Girls,Minnesota,Skiing Cross Country,135.0,854.0
2017-18,Girls,Missouri,Ice Hockey,,40.0
2017-18,Girls,Missouri,Lacrosse,40.0,1657.0
2017-18,Girls,Nebraska,Skiing Alpine,,19.0
2017-18,Girls,Nebraska,Skiing Cross Country,19.0,198.0
2017-18,Girls,New Hampshire,Ice Hockey,15.0,327.0
2017-18,Girls,New Hampshire,Lacrosse,47.0,1678.0
2017-18,Girls,New Hampshire,Skiing Alpine,31.0,302.0
2017-18,Girls,New Hampshire,Skiing Cross Country,55.0,433.0
2017-18,Girls,New Mexico,Ice Hockey,28.0,532.0
2017-18,Girls,New Mexico,Lacrosse,313.0,12099.0
2017-18,Girls,New Mexico,Skiing Alpine,29.0,353.0
2017-18,Girls,New Mexico,Skiing Cross Country,83.0,617.0
2017-18,Girls,North Carolina,Ice Hockey,,81.0
2017-18,Girls,North Carolina,Lacrosse,81.0,2556.0
2017-18,Girls,North Dakota,Ice Hockey,23.0,243.0
2017-18,Girls,Ohio,Ice Hockey,,64.0
2017-18,Girls,Ohio,Lacrosse,130.0,3966.0
2017-18,Girls,Pennsylvania,Ice Hockey,,225.0
2017-18,Girls,Pennsylvania,Lacrosse,225.0,7200.0
2017-18,Girls,Rhode Island,Ice Hockey,8.0,157.0
2017-18,Girls,Rhode Island,Lacrosse,34.0,1303.0
2017-18,Girls,South Carolina,Ice Hockey,,42.0
2017-18,Girls,South Carolina,Lacrosse,42.0,1436.0
2017-18,Girls,Vermont,Ice Hockey,14.0,169.0
2017-18,Girls,Vermont,Lacrosse,14.0,350.0
2017-18,Girls,Vermont,Skiing Alpine,9.0,116.0
2017-18,Girls,Vermont,Skiing Cross Country,10.0,61.0
2017-18,Girls,Virginia,Ice Hockey,,105.0
2017-18,Girls,Virginia,Lacrosse,105.0,3748.0
2017-18,Girls,West Virginia,Ice Hockey,29.0,764.0
2017-18,Girls,Wyoming,Lacrosse,,7.0
2017-18,Girls,Wyoming,Skiing Alpine,7.0,83.0
2017-18,Girls,Wyoming,Skiing Cross Country,6.0,65.0
2017-18,Girls,Alabama,Soccer,170.0,5021.0
2017-18,Girls,Alabama,Softball Slow Pitch,382.0,9698.0
2017-18,Girls,Alabama,Softball Fast Pitch,,72.0
2017-18,Girls,Alabama,Swimming and Diving,72.0,876.0
2017-18,Girls,Arizona,Soccer,188.0,6217.0
2017-18,Girls,Arizona,Softball Slow Pitch,241.0,6692.0
2017-18,Girls,Arizona,Softball Fast Pitch,,151.0
2017-18,Girls,Arizona,Swimming and Diving,151.0,3447.0
2017-18,Girls,California,Soccer,1333.0,47186.0
2017-18,Girls,California,Softball Slow Pitch,1248.0,33400.0
2017-18,Girls,California,Softball Fast Pitch,2.0,20.0
2017-18,Girls,California,Swimming and Diving,977.0,31161.0
2017-18,Girls,Connecticut,Soccer,164.0,5772.0
2017-18,Girls,Connecticut,Softball Slow Pitch,179.0,5772.0
2017-18,Girls,Connecticut,Softball Fast Pitch,,95.0
2017-18,Girls,Connecticut,Swimming and Diving,95.0,2597.0
2017-18,Girls,District of Columbia,Soccer,26.0,574.0
2017-18,Girls,District of Columbia,Softball Slow Pitch,30.0,296.0
2017-18,Girls,District of Columbia,Softball Fast Pitch,,18.0
2017-18,Girls,District of Columbia,Swimming and Diving,18.0,257.0
2017-18,Girls,Florida,Soccer,583.0,17360.0
2017-18,Girls,Florida,Softball Slow Pitch,593.0,12670.0
2017-18,Girls,Florida,Softball Fast Pitch,,454.0
2017-18,Girls,Florida,Swimming and Diving,454.0,8542.0
2017-18,Girls,Georgia,Soccer,392.0,10355.0
2017-18,Girls,Georgia,Softball Slow Pitch,403.0,7920.0
2017-18,Girls,Georgia,Softball Fast Pitch,24.0,378.0
2017-18,Girls,Georgia,Swimming and Diving,269.0,4986.0
2017-18,Girls,Hawaii,Soccer,60.0,1673.0
2017-18,Girls,Hawaii,Softball Slow Pitch,57.0,1299.0
2017-18,Girls,Hawaii,Softball Fast Pitch,,62.0
2017-18,Girls,Hawaii,Swimming and Diving,62.0,897.0
2017-18,Girls,Idaho,Soccer,79.0,2172.0
2017-18,Girls,Idaho,Softball Slow Pitch,100.0,2163.0
2017-18,Girls,Idaho,Softball Fast Pitch,,54.0
2017-18,Girls,Idaho,Swimming and Diving,54.0,650.0
2017-18,Girls,Illinois,Soccer,413.0,16334.0
2017-18,Girls,Illinois,Softball Slow Pitch,605.0,14269.0
2017-18,Girls,Illinois,Softball Fast Pitch,,269.0
2017-18,Girls,Illinois,Swimming and Diving,269.0,7105.0
2017-18,Girls,Indiana,Soccer,298.0,7498.0
2017-18,Girls,Indiana,Softball Slow Pitch,368.0,7923.0
2017-18,Girls,Indiana,Softball Fast Pitch,,242.0
2017-18,Girls,Indiana,Swimming and Diving,242.0,4435.0
2017-18,Girls,Iowa,Soccer,149.0,5610.0
2017-18,Girls,Iowa,Softball Slow Pitch,340.0,7465.0
2017-18,Girls,Iowa,Softball Fast Pitch,,53.0
2017-18,Girls,Iowa,Swimming and Diving,53.0,1668.0
2017-18,Girls,Kansas,Soccer,98.0,3477.0
2017-18,Girls,Kansas,Softball Slow Pitch,239.0,5035.0
2017-18,Girls,Kansas,Softball Fast Pitch,,82.0
2017-18,Girls,Kansas,Swimming and Diving,82.0,2076.0
2017-18,Girls,Kentucky,Soccer,199.0,5906.0
2017-18,Girls,Kentucky,Softball Slow Pitch,257.0,5659.0
2017-18,Girls,Kentucky,Softball Fast Pitch,,140.0
2017-18,Girls,Kentucky,Swimming and Diving,140.0,2196.0
2017-18,Girls,Louisiana,Soccer,184.0,4034.0
2017-18,Girls,Louisiana,Softball Slow Pitch,353.0,6162.0
2017-18,Girls,Louisiana,Softball Fast Pitch,,194.0
2017-18,Girls,Louisiana,Swimming and Diving,194.0,1374.0
2017-18,Girls,Maine,Soccer,138.0,3665.0
2017-18,Girls,Maine,Softball Slow Pitch,128.0,2631.0
2017-18,Girls,Maine,Softball Fast Pitch,,60.0
2017-18,Girls,Maine,Swimming and Diving,60.0,953.0
2017-18,Girls,Maryland,Soccer,172.0,5839.0
2017-18,Girls,Maryland,Softball Slow Pitch,173.0,4551.0
2017-18,Girls,Maryland,Softball Fast Pitch,,110.0
2017-18,Girls,Maryland,Swimming and Diving,110.0,2327.0
2017-18,Girls,Massachusetts,Soccer,348.0,12892.0
2017-18,Girls,Massachusetts,Softball Slow Pitch,344.0,9236.0
2017-18,Girls,Massachusetts,Softball Fast Pitch,,226.0
2017-18,Girls,Massachusetts,Swimming and Diving,226.0,4324.0
2017-18,Girls,Michigan,Soccer,468.0,13285.0
2017-18,Girls,Michigan,Softball Slow Pitch,624.0,13610.0
2017-18,Girls,Michigan,Softball Fast Pitch,,261.0
2017-18,Girls,Michigan,Swimming and Diving,261.0,5810.0
2017-18,Girls,Minnesota,Soccer,250.0,8322.0
2017-18,Girls,Minnesota,Softball Slow Pitch,417.0,13104.0
2017-18,Girls,Minnesota,Softball Fast Pitch,,207.0
2017-18,Girls,Minnesota,Swimming and Diving,207.0,5788.0
2017-18,Girls,Missouri,Soccer,237.0,8384.0
2017-18,Girls,Missouri,Softball Slow Pitch,503.0,9844.0
2017-18,Girls,Missouri,Softball Fast Pitch,,136.0
2017-18,Girls,Missouri,Swimming and Diving,136.0,3373.0
2017-18,Girls,Nebraska,Soccer,77.0,2577.0
2017-18,Girls,Nebraska,Softball Slow Pitch,144.0,2696.0
2017-18,Girls,Nebraska,Softball Fast Pitch,,61.0
2017-18,Girls,Nebraska,Swimming and Diving,61.0,1062.0
2017-18,Girls,New Hampshire,Soccer,80.0,2563.0
2017-18,Girls,New Hampshire,Softball Slow Pitch,85.0,1864.0
2017-18,Girls,New Hampshire,Softball Fast Pitch,,52.0
2017-18,Girls,New Hampshire,Swimming and Diving,52.0,665.0
2017-18,Girls,New Mexico,Soccer,73.0,2135.0
2017-18,Girls,New Mexico,Softball Slow Pitch,96.0,2550.0
2017-18,Girls,New Mexico,Softball Fast Pitch,,43.0
2017-18,Girls,New Mexico,Swimming and Diving,43.0,780.0
2017-18,Girls,North Carolina,Soccer,373.0,10254.0
2017-18,Girls,North Carolina,Softball Slow Pitch,397.0,7804.0
2017-18,Girls,North Carolina,Softball Fast Pitch,,306.0
2017-18,Girls,North Carolina,Swimming and Diving,306.0,5062.0
2017-18,Girls,North Dakota,Soccer,19.0,631.0
2017-18,Girls,North Dakota,Softball Slow Pitch,82.0,1027.0
2017-18,Girls,North Dakota,Softball Fast Pitch,,23.0
2017-18,Girls,North Dakota,Swimming and Diving,23.0,392.0
2017-18,Girls,Ohio,Soccer,540.0,16071.0
2017-18,Girls,Ohio,Softball Slow Pitch,757.0,17907.0
2017-18,Girls,Ohio,Softball Fast Pitch,,367.0
2017-18,Girls,Ohio,Swimming and Diving,435.0,6884.0
2017-18,Girls,Oklahoma,Soccer,132.0,3636.0
2017-18,Girls,Oklahoma,Softball Slow Pitch,411.0,6685.0
2017-18,Girls,Oklahoma,Softball Fast Pitch,292.0,4265.0
2017-18,Girls,Oklahoma,Swimming and Diving,62.0,643.0
2017-18,Girls,Oregon,Soccer,164.0,5398.0
2017-18,Girls,Oregon,Softball Slow Pitch,216.0,4568.0
2017-18,Girls,Oregon,Softball Fast Pitch,,126.0
2017-18,Girls,Oregon,Swimming and Diving,126.0,2685.0
2017-18,Girls,Pennsylvania,Soccer,547.0,19145.0
2017-18,Girls,Pennsylvania,Softball Slow Pitch,651.0,19530.0
2017-18,Girls,Pennsylvania,Softball Fast Pitch,,337.0
2017-18,Girls,Pennsylvania,Swimming and Diving,337.0,10110.0
2017-18,Girls,Rhode Island,Soccer,48.0,1752.0
2017-18,Girls,Rhode Island,Softball Slow Pitch,48.0,1107.0
2017-18,Girls,Rhode Island,Softball Fast Pitch,,28.0
2017-18,Girls,Rhode Island,Swimming and Diving,28.0,602.0
2017-18,Girls,South Carolina,Soccer,158.0,4965.0
2017-18,Girls,South Carolina,Softball Slow Pitch,205.0,4822.0
2017-18,Girls,South Carolina,Softball Fast Pitch,,93.0
2017-18,Girls,South Carolina,Swimming and Diving,93.0,1527.0
2017-18,Girls,South Dakota,Soccer,29.0,656.0
2017-18,Girls,Tennessee,Soccer,311.0,7038.0
2017-18,Girls,Tennessee,Softball Slow Pitch,371.0,6224.0
2017-18,Girls,Texas,Soccer,730.0,32589.0
2017-18,Girls,Texas,Softball Slow Pitch,1217.0,35604.0
2017-18,Girls,Texas,Softball Fast Pitch,,594.0
2017-18,Girls,Texas,Swimming and Diving,594.0,10346.0
2017-18,Girls,Utah,Soccer,105.0,3550.0
2017-18,Girls,Utah,Softball Slow Pitch,109.0,2406.0
2017-18,Girls,Utah,Softball Fast Pitch,,96.0
2017-18,Girls,Utah,Swimming and Diving,96.0,2171.0
2017-18,Girls,Vermont,Soccer,30.0,780.0
2017-18,Girls,Vermont,Softball Slow Pitch,28.0,494.0
2017-18,Girls,Vermont,Softball Fast Pitch,1.0,11.0
2017-18,Girls,Vermont,Swimming and Diving,1.0,11.0
2017-18,Girls,Virginia,Soccer,288.0,8913.0
2017-18,Girls,Virginia,Softball Slow Pitch,299.0,7285.0
2017-18,Girls,Virginia,Softball Fast Pitch,,222.0
2017-18,Girls,Virginia,Swimming and Diving,222.0,4667.0
2017-18,Girls,Washington,Soccer,290.0,10235.0
2017-18,Girls,Washington,Softball Slow Pitch,327.0,8033.0
2017-18,Girls,Washington,Softball Fast Pitch,,163.0
2017-18,Girls,Washington,Swimming and Diving,163.0,4870.0
2017-18,Girls,West Virginia,Soccer,77.0,1794.0
2017-18,Girls,West Virginia,Softball Slow Pitch,117.0,2226.0
2017-18,Girls,West Virginia,Softball Fast Pitch,,47.0
2017-18,Girls,West Virginia,Swimming and Diving,47.0,710.0
2017-18,Girls,Wyoming,Soccer,26.0,878.0
2017-18,Girls,Wyoming,Softball Fast Pitch,,24.0
2017-18,Girls,Wyoming,Swimming and Diving,24.0,542.0
2017-18,Girls,Wyoming,Softball Slow Pitch,,66.0
2017-18,Girls,Alabama,Tennis,173.0,1835.0
2017-18,Girls,Alabama,Track and Field Indoor,165.0,1929.0
2017-18,Girls,Alabama,Track and Field Outdoor,354.0,5669.0
2017-18,Girls,Alabama,Volleyball,384.0,10095.0
2017-18,Girls,Arizona,Tennis,181.0,2569.0
2017-18,Girls,Arizona,Track and Field Indoor,,238.0
2017-18,Girls,Arizona,Track and Field Outdoor,238.0,6579.0
2017-18,Girls,Arizona,Volleyball,259.0,8158.0
2017-18,Girls,California,Tennis,1034.0,23428.0
2017-18,Girls,California,Track and Field Indoor,,1236.0
2017-18,Girls,California,Track and Field Outdoor,1236.0,46327.0
2017-18,Girls,California,Volleyball,1432.0,45139.0
2017-18,Girls,Connecticut,Tennis,141.0,3317.0
2017-18,Girls,Connecticut,Track and Field Indoor,160.0,4935.0
2017-18,Girls,Connecticut,Track and Field Outdoor,175.0,6683.0
2017-18,Girls,Connecticut,Volleyball,166.0,4986.0
2017-18,Girls,District of Columbia,Tennis,18.0,211.0
2017-18,Girls,District of Columbia,Track and Field Indoor,21.0,425.0
2017-18,Girls,District of Columbia,Track and Field Outdoor,35.0,433.0
2017-18,Girls,District of Columbia,Volleyball,36.0,469.0
2017-18,Girls,Florida,Tennis,511.0,8758.0
2017-18,Girls,Florida,Track and Field Indoor,,636.0
2017-18,Girls,Florida,Track and Field Outdoor,636.0,16993.0
2017-18,Girls,Florida,Volleyball,722.0,19319.0
2017-18,Girls,Georgia,Track and Field Indoor,,422.0
2017-18,Girls,Georgia,Track and Field Outdoor,422.0,11208.0
2017-18,Girls,Georgia,Volleyball,347.0,8485.0
2017-18,Girls,Hawaii,Tennis,60.0,852.0
2017-18,Girls,Hawaii,Track and Field Indoor,,68.0
2017-18,Girls,Hawaii,Track and Field Outdoor,68.0,1719.0
2017-18,Girls,Hawaii,Volleyball,71.0,1902.0
2017-18,Girls,Idaho,Tennis,61.0,1208.0
2017-18,Girls,Idaho,Track and Field Indoor,,149.0
2017-18,Girls,Idaho,Track and Field Outdoor,149.0,3567.0
2017-18,Girls,Idaho,Volleyball,150.0,3771.0
2017-18,Girls,Illinois,Tennis,308.0,8096.0
2017-18,Girls,Illinois,Track and Field Indoor,,595.0
2017-18,Girls,Illinois,Track and Field Outdoor,595.0,19670.0
2017-18,Girls,Illinois,Volleyball,695.0,21961.0
2017-18,Girls,Indiana,Tennis,313.0,6052.0
2017-18,Girls,Indiana,Track and Field Indoor,,396.0
2017-18,Girls,Indiana,Track and Field Outdoor,396.0,10784.0
2017-18,Girls,Indiana,Volleyball,396.0,9438.0
2017-18,Girls,Iowa,Tennis,112.0,3573.0
2017-18,Girls,Iowa,Track and Field Indoor,,350.0
2017-18,Girls,Iowa,Track and Field Outdoor,350.0,10013.0
2017-18,Girls,Iowa,Volleyball,357.0,10806.0
2017-18,Girls,Kansas,Tennis,139.0,2647.0
2017-18,Girls,Kansas,Track and Field Indoor,,349.0
2017-18,Girls,Kansas,Track and Field Outdoor,349.0,7171.0
2017-18,Girls,Kansas,Volleyball,341.0,8372.0
2017-18,Girls,Kentucky,Tennis,217.0,2658.0
2017-18,Girls,Kentucky,Track and Field Indoor,,253.0
2017-18,Girls,Kentucky,Track and Field Outdoor,253.0,5393.0
2017-18,Girls,Kentucky,Volleyball,264.0,6221.0
2017-18,Girls,Louisiana,Tennis,179.0,1836.0
2017-18,Girls,Louisiana,Track and Field Indoor,272.0,1068.0
2017-18,Girls,Louisiana,Track and Field Outdoor,382.0,6970.0
2017-18,Girls,Louisiana,Volleyball,224.0,4809.0
2017-18,Girls,Maine,Tennis,,70.0
2017-18,Girls,Maine,Track and Field Indoor,70.0,1408.0
2017-18,Girls,Maine,Track and Field Outdoor,111.0,2544.0
2017-18,Girls,Maine,Volleyball,44.0,1043.0
2017-18,Girls,Maryland,Tennis,174.0,2335.0
2017-18,Girls,Maryland,Track and Field Indoor,169.0,4525.0
2017-18,Girls,Maryland,Track and Field Outdoor,188.0,5717.0
2017-18,Girls,Maryland,Volleyball,183.0,5229.0
2017-18,Girls,Massachusetts,Tennis,244.0,4625.0
2017-18,Girls,Massachusetts,Track and Field Indoor,263.0,9468.0
2017-18,Girls,Massachusetts,Track and Field Outdoor,321.0,13322.0
2017-18,Girls,Massachusetts,Volleyball,301.0,9803.0
2017-18,Girls,Michigan,Tennis,332.0,9154.0
2017-18,Girls,Michigan,Track and Field Indoor,48.0,553.0
2017-18,Girls,Michigan,Track and Field Outdoor,659.0,17302.0
2017-18,Girls,Michigan,Volleyball,715.0,19416.0
2017-18,Girls,Minnesota,Tennis,225.0,6635.0
2017-18,Girls,Minnesota,Track and Field Indoor,,463.0
2017-18,Girls,Minnesota,Track and Field Outdoor,463.0,16458.0
2017-18,Girls,Minnesota,Volleyball,465.0,16458.0
2017-18,Girls,Missouri,Tennis,184.0,4029.0
2017-18,Girls,Missouri,Track and Field Indoor,,495.0
2017-18,Girls,Missouri,Track and Field Outdoor,495.0,12284.0
2017-18,Girls,Missouri,Volleyball,431.0,10441.0
2017-18,Girls,Nebraska,Tennis,67.0,1570.0
2017-18,Girls,Nebraska,Track and Field Indoor,,299.0
2017-18,Girls,Nebraska,Track and Field Outdoor,299.0,7419.0
2017-18,Girls,Nebraska,Volleyball,301.0,6714.0
2017-18,Girls,New Hampshire,Tennis,54.0,885.0
2017-18,Girls,New Hampshire,Track and Field Indoor,60.0,1189.0
2017-18,Girls,New Hampshire,Track and Field Outdoor,76.0,2067.0
2017-18,Girls,New Hampshire,Volleyball,59.0,1667.0
2017-18,Girls,New Mexico,Tennis,64.0,794.0
2017-18,Girls,New Mexico,Track and Field Indoor,,157.0
2017-18,Girls,New Mexico,Track and Field Outdoor,157.0,3647.0
2017-18,Girls,New Mexico,Volleyball,153.0,3756.0
2017-18,Girls,North Carolina,Tennis,344.0,4316.0
2017-18,Girls,North Carolina,Track and Field Indoor,273.0,5040.0
2017-18,Girls,North Carolina,Track and Field Outdoor,398.0,10398.0
2017-18,Girls,North Carolina,Volleyball,409.0,9565.0
2017-18,Girls,North Dakota,Tennis,21.0,461.0
2017-18,Girls,North Dakota,Track and Field Indoor,,160.0
2017-18,Girls,North Dakota,Track and Field Outdoor,160.0,2160.0
2017-18,Girls,North Dakota,Volleyball,151.0,3126.0
2017-18,Girls,Ohio,Tennis,408.0,7057.0
2017-18,Girls,Ohio,Track and Field Indoor,,3883.0
2017-18,Girls,Ohio,Track and Field Outdoor,784.0,23963.0
2017-18,Girls,Ohio,Volleyball,785.0,17568.0
2017-18,Girls,Oklahoma,Tennis,111.0,1322.0
2017-18,Girls,Oklahoma,Track and Field Indoor,,450.0
2017-18,Girls,Oklahoma,Track and Field Outdoor,450.0,5523.0
2017-18,Girls,Oklahoma,Volleyball,124.0,3170.0
2017-18,Girls,Oregon,Tennis,128.0,2905.0
2017-18,Girls,Oregon,Track and Field Indoor,,267.0
2017-18,Girls,Oregon,Track and Field Outdoor,267.0,7289.0
2017-18,Girls,Oregon,Volleyball,282.0,7086.0
2017-18,Girls,Pennsylvania,Tennis,395.0,4740.0
2017-18,Girls,Pennsylvania,Track and Field Indoor,175.0,2625.0
2017-18,Girls,Pennsylvania,Track and Field Outdoor,609.0,24360.0
2017-18,Girls,Pennsylvania,Volleyball,592.0,10656.0
2017-18,Girls,Rhode Island,Tennis,42.0,991.0
2017-18,Girls,Rhode Island,Track and Field Indoor,40.0,1272.0
2017-18,Girls,Rhode Island,Track and Field Outdoor,47.0,1621.0
2017-18,Girls,Rhode Island,Volleyball,42.0,1356.0
2017-18,Girls,South Carolina,Tennis,140.0,1919.0
2017-18,Girls,South Carolina,Track and Field Indoor,,199.0
2017-18,Girls,South Carolina,Track and Field Outdoor,199.0,6017.0
2017-18,Girls,South Carolina,Volleyball,209.0,4926.0
2017-18,Girls,South Dakota,Tennis,23.0,254.0
2017-18,Girls,South Dakota,Track and Field Indoor,,166.0
2017-18,Girls,South Dakota,Track and Field Outdoor,166.0,2977.0
2017-18,Girls,South Dakota,Volleyball,168.0,3534.0
2017-18,Girls,Tennessee,Tennis,273.0,3060.0
2017-18,Girls,Tennessee,Track and Field Indoor,,314.0
2017-18,Girls,Tennessee,Track and Field Outdoor,314.0,5916.0
2017-18,Girls,Tennessee,Volleyball,345.0,6767.0
2017-18,Girls,Texas,Tennis,1279.0,20599.0
2017-18,Girls,Texas,Track and Field Indoor,,1518.0
2017-18,Girls,Texas,Track and Field Outdoor,1518.0,53119.0
2017-18,Girls,Texas,Volleyball,1326.0,47415.0
2017-18,Girls,Utah,Tennis,97.0,2096.0
2017-18,Girls,Utah,Track and Field Indoor,,138.0
2017-18,Girls,Utah,Track and Field Outdoor,138.0,5247.0
2017-18,Girls,Utah,Volleyball,138.0,3605.0
2017-18,Girls,Vermont,Tennis,10.0,141.0
2017-18,Girls,Vermont,Track and Field Indoor,13.0,85.0
2017-18,Girls,Vermont,Track and Field Outdoor,22.0,326.0
2017-18,Girls,Vermont,Volleyball,4.0,86.0
2017-18,Girls,Virginia,Tennis,261.0,3573.0
2017-18,Girls,Virginia,Track and Field Indoor,236.0,6444.0
2017-18,Girls,Virginia,Track and Field Outdoor,307.0,9000.0
2017-18,Girls,Virginia,Volleyball,308.0,8115.0
2017-18,Girls,Washington,Tennis,257.0,7873.0
2017-18,Girls,Washington,Track and Field Indoor,,378.0
2017-18,Girls,Washington,Track and Field Outdoor,378.0,10837.0
2017-18,Girls,Washington,Volleyball,379.0,11186.0
2017-18,Girls,West Virginia,Tennis,81.0,831.0
2017-18,Girls,West Virginia,Track and Field Indoor,,118.0
2017-18,Girls,West Virginia,Track and Field Outdoor,118.0,2492.0
2017-18,Girls,West Virginia,Volleyball,117.0,2471.0
2017-18,Girls,Wyoming,Tennis,17.0,297.0
2017-18,Girls,Wyoming,Track and Field Indoor,22.0,517.0
2017-18,Girls,Wyoming,Track and Field Outdoor,72.0,1496.0
2017-18,Girls,Wyoming,Volleyball,71.0,1867.0
2018-19,Girls,Alabama,Basketball,413.0,8559.0
2018-19,Girls,Alabama,Bowling,97.0,610.0
2018-19,Girls,Alabama,Competitive Spirit Squads,,258.0
2018-19,Girls,Alabama,Cross Country,258.0,2669.0
2018-19,Girls,Alaska,Basketball,113.0,1513.0
2018-19,Girls,Alaska,Bowling,8.0,110.0
2018-19,Girls,Alaska,Competitive Spirit Squads,18.0,209.0
2018-19,Girls,Alaska,Cross Country,83.0,791.0
2018-19,Girls,Arkansas,Basketball,274.0,4000.0
2018-19,Girls,Arkansas,Bowling,70.0,655.0
2018-19,Girls,Arkansas,Competitive Spirit Squads,106.0,1846.0
2018-19,Girls,Arkansas,Cross Country,171.0,1506.0
2018-19,Girls,California,Basketball,1464.0,35902.0
2018-19,Girls,California,Bowling,2.0,8.0
2018-19,Girls,California,Competitive Spirit Squads,628.0,15705.0
2018-19,Girls,California,Cross Country,1354.0,24208.0
2018-19,Girls,Connecticut,Basketball,181.0,3718.0
2018-19,Girls,Connecticut,Bowling,,152.0
2018-19,Girls,Connecticut,Competitive Spirit Squads,152.0,2902.0
2018-19,Girls,Connecticut,Cross Country,174.0,2731.0
2018-19,Girls,Delaware,Basketball,56.0,1058.0
2018-19,Girls,Delaware,Bowling,1.0,2.0
2018-19,Girls,Delaware,Competitive Spirit Squads,,51.0
2018-19,Girls,Delaware,Cross Country,51.0,775.0
2018-19,Girls,Florida,Basketball,703.0,13388.0
2018-19,Girls,Florida,Bowling,212.0,1712.0
2018-19,Girls,Florida,Competitive Spirit Squads,248.0,5865.0
2018-19,Girls,Florida,Cross Country,597.0,7563.0
2018-19,Girls,Georgia,Basketball,441.0,8477.0
2018-19,Girls,Georgia,Bowling,,232.0
2018-19,Girls,Georgia,Competitive Spirit Squads,232.0,4819.0
2018-19,Girls,Georgia,Cross Country,422.0,6316.0
2018-19,Girls,Hawaii,Basketball,66.0,1286.0
2018-19,Girls,Hawaii,Bowling,47.0,413.0
2018-19,Girls,Hawaii,Competitive Spirit Squads,48.0,805.0
2018-19,Girls,Hawaii,Cross Country,68.0,882.0
2018-19,Girls,Illinois,Basketball,666.0,16119.0
2018-19,Girls,Illinois,Bowling,236.0,3163.0
2018-19,Girls,Illinois,Competitive Spirit Squads,293.0,6837.0
2018-19,Girls,Illinois,Cross Country,523.0,9865.0
2018-19,Girls,Indiana,Basketball,404.0,7721.0
2018-19,Girls,Indiana,Competitive Spirit Squads,,398.0
2018-19,Girls,Indiana,Cross Country,398.0,4634.0
2018-19,Girls,Iowa,Basketball,352.0,7285.0
2018-19,Girls,Iowa,Bowling,106.0,1372.0
2018-19,Girls,Iowa,Competitive Spirit Squads,,326.0
2018-19,Girls,Iowa,Cross Country,326.0,4700.0
2018-19,Girls,Kansas,Basketball,347.0,6530.0
2018-19,Girls,Kansas,Bowling,81.0,908.0
2018-19,Girls,Kansas,Competitive Spirit Squads,91.0,1550.0
2018-19,Girls,Kansas,Cross Country,301.0,2816.0
2018-19,Girls,Kentucky,Basketball,268.0,5273.0
2018-19,Girls,Kentucky,Bowling,90.0,827.0
2018-19,Girls,Kentucky,Competitive Spirit Squads,241.0,5081.0
2018-19,Girls,Kentucky,Cross Country,244.0,2680.0
2018-19,Girls,Louisiana,Basketball,389.0,5273.0
2018-19,Girls,Louisiana,Bowling,94.0,455.0
2018-19,Girls,Louisiana,Competitive Spirit Squads,,317.0
2018-19,Girls,Louisiana,Cross Country,317.0,2386.0
2018-19,Girls,Maryland,Basketball,191.0,4163.0
2018-19,Girls,Maryland,Bowling,15.0,72.0
2018-19,Girls,Maryland,Competitive Spirit Squads,,187.0
2018-19,Girls,Maryland,Cross Country,187.0,2728.0
2018-19,Girls,Massachusetts,Basketball,360.0,9372.0
2018-19,Girls,Massachusetts,Competitive Spirit Squads,,313.0
2018-19,Girls,Massachusetts,Cross Country,313.0,5657.0
2018-19,Girls,Michigan,Basketball,693.0,15383.0
2018-19,Girls,Michigan,Bowling,370.0,3120.0
2018-19,Girls,Michigan,Competitive Spirit Squads,347.0,6672.0
2018-19,Girls,Michigan,Cross Country,634.0,8144.0
2018-19,Girls,Minnesota,Basketball,462.0,12073.0
2018-19,Girls,Minnesota,Competitive Spirit Squads,,410.0
2018-19,Girls,Minnesota,Cross Country,410.0,9201.0
2018-19,Girls,Mississippi,Basketball,244.0,8420.0
2018-19,Girls,Mississippi,Bowling,62.0,555.0
2018-19,Girls,Mississippi,Competitive Spirit Squads,240.0,2400.0
2018-19,Girls,Mississippi,Cross Country,166.0,1430.0
2018-19,Girls,Missouri,Basketball,575.0,9732.0
2018-19,Girls,Missouri,Bowling,5.0,44.0
2018-19,Girls,Missouri,Competitive Spirit Squads,,428.0
2018-19,Girls,Missouri,Cross Country,428.0,4221.0
2018-19,Girls,Nebraska,Basketball,299.0,5793.0
2018-19,Girls,Nebraska,Competitive Spirit Squads,,245.0
2018-19,Girls,Nebraska,Cross Country,245.0,2492.0
2018-19,Girls,Nevada,Basketball,103.0,2849.0
2018-19,Girls,Nevada,Bowling,36.0,269.0
2018-19,Girls,Nevada,Competitive Spirit Squads,,87.0
2018-19,Girls,Nevada,Cross Country,87.0,779.0
2018-19,Girls,New Jersey,Basketball,411.0,10051.0
2018-19,Girls,New Jersey,Bowling,217.0,2171.0
2018-19,Girls,New Jersey,Competitive Spirit Squads,,373.0
2018-19,Girls,New Jersey,Cross Country,373.0,5863.0
2018-19,Girls,New Mexico,Basketball,153.0,3478.0
2018-19,Girls,New Mexico,Bowling,26.0,266.0
2018-19,Girls,New Mexico,Competitive Spirit Squads,76.0,1804.0
2018-19,Girls,New Mexico,Cross Country,117.0,1268.0
2018-19,Girls,New York,Basketball,712.0,15500.0
2018-19,Girls,New York,Bowling,323.0,3223.0
2018-19,Girls,New York,Competitive Spirit Squads,618.0,14194.0
2018-19,Girls,New York,Cross Country,583.0,7627.0
2018-19,Girls,North Dakota,Basketball,157.0,2152.0
2018-19,Girls,North Dakota,Competitive Spirit Squads,,105.0
2018-19,Girls,North Dakota,Cross Country,105.0,589.0
2018-19,Girls,Ohio,Basketball,791.0,14878.0
2018-19,Girls,Ohio,Bowling,418.0,4151.0
2018-19,Girls,Ohio,Competitive Spirit Squads,297.0,5380.0
2018-19,Girls,Ohio,Cross Country,738.0,10666.0
2018-19,Girls,Oregon,Basketball,286.0,5824.0
2018-19,Girls,Oregon,Bowling,,142.0
2018-19,Girls,Oregon,Competitive Spirit Squads,142.0,2402.0
2018-19,Girls,Oregon,Cross Country,226.0,2569.0
2018-19,Girls,Pennsylvania,Basketball,698.0,20940.0
2018-19,Girls,Pennsylvania,Bowling,137.0,1370.0
2018-19,Girls,Pennsylvania,Competitive Spirit Squads,287.0,4305.0
2018-19,Girls,Pennsylvania,Cross Country,572.0,11500.0
2018-19,Girls,Rhode Island,Basketball,50.0,1199.0
2018-19,Girls,Rhode Island,Bowling,,22.0
2018-19,Girls,Rhode Island,Competitive Spirit Squads,22.0,580.0
2018-19,Girls,Rhode Island,Cross Country,45.0,793.0
2018-19,Girls,South Carolina,Basketball,214.0,4517.0
2018-19,Girls,South Carolina,Bowling,,85.0
2018-19,Girls,South Carolina,Competitive Spirit Squads,85.0,2900.0
2018-19,Girls,South Carolina,Cross Country,180.0,2541.0
2018-19,Girls,South Dakota,Basketball,169.0,2612.0
2018-19,Girls,South Dakota,Bowling,,41.0
2018-19,Girls,South Dakota,Competitive Spirit Squads,41.0,683.0
2018-19,Girls,South Dakota,Cross Country,151.0,765.0
2018-19,Girls,Tennessee,Basketball,392.0,5978.0
2018-19,Girls,Tennessee,Bowling,138.0,1199.0
2018-19,Girls,Tennessee,Competitive Spirit Squads,,334.0
2018-19,Girls,Tennessee,Cross Country,334.0,3091.0
2018-19,Girls,Utah,Basketball,137.0,3098.0
2018-19,Girls,Utah,Competitive Spirit Squads,,132.0
2018-19,Girls,Utah,Cross Country,132.0,2321.0
2018-19,Girls,Vermont,Basketball,35.0,682.0
2018-19,Girls,Vermont,Bowling,10.0,26.0
2018-19,Girls,Vermont,Competitive Spirit Squads,2.0,20.0
2018-19,Girls,Vermont,Cross Country,30.0,296.0
2018-19,Girls,Virginia,Basketball,315.0,7278.0
2018-19,Girls,Virginia,Bowling,,205.0
2018-19,Girls,Virginia,Competitive Spirit Squads,205.0,4178.0
2018-19,Girls,Virginia,Cross Country,304.0,4649.0
2018-19,Girls,Washington,Basketball,373.0,8736.0
2018-19,Girls,Washington,Bowling,93.0,1465.0
2018-19,Girls,Washington,Competitive Spirit Squads,271.0,4971.0
2018-19,Girls,Washington,Cross Country,317.0,4826.0
2018-19,Girls,West Virginia,Basketball,124.0,2094.0
2018-19,Girls,West Virginia,Competitive Spirit Squads,,102.0
2018-19,Girls,West Virginia,Cross Country,102.0,839.0
2018-19,Girls,Wisconsin,Basketball,471.0,10027.0
2018-19,Girls,Wisconsin,Competitive Spirit Squads,,418.0
2018-19,Girls,Wisconsin,Cross Country,418.0,6036.0
2018-19,Girls,Wyoming,Bowling,,64.0
2018-19,Girls,Alabama,Football 11-player,,242.0
2018-19,Girls,Alabama,Golf,242.0,784.0
2018-19,Girls,Alabama,Field Hockey,,10.0
2018-19,Girls,Alabama,Gymnastics,9.0,103.0
2018-19,Girls,Arizona,Field Hockey,,47.0
2018-19,Girls,Arizona,Football 11-player,47.0,79.0
2018-19,Girls,Arizona,Golf,116.0,988.0
2018-19,Girls,Arizona,Gymnastics,3.0,25.0
2018-19,Girls,California,Field Hockey,115.0,4058.0
2018-19,Girls,California,Football 11-player,270.0,593.0
2018-19,Girls,California,Golf,930.0,8862.0
2018-19,Girls,California,Gymnastics,54.0,772.0
2018-19,Girls,Connecticut,Field Hockey,80.0,3211.0
2018-19,Girls,Connecticut,Football 11-player,,42.0
2018-19,Girls,Connecticut,Golf,54.0,713.0
2018-19,Girls,Connecticut,Gymnastics,54.0,458.0
2018-19,Girls,Delaware,Field Hockey,7.0,255.0
2018-19,Girls,Delaware,Football 11-player,,11.0
2018-19,Girls,Delaware,Golf,11.0,35.0
2018-19,Girls,Florida,Football 11-player,,89.0
2018-19,Girls,Florida,Golf,455.0,2561.0
2018-19,Girls,Georgia,Field Hockey,,37.0
2018-19,Girls,Georgia,Football 11-player,37.0,56.0
2018-19,Girls,Georgia,Golf,348.0,1858.0
2018-19,Girls,Georgia,Gymnastics,67.0,588.0
2018-19,Girls,Hawaii,Field Hockey,,16.0
2018-19,Girls,Hawaii,Football 11-player,16.0,24.0
2018-19,Girls,Hawaii,Golf,50.0,270.0
2018-19,Girls,Idaho,Field Hockey,,16.0
2018-19,Girls,Idaho,Football 11-player,16.0,18.0
2018-19,Girls,Idaho,Golf,92.0,645.0
2018-19,Girls,Illinois,Football 11-player,,390.0
2018-19,Girls,Illinois,Golf,390.0,4052.0
2018-19,Girls,Illinois,Gymnastics,74.0,1695.0
2018-19,Girls,Indiana,Field Hockey,,33.0
2018-19,Girls,Indiana,Football 11-player,33.0,46.0
2018-19,Girls,Indiana,Golf,305.0,2467.0
2018-19,Girls,Indiana,Gymnastics,79.0,573.0
2018-19,Girls,Iowa,Field Hockey,,26.0
2018-19,Girls,Iowa,Football 11-player,26.0,35.0
2018-19,Girls,Iowa,Golf,313.0,3410.0
2018-19,Girls,Kansas,Football 11-player,,19.0
2018-19,Girls,Kansas,Golf,125.0,1171.0
2018-19,Girls,Kansas,Gymnastics,16.0,127.0
2018-19,Girls,Kentucky,Field Hockey,19.0,649.0
2018-19,Girls,Kentucky,Football 11-player,,42.0
2018-19,Girls,Kentucky,Golf,217.0,1192.0
2018-19,Girls,Louisiana,Football 11-player,,198.0
2018-19,Girls,Louisiana,Golf,198.0,279.0
2018-19,Girls,Louisiana,Gymnastics,60.0,159.0
2018-19,Girls,Maine,Field Hockey,77.0,2016.0
2018-19,Girls,Maine,Football 11-player,6.0,6.0
2018-19,Girls,Maine,Golf,59.0,132.0
2018-19,Girls,Maine,Gymnastics,1.0,8.0
2018-19,Girls,Maryland,Field Hockey,123.0,3856.0
2018-19,Girls,Maryland,Football 11-player,13.0,24.0
2018-19,Girls,Maryland,Golf,129.0,329.0
2018-19,Girls,Maryland,Gymnastics,8.0,136.0
2018-19,Girls,Massachusetts,Field Hockey,211.0,7852.0
2018-19,Girls,Massachusetts,Football 11-player,,79.0
2018-19,Girls,Massachusetts,Golf,38.0,670.0
2018-19,Girls,Massachusetts,Gymnastics,112.0,1409.0
2018-19,Girls,Michigan,Field Hockey,33.0,1036.0
2018-19,Girls,Michigan,Football 11-player,,94.0
2018-19,Girls,Michigan,Golf,337.0,3735.0
2018-19,Girls,Michigan,Gymnastics,86.0,694.0
2018-19,Girls,Minnesota,Football 11-player,,365.0
2018-19,Girls,Minnesota,Golf,365.0,4236.0
2018-19,Girls,Minnesota,Gymnastics,198.0,2502.0
2018-19,Girls,Missouri,Field Hockey,32.0,1138.0
2018-19,Girls,Missouri,Football 11-player,,201.0
2018-19,Girls,Missouri,Golf,201.0,1970.0
2018-19,Girls,Nebraska,Football 11-player,,18.0
2018-19,Girls,Nebraska,Golf,139.0,1387.0
2018-19,Girls,New Hampshire,Field Hockey,54.0,1760.0
2018-19,Girls,New Hampshire,Football 11-player,,22.0
2018-19,Girls,New Hampshire,Golf,63.0,61.0
2018-19,Girls,New Hampshire,Gymnastics,30.0,202.0
2018-19,Girls,New Mexico,Field Hockey,,98.0
2018-19,Girls,New Mexico,Football 11-player,98.0,76.0
2018-19,Girls,New Mexico,Golf,79.0,455.0
2018-19,Girls,New Mexico,Gymnastics,103.0,1346.0
2018-19,Girls,North Carolina,Football 11-player,,252.0
2018-19,Girls,North Carolina,Golf,252.0,1405.0
2018-19,Girls,North Dakota,Field Hockey,,8.0
2018-19,Girls,North Dakota,Football 11-player,8.0,15.0
2018-19,Girls,North Dakota,Golf,116.0,476.0
2018-19,Girls,North Dakota,Gymnastics,18.0,104.0
2018-19,Girls,Ohio,Field Hockey,40.0,1389.0
2018-19,Girls,Ohio,Football 11-player,,45.0
2018-19,Girls,Ohio,Golf,537.0,3821.0
2018-19,Girls,Ohio,Gymnastics,167.0,1795.0
2018-19,Girls,Oklahoma,Field Hockey,,2.0
2018-19,Girls,Oklahoma,Football 11-player,2.0,2.0
2018-19,Girls,Oklahoma,Golf,191.0,1197.0
2018-19,Girls,Oregon,Football 11-player,,59.0
2018-19,Girls,Oregon,Golf,146.0,970.0
2018-19,Girls,Pennsylvania,Field Hockey,275.0,9625.0
2018-19,Girls,Pennsylvania,Football 11-player,,269.0
2018-19,Girls,Pennsylvania,Golf,269.0,2690.0
2018-19,Girls,Pennsylvania,Gymnastics,21.0,210.0
2018-19,Girls,Rhode Island,Field Hockey,21.0,649.0
2018-19,Girls,Rhode Island,Football 11-player,,23.0
2018-19,Girls,Rhode Island,Golf,1.0,130.0
2018-19,Girls,Rhode Island,Gymnastics,14.0,237.0
2018-19,Girls,South Carolina,Football 11-player,,102.0
2018-19,Girls,South Carolina,Golf,102.0,796.0
2018-19,Girls,South Dakota,Field Hockey,,7.0
2018-19,Girls,South Dakota,Football 11-player,7.0,8.0
2018-19,Girls,South Dakota,Golf,118.0,618.0
2018-19,Girls,South Dakota,Gymnastics,32.0,253.0
2018-19,Girls,Tennessee,Football 11-player,,23.0
2018-19,Girls,Tennessee,Golf,268.0,953.0
2018-19,Girls,Texas,Field Hockey,,1228.0
2018-19,Girls,Texas,Football 11-player,1228.0,210.0
2018-19,Girls,Texas,Golf,1312.0,9984.0
2018-19,Girls,Utah,Football 11-player,,19.0
2018-19,Girls,Utah,Golf,114.0,1303.0
2018-19,Girls,Vermont,Field Hockey,18.0,515.0
2018-19,Girls,Vermont,Football 11-player,4.0,5.0
2018-19,Girls,Vermont,Golf,16.0,74.0
2018-19,Girls,Vermont,Gymnastics,3.0,26.0
2018-19,Girls,Virginia,Field Hockey,155.0,5056.0
2018-19,Girls,Virginia,Football 11-player,33.0,44.0
2018-19,Girls,Virginia,Golf,177.0,474.0
2018-19,Girls,Virginia,Gymnastics,81.0,949.0
2018-19,Girls,Washington,Field Hockey,,44.0
2018-19,Girls,Washington,Football 11-player,44.0,65.0
2018-19,Girls,Washington,Golf,262.0,2235.0
2018-19,Girls,Washington,Gymnastics,90.0,1663.0
2018-19,Girls,West Virginia,Football 11-player,,158.0
2018-19,Girls,West Virginia,Golf,158.0,2041.0
2018-19,Girls,West Virginia,Gymnastics,78.0,1173.0
2018-19,Girls,Wyoming,Field Hockey,,3.0
2018-19,Girls,Wyoming,Football 11-player,3.0,4.0
2018-19,Girls,Wyoming,Golf,38.0,229.0
2018-19,Girls,Alabama,Ice Hockey,12.0,40.0
2018-19,Girls,Alabama,Skiing Alpine,,18.0
2018-19,Girls,Alabama,Skiing Cross Country,18.0,324.0
2018-19,Girls,Arizona,Ice Hockey,,4.0
2018-19,Girls,Arizona,Lacrosse,4.0,50.0
2018-19,Girls,California,Ice Hockey,3.0,29.0
2018-19,Girls,California,Lacrosse,279.0,9840.0
2018-19,Girls,California,Skiing Alpine,20.0,150.0
2018-19,Girls,California,Skiing Cross Country,5.0,35.0
2018-19,Girls,Connecticut,Ice Hockey,,21.0
2018-19,Girls,Connecticut,Lacrosse,94.0,3904.0
2018-19,Girls,Delaware,Ice Hockey,2.0,89.0
2018-19,Girls,Delaware,Lacrosse,9.0,301.0
2018-19,Girls,Delaware,Skiing Alpine,,1.0
2018-19,Girls,Delaware,Skiing Cross Country,1.0,27.0
2018-19,Girls,Florida,Ice Hockey,,208.0
2018-19,Girls,Florida,Lacrosse,208.0,6158.0
2018-19,Girls,Georgia,Ice Hockey,,112.0
2018-19,Girls,Georgia,Lacrosse,112.0,3632.0
2018-19,Girls,Illinois,Ice Hockey,,64.0
2018-19,Girls,Illinois,Lacrosse,64.0,2950.0
2018-19,Girls,Kentucky,Ice Hockey,,21.0
2018-19,Girls,Kentucky,Lacrosse,21.0,854.0
2018-19,Girls,Maine,Ice Hockey,45.0,410.0
2018-19,Girls,Maine,Lacrosse,56.0,1572.0
2018-19,Girls,Maine,Skiing Alpine,37.0,222.0
2018-19,Girls,Maine,Skiing Cross Country,33.0,210.0
2018-19,Girls,Maryland,Ice Hockey,3.0,14.0
2018-19,Girls,Maryland,Lacrosse,159.0,5591.0
2018-19,Girls,Massachusetts,Ice Hockey,184.0,2306.0
2018-19,Girls,Massachusetts,Lacrosse,237.0,8585.0
2018-19,Girls,Massachusetts,Skiing Alpine,83.0,998.0
2018-19,Girls,Massachusetts,Skiing Cross Country,22.0,338.0
2018-19,Girls,Michigan,Ice Hockey,19.0,280.0
2018-19,Girls,Michigan,Lacrosse,120.0,3195.0
2018-19,Girls,Michigan,Skiing Alpine,95.0,763.0
2018-19,Girls,Michigan,Skiing Cross Country,6.0,42.0
2018-19,Girls,Minnesota,Ice Hockey,243.0,3726.0
2018-19,Girls,Minnesota,Lacrosse,123.0,4056.0
2018-19,Girls,Minnesota,Skiing Alpine,135.0,851.0
2018-19,Girls,Minnesota,Skiing Cross Country,123.0,2474.0
2018-19,Girls,Missouri,Ice Hockey,,39.0
2018-19,Girls,Missouri,Lacrosse,39.0,1719.0
2018-19,Girls,Nebraska,Lacrosse,,19.0
2018-19,Girls,Nebraska,Skiing Alpine,19.0,177.0
2018-19,Girls,New Hampshire,Ice Hockey,16.0,313.0
2018-19,Girls,New Hampshire,Lacrosse,47.0,1677.0
2018-19,Girls,New Hampshire,Skiing Alpine,56.0,430.0
2018-19,Girls,New Hampshire,Skiing Cross Country,30.0,296.0
2018-19,Girls,New Mexico,Ice Hockey,33.0,564.0
2018-19,Girls,New Mexico,Lacrosse,314.0,11964.0
2018-19,Girls,New Mexico,Skiing Alpine,82.0,631.0
2018-19,Girls,New Mexico,Skiing Cross Country,26.0,304.0
2018-19,Girls,North Carolina,Ice Hockey,,83.0
2018-19,Girls,North Carolina,Lacrosse,83.0,2533.0
2018-19,Girls,North Dakota,Ice Hockey,27.0,245.0
2018-19,Girls,Ohio,Ice Hockey,,64.0
2018-19,Girls,Ohio,Lacrosse,136.0,4287.0
2018-19,Girls,Ohio,Skiing Alpine,2.0,29.0
2018-19,Girls,Ohio,Skiing Cross Country,1.0,4.0
2018-19,Girls,Pennsylvania,Ice Hockey,,229.0
2018-19,Girls,Pennsylvania,Lacrosse,229.0,7328.0
2018-19,Girls,Rhode Island,Ice Hockey,8.0,194.0
2018-19,Girls,Rhode Island,Lacrosse,36.0,1325.0
2018-19,Girls,South Carolina,Ice Hockey,,44.0
2018-19,Girls,South Carolina,Lacrosse,44.0,1525.0
2018-19,Girls,Vermont,Ice Hockey,18.0,264.0
2018-19,Girls,Vermont,Lacrosse,19.0,513.0
2018-19,Girls,Vermont,Skiing Alpine,11.0,131.0
2018-19,Girls,Vermont,Skiing Cross Country,15.0,183.0
2018-19,Girls,Virginia,Ice Hockey,,104.0
2018-19,Girls,Virginia,Lacrosse,104.0,3835.0
2018-19,Girls,West Virginia,Ice Hockey,27.0,672.0
2018-19,Girls,Wyoming,Lacrosse,,6.0
2018-19,Girls,Wyoming,Skiing Alpine,6.0,62.0
2018-19,Girls,Wyoming,Skiing Cross Country,7.0,107.0
2018-19,Girls,Alabama,Soccer,172.0,5434.0
2018-19,Girls,Alabama,Softball Slow Pitch,380.0,9752.0
2018-19,Girls,Alabama,Softball Fast Pitch,,72.0
2018-19,Girls,Alabama,Swimming and Diving,72.0,882.0
2018-19,Girls,Arizona,Soccer,190.0,6489.0
2018-19,Girls,Arizona,Softball Slow Pitch,240.0,6690.0
2018-19,Girls,Arizona,Softball Fast Pitch,,157.0
2018-19,Girls,Arizona,Swimming and Diving,157.0,3232.0
2018-19,Girls,California,Soccer,1376.0,49342.0
2018-19,Girls,California,Softball Slow Pitch,1442.0,32233.0
2018-19,Girls,California,Softball Fast Pitch,2.0,20.0
2018-19,Girls,California,Swimming and Diving,985.0,29576.0
2018-19,Girls,Connecticut,Soccer,164.0,5661.0
2018-19,Girls,Connecticut,Softball Slow Pitch,179.0,3897.0
2018-19,Girls,Connecticut,Softball Fast Pitch,,95.0
2018-19,Girls,Connecticut,Swimming and Diving,95.0,2615.0
2018-19,Girls,Delaware,Soccer,31.0,700.0
2018-19,Girls,Delaware,Softball Slow Pitch,21.0,349.0
2018-19,Girls,Delaware,Softball Fast Pitch,,18.0
2018-19,Girls,Delaware,Swimming and Diving,18.0,267.0
2018-19,Girls,Florida,Soccer,583.0,17595.0
2018-19,Girls,Florida,Softball Slow Pitch,604.0,12666.0
2018-19,Girls,Florida,Softball Fast Pitch,,459.0
2018-19,Girls,Florida,Swimming and Diving,459.0,8603.0
2018-19,Girls,Georgia,Soccer,400.0,10430.0
2018-19,Girls,Georgia,Softball Slow Pitch,407.0,7823.0
2018-19,Girls,Georgia,Softball Fast Pitch,29.0,486.0
2018-19,Girls,Georgia,Swimming and Diving,272.0,4915.0
2018-19,Girls,Hawaii,Soccer,57.0,1544.0
2018-19,Girls,Hawaii,Softball Slow Pitch,56.0,1263.0
2018-19,Girls,Hawaii,Softball Fast Pitch,,61.0
2018-19,Girls,Hawaii,Swimming and Diving,61.0,902.0
2018-19,Girls,Idaho,Soccer,85.0,2271.0
2018-19,Girls,Idaho,Softball Slow Pitch,108.0,2350.0
2018-19,Girls,Idaho,Softball Fast Pitch,,49.0
2018-19,Girls,Idaho,Swimming and Diving,49.0,746.0
2018-19,Girls,Illinois,Soccer,404.0,15918.0
2018-19,Girls,Illinois,Softball Slow Pitch,599.0,14198.0
2018-19,Girls,Illinois,Softball Fast Pitch,,260.0
2018-19,Girls,Illinois,Swimming and Diving,260.0,6723.0
2018-19,Girls,Indiana,Soccer,276.0,7420.0
2018-19,Girls,Indiana,Softball Slow Pitch,375.0,7939.0
2018-19,Girls,Indiana,Softball Fast Pitch,,239.0
2018-19,Girls,Indiana,Swimming and Diving,239.0,4383.0
2018-19,Girls,Iowa,Soccer,153.0,5818.0
2018-19,Girls,Iowa,Softball Slow Pitch,339.0,7538.0
2018-19,Girls,Iowa,Softball Fast Pitch,,55.0
2018-19,Girls,Iowa,Swimming and Diving,55.0,1647.0
2018-19,Girls,Kansas,Soccer,99.0,3524.0
2018-19,Girls,Kansas,Softball Slow Pitch,245.0,5160.0
2018-19,Girls,Kansas,Softball Fast Pitch,,91.0
2018-19,Girls,Kansas,Swimming and Diving,91.0,2178.0
2018-19,Girls,Kentucky,Soccer,194.0,5847.0
2018-19,Girls,Kentucky,Softball Slow Pitch,256.0,5626.0
2018-19,Girls,Kentucky,Softball Fast Pitch,,142.0
2018-19,Girls,Kentucky,Swimming and Diving,142.0,2220.0
2018-19,Girls,Louisiana,Soccer,191.0,4195.0
2018-19,Girls,Louisiana,Softball Slow Pitch,355.0,6295.0
2018-19,Girls,Louisiana,Softball Fast Pitch,,179.0
2018-19,Girls,Louisiana,Swimming and Diving,179.0,1370.0
2018-19,Girls,Maine,Soccer,130.0,3536.0
2018-19,Girls,Maine,Softball Slow Pitch,123.0,2529.0
2018-19,Girls,Maine,Softball Fast Pitch,,57.0
2018-19,Girls,Maine,Swimming and Diving,57.0,815.0
2018-19,Girls,Maryland,Soccer,179.0,5840.0
2018-19,Girls,Maryland,Softball Slow Pitch,182.0,4653.0
2018-19,Girls,Maryland,Softball Fast Pitch,,109.0
2018-19,Girls,Maryland,Swimming and Diving,109.0,2330.0
2018-19,Girls,Massachusetts,Soccer,347.0,12960.0
2018-19,Girls,Massachusetts,Softball Slow Pitch,344.0,9109.0
2018-19,Girls,Massachusetts,Softball Fast Pitch,,226.0
2018-19,Girls,Massachusetts,Swimming and Diving,226.0,4385.0
2018-19,Girls,Michigan,Soccer,476.0,13276.0
2018-19,Girls,Michigan,Softball Slow Pitch,628.0,13290.0
2018-19,Girls,Michigan,Softball Fast Pitch,,262.0
2018-19,Girls,Michigan,Swimming and Diving,262.0,5829.0
2018-19,Girls,Minnesota,Soccer,252.0,8371.0
2018-19,Girls,Minnesota,Softball Slow Pitch,420.0,13235.0
2018-19,Girls,Minnesota,Softball Fast Pitch,,208.0
2018-19,Girls,Minnesota,Swimming and Diving,208.0,5795.0
2018-19,Girls,Missouri,Soccer,248.0,8185.0
2018-19,Girls,Missouri,Softball Slow Pitch,528.0,9313.0
2018-19,Girls,Missouri,Softball Fast Pitch,,146.0
2018-19,Girls,Missouri,Swimming and Diving,146.0,3244.0
2018-19,Girls,Nebraska,Soccer,79.0,2523.0
2018-19,Girls,Nebraska,Softball Slow Pitch,147.0,2665.0
2018-19,Girls,Nebraska,Softball Fast Pitch,,62.0
2018-19,Girls,Nebraska,Swimming and Diving,62.0,1107.0
2018-19,Girls,New Hampshire,Soccer,81.0,2605.0
2018-19,Girls,New Hampshire,Softball Slow Pitch,84.0,1842.0
2018-19,Girls,New Hampshire,Softball Fast Pitch,,52.0
2018-19,Girls,New Hampshire,Swimming and Diving,52.0,708.0
2018-19,Girls,New Mexico,Soccer,66.0,2196.0
2018-19,Girls,New Mexico,Softball Slow Pitch,100.0,2476.0
2018-19,Girls,New Mexico,Softball Fast Pitch,,46.0
2018-19,Girls,New Mexico,Swimming and Diving,46.0,724.0
2018-19,Girls,North Carolina,Soccer,380.0,10206.0
2018-19,Girls,North Carolina,Softball Slow Pitch,397.0,7491.0
2018-19,Girls,North Carolina,Softball Fast Pitch,,307.0
2018-19,Girls,North Carolina,Swimming and Diving,307.0,5087.0
2018-19,Girls,North Dakota,Soccer,20.0,650.0
2018-19,Girls,North Dakota,Softball Slow Pitch,80.0,1091.0
2018-19,Girls,North Dakota,Softball Fast Pitch,,26.0
2018-19,Girls,North Dakota,Swimming and Diving,26.0,387.0
2018-19,Girls,Ohio,Soccer,549.0,16578.0
2018-19,Girls,Ohio,Softball Slow Pitch,763.0,16994.0
2018-19,Girls,Ohio,Softball Fast Pitch,,444.0
2018-19,Girls,Ohio,Swimming and Diving,444.0,6688.0
2018-19,Girls,Oklahoma,Soccer,130.0,3414.0
2018-19,Girls,Oklahoma,Softball Slow Pitch,405.0,6499.0
2018-19,Girls,Oklahoma,Softball Fast Pitch,287.0,4259.0
2018-19,Girls,Oklahoma,Swimming and Diving,63.0,733.0
2018-19,Girls,Oregon,Soccer,161.0,5397.0
2018-19,Girls,Oregon,Softball Slow Pitch,209.0,4395.0
2018-19,Girls,Oregon,Softball Fast Pitch,,126.0
2018-19,Girls,Oregon,Swimming and Diving,126.0,2790.0
2018-19,Girls,Pennsylvania,Soccer,538.0,18830.0
2018-19,Girls,Pennsylvania,Softball Slow Pitch,646.0,19380.0
2018-19,Girls,Pennsylvania,Softball Fast Pitch,,328.0
2018-19,Girls,Pennsylvania,Swimming and Diving,328.0,9840.0
2018-19,Girls,Rhode Island,Soccer,50.0,1795.0
2018-19,Girls,Rhode Island,Softball Slow Pitch,48.0,1176.0
2018-19,Girls,Rhode Island,Softball Fast Pitch,,32.0
2018-19,Girls,Rhode Island,Swimming and Diving,32.0,635.0
2018-19,Girls,South Carolina,Soccer,160.0,5023.0
2018-19,Girls,South Carolina,Softball Slow Pitch,205.0,4875.0
2018-19,Girls,South Carolina,Softball Fast Pitch,,98.0
2018-19,Girls,South Carolina,Swimming and Diving,98.0,1472.0
2018-19,Girls,South Dakota,Soccer,30.0,714.0
2018-19,Girls,Tennessee,Soccer,310.0,7113.0
2018-19,Girls,Tennessee,Softball Slow Pitch,367.0,6138.0
2018-19,Girls,Texas,Soccer,759.0,34591.0
2018-19,Girls,Texas,Softball Slow Pitch,1238.0,35481.0
2018-19,Girls,Texas,Softball Fast Pitch,,617.0
2018-19,Girls,Texas,Swimming and Diving,617.0,10146.0
2018-19,Girls,Utah,Soccer,106.0,3608.0
2018-19,Girls,Utah,Softball Slow Pitch,107.0,2371.0
2018-19,Girls,Utah,Softball Fast Pitch,,96.0
2018-19,Girls,Utah,Swimming and Diving,96.0,2210.0
2018-19,Girls,Vermont,Soccer,34.0,968.0
2018-19,Girls,Vermont,Softball Slow Pitch,29.0,592.0
2018-19,Girls,Vermont,Softball Fast Pitch,,1.0
2018-19,Girls,Vermont,Swimming and Diving,1.0,17.0
2018-19,Girls,Virginia,Soccer,289.0,8994.0
2018-19,Girls,Virginia,Softball Slow Pitch,307.0,7378.0
2018-19,Girls,Virginia,Softball Fast Pitch,,223.0
2018-19,Girls,Virginia,Swimming and Diving,223.0,4563.0
2018-19,Girls,Washington,Soccer,284.0,9935.0
2018-19,Girls,Washington,Softball Slow Pitch,311.0,7159.0
2018-19,Girls,Washington,Softball Fast Pitch,19.0,487.0
2018-19,Girls,Washington,Swimming and Diving,168.0,4781.0
2018-19,Girls,West Virginia,Soccer,77.0,1826.0
2018-19,Girls,West Virginia,Softball Slow Pitch,117.0,2184.0
2018-19,Girls,West Virginia,Softball Fast Pitch,,34.0
2018-19,Girls,West Virginia,Swimming and Diving,34.0,701.0
2018-19,Girls,Wyoming,Soccer,27.0,875.0
2018-19,Girls,Wyoming,Softball Fast Pitch,,25.0
2018-19,Girls,Wyoming,Swimming and Diving,25.0,581.0
2018-19,Girls,Wyoming,Softball Slow Pitch,,67.0
2018-19,Girls,Alabama,Tennis,171.0,1926.0
2018-19,Girls,Alabama,Track and Field Indoor,167.0,2047.0
2018-19,Girls,Alabama,Track and Field Outdoor,356.0,5962.0
2018-19,Girls,Alabama,Volleyball,392.0,10310.0
2018-19,Girls,Arizona,Tennis,179.0,2672.0
2018-19,Girls,Arizona,Track and Field Indoor,,244.0
2018-19,Girls,Arizona,Track and Field Outdoor,244.0,6530.0
2018-19,Girls,Arizona,Volleyball,262.0,8159.0
2018-19,Girls,California,Tennis,1039.0,23546.0
2018-19,Girls,California,Track and Field Indoor,,1270.0
2018-19,Girls,California,Track and Field Outdoor,1270.0,45235.0
2018-19,Girls,California,Volleyball,1483.0,45997.0
2018-19,Girls,Connecticut,Tennis,141.0,3316.0
2018-19,Girls,Connecticut,Track and Field Indoor,160.0,4628.0
2018-19,Girls,Connecticut,Track and Field Outdoor,175.0,6630.0
2018-19,Girls,Connecticut,Volleyball,166.0,4968.0
2018-19,Girls,Delaware,Tennis,19.0,170.0
2018-19,Girls,Delaware,Track and Field Indoor,30.0,392.0
2018-19,Girls,Delaware,Track and Field Outdoor,34.0,516.0
2018-19,Girls,Delaware,Volleyball,36.0,676.0
2018-19,Girls,Florida,Tennis,506.0,5703.0
2018-19,Girls,Florida,Track and Field Indoor,,637.0
2018-19,Girls,Florida,Track and Field Outdoor,637.0,16804.0
2018-19,Girls,Florida,Volleyball,726.0,20047.0
2018-19,Girls,Georgia,Track and Field Indoor,,430.0
2018-19,Girls,Georgia,Track and Field Outdoor,430.0,11454.0
2018-19,Girls,Georgia,Volleyball,357.0,8704.0
2018-19,Girls,Hawaii,Tennis,58.0,866.0
2018-19,Girls,Hawaii,Track and Field Indoor,,66.0
2018-19,Girls,Hawaii,Track and Field Outdoor,66.0,1653.0
2018-19,Girls,Hawaii,Volleyball,71.0,1926.0
2018-19,Girls,Idaho,Tennis,60.0,1196.0
2018-19,Girls,Idaho,Track and Field Indoor,,148.0
2018-19,Girls,Idaho,Track and Field Outdoor,148.0,3659.0
2018-19,Girls,Idaho,Volleyball,151.0,3835.0
2018-19,Girls,Illinois,Tennis,306.0,8076.0
2018-19,Girls,Illinois,Track and Field Indoor,,593.0
2018-19,Girls,Illinois,Track and Field Outdoor,593.0,19469.0
2018-19,Girls,Illinois,Volleyball,694.0,21708.0
2018-19,Girls,Indiana,Tennis,310.0,6007.0
2018-19,Girls,Indiana,Track and Field Indoor,,395.0
2018-19,Girls,Indiana,Track and Field Outdoor,395.0,10667.0
2018-19,Girls,Indiana,Volleyball,403.0,9602.0
2018-19,Girls,Iowa,Tennis,114.0,3707.0
2018-19,Girls,Iowa,Track and Field Indoor,,348.0
2018-19,Girls,Iowa,Track and Field Outdoor,348.0,9908.0
2018-19,Girls,Iowa,Volleyball,356.0,10718.0
2018-19,Girls,Kansas,Tennis,139.0,2795.0
2018-19,Girls,Kansas,Track and Field Indoor,,349.0
2018-19,Girls,Kansas,Track and Field Outdoor,349.0,7304.0
2018-19,Girls,Kansas,Volleyball,343.0,8278.0
2018-19,Girls,Kentucky,Tennis,217.0,2725.0
2018-19,Girls,Kentucky,Track and Field Indoor,,253.0
2018-19,Girls,Kentucky,Track and Field Outdoor,253.0,5591.0
2018-19,Girls,Kentucky,Volleyball,264.0,6264.0
2018-19,Girls,Louisiana,Tennis,181.0,1932.0
2018-19,Girls,Louisiana,Track and Field Indoor,275.0,1320.0
2018-19,Girls,Louisiana,Track and Field Outdoor,384.0,6989.0
2018-19,Girls,Louisiana,Volleyball,236.0,5068.0
2018-19,Girls,Maine,Tennis,,68.0
2018-19,Girls,Maine,Track and Field Indoor,68.0,1402.0
2018-19,Girls,Maine,Track and Field Outdoor,108.0,2440.0
2018-19,Girls,Maine,Volleyball,46.0,1141.0
2018-19,Girls,Maryland,Tennis,175.0,2532.0
2018-19,Girls,Maryland,Track and Field Indoor,176.0,4379.0
2018-19,Girls,Maryland,Track and Field Outdoor,192.0,5688.0
2018-19,Girls,Maryland,Volleyball,186.0,5226.0
2018-19,Girls,Massachusetts,Tennis,247.0,4646.0
2018-19,Girls,Massachusetts,Track and Field Indoor,270.0,9259.0
2018-19,Girls,Massachusetts,Track and Field Outdoor,320.0,13415.0
2018-19,Girls,Massachusetts,Volleyball,301.0,10218.0
2018-19,Girls,Michigan,Tennis,330.0,9326.0
2018-19,Girls,Michigan,Track and Field Indoor,40.0,275.0
2018-19,Girls,Michigan,Track and Field Outdoor,673.0,17406.0
2018-19,Girls,Michigan,Volleyball,713.0,19072.0
2018-19,Girls,Minnesota,Tennis,225.0,6633.0
2018-19,Girls,Minnesota,Track and Field Indoor,,441.0
2018-19,Girls,Minnesota,Track and Field Outdoor,441.0,16385.0
2018-19,Girls,Minnesota,Volleyball,460.0,16398.0
2018-19,Girls,Missouri,Tennis,187.0,4193.0
2018-19,Girls,Missouri,Track and Field Indoor,,533.0
2018-19,Girls,Missouri,Track and Field Outdoor,533.0,12386.0
2018-19,Girls,Missouri,Volleyball,459.0,10446.0
2018-19,Girls,Nebraska,Tennis,67.0,1624.0
2018-19,Girls,Nebraska,Track and Field Indoor,,299.0
2018-19,Girls,Nebraska,Track and Field Outdoor,299.0,7518.0
2018-19,Girls,Nebraska,Volleyball,300.0,6595.0
2018-19,Girls,New Hampshire,Tennis,54.0,927.0
2018-19,Girls,New Hampshire,Track and Field Indoor,62.0,1129.0
2018-19,Girls,New Hampshire,Track and Field Outdoor,75.0,2042.0
2018-19,Girls,New Hampshire,Volleyball,58.0,1568.0
2018-19,Girls,New Mexico,Tennis,61.0,765.0
2018-19,Girls,New Mexico,Track and Field Indoor,,159.0
2018-19,Girls,New Mexico,Track and Field Outdoor,159.0,3393.0
2018-19,Girls,New Mexico,Volleyball,158.0,3904.0
2018-19,Girls,North Carolina,Tennis,341.0,4251.0
2018-19,Girls,North Carolina,Track and Field Indoor,280.0,4958.0
2018-19,Girls,North Carolina,Track and Field Outdoor,401.0,10096.0
2018-19,Girls,North Carolina,Volleyball,415.0,9442.0
2018-19,Girls,North Dakota,Tennis,22.0,515.0
2018-19,Girls,North Dakota,Track and Field Indoor,,149.0
2018-19,Girls,North Dakota,Track and Field Outdoor,149.0,2194.0
2018-19,Girls,North Dakota,Volleyball,154.0,3189.0
2018-19,Girls,Ohio,Tennis,404.0,6659.0
2018-19,Girls,Ohio,Track and Field Indoor,211.0,3222.0
2018-19,Girls,Ohio,Track and Field Outdoor,786.0,24011.0
2018-19,Girls,Ohio,Volleyball,787.0,16754.0
2018-19,Girls,Oklahoma,Tennis,108.0,1341.0
2018-19,Girls,Oklahoma,Track and Field Indoor,,431.0
2018-19,Girls,Oklahoma,Track and Field Outdoor,431.0,5571.0
2018-19,Girls,Oklahoma,Volleyball,126.0,3152.0
2018-19,Girls,Oregon,Tennis,127.0,3079.0
2018-19,Girls,Oregon,Track and Field Indoor,,273.0
2018-19,Girls,Oregon,Track and Field Outdoor,273.0,7047.0
2018-19,Girls,Oregon,Volleyball,279.0,7087.0
2018-19,Girls,Pennsylvania,Tennis,385.0,4620.0
2018-19,Girls,Pennsylvania,Track and Field Indoor,175.0,2625.0
2018-19,Girls,Pennsylvania,Track and Field Outdoor,610.0,24400.0
2018-19,Girls,Pennsylvania,Volleyball,590.0,10620.0
2018-19,Girls,Rhode Island,Tennis,44.0,1023.0
2018-19,Girls,Rhode Island,Track and Field Indoor,41.0,1311.0
2018-19,Girls,Rhode Island,Track and Field Outdoor,48.0,1647.0
2018-19,Girls,Rhode Island,Volleyball,44.0,1352.0
2018-19,Girls,South Carolina,Tennis,141.0,1989.0
2018-19,Girls,South Carolina,Track and Field Indoor,,202.0
2018-19,Girls,South Carolina,Track and Field Outdoor,202.0,6035.0
2018-19,Girls,South Carolina,Volleyball,210.0,4974.0
2018-19,Girls,South Dakota,Tennis,24.0,287.0
2018-19,Girls,South Dakota,Track and Field Indoor,,166.0
2018-19,Girls,South Dakota,Track and Field Outdoor,166.0,2841.0
2018-19,Girls,South Dakota,Volleyball,163.0,3411.0
2018-19,Girls,Tennessee,Tennis,274.0,3286.0
2018-19,Girls,Tennessee,Track and Field Indoor,,311.0
2018-19,Girls,Tennessee,Track and Field Outdoor,311.0,5968.0
2018-19,Girls,Tennessee,Volleyball,354.0,6809.0
2018-19,Girls,Texas,Tennis,1301.0,21526.0
2018-19,Girls,Texas,Track and Field Indoor,,1529.0
2018-19,Girls,Texas,Track and Field Outdoor,1529.0,53566.0
2018-19,Girls,Texas,Volleyball,1353.0,50501.0
2018-19,Girls,Utah,Tennis,97.0,2049.0
2018-19,Girls,Utah,Track and Field Indoor,,134.0
2018-19,Girls,Utah,Track and Field Outdoor,134.0,5423.0
2018-19,Girls,Utah,Volleyball,138.0,3556.0
2018-19,Girls,Vermont,Tennis,15.0,207.0
2018-19,Girls,Vermont,Track and Field Indoor,19.0,211.0
2018-19,Girls,Vermont,Track and Field Outdoor,29.0,590.0
2018-19,Girls,Vermont,Volleyball,5.0,111.0
2018-19,Girls,Virginia,Tennis,267.0,3588.0
2018-19,Girls,Virginia,Track and Field Indoor,246.0,6383.0
2018-19,Girls,Virginia,Track and Field Outdoor,307.0,8822.0
2018-19,Girls,Virginia,Volleyball,311.0,8097.0
2018-19,Girls,Washington,Tennis,248.0,7491.0
2018-19,Girls,Washington,Track and Field Indoor,,378.0
2018-19,Girls,Washington,Track and Field Outdoor,378.0,11070.0
2018-19,Girls,Washington,Volleyball,377.0,11062.0
2018-19,Girls,West Virginia,Tennis,81.0,874.0
2018-19,Girls,West Virginia,Track and Field Indoor,,118.0
2018-19,Girls,West Virginia,Track and Field Outdoor,118.0,2484.0
2018-19,Girls,West Virginia,Volleyball,116.0,2468.0
2018-19,Girls,Wyoming,Tennis,17.0,320.0
2018-19,Girls,Wyoming,Track and Field Indoor,22.0,635.0
2018-19,Girls,Wyoming,Track and Field Outdoor,72.0,1595.0
2018-19,Girls,Wyoming,Volleyball,71.0,1884.0
