1,1,1,3.29138341404024,36.2457512159873
1,1,1,3.37976680392673,12.6272899012818
0,1,0,2.71591346103786,32.6361477442357
1,1,0,2.72032611700667,32.9344731808718
1,1,1,2.75056315237935,42.4500060360314
0,1,0,2.24895083712778,11.3120844048677
1,1,1,3.57844278096201,30.6313718677651
1,1,1,3.6609498584654,10.3024266405
1,1,0,2.53271257450988,-3.43874913638315
1,1,1,3.15022895558382,27.8014994295609
0,1,1,3.0972279320453,6.6003776923181
1,1,0,2.53579820458548,10.1241647985678
1,1,1,2.80480618141947,-0.321178275433585
0,1,0,3.11486606430504,34.0457207799109
0,1,0,3.03469577242706,30.306835250161
1,1,0,3.05084193703964,8.93309065445281
0,1,0,3.400674605741,12.7202806746493
1,1,0,2.99796272952825,25.5163873276843
1,1,0,3.06710062162977,36.7175990485441
0,1,0,2.38194600557044,22.0361592526345
1,1,1,2.92025738614996,-2.57445520092082
1,1,1,2.83505116897427,10.4368833367301
1,1,1,2.63291661856604,24.652301328473
1,1,1,3.24464489626283,32.3191296439628
0,1,0,2.52729083879277,28.8872647164586
1,1,0,2.97687561002214,23.7773348680359
0,1,0,2.86626396351493,30.1660820333139
1,1,0,2.94335765534656,13.5338892442755
1,1,1,3.23648448745996,27.3541294058544
1,1,0,3.03700398365072,23.630741480025
1,1,0,3.57403667383029,6.20209273063357
1,1,0,2.87771542785913,-6.56771381808676
1,1,1,3.05452643366345,19.475597732289
0,1,0,2.42089241404182,19.6705584605318
1,1,1,3.38937958314217,-2.82431475776715
1,1,1,3.45541628192621,31.198831930764
0,1,0,2.44277921808537,38.3856007788955
0,1,0,2.47346408260809,15.245227323704
1,1,0,2.21779631020958,14.1742032289181
1,1,0,2.40610515150759,37.8742505485987
0,1,0,2.85496783973426,23.2342968516937
1,1,0,2.59411970748111,16.1606363517284
0,1,0,2.62195982756422,19.2347100701709
1,1,0,3.29228056813834,38.4846195455244
1,1,0,2.34276134081475,-10.5172714461727
1,1,0,3.4343619664662,8.88791534908123
0,1,0,2.77414043493641,32.6988904827122
0,1,1,3.23427299535212,13.2221055801756
1,1,1,2.98073918418068,9.54451916249464
0,1,0,2.80035555587209,13.7078960275583
1,1,0,2.69372732444537,18.0180023555708
1,1,1,2.79192907697041,24.7624836044
1,1,0,2.81221109737845,21.2751750862506
0,1,0,2.45488099760394,26.1671859392634
1,1,1,3.17158460289362,6.89191232160223
1,1,0,2.32738413369075,-3.28873039311832
1,1,1,2.92853715783879,9.76389961501581
1,1,1,3.17913433072922,45.4014697959235
0,1,0,3.33439638800144,35.1281717812961
1,1,0,2.85642880234257,21.0127728603405
0,1,0,2.76215126421124,7.43243294183253
1,1,0,2.64900294366109,24.6910253322473
1,1,0,2.92925434009048,16.370025895259
1,1,1,3.5671846314419,-11.0063865532156
0,1,0,3.15921326800011,17.657617912286
1,1,0,3.18991897609295,-5.74597000002191
1,1,0,2.39586672045667,32.506105863352
0,1,0,2.97239373642227,29.1104053506457
1,1,1,2.9665768574844,-13.7060687496071
0,1,0,2.53551144869803,15.99061043889
0,1,1,2.66296905958339,17.2245878247026
1,1,0,3.05132777099227,15.7496385396205
1,1,0,2.9440017562024,18.0529719301365
0,1,0,2.60637104751512,39.3846242853049
1,1,0,2.99299654304315,36.9225669680485
1,1,1,2.71845714170183,15.9596286119899
0,1,0,3.14890171887606,6.74425837395041
1,1,1,3.00430497790725,-8.0226929097832
0,1,0,2.0124603769127,30.5935051803187
1,1,0,2.46272099910089,19.9701409318881
1,1,1,3.69850506821889,26.7765484291879
1,1,0,2.67149929023653,23.5864855015287
0,1,1,2.37132685085339,17.9102054327152
1,1,1,3.33013797369799,2.22812729384101
1,1,0,3.37049518140371,28.4641385102312
1,1,0,1.90852525067793,15.0261683578911
1,1,1,3.4534714447674,15.667441076914
1,1,0,3.03449820288985,2.53609280752771
0,1,0,2.7737157820873,18.3695488629047
0,1,0,2.05449954093026,14.2454739027892
1,1,1,3.38738150678139,0.536187562692469
1,1,1,2.90883180755862,29.368463169133
0,1,0,2.93020034815583,31.0852886978771
1,1,0,2.60714155863738,11.6149354480001
1,1,1,3.25380065269279,30.7182780146107
1,1,0,2.86115362052656,8.86865794221885
0,1,0,2.3247922993077,21.1125744958698
1,1,0,2.8841349198779,11.8427810559854
1,1,1,2.92459614982465,29.8613370918813
1,1,0,2.4643243430398,6.63513325609171
1,1,1,3.28007493022112,2.58722668799163
1,1,1,2.89913965693586,36.1487292710407
0,1,0,2.41989847114283,42.6905938754104
1,1,0,3.02417013160857,17.4959445050615
0,1,0,3.14301611934409,20.0441136013631
0,1,0,3.29071327563894,16.1115099505028
1,1,0,3.19157680499056,3.63402212048861
0,1,0,2.61520831437695,-9.05777514635487
0,1,0,2.90220461406102,-8.60168084818382
1,1,1,3.40915407337504,-1.50562535284499
1,1,0,2.56428048910207,30.5488104443867
0,1,0,2.61363460309523,21.8417553097199
0,1,0,2.8144386649359,6.47126599779182
0,1,0,2.0677940654771,42.0663248558306
1,1,1,3.37951692626104,34.5952443966011
1,1,1,3.23031714896613,14.8555683199513
1,1,0,2.74035521887127,-9.11920644670289
1,1,1,3.24037202511374,22.3117623067824
1,1,0,2.82891149703285,19.5733621159963
1,1,1,3.56943837807964,0.0300793465984022
1,1,0,2.66912154214191,34.0276806174792
0,1,0,2.25059626369952,26.7456497162278
1,1,1,3.94070462674511,23.6994593472297
0,1,0,3.14140669655244,37.6726313433045
0,1,0,2.43342284765558,16.5073818542154
1,1,0,2.85943634360748,21.3038513531366
1,1,1,3.20383114887355,1.79764314490224
1,1,0,2.03134415679986,16.7571329047532
1,1,0,2.5516105175949,23.2011754926813
1,1,0,1.98849460874548,-5.24525148024203
1,1,0,2.26062706221569,8.80702617177262
1,1,1,3.08923145163731,13.717088967242
1,1,1,3.41228843744847,-4.99211485598278
0,1,0,2.1389545405974,37.3638399864452
1,1,0,2.76414806111778,18.2625658018108
0,1,0,2.42888494921527,20.7123057233975
0,1,0,2.45788329647334,31.0557280045107
1,1,1,3.01544223982189,24.2632885525465
0,1,1,3.30180880046067,30.9077237462834
1,1,1,3.00280365756212,28.0963919076153
1,1,1,3.0252064911609,29.0162348233806
1,1,0,3.22195289003347,19.2234905561898
1,1,1,3.35156742678436,7.94278462052947
0,1,0,2.32179501101682,44.8451549379581
0,1,0,2.27626848126525,41.818091498003
1,1,1,2.97663745103549,7.13129568586098
0,1,1,3.43318623958465,22.8328577835274
1,1,1,3.40031178968305,-1.99496230118056
1,1,0,3.30601870285163,26.7947066752186
1,1,0,2.84095809246904,14.8657368454685
1,1,1,3.18820291905788,2.06214240797489
0,1,1,2.11919855501877,15.3465894234766
0,1,0,3.31488657704946,49.6697573770227
0,1,0,2.44625001596653,35.284101485631
1,1,0,2.80970335041682,9.57422780137491
1,1,0,2.84693758508887,30.9376992365995
1,1,1,2.94323980994403,43.4215618617835
1,1,0,3.47935980570292,39.2756126453845
1,1,0,2.81703058430154,26.3888727617486
1,1,0,2.92321377616259,6.26492700072955
1,1,1,2.59295619345955,9.36377791001561
0,1,0,3.46121047187588,33.5547466257897
1,1,0,2.74763435745037,-0.81606637595565
1,1,0,2.48216406118315,2.76669848662485
1,1,0,2.7759581295102,6.67906247567386
0,1,0,2.59338521984071,19.4919152963045
1,1,1,2.87808783836476,28.4327729046823
0,1,0,2.77015084085789,-1.63935609447374
1,1,0,2.08778595098358,13.2209355804647
0,1,0,2.32489193949683,7.82381503317108
1,1,0,2.70845009559104,42.6718822510001
1,1,0,2.67532048938965,13.6837962267463
1,1,1,3.0234144456428,19.1268765219384
1,1,0,2.776699416997,12.0438612216496
0,1,1,2.96743616823201,39.1139457833734
1,1,1,3.55859999434255,14.4704940342691
1,1,1,2.78477038090854,-3.86112014192325
0,1,0,2.42629334519311,-9.64569924551025
1,1,1,3.76131534579608,23.6263986467737
1,1,1,2.77601790578365,36.3837355455576
1,1,1,3.0763463834386,9.45598953488476
1,1,0,2.54997268169377,20.8818271900212
0,1,0,2.66758827816482,29.2597478774355
1,1,0,3.66614073047706,26.5932747747352
1,1,0,3.03153451604804,19.4302743028223
0,1,0,2.75431865729455,7.51654161510502
0,1,0,2.24030944375918,35.2338495196092
0,1,0,3.04032027150075,12.2234010363618
1,1,0,2.76201250544894,8.78429290692728
1,1,0,2.98328932794177,19.8993428493166
0,1,0,2.81171229355089,32.3725156930684
1,1,0,3.26953232915218,22.4801523226541
1,1,1,3.16183161243156,23.1654956804528
1,1,0,2.56038826104842,10.5925670761672
0,1,0,2.44956940461828,13.0625631045001
1,1,1,3.05831291391631,46.9854673953308
0,1,0,2.21811359448457,48.3836182781523
0,1,0,2.66676788856434,17.538726002222
1,1,0,2.3026013834089,37.4724535157732
0,1,0,2.6346548730882,14.9161302656409
0,1,1,3.0575224960393,33.5587610259342
1,1,0,2.42922411804164,10.1457715739037
1,1,0,3.08731201195189,11.2514560978051
1,1,0,3.05070320622882,44.9870056658665
1,1,0,2.35519479597324,26.1972881416501
1,1,0,3.19328062493145,23.7270836297495
1,1,0,2.93184562430833,2.89655317107261
0,1,0,2.52866706998631,18.5760855608109
1,1,0,2.83945614983016,29.5921629082155
0,1,0,2.70368396722097,31.9441491620025
1,1,0,1.8586108488388,25.3578030811239
1,1,0,2.40019089910315,20.9832769083315
0,1,0,2.59665854245943,22.2150179353081
1,1,0,3.19309859864476,3.16608840641598
1,1,1,2.71265941817831,26.2915206764602
1,1,1,3.3079199221226,24.5665042703865
0,1,0,2.43568987348342,33.9237112304936
0,1,0,3.04709459838539,20.3889391326619
1,1,1,3.61067184333817,32.7759482019175
1,1,0,3.4953644210138,17.8089655846533
1,1,0,2.82768413285885,8.82638742250473
0,1,0,2.06454896043572,23.9053299022306
1,1,1,3.01292309107854,-2.07359605272569
0,1,0,3.53447291565059,51.5246770656979
1,1,0,2.77513388313454,-2.98618306115326
0,1,0,2.29405513771928,43.4681132593063
1,1,1,2.96457173862199,32.751191285626
1,1,1,3.30033664463921,-3.38863876587458
0,1,1,2.94095957605164,26.293330338426
1,1,1,2.67638351748524,25.9312532591325
1,1,1,2.97123187326539,11.5034373229614
1,1,1,3.03396227425913,44.3240799359107
1,1,0,3.47356263386202,18.5616970657409
0,1,0,3.10433153302609,-7.17507933518969
1,1,1,2.99075384258381,-6.19504451473816
1,1,1,2.88075561356112,10.3587088204295
1,1,0,2.57176358446963,4.43623990131207
1,1,1,2.50337054313527,-2.38223506152765
1,1,0,2.95700214325883,17.6621560785647
1,1,1,3.41967583777933,42.4372814656267
1,1,1,2.84484999952303,13.0683134520873
1,1,0,2.25501357253084,9.46415159185095
1,1,0,2.9880992508007,39.3774968118694
0,1,0,2.60014784257212,6.06055661374775
1,1,0,3.08903895583852,-13.4171583490414
1,1,1,3.25557797381378,26.6027097673609
0,1,0,2.65052332193793,15.6672477250571
1,1,1,3.37147087484682,6.34970479047712
1,1,1,3.0318170464296,22.4301411786062
1,1,1,3.32024576588637,-10.090404142245
1,1,0,2.64733602170411,20.7525217263158
1,1,1,2.88689166701426,17.7664014676793
0,1,0,2.81579415680878,19.5467213690134
0,1,0,2.5879159751346,12.7914911172593
0,1,0,1.86182119704431,9.42111614848453
0,1,0,2.63391280232645,37.1039757420763
0,1,0,3.22676015064225,11.4511383109572
0,1,0,2.24044248698891,43.7045240642941
0,1,0,2.73582360684935,30.9194188579945
1,1,0,3.30697561441362,-5.06036371524187
1,1,0,3.12813866817651,8.62865553917171
0,1,1,2.90703475876006,13.7124871506516
1,1,0,3.09856258079683,31.4872436325818
1,1,1,2.88387458330996,21.7731522369756
1,1,1,2.68852714514662,11.1654802940825
0,1,0,2.78914211195774,50.1369914193791
0,1,0,2.57197492161404,16.7981012679861
1,1,1,3.00191130977492,19.3614746379892
0,1,0,3.07302458638857,1.06297637587068
1,1,0,2.60211276477877,9.98841386325375
0,1,0,2.78329138291828,10.5756841824732
1,1,1,2.91428823930062,21.1364902592629
1,1,1,2.66772991978028,18.8480574696463
1,1,0,2.69266718180449,22.9127444746466
1,1,0,2.59533297099843,20.3732918173998
1,1,1,2.89502456814905,-9.91555742782976
1,1,0,2.50682913725686,2.3787313214212
1,1,1,2.84263666126359,7.44934090676156
1,1,0,2.61458322544902,10.5225827581097
1,1,0,2.79307262788786,32.7926974959477
0,1,0,3.39081384901617,31.5071312746689
0,1,0,2.73158618374603,-4.40575488867909
1,1,0,2.66630222651195,18.4766354044707
1,1,1,3.46360191025223,3.04322955899551
0,1,0,2.56826315518242,8.62421731185921
1,1,1,3.18477628997663,42.0574478040102
1,1,0,2.75036829451779,-6.50293043397196
1,1,0,2.56815373791935,32.4124826924188
0,1,0,2.72522081020197,40.3989426558203
0,1,0,2.27233206918127,16.1172989336206
0,1,0,2.99568549379873,42.6379134459612
0,1,0,2.93742882936828,24.4756318575519
1,1,0,3.63654483160226,39.0936879248824
0,1,1,3.27292239937305,22.1149908411546
0,1,0,2.21813418522492,16.4693712310125
0,1,0,2.85604982579835,32.389667403563
1,1,1,2.47483617098399,-18.9756646525013
1,1,0,2.90806376055687,43.8187533723355
1,1,0,2.66609489574052,17.3434789915144
1,1,0,2.47501427156176,29.4405821813141
0,1,0,2.66638160009712,10.4489085979103
0,1,0,3.48753576487684,21.6579442755177
1,1,1,2.94316964194233,-9.00477971681651
0,1,0,3.0299695588644,42.2782722672665
1,1,0,2.58387513906835,11.7472816917901
0,1,0,2.31141119355141,21.8994367332758
1,1,1,2.83587388994804,11.4625099637114
1,1,0,2.73191805487393,32.3933289618156
1,1,0,2.63017943002287,3.68029419438959
1,1,1,3.19548722421823,3.91561732472372
1,1,0,2.71150468222477,2.49483707296131
1,1,0,2.876380518004,17.2840082339156
0,1,0,2.9504728256063,22.1671727352883
1,1,0,2.36903712337927,31.9100401814097
1,1,1,3.56698867918832,-16.5867223130933
1,1,0,2.53031169659717,20.5731483198144
1,1,0,2.89749923561445,34.2597838853463
1,1,0,3.1120838406952,-2.94364800990342
1,1,0,2.61550845704635,29.4083816527096
1,1,1,3.04294854399261,11.4803495919037
0,1,0,2.6750741879234,48.7824753917471
1,1,1,2.84175662573805,30.5061723859692
1,1,0,2.66282602044157,-9.18187549857735
1,1,1,3.07265506287586,27.6610680046291
1,1,1,2.45843743936449,7.91276419172569
1,1,1,3.15925359423466,20.2475546520979
0,1,0,3.17567158867469,0.874369789006305
1,1,1,2.55200989266749,18.2649863815219
0,1,0,2.4987463282731,6.87121685348843
1,1,1,2.59196901579775,19.5563602110432
0,1,0,2.51556345475935,7.3596610603117
1,1,0,2.70259238938955,5.10726028872424
1,1,0,3.20095333511278,9.75210004520557
0,1,0,2.89139320787322,40.8302041873681
1,1,0,2.71848165107068,28.8663110575224
1,1,1,3.58982573091731,3.87898991298923
1,1,0,2.90611185649875,15.5596518252647
1,1,0,3.03332692963036,26.8100169822086
1,1,0,2.65258330197194,44.5536482354347
1,1,0,2.55458968126263,34.575114484539
1,1,1,3.19055864240947,31.1561647207612
1,1,0,2.4785148128325,10.6232621841882
1,1,0,2.10312049064589,21.6663166643322
1,1,1,2.94353679785966,35.3835412799092
0,1,0,2.49016743051122,19.1401797303452
0,1,1,2.53900896234644,6.77313582228874
1,1,0,2.97611250151449,41.0968747629998
0,1,0,3.0520620368696,16.3560431270085
1,1,0,2.06564502347469,1.96802316792296
0,1,1,2.64537165294534,-2.36803894359701
0,1,0,2.85081934599868,18.3687567269293
0,1,0,2.76747305100539,31.8256484534571
1,1,0,3.32437739265956,16.3276050429904
1,1,1,3.31454778279339,35.8590362242827
1,1,1,2.89827870271546,34.5944666303946
1,1,1,3.27327830272327,13.919899343434
1,1,1,2.97787257344865,-9.3252350835783
0,1,0,2.21461125583927,14.9369058058138
0,1,0,2.28880023837197,15.7576565729196
1,1,1,3.65812575713392,-4.07878537831028
0,1,0,2.3575648179094,31.2749270166431
1,1,1,2.78736950933083,12.3642293928932
0,1,0,2.06069980438631,22.7568690940341
1,1,1,3.03146866675108,9.52500337053035
0,1,0,2.21758857828593,-0.589663042975982
1,1,0,3.07823600188268,24.9893094020349
1,1,0,2.39137632316604,20.2795079414029
1,1,1,3.04226200502723,-13.73030179303
0,1,0,2.71158025050432,18.6096892902173
0,1,0,2.53017211135284,18.0832806415215
1,1,1,3.8770151783621,10.2714756712468
1,1,0,2.73565677745621,21.7534547653804
1,1,1,3.30642665103881,2.30528645747665
0,1,1,2.63686466206167,0.809212248807752
1,1,0,2.32431525542195,-4.27093709189765
1,1,0,2.89119626979054,6.3931247952221
1,1,0,2.73721343142419,4.50928867405963
1,1,0,2.61498305276661,0.0801583965707628
1,1,1,3.33079156559927,-13.2163341989765
0,1,0,2.52948735667544,34.4074412416587
1,1,0,2.69652512106675,33.6214994414556
0,1,1,3.246478232782,-6.73349830606668
1,1,0,2.75363132292732,34.4673937112819
1,1,1,2.82207341984283,-11.4345718993433
0,1,1,3.65212347521137,-4.72570173100703
1,1,0,2.78209083060452,13.4573095266859
0,1,0,2.44653041548653,15.3182474763594
1,1,0,2.54641503127197,27.7418728273506
1,1,1,2.99317094438963,8.89104338673404
1,1,1,3.13211821010349,30.8856162733632
0,1,1,3.09254364059093,28.0671933312775
1,1,1,3.52572573554996,17.5723130474932
1,1,0,3.10859991601158,32.2367979144905
1,1,0,2.73777533929041,20.2661193731186
1,1,1,3.61818567408497,8.76619045833449
1,1,0,2.52384245494989,-11.3520477001011
1,1,0,3.17055630979352,35.817837679485
1,1,1,3.37893348284429,27.7109605151621
1,1,1,3.26639669972413,28.3516637985089
0,1,0,2.62865570587791,49.4389572632191
1,1,0,2.56074488499219,-7.34659346896011
1,1,0,2.05784258933118,22.2065592158848
0,1,0,3.13361788794146,38.6292106696241
1,1,0,3.02960936048288,6.63575295417661
1,1,1,3.20014983798496,33.1067541048928
1,1,0,3.03671200001724,-8.2307211959378
1,1,1,3.71715397465904,12.8463632344433
1,1,0,2.15311876965807,18.9336484204987
1,1,1,3.11065222626643,-19.1342388950419
0,1,0,2.30715448932438,12.273097182915
1,1,1,2.98438277158125,6.42194031689042
1,1,1,2.77872356636721,3.94244671985184
1,1,1,2.85423210857083,22.1491403523639
1,1,1,2.65984130673749,8.43259563057346
1,1,1,2.97073666302496,27.6541380306634
1,1,1,3.14449815859658,42.307114888131
1,1,1,3.16000222613195,23.364247540571
1,1,1,3.1150169552417,9.5958657661173
0,1,1,3.01939787458292,26.5279650507363
1,1,1,3.13646877479637,24.3295478486966
1,1,0,2.85383236704581,36.6511747777465
1,1,0,3.03770915929986,14.1317231805341
0,1,0,2.7387301829625,40.9331464483724
0,1,0,3.12863855988963,21.4247307357434
1,1,1,2.58995593397594,36.8717997321845
1,1,0,2.78201574315557,19.8986961826346
1,1,1,3.29662778697582,39.5057404601055
1,1,1,3.79324310393327,-4.12455397802697
1,1,1,2.60795133684045,-2.96402476418947
0,1,0,3.0044447582836,39.6495666826386
1,1,0,3.43666836011953,24.9660103215787
0,1,1,3.16950491708713,32.4295929020027
0,1,0,3.02705062836105,34.9699087136988
0,1,0,2.07476124638653,12.2259840963492
1,1,1,2.9597663275638,25.7294860002794
1,1,0,2.43448953380355,19.9383587245392
0,1,1,3.2126965473962,30.8200178472635
0,1,1,2.93225858185312,26.1498822694952
0,1,0,3.5615182321448,36.8107884027696
1,1,1,3.31697851949668,20.3553364014729
1,1,0,2.51566113261757,14.8147349145642
1,1,0,2.63716900109288,24.8845971368367
1,1,1,3.36861776806525,18.770166946836
1,1,1,2.94186218265435,19.1628796798275
1,1,1,3.22778313553271,22.8116416113302
1,1,1,2.5692848655641,3.8770859022822
1,1,0,2.79815350436593,9.2077657496072
1,1,1,3.85493070351223,10.5328479579504
1,1,0,1.96337847769562,30.830535648024
1,1,0,2.71443136851547,13.5972261362773
1,1,1,3.12054127833908,3.64126868184944
1,1,1,3.62995229987711,6.68671156544754
1,1,1,3.05039738270167,-6.1137061359209
0,1,0,2.96050204030917,44.9749276771785
1,1,0,3.05272582240649,29.3446680858011
0,1,0,3.06839540255778,1.06572799074098
1,1,1,2.63101209737095,20.7094562117032
1,1,0,2.90075510361695,15.9126488054845
1,1,1,3.05767999093143,13.9857328117759
0,1,0,2.18157024088344,18.5209625516666
1,1,0,1.96331569972791,29.1687278736472
1,1,0,3.38789083036522,2.58838989121288
1,1,0,2.27312674616494,2.92661649137498
1,1,1,2.7929736433325,-4.77515795552265
0,1,1,2.89498754575133,18.7956231478743
1,1,1,3.17162380595179,29.7792118947004
0,1,0,2.28687369916469,0.961552225891925
0,1,0,2.93736096146399,11.1802524873168
1,1,0,2.61477014509041,34.3468492956006
0,1,0,2.92678341644162,0.76850165966524
0,1,0,3.10932805420202,24.0024969811921
1,1,1,2.94312987766717,7.36524659362714
1,1,0,3.31540991441504,20.6137060458668
1,1,0,2.94192638308704,18.7828038137782
0,1,1,3.22528969585967,35.4363948851131
0,1,0,2.70587239857944,26.3487634095211
0,1,0,2.85525737804195,28.3742445963331
1,1,0,2.25506160464146,32.8499246240035
1,1,1,2.62589414741886,6.07331547815452
1,1,0,2.46157383769834,33.840926762781
1,1,0,3.21502552161646,13.3896652488116
1,1,1,3.00862303036489,29.6264035172047
0,1,0,1.70230384240493,25.2516509475072
1,1,1,3.09360011480442,17.7041083219478
1,1,1,3.20562107926095,-4.73057910111342
0,1,0,2.10184755778396,24.153566350032
1,1,1,3.6071537981297,35.719607221439
1,1,1,3.59719266842377,21.2670910105185
0,1,0,1.88953872216489,30.4391579461496
1,1,0,2.44338459739951,44.085049948467
1,1,0,3.29259911611966,-3.29938424155664
0,1,0,2.69721974046935,27.485661070794
0,1,0,2.97671233110026,42.6914379928693
1,1,0,2.83549527742304,30.8905698816114
1,1,0,3.03739345202774,19.8442132141636
0,1,0,3.21972381435667,16.6686036743013
1,1,1,3.3369550608827,13.5975341768955
1,1,1,2.92075068038945,-10.1972088768833
0,1,0,3.25170663213939,33.8413416946345
1,1,0,2.34474556972931,25.347756676081
1,1,1,2.50836228623369,11.2224501232881
1,1,0,2.71250825815202,26.2374351909027
1,1,0,2.28751100757345,51.2406770003262
0,1,0,2.65308121332094,22.8697961522594
1,1,0,1.91395161708171,38.8449208749773
1,1,0,2.68340228087777,21.8222719938905
1,1,0,2.85652863100779,15.5981110623226
0,1,1,3.1582514722849,2.2105798302996
1,1,0,2.68968157586969,13.1221447791788
1,1,0,3.07868400859361,-11.4968567212816
0,1,0,2.86280936850281,39.1703519913179
0,1,0,2.80988387804139,21.6933364977708
1,1,1,3.52312851727475,23.857423427367
1,1,1,3.4459382253473,3.80931173398286
1,1,0,1.90266772356996,37.156480858462
1,1,0,3.05030699683685,31.0860331063692
0,1,0,2.3850102880118,19.0805650137216
1,1,0,2.74975918253894,22.9506666445245
1,1,1,3.50115303841558,4.80677596182596
1,1,0,2.34893570859695,27.3795001860411
0,1,1,2.66566618941294,30.0361617241526
1,1,1,2.67398876547903,7.57980521921838
1,1,1,2.82357765942351,22.1624498913103
1,1,0,3.25253892691052,26.1171412679771
1,1,0,2.4228848495774,32.5052162208855
1,1,1,2.99334656756997,19.5579857486963
1,1,1,2.76674269030675,-10.3117367331268
1,1,1,3.22652960849448,16.6458997073049
1,1,1,3.05182418781236,0.316584655312344
1,1,0,2.68246924022283,29.6402130971889
0,1,0,2.79880065939265,46.1255607627973
1,1,1,3.45917716286981,33.6826880649315
0,1,0,3.4050190265308,18.4853681330648
0,1,1,2.52380744595447,35.2923291463424
1,1,1,3.14490481895828,-5.84623206267122
1,1,0,2.24597368669251,17.1277322660334
1,1,0,2.81641790605371,24.431742861773
1,1,0,1.9785049301503,9.10810900820271
1,1,0,3.1080975989762,5.3063328254254
1,1,0,3.51921429951292,10.2310290785157
1,1,1,2.76210224430659,32.409235825364
1,1,0,2.61189822064504,42.6476093588722
0,1,0,2.40411350747099,23.4452507342934
0,1,0,3.47047461398605,32.0471109834558
1,1,0,2.84615301963338,12.9034452186567
1,1,0,3.20796122483529,11.1429345405925
1,1,0,2.76105436718904,31.032864364288
1,1,1,3.03079895797732,-1.07610474970543
1,1,0,2.55853319046675,25.1219755326394
0,1,0,2.60523806042044,20.1071452299449
1,1,0,2.43765949728791,51.5355551370923
1,1,1,2.99059422098496,18.4363137131561
0,1,0,2.76878716402802,39.2773003463731
1,1,0,3.06496278458019,41.0358065333856
1,1,1,2.59946649364758,28.0902330246316
1,1,1,3.33386655132083,51.3915467052837
0,1,0,2.32787387456284,12.3497200267244
0,1,0,3.79503582630845,33.6419954819371
1,1,0,3.06039479098953,21.0999050405466
1,1,0,2.27552795918919,4.38322991182338
0,1,0,2.25644967076998,22.8290939048059
1,1,0,3.13383206449216,32.642005810568
1,1,1,2.79902959865972,15.337729374492
1,1,0,2.66222785310629,-4.67291061341011
1,1,1,3.15874626378549,33.5981855771834
1,1,0,2.01292623065304,8.80827480827663
0,1,0,3.24183977659508,50.1849685427867
1,1,1,2.82449830246557,10.5794837462387
0,1,1,2.90651835071208,6.07404816322742
0,1,0,1.94572532251394,-0.329207937048913
1,1,0,2.47260379895153,47.4935236811326
1,1,1,3.22064000667563,33.9633764534137
1,1,0,3.02685330068729,32.3468930387443
1,1,1,3.20677311447412,16.8525980628414
0,1,0,2.40355182499534,22.7541170663181
1,1,1,3.12020544893006,32.3726440430583
1,1,0,2.38121676371274,36.0154125500495
0,1,1,2.85525932318837,1.67690952720271
1,1,1,3.41560793870116,1.62711102285989
0,1,0,2.70302397308549,-12.9219102310973
0,1,0,2.99244851700223,31.1002283062109
0,1,0,3.11157513344885,15.1024040194254
1,1,0,2.14659355977582,5.9110143115035
0,1,0,2.82959756770605,24.4522594497773
1,1,0,2.73895870744477,8.85075884623948
0,1,0,2.8090177693229,40.8284348241975
0,1,0,2.5341909443682,43.325492856438
1,1,0,3.3256986255334,18.0940105276029
0,1,0,2.69523388098492,23.4336185931289
1,1,0,2.77903495938102,22.6731628099113
1,1,0,2.86806081205683,4.15285530188138
0,1,1,3.14920359246176,37.7248733303176
0,1,1,3.07016678050369,13.6760693375886
1,1,0,3.39806616568919,26.0108890999118
0,1,0,3.11647580472978,29.2847136308208
0,1,0,3.20454134895023,18.1541201771687
0,1,0,2.86946797063333,-0.11493041656917
1,1,0,2.7839364497347,36.1506302806981
0,1,0,2.52041513789646,9.61615468216876
0,1,0,2.60475327229128,14.1071587955892
0,1,0,2.13507687463582,-7.93929313521912
1,1,0,2.18471954573095,24.8398010156557
1,1,1,2.81416828919653,24.1177886715007
0,1,0,2.85331737522579,-0.812934260050408
1,1,0,3.08562195137039,-10.0404348106804
0,1,0,2.77618168395143,44.0595159785469
0,1,0,2.18599413609548,12.2180578450744
1,1,0,3.1407253534003,-9.30998118806058
0,1,0,3.70808455224794,45.6261956058384
1,1,1,2.73107462211944,19.7310052365297
0,1,0,3.05342254368835,50.3093570021647
0,1,0,2.46265423264727,19.8537503158084
1,1,0,3.10229459710384,10.1954366607672
1,1,0,2.05037899986241,45.9089912700477
0,1,1,3.18801507570687,12.7585950417547
1,1,1,3.06386412870149,14.3904821951762
1,1,0,3.30455751781242,37.8510408876731
0,1,1,2.57810486432867,14.375217744113
0,1,0,1.80021138985239,13.2347315135429
1,1,0,2.41234714548744,9.78728633269584
0,1,0,2.32513568912657,21.8012480550544
1,1,1,3.43387956100679,-4.49292510770863
1,1,0,2.76681874175664,36.1797273633689
0,1,0,2.961323058037,20.9367053001532
1,1,0,2.53152759199891,38.495208513197
1,1,1,3.17738130996308,15.6614611662105
1,1,1,2.98624644525004,-5.40164140382062
1,1,1,3.03325312845015,13.1213431959597
1,1,1,3.48357047342073,8.2243910710155
1,1,0,2.54494925341173,9.92930334729302
0,1,0,2.55218704854549,14.0184226061419
0,1,0,2.35004778504885,14.9130449082108
1,1,0,2.20396283712503,26.482534511748
1,1,0,3.13904579427223,36.6264193347897
1,1,0,2.9218435207756,8.74050892887481
1,1,1,2.90444516396583,0.685963174558353
1,1,1,3.17792360463435,12.3145411111152
0,1,0,2.78238157177012,27.0001117233137
1,1,0,2.22975223127135,-1.94081426391727
1,1,0,2.90817907572747,6.90494487077869
0,1,1,2.73067436704589,23.2838014716722
1,1,0,4.06034969456588,48.1702850008244
1,1,1,3.13004832971768,-2.42127583086549
1,1,0,2.68108034435718,9.06520012639579
0,1,0,2.59610940882068,22.1167871524618
0,1,0,2.24130099679165,33.7391410141531
0,1,0,3.39779097261667,50.2379287917539
0,1,1,2.85076475061125,12.4320634653948
0,1,0,2.31098088570426,32.3958695511201
1,1,1,3.46901607460206,13.9297169955568
0,1,1,2.72561268098542,21.170674960373
1,1,0,3.27676277514159,-6.25781801215744
0,1,0,1.99832461296457,14.7886079974161
0,1,0,2.77365597708866,36.3279524024123
1,1,0,3.15377772121664,28.3316633822835
1,1,0,3.16437810109509,20.7877702795998
0,1,1,2.85697178314552,15.4339859936021
0,1,0,2.638778464998,11.4291272780152
0,1,1,3.00803145470799,-2.31470475597981
1,1,1,2.69364000681456,30.0231205739712
1,1,1,2.73818664986593,26.3289426527791
0,1,0,2.99047560676659,35.1924413095351
1,1,1,2.81953136932998,36.6727530759805
1,1,1,3.85296102543192,12.9479798975536
0,1,0,2.47426707311848,47.3170763623081
1,1,1,3.22964076026083,11.2466629526591
1,1,0,3.07844998248254,26.3542082607772
1,1,0,2.8784304570454,29.1260346176825
1,1,0,3.13402411505638,33.5051843399319
1,1,0,2.77121658017364,27.6837688575675
1,1,0,2.90028175219277,6.66549446274264
1,1,0,2.87687563274043,18.4518731700574
0,1,0,3.1590990135469,21.9539001858112
1,1,0,2.31306932895609,51.3848552623041
1,1,0,2.66865096785027,-2.87243329120342
1,1,0,3.42715467610528,-10.536885307873
1,1,0,2.56021028221686,22.0867109833399
1,1,0,2.88831462561193,15.7920929385906
1,1,0,3.01009797580089,34.2047416724422
0,1,1,2.76204532713368,30.2049095828496
1,1,0,2.18481852094847,47.036272842653
1,1,1,3.39432966849408,-5.70890658232848
1,1,0,2.5639865760392,12.2885821823997
1,1,0,2.5694916068312,24.7160040124276
1,1,0,1.97016058667422,15.6794273056656
1,1,1,2.94482190012289,-6.6669837353569
1,1,1,3.39881541256936,30.8291561629277
0,1,0,2.82879212467077,13.0448666809958
0,1,0,2.03021153939927,21.1511004387089
0,1,0,2.50035076714663,9.05425638131503
1,1,1,2.87436641422199,31.0556039781457
1,1,0,3.21015052936029,18.3127564747579
0,1,1,2.99751010068472,32.8426787410683
0,1,0,2.62225465898399,21.7595486912716
1,1,0,2.6682317045515,34.8918516688304
1,1,0,2.33201489611804,32.984219322965
1,1,0,3.03207727779028,39.8966475419485
1,1,0,2.52992607730685,29.0092001586066
0,1,0,2.40423598830992,-4.44255058059108
0,1,0,2.72930194682879,48.1914005288571
0,1,0,2.87528683422301,0.56814831863522
1,1,0,3.02631040925505,31.0353675110918
1,1,0,2.54997770768504,7.62147227306517
1,1,1,3.62977320808242,14.0368558247242
0,1,0,2.25112676556781,25.8380422018699
1,1,0,3.08776694940539,14.8609027044677
1,1,1,3.1432367824395,-4.36644917579038
0,1,0,3.24210288690503,25.7416521194958
0,1,0,2.49144514993038,25.4022648936874
1,1,1,3.39169610066801,18.3610085877804
0,1,0,2.25811045875217,31.1612269265745
0,1,0,2.58530525764803,12.2049739742192
1,1,1,3.17776829798106,26.7428570271403
1,1,0,2.76053634971003,18.7828543105626
1,1,0,2.52570238923737,16.3753056064401
1,1,1,3.61314298333358,4.34110793624989
1,1,1,3.10777172936009,19.1877101590833
0,1,0,2.31806984139633,43.0414572899466
1,1,0,2.84618411867948,28.5753914380077
1,1,0,2.89290506018505,24.0325037566718
1,1,1,3.26213335325317,-9.96940194214351
1,1,0,2.27810761690599,-1.03563040574782
1,1,0,2.51620961160932,3.78542721383527
0,1,1,3.05726572822765,4.85185896346574
1,1,1,3.01493887778178,11.3604131369326
1,1,0,2.99962712193034,7.09266707073879
0,1,1,3.32011402776722,21.4504873110482
0,1,0,2.85521802181735,35.8448646634215
1,1,1,2.82070101585126,-8.98013977170735
1,1,1,2.83319517853449,-15.8376532631671
0,1,0,3.60774633009791,25.2971229681458
1,1,1,2.42037583599712,27.6483676313445
1,1,1,3.09192821846469,22.2142675391187
1,1,0,2.59414775383529,2.39736346049608
0,1,1,2.8553064712468,30.9014910593705
0,1,0,2.22629244460371,18.9586351910259
0,1,0,2.88217723433398,-13.7949281655407
0,1,1,3.38036262412503,5.36961448918688
1,1,0,2.9528286449051,-4.42833786972909
0,1,0,3.21836587626405,29.7173782686982
1,1,0,2.47398006500822,5.64109222007212
1,1,0,2.05406510803457,6.61898476418644
1,1,1,3.39125337932877,43.2453492644581
0,1,1,3.42856681159487,26.688204785746
0,1,0,2.78074660367247,8.17328243049821
1,1,0,2.53206950812897,13.5016200661683
1,1,1,2.8731149485879,7.45118018833254
1,1,1,3.13169272071092,7.57037039414897
0,1,0,2.676292347291,42.2651103156375
1,1,0,3.06023548108554,23.3598958757926
1,1,1,3.44980127742183,18.6520626270282
0,1,0,3.0889152336307,30.4430730726945
0,1,1,2.42411896855447,39.3881787560227
1,1,0,2.69216898756934,1.35304493285227
1,1,0,2.70808634281086,3.53056657778179
1,1,1,3.56073231177789,19.6704297581634
0,1,0,2.73632504540514,41.7778427603418
1,1,0,2.84370759356149,8.5664929035154
0,1,0,2.64579027474904,14.3812414158461
0,1,0,3.92286426030456,10.6592515226949
1,1,0,3.26953365868696,23.9440126358601
1,1,0,2.20752430870511,5.21188631953703
0,1,0,2.64842196263061,29.9148952331331
0,1,0,2.86874684303215,-0.789987404031983
1,1,1,2.57096985078984,-9.1776965181439
1,1,0,3.15746402453362,12.5820406446316
1,1,0,3.24116856238597,23.860228184318
1,1,0,2.76230358625067,13.2999120466423
1,1,1,3.1485075131376,21.8174253927461
1,1,1,2.98781507241455,-3.25307576827801
1,1,1,3.60088921390655,25.804360479722
0,1,1,3.40846937306851,24.9960501461735
0,1,0,3.12961115235227,39.2447982358033
1,1,0,2.68348398201843,24.1986559079047
0,1,0,3.26132432311584,4.3749238473942
1,1,0,3.11565169939631,40.7537351376547
0,1,1,3.10475102950407,19.3211240256265
1,1,0,3.34154232774786,11.9233662515619
0,1,0,2.76248276223554,17.8071585334587
1,1,0,2.20789018203479,-2.01822876069865
0,1,0,2.23479775049073,-4.08231995277198
1,1,1,3.30926782134139,6.00387782416125
0,1,0,1.97720822725298,52.1190979997059
1,1,0,2.96987370444881,-0.032549947594994
1,1,1,3.52901677155415,8.20041012470948
1,1,1,2.2265983628428,-11.9143663234394
1,1,0,2.81323486380858,26.5525756748279
0,1,1,3.39417827233205,13.2655525225502
1,1,1,4.13988264403383,24.2059936729225
1,1,0,2.94709410544173,16.7424970984036
1,1,1,3.0176384219322,10.2323220794934
1,1,1,3.34176433352228,35.4360910249532
1,1,0,2.76241371570061,43.5668087935752
1,1,1,3.01720297683677,10.1148710583445
1,1,0,2.84531023194031,8.89783171384457
0,1,1,3.09934320492448,24.5562093508365
0,1,0,3.37157132836256,28.0191750003897
0,1,1,3.42722810080484,-0.0343149576715618
1,1,1,2.80262493022664,13.5952039879133
0,1,0,2.76672881224942,17.8729486015948
1,1,1,2.61791677190036,22.1435280871127
1,1,0,2.23912000559452,16.633500374834
0,1,0,2.5855351325507,5.64965743407407
0,1,1,3.54201955873077,19.5928279346359
1,1,0,2.86879762953605,12.2076606094482
1,1,0,3.23311245225326,17.655087058831
1,1,0,2.71022677850061,2.4342402061068
0,1,0,2.75570038919838,21.9495198585305
0,1,0,2.64043943062284,25.1139968772349
0,1,0,3.0986128557652,17.4546759777133
1,1,1,3.88214195210392,13.2652375879968
1,1,1,2.91131072013475,0.60760442666146
1,1,0,3.4364095092192,18.9682719474813
1,1,1,2.95794046390561,-10.2994755743508
1,1,0,3.19402109742638,42.8804539985474
1,1,1,3.48290846936429,-4.64747124962289
1,1,0,2.68370128956692,36.660491910167
0,1,1,2.89726657831713,30.9648325384085
1,1,1,3.46722561820678,25.8518645650201
0,1,0,3.50085686284139,10.7817907294924
0,1,0,2.77687657951172,31.5253208746656
1,1,0,2.41268534129887,34.4044584947529
1,1,1,2.88040184346676,7.73865894185352
1,1,0,2.26336440106737,15.2541957595495
0,1,0,2.49752213886743,7.59207057161068
1,1,0,3.15439195146937,20.5023197715497
1,1,0,2.79801771066864,40.8749872455801
1,1,0,2.9649360074642,18.239369250796
1,1,0,2.48331750454493,5.96242087974924
1,1,0,2.82577639490838,3.34451984434082
0,1,0,3.22020528263609,43.0697801637677
1,1,0,3.05760789574664,17.4530069797937
1,1,1,3.50187638499611,7.5295287841875
0,1,0,2.85610604716588,10.9863823250647
0,1,0,2.61432712368642,17.711347272831
1,1,0,2.75075206396501,13.9636007487629
1,1,1,3.24082255718288,-0.747711178351413
1,1,1,3.38879130331869,23.4916732692571
0,1,1,2.52070161991788,38.5889737560586
1,1,1,3.55855880168523,23.0920451847287
0,1,0,3.18108182365496,11.4048022307142
1,1,1,3.42711111607126,-4.3751434755527
1,1,0,2.33370682820439,13.3092403174231
0,1,0,2.68392756984961,30.5565151120511
0,1,0,3.14409989465251,51.1371299773528
1,1,1,3.15846774745086,25.2739960704626
0,1,0,2.69526575583142,21.3123665306768
1,1,1,3.14638521800604,13.9770699991803
1,1,0,3.04049858832769,21.6865329210858
1,1,0,2.54710215949166,38.7393264794243
0,1,0,2.27305490397016,39.43709459075
0,1,0,3.15386254154023,38.808250315973
1,1,1,3.20027082577159,35.7936672560508
1,1,0,2.69294037768453,16.183665527568
1,1,1,3.46102422396516,13.1694961073318
1,1,0,2.44984249026065,11.5827768392085
0,1,1,2.94948084486424,29.7157131454016
0,1,1,3.60560659052563,9.82919131914316
1,1,1,3.76084027721154,20.627791994351
1,1,1,3.57470336005088,20.9930235423728
1,1,0,3.0937784356611,31.727550449943
1,1,0,3.00492211927273,15.4935298971844
1,1,0,2.80210958442906,38.9991179982296
0,1,1,3.21977913574349,11.6744436521018
0,1,0,2.93845889828169,43.5828479838081
0,1,1,2.85057548975891,9.32286236993885
1,1,1,3.62745471426898,40.0649224505191
1,1,0,3.50112409671453,11.5189646564601
0,1,0,3.24235535634014,33.9246318911224
0,1,0,3.15336648227628,17.8584772927358
0,1,0,2.81710961229596,35.1960322953253
1,1,0,3.50156894338237,38.1260090571998
0,1,0,2.53867764375244,31.9302047575433
1,1,1,3.13764760999248,5.21805381495102
1,1,0,2.11357552572014,20.5702450008692
0,1,0,2.76135397473442,1.23947542025386
0,1,0,2.70306737091544,50.413633677027
1,1,0,2.50040127201678,45.4948111209184
1,1,0,3.32709622123558,38.4121142139433
1,1,1,3.401615774136,31.999153374244
0,1,0,2.75013901028647,16.2315786340898
1,1,0,2.6545054189403,-0.188518433029188
0,1,0,2.11610987999888,2.22708169959549
1,1,1,3.14596988385284,11.3444142531342
0,1,0,2.4397362621185,6.43211389894093
1,1,0,2.54635936747634,36.8448435403471
0,1,0,3.49994620008454,31.6555404059218
1,1,1,3.38115652167979,29.5266042137162
0,1,0,3.25789109231364,35.6427753296145
1,1,1,3.28719126656206,18.6096245584072
1,1,1,3.04302052079166,-18.3917693085636
0,1,0,2.56809244542936,50.948528113195
0,1,0,2.70327401714554,18.0955234576061
1,1,1,3.09339836272228,4.65817141233065
0,1,0,2.4214836228844,26.1754307487091
0,1,0,2.76775057518496,38.8008216575565
1,1,0,2.9087744260707,12.258259140121
0,1,0,3.15705955984662,32.5128605577482
0,1,1,2.44166786635142,-13.3500508966938
1,1,1,3.28356176907956,-19.094941450535
0,1,0,3.14388787026152,18.8230402575086
1,1,1,2.6712917883661,18.2847796895327
1,1,1,2.07619961857208,1.97522187111878
0,1,0,2.37708386523001,36.4208739046246
0,1,1,2.97029672434317,-3.0186616780597
1,1,0,2.60381294104297,32.6578306324507
1,1,0,2.79592577996409,20.6029497526247
1,1,1,3.66635171867959,36.8463410154764
1,1,0,2.55652210989121,29.4166516100183
1,1,1,3.05990479450203,10.5797898780431
1,1,1,3.08330347121158,21.9202527346319
1,1,1,3.41694661555476,18.9841536719986
1,1,1,2.66395435990618,-1.01979871808098
1,1,1,2.91606713446132,43.5087557160924
1,1,0,2.72261094968588,38.3380268888529
1,1,1,3.41081667598445,-5.24589711347306
1,1,1,3.7680117852077,20.2710157051901
1,1,1,2.43144532961464,-4.64196633594852
1,1,0,3.05221452156015,39.2149284134615
1,1,0,2.97908001261259,28.0791589180333
1,1,1,3.10408776819992,-10.4028798627834
1,1,0,2.46734275909706,17.9181084529796
0,1,1,3.38032516998732,-9.95411756942742
1,1,0,2.484650118523,-4.18048642263172
1,1,1,2.20978495225014,19.5876795712466
0,1,0,3.58816044873793,13.4618614824613
1,1,1,2.77430266633163,44.2366754174378
1,1,0,2.07206265764867,5.48687357149134
0,1,0,2.58524551457448,18.6485458284594
1,1,1,3.30487672024774,23.0921201445156
0,1,0,2.80872956218695,38.2104426187497
1,1,0,3.456595523116,41.566107869849
1,1,1,3.19414733229908,39.704382054083
1,1,1,3.54712302770645,22.1917333792481
0,1,0,3.11024068874233,21.8873292250451
1,1,1,3.13563338681173,11.1472703778055
1,1,1,4.00395609731718,35.0423368288034
1,1,1,2.77531568037161,22.7927816041115
0,1,0,2.64689068255607,45.5555406339601
1,1,0,3.26323503176705,7.25751767021297
0,1,1,2.9425299048766,20.4059321704767
1,1,0,3.02242881505846,8.28527595461315
1,1,0,2.905659794638,-3.32174342141248
1,1,0,2.76181697260823,17.7797799564559
0,1,0,2.55562616854321,40.4737386890312
1,1,0,2.53443482506036,14.0558611481618
0,1,1,3.73341437078202,38.0421092638279
0,1,0,2.3061099802877,25.4347692382226
0,1,0,2.92444673819726,17.4423871332794
1,1,1,2.20830243686825,5.5313576698418
0,1,0,2.76367539082619,39.1030150128821
1,1,1,2.80662059899414,-1.47295574781898
1,1,0,2.94380744852056,22.4358715684365
0,1,0,2.63173924374977,13.9414590726982
1,1,0,2.54645640964133,29.0207201620259
1,1,0,3.06012347996539,14.9350840703871
0,1,1,3.1828609933726,22.7549086297418
1,1,0,2.63411071909444,17.4038357015284
1,1,0,3.25937689468542,3.31896017898561
0,1,1,3.47106042580827,39.2269575493153
1,1,0,2.8273893066247,-4.54111630780147
0,1,0,2.18291770176457,23.8709105763845
0,1,0,3.16648902746809,16.437240826576
1,1,1,2.90755709796173,31.4073641704153
1,1,1,3.7225985561379,-1.35930276227847
1,1,0,3.03805778525269,23.004955200908
1,1,1,3.19894272098763,16.1457295160651
1,1,1,2.88400862437621,36.9921369893391
1,1,0,3.01081414058875,10.6897568833727
0,1,1,3.2091861631559,41.7055598251957
1,1,1,3.06126200000397,-1.37695943157018
1,1,0,2.58110512616875,34.1297914662838
1,1,1,2.86426613243784,3.92511190715139
1,1,1,3.13221698894564,22.5407982803052
0,1,0,2.04261955290598,2.20781555112292
1,1,0,2.9872646723663,17.8324891665477
1,1,0,2.64395199904151,5.91081587743511
0,1,1,2.42392968058343,23.0090443971298
1,1,0,2.48062192967596,14.2830409218077
1,1,1,3.44310836153338,12.2356250278862
1,1,0,3.04901393811516,21.2585396449306
0,1,0,2.80160408651969,44.0200797434178
1,1,1,2.78470089322217,28.2715859543646
1,1,0,2.80691381252529,8.52028785641787
1,1,0,3.09058610835639,22.9195555818299
1,1,0,3.31863825722402,29.0788278880808
1,1,0,2.6042810279126,40.6949074153598
1,1,0,2.63944498428781,7.34720106177469
1,1,1,2.9384863527749,24.401004388198
0,1,0,2.96132352407314,-3.08762113396188
0,1,0,2.65570512114729,28.8948814725463
0,1,0,3.03578462592824,15.7597199450355
1,1,1,2.66071175637964,13.2033495003308
1,1,1,3.05299312302287,6.61368257869367
1,1,1,3.25791477449006,35.2213699411395
0,1,0,3.10070887893077,26.6504250740926
0,1,0,2.72566025914054,49.8326179502201
1,1,1,2.95162892077534,1.11754730319194
1,1,1,3.22085266668802,26.8883478352129
0,1,0,2.07542902942421,33.6394229109722
1,1,0,2.37998910455346,19.8114729738882
1,1,0,3.30496484451636,19.9233669424845
0,1,0,2.70719968476078,35.7318142480487
1,1,0,2.85530900344663,32.2185328533035
0,1,1,2.73725631070837,21.0068373212317
0,1,0,2.52703192568912,40.7962859938496
0,1,1,2.6977609434267,11.8079529299464
1,1,0,2.72473543946949,30.6569039901616
0,1,0,2.85053370972638,12.9900580541355
1,1,0,2.31769617966154,9.9898899138233
1,1,0,3.09051961494696,33.7841604989147
1,1,1,2.77374990620132,13.8924260134367
1,1,0,3.1496004813924,42.316825386165
0,1,0,2.33104789357423,36.1399732621287
1,1,0,2.42611487293375,10.7560277346554
1,1,0,2.59938231238216,35.2680891576291
1,1,0,2.30158609125591,20.7453830775045
0,1,0,2.87454991835831,28.3670153977719
1,1,1,3.89742811987156,-14.0573163273104
1,1,0,2.74556448003267,39.262094582684
0,1,0,2.8944764263275,22.921849207461
1,1,0,2.6980777809188,16.2311798435093
0,1,0,3.16571599780919,42.1123681917282
0,1,0,3.42093450097883,22.799860679157
1,1,0,2.73016360561958,22.6354462876708
0,1,0,2.0810956981029,39.0514319836425
0,1,0,2.92332086089981,22.1537843260631
0,1,0,2.2424430993268,34.307436191334
0,1,1,2.76861487365594,26.2949559892986
1,1,0,2.50763053815428,44.0353102979591
0,1,0,2.00891776305116,20.6405313643219
0,1,1,3.17877439474459,41.6716076509265
1,1,1,3.7920651920125,-11.3930670397753
0,1,0,2.64316315290067,1.0859330236173
1,1,1,3.21188133556897,22.5131635961671
0,1,1,3.28468783235199,8.30848064287042
1,1,0,3.28114431102458,-5.73413537902244
0,1,0,2.877559131247,-0.275696591027138
0,1,0,2.13776288004215,38.6328019842294
1,1,0,3.07736738174745,28.8928370800306
1,1,0,2.60042671473299,46.0694994266024
0,1,0,2.94613805782193,38.1976120507666
0,1,0,2.28966591819997,22.6486357048722
0,1,0,2.84133101109441,14.3489683211778
1,1,0,2.93948993777878,24.9434184700619
0,1,0,2.9018007979263,44.4245729973827
0,1,0,2.7628099151749,10.2681595016675
1,1,0,2.92189902523564,13.3498465098578
1,1,1,3.19599765639665,25.1182539379144
1,1,0,3.1046497592467,16.415154239479
0,1,0,2.5827929961263,5.5922287482045
1,1,0,2.52466873938942,-2.15314624913468
1,1,1,2.86251219333271,26.5466768230555
1,1,1,3.3703165053938,18.9058556898826
0,1,0,2.67160771226221,21.2101438723079
0,1,0,2.81038939629823,27.9762344658402
1,1,0,2.31391635753439,44.0776853717899
1,1,0,2.64926515366856,0.634498065820031
0,1,0,2.54055923053839,36.8519246771324
0,1,0,2.96902992969704,18.0441191627247
0,1,0,2.97962813485621,1.45329964513801
1,1,0,3.05523702798701,5.89345659106949
1,1,1,4.35349845105934,30.7448091274764
0,1,0,2.56585157455002,1.00317540815382
0,1,0,2.87216191406822,33.5155926209079
1,1,0,3.3167635251387,26.6119669797663
1,1,1,2.95443678219624,23.920590100579
0,1,0,2.48734952696912,30.5615472790225
0,1,0,2.75253396349069,12.0042933357983
1,1,0,2.59756685306469,32.7817017842523
1,1,0,3.6728529257322,15.9887299870776
1,1,1,3.35077956164616,35.0915088305335
0,1,1,2.9543868289125,7.1519804188767
1,1,0,3.25665467467337,5.10948565977764
0,1,0,2.9394447758362,34.7526674867066
1,1,1,2.98148105436522,-18.5597264077196
0,1,0,2.68632299043964,12.754850932039
1,1,1,3.28449556868649,24.8851175062633
1,1,0,2.40870905497488,22.1352625627322
1,1,0,3.00185610325645,2.39071576681016
1,1,0,2.11081954832786,40.3358542043949
0,1,0,2.95099745899921,1.70328095800067
1,1,0,2.21617092714634,34.3941053689365
1,1,1,3.22610265268994,29.6562844250769
1,1,1,2.83560676380559,0.777647103031399
1,1,1,3.31053256034048,5.47962964999709
1,1,0,2.77964259106903,48.4153324706762
1,1,0,2.34810429976015,36.4180151274005
1,1,0,2.84829544514217,11.3940229962365
0,1,1,2.84695137977305,30.2234866082978
1,1,0,2.74813488618931,4.82426574151327
1,1,0,2.46506510051227,18.458261158168
1,1,0,2.75049412964846,20.3765823702182
1,1,1,3.25911293939879,19.1552762889148
0,1,0,2.25021611007942,48.1040873913015
1,1,1,3.0842831393485,42.6867695890046
1,1,1,3.01023842216532,13.6913646845602
0,1,1,2.59468823208353,33.0523859075582
1,1,0,3.25536311419582,-3.17491816565891
1,1,1,2.65199988759039,19.7004058301985
1,1,0,2.44848690011248,8.35141180235088
1,1,0,2.95692215457886,-0.954656470086338
1,1,1,3.21256298345122,8.59388475688454
0,1,0,2.09328296472542,9.16323046603777
0,1,0,2.26333133176601,20.3485168028855
1,1,1,3.26140551362477,32.977049229205
0,1,0,2.28930039982423,32.1732638985346
0,1,0,2.3613709354339,11.8585185042979
0,1,1,2.96261828234697,13.5859196458761
1,1,1,2.67980418629571,-8.26475541309012
1,1,0,3.23422515033329,18.8873955770646
1,1,1,3.54233821403543,-5.38227407248045
0,1,0,2.43186202811081,16.3474702842998
0,1,0,2.83517778937426,44.6546529697675
0,1,0,2.10043323546339,14.8484486303234
0,1,0,2.47910160457647,44.1765859286396
1,1,0,2.71226255687186,3.71568098280609
0,1,0,3.31476279331953,29.0639824377773
0,1,0,2.5670834408435,6.57422381251453
1,1,0,2.6237282599305,16.2077922400652
0,1,0,2.72924109492922,40.3862105211238
0,1,0,2.94065874682315,25.0702671608178
1,1,1,2.77240006605437,23.0515500020596
1,1,1,3.40539290479112,-9.81810304327137
0,1,0,2.64041449022253,31.6781300177613
1,1,0,1.63738718660904,14.565977422941
1,1,1,3.11512469027083,18.7284818782332
1,1,0,3.35540906215683,20.6374855474761
1,1,0,2.38899750550909,20.2995004759943
1,1,0,3.36602215183235,-13.0886896529826
0,1,1,2.99159972861901,37.8206962266234
0,1,0,2.63529695585911,35.6805376576375
1,1,1,2.80833954648637,-14.5702245233841
1,1,0,2.38451107824434,12.7185625381466
0,1,0,2.56277618534611,18.8849185731101
1,1,1,3.20769764320961,19.2591369115087
1,1,0,2.30627016827467,-8.39893313579343
1,1,1,2.66754591751386,0.208187360451571
0,1,0,3.35773601613879,43.2491265728445
0,1,0,3.01614227995548,16.8825738387385
0,1,0,2.58071369364773,52.0619407483016
0,1,0,2.88519144141306,41.8283904330919
1,1,1,4.11427303602713,43.4016167182332
0,1,1,2.57033620488211,12.6700992987027
0,1,0,3.49015683419617,21.5472981207642
1,1,1,3.28594885340862,49.9639157816799
0,1,0,2.87518956268505,9.31833376354422
1,1,1,3.01135598877404,18.1368194441443
0,1,1,2.31631870099026,25.4591491438208
1,1,1,2.40629289676833,21.813616770358
0,1,1,3.85233449113525,35.4313081645164
1,1,0,3.10518569891337,26.6839214698819
0,1,0,2.8109271802805,15.3114730906812
0,1,0,2.32318087852405,20.7091950333702
0,1,0,2.75212430406282,48.1653587461438
1,1,1,3.31893352280831,5.25342385789929
1,1,0,3.16566588459562,25.5738631831275
1,1,0,3.0784839121194,20.6723122146941
1,1,1,3.06136777274145,18.80572334508
0,1,1,3.01432519510628,21.8307752549225
1,1,0,2.89096791769924,25.3813720983909
1,1,1,2.41062665508496,39.1451358850898
1,1,1,2.72058893244727,21.0759368999466
0,1,0,2.91707711817968,26.3556513523043
1,1,0,3.02209626843599,6.50160050311786
1,1,1,3.415010662501,5.50360407516746
1,1,0,2.73178989271249,3.97194358344438
0,1,0,2.06739601828782,36.3678639905632
0,1,1,3.04209857503637,-2.63993803903515
1,1,0,2.67767019099798,24.0307557656651
1,1,0,3.30775846506737,0.434350803478598
1,1,0,3.11720319699564,7.19299823181538
0,1,0,2.14212913748975,22.2613318359395
1,1,0,3.23243887237095,5.19617739458949
0,1,0,2.75585329287114,29.5130724138669
0,1,1,2.89820677923147,13.9570989431226
1,1,1,3.22550577346426,22.5995635804081
1,1,0,2.60446339882699,-0.671901147853212
1,1,0,2.60939679504058,24.6462612110568
1,1,0,2.7154539543716,19.1614444699796
0,1,0,2.84428708348286,27.8037455198675
1,1,0,2.91830306817634,-6.44365310759844
1,1,0,2.53883099772638,29.5383803684119
1,1,1,3.11515126250997,32.8343258097777
1,1,1,3.70525406442471,21.5396136190435
1,1,0,2.69838220969181,-2.80684206071083
1,1,1,3.51278969253913,1.95729748552037
1,1,1,3.03155502223306,3.34080335758833
0,1,0,3.13560789930498,34.5093433045465
1,1,1,3.18328744462918,5.8670181759752
1,1,0,2.96589741385727,6.11469281524289
1,1,1,2.98299746750795,9.59706766985757
1,1,0,3.38415229452441,13.7579431051282
1,1,1,2.80370561437292,28.5543892295965
1,1,1,2.92905467254224,12.8267037169169
1,1,0,3.00008056342939,24.6569172255445
1,1,1,3.81000927667226,-3.34819305847529
1,1,0,2.65912503287799,15.9794515305853
1,1,0,2.7076345338774,30.7619643236449
1,1,0,3.28063442314861,1.94326632732218
1,1,0,3.08706906050219,13.0576170069579
1,1,1,3.6491889540655,19.4043627009152
1,1,1,2.60517493562358,11.9248916954131
1,1,0,2.67303652480502,21.59069262252
0,1,0,2.77220005993385,43.4190277600701
0,1,0,3.23051812272875,28.5433402361901
1,1,1,3.60546842777381,36.2196927444675
1,1,1,2.71557453560876,-4.81949215572974
1,1,1,3.1290329632018,-9.51478575674963
1,1,1,3.18746787343342,22.4637442700949
1,1,0,2.51174845411688,24.3299317182621
0,1,0,2.7133659198969,10.2793774541781
1,1,1,3.52361467658803,14.5419683619325
1,1,1,4.16797238189997,3.21975694047443
1,1,0,2.67571259270249,8.93705085269665
1,1,1,3.51786274447547,4.03359834563517
1,1,0,3.46844840643091,-3.23410255171112
1,1,0,3.15971698823651,5.63189995976243
0,1,0,1.96974794073713,-6.92219330723226
1,1,0,2.80231042850776,16.7572872893049
1,1,0,2.42243417453444,19.7040401346385
1,1,1,3.02033758208531,34.84221054906
1,1,1,2.76167612761975,9.50613024463243
1,1,0,3.14423591427704,11.7167291846009
1,1,0,2.8504377419515,26.1069687535946
0,1,0,2.89543243653842,28.3616712714778
1,1,1,3.67880096974777,3.61098683121546
0,1,0,3.61963477342086,16.3343458300714
1,1,1,2.89895727939276,23.9545765484688
0,1,1,3.26342539280476,7.61015777459426
0,1,0,2.52739564333967,28.2102971507996
0,1,0,3.28039008244923,12.6975046587569
1,1,0,3.50469385504712,4.02548886010556
1,1,1,2.80887024889693,12.6584696176102
1,1,1,3.72382808346446,12.3351415126547
1,1,1,3.21202340352747,33.6106808137591
0,1,0,2.16202363823984,12.7333124221453
1,1,1,3.12034584823632,0.851667984675508
0,1,0,2.3963509665927,32.802736464896
0,1,0,3.1629104847501,20.4089372688619
1,1,0,2.5788798257856,17.5304155867445
0,1,1,2.98358253716617,22.2332401689319
1,1,0,2.72981155044897,34.6506932866601
0,1,0,2.89376554492744,6.99599858353891
1,1,1,3.18979733184726,21.4854342107456
0,1,0,2.87994750435214,6.45804300709676
1,1,0,2.65606969397875,-8.80563749834129
1,1,1,3.50500880325424,-11.6944372625342
1,1,0,2.90236962732188,43.93801586162
1,1,1,3.18932528579296,9.62468726515393
0,1,1,3.40259178501231,9.05932140810109
1,1,1,3.062937052026,46.3044160594783
0,1,0,3.12896292120084,-12.5283604522924
1,1,1,2.83389875972017,34.4415923905879
1,1,0,2.64634090130627,12.1405701700698
1,1,0,2.97112196162486,26.2432725142501
1,1,0,2.74086002216827,32.2186502684999
1,1,0,2.69860911829526,25.9982966927502
0,1,0,2.65295520733083,9.79802473066865
1,1,1,3.0148665964092,35.6339465498541
1,1,0,2.30631230076681,45.762882038323
1,1,1,3.08746374210706,14.6605059714857
0,1,0,2.62228115089753,28.8353419971423
1,1,1,2.99646585437493,40.0431088461185
0,1,0,2.72446607791178,15.7717922016129
1,1,0,2.40852350306733,12.7265473569236
0,1,0,2.74697662975284,26.3629758208129
1,1,0,2.61418362652025,13.5394765779859
0,1,0,2.73091737505064,45.1616343647679
0,1,0,2.21741150634282,18.0237229876034
1,1,0,3.2560609545914,21.6933812151418
1,1,1,3.06835555074762,3.5565479094175
1,1,0,2.3372898079592,50.1471151269281
0,1,1,2.93270362344526,28.7496433096554
0,1,0,2.92290133419063,51.5342519372587
1,1,1,3.51926545444477,-17.3411488887741
1,1,1,3.15593183385331,9.93158053678595
1,1,0,3.31683046056052,25.0834371207771
1,1,0,2.87663766017081,20.6727373472526
0,1,0,2.19073502715166,22.7242476158421
1,1,0,2.40800607393791,24.3843960480275
1,1,0,2.95939380967963,21.07339294509
0,1,0,3.19105006477857,15.8662188914519
0,1,0,2.22404183602729,13.6897299837634
1,1,1,3.01719522003827,33.8260950275406
0,1,0,2.78660861971468,26.5810481496376
1,1,0,2.2951648449871,37.33662045323
0,1,0,2.15607257673635,25.4391335995798
0,1,0,2.79916292104505,-8.50430572670393
1,1,0,2.11947306782157,25.8631117440503
1,1,1,3.34490729413179,14.4342659198858
1,1,0,2.88180355633831,44.4802278597607
0,1,0,2.81033521074445,46.5386447089973
1,1,0,2.84144037950337,18.5102040471035
1,1,0,3.15119599774674,43.8280455074819
0,1,0,2.40737692748047,19.5048453951092
1,1,0,2.91324406124119,3.54440166109007
1,1,1,2.04685642076197,5.26187826672184
1,1,0,2.88938140720787,3.85847928133538
0,1,0,2.75047197207783,-4.89631592352185
0,1,0,3.22485887184195,27.0943714202696
1,1,1,2.43354466072395,25.0472494380435
0,1,0,2.83632811830131,8.58396850734992
0,1,0,2.94852137967688,31.0617876419294
0,1,0,2.61118657655202,34.3528722794994
0,1,0,3.2047621826067,31.6219351149983
0,1,1,2.97115657268101,32.2345778947263
1,1,0,3.14402292196185,44.3930753503342
0,1,1,2.10558166033884,20.5373610842213
0,1,0,2.85182111370734,25.7970543300841
1,1,1,2.97820944793542,17.5244351457159
0,1,0,2.95097763210098,16.3738027367648
1,1,1,3.0753881861217,25.9492758774913
1,1,1,2.33971697409905,22.6996385761277
1,1,0,3.04168332602822,1.69351807689831
1,1,0,3.1062413648246,24.7522617187306
0,1,0,2.1330789038621,10.1418440045309
0,1,0,2.30123266755782,22.9345220584343
1,1,0,2.72976606400913,26.9721053338192
1,1,0,3.03096546027715,-11.9540556656111
0,1,0,3.09515813816647,46.5288568905872
0,1,0,2.70328789535289,36.4073954136726
0,1,1,2.89617698596221,22.5441477696789
0,1,0,2.81699599812455,30.6479991128624
0,1,0,2.69228376704838,26.5605800538312
1,1,1,2.90887470566586,-1.26951122401636
1,1,0,2.87550434979167,-2.58254264310723
0,1,0,3.28091922875482,18.9075658571512
0,1,0,2.95047097920544,0.964837314906003
0,1,1,3.07507965411628,41.2136709115233
1,1,1,2.88592959894882,16.610838060123
1,1,1,3.11073654568688,4.15204131527438
1,1,0,2.66421180824338,11.5029654877631
1,1,0,3.06140904980949,5.43107951773446
0,1,0,2.39444018255369,6.9915120570039
0,1,0,2.9928765932011,-1.13017550538676
0,1,0,2.35259923639938,34.2974176445128
1,1,0,2.3715676234373,15.449930659312
0,1,0,2.3069488983198,44.6233056475277
1,1,0,2.88469856464064,23.8875384227196
0,1,0,1.91023762251181,47.2796718180105
1,1,1,3.0613189708842,33.2345298300663
0,1,0,2.43013111672869,16.0573760007232
1,1,1,3.37195582915854,12.7289165064848
1,1,0,2.6975992797648,27.4722631122215
0,1,1,3.31572670461463,4.06145542852005
0,1,1,2.39382265685969,27.6116263618035
1,1,1,2.96107680176764,30.9393382267443
1,1,0,3.23195936381695,5.43039616610933
0,1,0,2.63522033932901,33.4923065746499
0,1,0,2.878275967605,45.2278439443976
1,1,0,2.63978968286123,7.94417174866435
1,1,0,2.20965133252169,42.1165627948946
1,1,1,3.59908854851821,22.11012157971
0,1,0,2.34646277693574,42.2134762913046
1,1,1,3.59956539418212,41.7507800754621
0,1,0,2.36913499914257,12.5284523828909
0,1,0,3.27781404845185,32.7089695960645
1,1,1,2.42392590888038,5.07088632016935
0,1,0,2.36015436223599,13.071356018223
1,1,0,2.76320889955978,20.7768640185554
1,1,0,2.75574891612428,29.3859638886653
1,1,1,3.40519158945766,10.4254072823331
1,1,0,2.22843753574159,3.62214291431462
0,1,1,2.65112399619578,25.1753265332331
1,1,1,3.09797074597397,36.8734810647452
1,1,1,3.27325985212431,47.184894852906
1,1,1,3.42267324165723,5.24076844418679
1,1,0,2.41857665424388,15.8134720993591
1,1,1,3.45018663825413,21.8831070291087
1,1,1,3.34662544895218,15.8510278511234
1,1,0,2.9029754031338,30.8800621748966
0,1,0,2.06633996583681,12.2612174266521
1,1,1,2.74936056783617,29.8367630363628
1,1,1,3.49825792131355,26.7711278710775
1,1,1,2.93450268692135,27.3991321343611
1,1,0,2.99832288172345,28.3474639690938
0,1,0,2.71118707593793,31.2017035394372
1,1,0,2.55229269548104,-8.99896489064953
1,1,0,3.24393037702951,46.5083015280387
1,1,1,3.17018354663758,30.0538721832358
1,1,1,3.24022808951836,8.41967442026247
1,1,1,2.9002074926396,8.44754751934906
0,1,0,2.34384741656605,45.8075442676122
1,1,1,2.48835500274992,-1.07942397575908
1,1,0,2.57830906388063,-2.1640444763594
0,1,0,2.71326840518305,44.7396724859836
1,1,1,3.39911531525074,26.4917477202287
0,1,0,3.04605882291842,9.2817104025299
1,1,0,2.19415848576902,22.5119445650039
1,1,1,3.12771270967681,19.4161821876816
1,1,1,3.0842830989326,-2.89507658124016
0,1,0,2.27610645985565,13.9387102360325
1,1,0,2.69615220414106,23.2559799073518
1,1,0,2.78572151526695,38.312594297384
1,1,1,2.56623195521001,8.47995238662259
0,1,0,2.7571970648446,14.782482007986
0,1,0,2.45614579555965,0.538600544648318
1,1,0,2.38871663774598,6.38664113776367
0,1,0,2.79844471686853,21.5863592775128
1,1,1,3.43620662610678,16.597549317404
0,1,0,2.74426023688597,45.8328751308063
1,1,0,2.09384438702618,0.0438552711400924
0,1,0,2.68727085056811,22.2112827514528
1,1,1,2.38066143105076,-1.44151004450966
0,1,0,2.65598863742255,38.5346388343692
1,1,0,3.12574112694617,-6.29719933481755
1,1,1,3.12184517839205,8.32281346509882
1,1,0,3.59584344260676,12.5314764282215
1,1,1,2.86710610190398,9.54362946675818
1,1,0,3.0231974406838,17.5112849964398
1,1,1,2.98742603624639,-7.99220093225543
0,1,0,3.0796757732269,-5.67098424238884
0,1,0,2.59933009985832,16.8657401510487
0,1,0,3.12170921925248,41.1147814778375
1,1,1,3.6983211868846,7.01398128505455
1,1,0,2.76574340639886,11.6481691014422
1,1,0,3.02181774431381,26.7992488101894
0,1,0,2.28470966410111,26.3858999885129
1,1,0,2.66245509726801,36.3950530604987
0,1,0,3.00235773432015,-6.65642828298507
1,1,0,3.14272800491125,-9.29022741351742
1,1,0,3.03894771545375,10.7298702288473
1,1,1,3.17917246357856,19.9165222968464
0,1,0,2.53471190341689,11.7408477721789
0,1,0,3.12028862538582,36.6322583073313
1,1,0,2.80201136254071,1.72290044940289
0,1,0,2.43227313247398,31.1484343147032
1,1,1,2.44331872635495,16.7743181626318
1,1,1,2.72182478649181,31.2271776085698
1,1,0,3.36766774045637,1.43952078139975
1,1,0,2.88156452373511,2.23986036058497
0,1,0,2.67858304665616,19.4536922373434
1,1,0,2.9251500864289,43.348106560128
0,1,0,3.24478881112472,28.5594963533892
1,1,0,2.92031738603467,38.370554370811
1,1,0,2.29424144250179,46.8148259122427
0,1,0,2.83190374388033,25.4776700438887
0,1,0,3.04177992587171,-2.80926282648632
1,1,1,3.75692552273761,17.4813328372982
1,1,1,3.47450313832692,9.9689261020076
1,1,1,3.34759498639361,19.0652614872397
1,1,1,3.13049307343012,3.0751687777969
1,1,1,3.41682800670917,28.4543964865253
1,1,0,2.55814919493403,23.2439180171487
1,1,1,3.15493522006414,24.3294473637769
1,1,0,2.98699380195489,44.2228084393436
1,1,1,3.13218115624506,45.283296831603
1,1,1,3.57681136078052,-1.58740658067961
0,1,0,3.20803847317258,46.1533542033542
0,1,0,2.83621998926541,8.0987615712318
1,1,1,2.98787898318796,29.7985134822782
1,1,0,2.81785254466924,10.943226744149
1,1,1,2.51205865926434,11.4451524109954
1,1,0,2.46184176448358,9.31067745324615
1,1,1,3.0762848310281,-3.24822310499227
0,1,0,2.35036689079935,43.9060564631358
1,1,1,3.32633534723464,46.5405009966403
0,1,0,2.14687619146451,35.7571820059584
0,1,0,2.39791066634426,19.7495830169387
1,1,0,2.99558976357989,4.70350767504196
1,1,0,2.43712589185461,10.0814847737811
0,1,0,2.03714205267136,28.7835950434178
1,1,0,3.25356431823834,49.8840253228477
0,1,0,2.39739182062125,33.4005992574856
1,1,0,2.75082639924378,26.0614562595161
1,1,0,2.72777781150996,21.1837938044125
0,1,0,3.14291653007805,17.2428941315352
0,1,1,3.07435867728429,14.9948482983188
0,1,1,3.20851643029401,-2.87975335654245
0,1,0,2.80821220421359,39.8679417782312
1,1,0,2.57607529764494,39.0192444904035
0,1,0,2.72300575184411,31.5758448090127
1,1,1,3.44253983540878,-2.89478016796137
1,1,0,2.84238310392347,22.9784126220257
1,1,0,2.71627873685498,8.62440542067656
0,1,0,2.32175123108149,29.8723228231068
0,1,0,2.34666241945199,6.33043641377318
0,1,0,2.88195426981416,22.8211676282384
1,1,1,3.15926874224624,34.1182076041455
1,1,1,2.72527854963935,19.9044094498286
1,1,0,2.64891927018751,8.27165884637893
0,1,0,2.70201492227827,16.5332480830848
1,1,1,2.81049388952529,21.9784993843619
1,1,1,3.46929959019973,26.7296287633878
0,1,0,2.57731043985576,-6.56183749727205
1,1,0,3.07318603385171,12.1631852994638
0,1,0,2.79551867701825,8.11923425029773
0,1,0,2.31400944807751,52.468027155696
1,1,1,3.22290329236287,24.6653772850051
1,1,1,3.14483741594756,24.682680711646
1,1,1,2.73676003988929,4.38797494027987
1,1,0,2.64355148877294,44.8898383698168
1,1,0,3.11607329483268,-2.58296381322123
1,1,0,2.45617346517147,-3.17692358003354
0,1,0,2.40760851593823,7.70492419620837
1,1,1,2.85585739993612,-2.31041612004474
1,1,1,3.08097183864767,24.6824587153719
1,1,1,2.72447923437012,16.3760507855638
1,1,1,3.54209315430396,13.5833044453884
1,1,0,2.56106021970868,13.9255925303464
1,1,1,3.34682475629938,35.5359270691964
1,1,0,3.05467655013376,25.1502019366373
0,1,0,2.52080229529859,46.1689803048538
1,1,0,3.09941762334679,13.9445559281163
0,1,0,2.431259339892,34.2116325004564
1,1,0,3.04662840388714,8.03726163072762
0,1,0,3.39450738463179,19.1475669792007
1,1,1,2.66313646271251,16.7948722416931
1,1,0,3.33209396699255,37.6584792628883
1,1,1,2.97800081324241,7.09505835984858
1,1,0,2.32612284276466,-11.1854368481317
0,1,0,2.42275713012021,26.0038049591015
1,1,0,2.75326279961556,2.15936011557482
0,1,0,2.87425724969505,0.774458328530894
1,1,0,3.02380741811697,-9.66469876603758
1,1,1,3.23082301987528,3.14585547732179
1,1,1,3.23369947116404,17.9075473533102
1,1,0,2.87986968477223,34.7135304620952
1,1,1,3.4653793842534,2.05220976072793
1,1,1,2.72595110738941,4.6590118174667
0,1,0,2.45849353157154,16.8427078869082
0,1,0,2.15282901731292,3.34849229075807
1,1,1,3.10377776574686,29.6367399015745
1,1,0,2.33438585714217,9.34609305825847
1,1,1,2.69489493958209,23.1341847589938
0,1,0,2.79718663685474,36.7289384449548
1,1,0,2.80425071762416,2.46411469386245
1,1,0,2.40811868500813,40.1560056129864
1,1,1,2.98437911717512,24.7321083249243
1,1,1,3.13400732472619,-7.30827706437085
1,1,0,3.01333133666855,20.888451314755
1,1,1,2.46617766432558,24.5535018820173
1,1,1,3.62288857199638,18.6856648375994
1,1,1,3.56483280046802,-0.331557134226166
1,1,1,3.25049319623708,13.1396115037027
0,1,0,2.58525737498079,11.7516666261797
1,1,1,2.81436854482182,15.3476147167512
1,1,1,3.24855621238165,-2.79873884151393
1,1,0,1.90537777791681,7.83091267353443
1,1,0,3.9603329528588,39.321682134709
1,1,0,2.38377440082392,20.0457922076458
1,1,0,3.01562508771311,13.6988096245543
0,1,0,2.39414919158596,-2.55410294048848
1,1,0,2.84660136069913,7.32857786175672
1,1,0,2.76787220325096,26.1042710424115
1,1,0,2.86582120517575,-8.58671449591258
1,1,1,3.27473617946495,10.6220100187963
1,1,0,3.06470028137975,16.733792744391
1,1,0,2.97194643177876,22.4815772621196
0,1,0,2.76628849284523,33.2229108268878
0,1,0,3.15797420733564,38.2746691728709
0,1,0,3.25350724025746,6.5205949859479
1,1,1,2.99192137282221,3.33840780945015
1,1,0,2.7941828859918,22.0197169780787
1,1,1,2.49049817257643,-8.38011244102102
0,1,0,2.62620610032491,40.0328166405018
1,1,0,2.34624672835546,10.3369132132578
1,1,0,2.31941496014946,-1.14957548765143
0,1,0,2.56432085622022,20.9288629777489
1,1,0,2.45560994183825,19.7699676641453
0,1,0,2.95497536334018,29.7052043159172
1,1,1,3.59110513042648,-0.75799029954705
1,1,1,3.21408711607587,8.63836881604588
1,1,1,3.08630223816197,16.6741169237716
0,1,0,2.61307375313094,40.0580789308384
1,1,1,2.51621026568895,31.2719157344689
1,1,0,2.20315911347801,21.775899879227
1,1,0,2.48506351500475,6.96469317977745
0,1,0,2.73864428275279,6.05642944814319
1,1,1,2.9734027009406,27.348260399076
1,1,0,2.52830296955359,6.19605444743728
1,1,1,3.3614710168717,-13.468437334587
1,1,0,2.31189972842834,-10.7468199969573
1,1,1,3.40500004073107,31.6569079915385
1,1,0,2.28924150297618,11.046118165884
0,1,0,2.61113529534329,36.5093499587676
1,1,0,3.06176203484661,15.2187449178901
1,1,0,2.05758829761926,21.6336245754705
0,1,0,2.50496652601839,14.8084082873732
1,1,0,2.85379405563026,10.5425922602903
0,1,0,2.70718516826772,27.7567851554362
1,1,1,2.73826668232113,4.91697214946389
0,1,1,2.64154273160636,26.8287282993119
0,1,0,2.89482417252903,16.209749679762
1,1,1,3.64910194623297,19.1155688510022
0,1,0,2.55784047701848,19.4766119131697
1,1,1,2.90729693217517,25.0525397213585
1,1,0,3.05834268572035,25.8685119671014
1,1,1,2.75964218000625,28.5399505630081
1,1,0,2.79697880838858,39.5270507165425
1,1,0,2.95055207485546,38.8844787045784
0,1,0,2.70422295441902,6.23196638821847
1,1,0,3.09676493112593,35.8316202364871
1,1,1,3.06822837943179,42.6045737938471
1,1,0,2.60849735238378,1.54831832175368
1,1,1,3.19357993227873,31.7429947450793
0,1,0,2.66329772822238,25.085616226067
0,1,1,2.85869428141843,28.3113386163829
1,1,1,3.08906804799012,20.8600775857463
0,1,0,2.9729143801692,2.60020023707949
1,1,0,2.40411312536594,28.3278297264555
1,1,1,2.94813256314283,29.5503500108535
1,1,1,2.5218633652251,27.6028982608872
0,1,0,2.99751904666345,-0.177855394855044
1,1,0,2.65287181089878,5.32829682064155
1,1,0,2.56242186023988,9.51297390709533
0,1,0,2.82405466657243,22.146049677566
1,1,1,3.14090310805449,19.3414067977209
0,1,1,3.30686173229928,7.17865565707188
1,1,0,3.05328204932131,-3.68075718273812
0,1,1,3.15174787913823,-8.46862514650311
1,1,1,2.9989712928636,-12.3781576779022
1,1,1,2.79216139173555,20.2194044318271
1,1,0,2.84456159548658,11.0149887086731
1,1,0,2.72341823753619,8.9678712187803
1,1,0,2.88721501341432,-4.94640559792501
1,1,0,2.62626614224197,17.9797927101795
1,1,1,3.36893334309416,33.2280966755799
0,1,0,2.61522840446439,14.6071536940969
1,1,0,2.99454920214468,22.709251669866
1,1,0,3.19057283584046,36.7040011784087
1,1,0,2.77978203810664,33.8905607978523
0,1,0,2.48714863988895,38.8089722309448
0,1,0,2.384824383451,35.5887064585589
1,1,0,2.94817839477509,35.1794056115116
1,1,1,3.12635717930501,-7.44841895785138
0,1,0,2.42942415384163,-1.15441397536371
0,1,0,2.87805394557565,38.6342032285739
1,1,0,2.71170250610363,44.7266146633489
1,1,0,2.86521179457477,10.7175681177581
0,1,0,2.54567977468124,37.8104407847366
1,1,1,2.27292284323832,-7.4568634903214
0,1,0,3.09205247197263,3.74900869178971
0,1,1,3.06465465578787,-0.495751277717389
1,1,0,3.11905535980058,14.1514996048151
1,1,0,2.44800099905941,36.8160810164229
1,1,1,2.75436927638377,35.651130575539
0,1,0,2.63262578285897,13.9574199212148
1,1,1,3.32798811661614,15.6422527942193
0,1,0,2.75978446062355,28.9907230357586
1,1,0,3.19568047746469,19.6589268734815
1,1,1,2.98155356438935,-0.199566109772672
1,1,0,2.59432889226278,22.9871373964915
1,1,1,2.91053767833474,4.58722898006341
1,1,1,2.51351579701811,-6.63007555008301
1,1,1,3.19114320544036,23.4314014980568
1,1,0,2.65512575522074,12.1802995624178
1,1,1,3.32033581826466,23.171822889229
1,1,0,2.53812970106816,7.74835652904786
0,1,1,3.21627636962784,13.3795270315724
1,1,0,3.30405904938962,52.2121040607192
0,1,0,2.36631978754811,37.3439725116562
1,1,0,2.77226932486173,33.0172205914946
1,1,0,2.04645277264388,23.6573523206288
1,1,1,3.32338959432172,10.1020840137467
1,1,0,2.8630753432784,28.6835877210683
1,1,0,2.75972835940183,35.9514530659765
1,1,1,3.50479591895433,0.535385701353258
1,1,0,3.48176304786405,6.89223975517057
0,1,0,2.41149524501444,13.91416370029
1,1,1,3.44653930078131,30.0822134763192
1,1,1,3.24356027533542,3.17161274719317
1,1,0,2.91635436105072,15.0114856583006
0,1,0,2.92094074889736,37.4231997525337
0,1,0,2.96929348276337,8.54674855059747
1,1,0,3.19080642374369,-1.61510868215802
1,1,0,2.99088253827968,4.42916395614919
0,1,0,2.8501401020177,14.6304563458435
0,1,0,2.6229284586448,25.1273488352162
0,1,1,3.20771314560384,13.6811891835347
1,1,0,3.413861392032,9.16137223966975
1,1,1,3.46555090677642,-5.58820695562473
0,1,0,2.46112229347061,37.5703938795204
1,1,1,2.95285283254119,2.89935186763577
0,1,0,1.75526762526995,29.9455104937248
0,1,0,2.60754543757325,13.4789393445145
1,1,0,3.46394771090276,0.393017187926311
1,1,1,2.72783621495999,18.5927868637462
1,1,1,2.78971683495755,24.9238349420479
1,1,0,2.50397447217364,50.992292406413
1,1,1,3.02933114867993,27.3514195669577
1,1,1,3.46978522752235,17.5936661336399
0,1,0,2.69702179597187,18.3061958937887
1,1,1,3.09031215018863,-0.0964813546625862
0,1,0,2.24630486921731,29.5376224807578
0,1,1,3.38243127097969,22.4247993867378
1,1,1,3.28923322632806,-4.73711770602988
0,1,0,2.34947061451879,45.4750062334799
0,1,0,2.8496902695419,31.2137021569071
1,1,0,2.89684824515545,20.8592581294375
1,1,1,3.07302527679875,24.9089394618414
0,1,0,2.9005708343844,41.5651364178418
0,1,1,2.71309380602268,28.7354209157187
0,1,0,1.99372788082672,29.4928601074501
1,1,1,3.02398891235328,35.0022255945948
1,1,1,3.61615535585629,15.8187445156839
1,1,1,2.64073430957677,17.1895984282049
0,1,0,2.70147629408005,18.7958834541241
1,1,1,3.51174183390817,-5.5823585435346
1,1,0,2.44467854442287,16.5794287205579
1,1,0,3.1548324008274,39.4154345022435
0,1,0,2.90851967199604,16.3362800586726
1,1,0,2.52695878843523,10.268646272081
0,1,0,2.99317941360411,18.9684930996395
1,1,1,3.21641645441235,-8.33026652341005
1,1,1,3.56583206862377,32.624859976091
1,1,0,3.22496918615256,31.4628728259022
1,1,0,2.70433344877064,13.5510768027031
0,1,0,3.09212933339043,39.3885822263641
1,1,1,2.96906510649288,6.38243545988291
1,1,0,2.49646519457678,24.9685670138175
1,1,0,2.18875656955633,38.1047545088926
1,1,0,2.82475594803283,11.0705843782361
0,1,0,3.19411791347589,52.0254096253635
1,1,0,2.48294266649668,13.5809835208851
1,1,1,3.24405805930717,4.95975889265875
1,1,0,3.3691243538284,28.9205561266577
1,1,0,3.10731469819202,-3.5340167773232
1,1,0,3.4475848365636,11.0174191932611
0,1,0,3.06324861244368,22.2095942399207
1,1,0,3.42233340399187,25.9498008370033
1,1,0,2.86804654914082,10.7862558604636
1,1,0,2.98310341621223,6.93368325239666
1,1,0,2.94429381929842,24.4276748825433
1,1,1,2.9907987056318,37.1808764519229
0,1,0,2.35735448774088,4.37349532048768
1,1,1,3.15877333354155,13.640424403944
0,1,0,2.88329285260517,48.282120371679
0,1,0,3.1705354162985,29.6973902788455
1,1,1,3.67153396589343,-4.27457144444148
1,1,1,2.86452735839982,18.8097661613814
1,1,0,2.61840457517351,12.3717101520145
0,1,0,2.46438625027524,36.0281823745852
0,1,0,2.99389415176581,36.2738694057419
0,1,0,2.26362326751143,0.725419392125303
0,1,0,2.66286100694683,51.949152259106
0,1,0,2.56077921228215,29.9559127074737
1,1,0,2.84035055503396,-3.58995841747634
1,1,0,2.61714216786204,35.4831199701987
1,1,0,2.96530270400119,33.0484776899399
1,1,1,3.25164752504094,9.22365988618333
0,1,0,2.10438667713149,38.8545686016639
1,1,1,3.53054815297107,30.5419512627227
0,1,1,2.91050063298001,15.3656948359564
1,1,1,2.88397270396058,25.0710809759463
1,1,1,2.73991746251085,-5.47582557001926
0,1,0,2.84707234144923,33.2296091160689
0,1,0,3.27580130043279,41.966821092289
1,1,0,2.90321532001894,-5.52170647775035
1,1,1,3.2723900442067,23.4859191891702
1,1,1,3.13910887409279,15.7843809898263
1,1,1,2.81561851848781,21.6067199748583
0,1,1,2.86667101065018,45.8536218288658
1,1,1,3.11594262878187,7.90441379634281
1,1,0,3.52660233305919,-2.83569284987262
1,1,1,3.05801904334463,-8.48546784581728
1,1,1,2.48284829083336,12.6202914787768
1,1,0,3.57672721797776,28.1961061064357
1,1,1,3.08256654129388,25.1858132155189
1,1,1,3.3566889308681,25.830109690263
1,1,0,2.71755357186057,16.87988937307
1,1,0,2.89439212714474,19.6214554260087
1,1,0,3.5734061346862,22.3113229050426
1,1,0,2.97604580812152,19.5186407010388
1,1,0,2.78072049661202,-1.73214962521834
0,1,0,2.88202551439654,13.5599238417707
1,1,0,3.14654258910043,14.8787327957868
1,1,1,3.18338075267757,17.9701932185766
0,1,1,2.9762929679792,40.2590090320651
1,1,0,3.19115818642988,-3.35907897587201
0,1,0,3.00267517658804,11.3672467293811
1,1,0,1.850039807295,35.6467801737822
1,1,1,3.30769432397793,-15.2624334332834
1,1,1,2.7268180107437,15.8473028211206
1,1,0,2.30970068643569,34.8305194408128
1,1,1,2.71104479643181,23.70902475717
1,1,1,2.22369791937616,9.55457780715691
0,1,0,2.61984454137298,13.354808799263
1,1,0,3.76264448736859,26.3787492322276
1,1,0,2.84498098929631,5.68218835529085
0,1,0,2.8563364284252,52.0996441052308
1,1,1,3.41509660560724,13.7529932947652
0,1,0,2.65093673738592,13.4046253354119
1,1,1,3.18894258814817,-9.56286110890937
1,1,0,2.68348236026457,4.1413751252429
1,1,0,3.07747043779682,11.7458130865296
1,1,1,3.26259467662428,39.1177783484371
1,1,1,3.17472615998225,6.03539695318618
0,1,0,2.66571158797356,40.1141986593687
1,1,1,3.82265850346453,22.4866669231512
1,1,1,3.1874631594812,8.03971667256329
0,1,0,2.5994230825998,38.9101812580539
0,1,0,2.49827741628211,50.2127435264793
0,1,0,2.464895275995,23.2616019577608
0,1,0,2.35312184695113,48.7689693132266
1,1,1,3.08115964867472,-9.32136060970015
0,1,0,2.49826118655661,29.6814017219675
1,1,1,3.16630991193311,30.1125271193966
1,1,1,3.18888317216376,6.08701684095693
1,1,1,3.03161080280708,20.9421957803623
0,1,0,3.03413819969094,21.1579361588277
1,1,0,2.98035711694724,47.0846176180724
0,1,1,2.618630782815,-2.56274339790187
0,1,1,2.71660756124797,-11.9345940160034
0,1,0,2.06080557260954,42.6942804639879
0,1,0,3.01048636950499,17.8041043837664
1,1,1,3.01270093836938,9.44947491993366
1,1,1,3.22117462013388,3.03582094451422
1,1,1,3.18231276975021,22.7343043323883
0,1,0,3.01390293062211,20.7939110212739
1,1,0,2.83986099481574,26.3193667888646
1,1,1,3.11975020385161,30.3306172382444
1,1,1,2.73386236164313,-1.00791261134435
1,1,0,2.96786000269833,39.5509887505828
1,1,0,2.87836352381806,19.4591756044807
1,1,1,2.41246145025305,17.3120391874853
1,1,0,3.56927816009241,22.8517547683828
1,1,1,2.61786155973875,15.4980814273585
0,1,1,2.80516978794028,21.9130570512167
0,1,0,2.73795856651017,21.8746416598788
1,1,0,2.85160822256968,11.3603584068006
0,1,0,2.40066282151769,18.3903468482995
1,1,1,3.3719349486551,21.2043032335789
1,1,1,2.54057699865676,7.6856745071028
1,1,0,3.22691954841242,5.81809340337912
1,1,0,2.53289384767975,29.2358030750599
0,1,0,3.02355829862825,29.0879493456987
1,1,1,3.42737365280356,20.5359510378203
1,1,1,2.69279749543664,22.9662070183159
0,1,0,2.62980349653824,29.2299117932435
1,1,0,2.51531444160368,28.2735390965943
0,1,0,2.52259498847696,21.7371364627372
1,1,0,2.97648349448701,40.5255228296972
0,1,0,2.69344024784051,25.2339768210954
0,1,0,2.39320301118573,14.6660709353119
0,1,0,2.66995326883263,37.8270361745584
1,1,0,2.46709812216815,15.3512323821314
0,1,0,2.54876780609079,12.3325476272282
1,1,1,3.77119115884636,12.2814282563181
0,1,1,3.19012626486759,11.977689126357
0,1,0,3.26031941348286,7.54050122981078
1,1,0,2.99335899927803,31.5963681202002
0,1,0,2.62215852213103,38.4810982761733
0,1,1,3.01814497524206,32.5097728786376
1,1,0,3.07507681487168,26.6130061069215
1,1,0,2.69384103678553,46.5765281198615
1,1,1,2.83194510220523,50.3319239949168
0,1,0,2.49749255521933,-5.9466867842555
1,1,0,2.94774877909533,24.8193509706688
0,1,0,2.503321906704,31.0921373005764
1,1,0,3.18135636989923,7.36130915736931
0,1,1,3.14497436246884,-1.06493733975702
0,1,0,3.14336724717111,22.8909903432041
1,1,1,3.64027660152194,18.3207119077547
1,1,1,3.59368153376306,35.4813041379534
1,1,1,3.53112441332313,36.652027635638
1,1,0,2.59452070424883,-7.85061576781676
0,1,0,2.71112228608971,13.9775488678209
1,1,0,2.60793857056058,25.652502956715
1,1,1,3.18652288605325,0.111202993997381
1,1,1,2.63209103626177,34.8840692844081
0,1,1,2.93925185865809,34.1684686706397
1,1,1,3.04379937540475,10.2888525639184
1,1,1,2.42234697467503,9.50446403771622
1,1,0,3.48407800153987,10.8247535762334
1,1,0,2.43881181265793,37.0274999075804
1,1,1,3.17818979763799,1.70974479131919
0,1,1,3.11867097337889,-2.5711981405088
0,1,1,3.11400991831971,-4.4702708210037
1,1,1,3.47900817566516,25.4939562902538
1,1,0,2.8907852007132,18.44726922111
1,1,1,2.77485779437328,25.4859835808088
1,1,1,3.35362138250313,27.3892460516875
0,1,0,2.86295367910722,4.89499606895832
0,1,0,2.29514186325053,20.7221684731455
1,1,0,2.24781006606149,31.9212405514855
0,1,0,2.42398564130916,17.6259928376311
1,1,1,2.63248288684209,1.63011656382217
0,1,0,2.23565669589386,3.21485861048551
0,1,0,2.98064876190608,48.4418542104077
1,1,0,2.79928091033612,33.1269596988791
0,1,0,2.57303983641525,43.9493910141924
1,1,0,2.74798423903578,25.2420452281675
1,1,0,2.88692713355677,5.43739725305166
0,1,0,3.2156888608922,51.3036062125285
1,1,0,3.09825022840789,34.9582477218679
1,1,0,2.44869571456433,32.6044856422488
0,1,0,2.07076087279618,32.9786737060191
0,1,0,2.21290794653651,-9.11778483641423
0,1,0,3.32783690867971,46.8626891879954
0,1,1,3.06807307049303,29.530472788586
1,1,0,2.84548560214679,9.71054177367491
1,1,1,3.3502741686249,20.3408078091771
1,1,1,3.26880942987816,35.943167968027
1,1,0,2.72140102854886,6.19174701244415
1,1,0,2.99656842254041,21.1598979583631
1,1,1,2.6247611979841,35.9870732750898
0,1,0,3.54870167263468,16.8752681827112
1,1,1,3.35391869938744,17.880461905935
1,1,1,3.6237936264914,-3.0608509471192
0,1,1,3.63701659170525,15.6003653123513
0,1,0,3.30914513523792,13.8074992379822
1,1,1,2.80354887880197,11.7434609740755
0,1,0,2.86035729442017,-11.5809945962413
1,1,0,2.12269489774403,29.5777838248235
1,1,0,2.53107324125226,31.0243397876528
1,1,0,2.85503432489237,4.20145545073902
1,1,0,2.98750402300035,23.8271056979255
1,1,1,3.03221505401826,20.9679579010536
1,1,1,3.43617560128468,25.2129441511287
1,1,0,3.05946099229548,22.5961511519149
1,1,1,3.05044775871789,29.756696632338
1,1,1,2.58010072682623,19.0238277911592
1,1,0,3.03108237392653,9.47525653802228
0,1,0,1.74902804384622,34.6169799317568
0,1,0,2.86438816273189,25.4465480030577
1,1,1,3.07062602575181,11.1143713264973
1,1,1,2.67033098688286,2.81801631005264
0,1,0,1.94251929993355,18.6708688482607
1,1,1,3.69624495873265,3.84425371688434
1,1,0,3.10849840432255,13.573707908423
1,1,0,3.20028128022617,20.6813865195584
0,1,1,2.60578567278136,30.7724145546452
0,1,1,2.99011365816954,28.4483295986841
1,1,1,3.03041958881652,9.53194429155351
1,1,0,2.84083627085027,33.9067799907486
1,1,1,2.68460985035787,29.9308766482963
1,1,1,3.00916705072885,39.9586518539223
1,1,1,3.2599727420166,19.2498225331523
1,1,1,2.69546812568266,22.2513522725671
1,1,0,3.41051926895492,18.7058975252281
1,1,1,2.67596527487827,47.1289210953509
0,1,0,2.46792326319185,15.1395998264403
0,1,0,3.10054044559698,27.7641325686079
1,1,1,3.2836139756749,-1.247500831916
1,1,0,2.754584061574,-2.93860495086612
0,1,1,3.01085304058936,20.8573378725596
1,1,0,2.55086008911633,3.7275374230484
0,1,0,2.40098803026089,2.67750747017681
1,1,0,2.91419064596202,2.9437533321727
0,1,0,2.58451860979685,24.4029794051389
1,1,1,3.18757769446181,19.4113579206964
0,1,0,2.92731360135892,29.8616937386078
1,1,1,2.71596502415435,-10.0002268200526
0,1,0,2.96735347127758,17.4063203930188
0,1,0,2.52695464757724,37.6131138987089
1,1,1,3.18087047992127,3.76355799398797
0,1,0,3.4685148433449,53.8282783179054
1,1,1,2.93219698288758,8.89059870006813
1,1,1,3.26290587005928,10.2078440142952
0,1,0,2.85327101417998,44.472351923327
1,1,1,3.37488077391046,23.7704059755152
1,1,1,3.29975395074595,21.5817345392489
0,1,0,2.79049366858316,43.4546300195164
1,1,0,2.56836582216105,26.3807415648333
1,1,1,3.69864544833522,-19.1734226228311
0,1,1,3.36852696977178,8.83941504723182
1,1,0,2.75797524018725,10.4750377543831
1,1,0,2.49577606673039,7.95025675205218
1,1,1,3.283135182174,11.6270442793313
0,1,0,2.93503528100255,26.1473067576868
0,1,0,2.81303323904025,17.9736096486202
0,1,0,2.38683935177611,2.87562295699744
1,1,1,3.39695895342538,-2.07902936532414
1,1,1,2.98086397022335,33.0711487982903
1,1,1,3.3071214720932,38.269942686363
0,1,0,2.83363995202569,46.4717167895339
1,1,0,2.40270217059578,6.47278836996908
1,1,1,3.01188528073792,7.22505124994016
1,1,0,2.90035192537109,21.4824178799819
1,1,1,3.2785828941758,16.0149633938132
1,1,1,3.29705467432071,28.9602925434804
1,1,0,3.13646896083327,16.8805320954839
1,1,1,3.4324323660108,16.0636901196092
1,1,1,2.68610675690078,-4.06917938284743
1,1,0,2.75426696437743,41.875231989046
0,1,0,2.89445199019104,6.72983725556794
1,1,0,2.30160594462836,23.0113421151227
0,1,1,2.90683212265628,-4.33138919743353
1,1,1,3.10418768254418,23.4697532752672
0,1,0,2.75697943763816,-0.312011577081783
0,1,0,2.74708479287829,15.5463078081905
0,1,0,2.6715093842982,38.0626286374868
0,1,0,2.47311439943934,37.8863446116927
1,1,1,3.08150817289573,-11.2542456115464
1,1,1,2.12558722942314,9.97011932555319
0,1,0,3.61073895764121,29.5211440266465
0,1,0,2.54050907785405,23.2008494439205
1,1,0,2.33770044691607,14.0192423028963
0,1,1,2.55991584446134,13.5621324250045
1,1,1,2.56842296606363,6.62083768626762
0,1,0,2.62098396641118,43.2713539931954
0,1,0,2.79413251835576,35.9276874918564
1,1,1,2.63335052935907,-5.45267131527502
1,1,0,2.96442482704478,29.1559741797842
1,1,1,3.01273497788751,-7.35576340627762
0,1,0,3.08307902631387,41.9742240897574
1,1,0,2.69129277582328,47.4758029938798
1,1,0,1.88077588969467,11.4486749414743
1,1,1,3.03989512949576,24.0242853089231
1,1,0,3.29291496396616,17.0241008800248
0,1,1,3.7056625805495,31.6241173370216
1,1,0,3.30209188139429,37.6901735468856
0,1,0,2.02889124458954,36.5807032783037
1,1,0,2.63587970644355,-9.49681761853522
1,1,1,3.39105388546137,7.16509018434663
1,1,0,2.69024749021541,45.1658408731906
1,1,0,2.98956610113837,13.2713743253428
0,1,0,3.12927892590799,13.2566010595358
0,1,0,3.02257909346423,42.049386868039
1,1,1,3.55107854172887,11.8944067839744
1,1,0,3.07254464910552,1.37763154243156
0,1,0,2.64727133013902,34.6583669912045
0,1,0,2.67711947423006,45.429865815912
0,1,0,2.79386368013042,39.5285412628379
1,1,1,3.2568633760858,20.2405422684749
1,1,1,2.65318382221824,41.8998486049289
1,1,1,2.7759506067082,0.552672887780808
1,1,1,3.40856902647581,2.19531652388287
0,1,0,2.33037661277138,14.4484296572689
1,1,1,3.46365956894453,5.4974838865156
1,1,1,3.0059129628143,10.8708823081816
1,1,0,2.02745449906293,6.22054513787887
1,1,0,2.85833338702965,47.7131299676159
1,1,1,2.9701714430845,-4.33362156990165
1,1,1,3.64578688094539,18.348361532182
1,1,0,2.79360013668851,7.65486256465213
1,1,0,3.51475401290532,15.8529652521641
0,1,0,3.10900455434594,6.90668301546216
1,1,0,2.94498748039267,7.72799330357837
1,1,0,2.57154237314486,-0.893505631655593
1,1,1,2.99083394111685,20.9055805838483
1,1,0,2.91446822909714,9.50286969003217
0,1,0,2.31017982394938,-11.7382971987973
0,1,0,2.64802652450991,13.9483176047875
0,1,0,2.64455841354362,42.7022023125998
0,1,0,3.09506687812371,36.6487245907648
1,1,0,1.94967839632145,15.8938522822131
1,1,1,3.19759771792588,34.0934698904607
1,1,1,3.46467517207459,11.6851281369978
1,1,1,2.85941228080095,-5.69326671613284
1,1,1,2.98802269648973,25.9012484935485
1,1,0,2.43237530672563,30.6803199092959
1,1,0,2.61814149080127,37.2041893490485
1,1,1,3.4958878281223,-0.891730746301455
1,1,1,3.31558607842856,-0.550194201314667
1,1,1,2.986948329445,3.05976634349557
1,1,0,2.9028342299792,-2.13287474296408
0,1,0,2.84359466164516,23.2910428911817
1,1,1,2.24015789631749,19.1374008362425
0,1,1,2.76196161324432,16.2751073480588
1,1,1,3.02025442566663,30.9393777995509
1,1,1,2.94279563879295,30.8310672862758
1,1,0,3.29520756535137,11.0403352068342
1,1,0,2.61961615198924,33.7060409585982
0,1,0,2.98898094741112,42.1046244057525
1,1,0,3.20671783625368,4.65960091425951
0,1,0,2.98249945427027,6.6544484753686
1,1,0,2.95435134371519,-7.56668966113719
0,1,0,2.62578491499051,-0.0952086807645145
0,1,0,2.72590704166983,3.14700567284195
1,1,1,2.86035268044915,20.5325232175256
0,1,1,3.39220343555784,30.9320126183789
1,1,1,3.21581042690825,-16.8000126097375
0,1,0,2.20627344405247,46.3542503625372
1,1,1,2.81012821797535,-7.75064315222336
1,1,1,3.11953173965093,22.4289376146205
0,1,0,3.56666345226294,30.1892020782656
1,1,0,2.70349796820921,10.4986792966798
1,1,0,2.39119818395366,-9.4027019856027
1,1,0,2.45139249245581,-1.44160657597798
1,1,0,2.67027566967867,17.853680888892
0,1,0,2.25656057319641,34.259363850135
1,1,1,3.33119132659744,9.58114082765351
0,1,0,2.76840766055539,-8.42022654279585
1,1,1,2.92851565224335,32.9255410582414
1,1,0,2.01514056284924,28.9224990146627
1,1,0,2.20148557071882,33.941832385967
0,1,0,2.13033444314367,2.87641272528968
0,1,0,2.98908039654331,38.3995335044739
1,1,0,2.88778057721863,0.732205056500227
0,1,0,2.75356889152777,18.0885801192993
1,1,0,3.3217042994395,22.9989623616369
1,1,0,2.71143648377705,36.5706250648446
1,1,1,3.31811496292529,13.8644585166168
1,1,1,3.31469311037126,28.3203951138167
1,1,1,3.30564169982029,14.7088378958783
0,1,0,2.67497005751669,16.2034193182197
0,1,0,2.56721345048988,11.7763562905761
1,1,0,3.10425958831623,-8.91317839957056
1,1,1,3.2971959058677,-22.629230497225
0,1,0,2.31000815727622,7.30186768066879
1,1,1,3.1271132484808,4.4231617853963
1,1,0,3.55863066415735,-14.5829978990541
1,1,0,2.73820046033015,5.55871105834894
1,1,0,2.4282366806267,35.083892320703
1,1,0,2.97594430201175,39.5401943177163
1,1,0,2.98191244637854,16.7518372306843
0,1,0,2.47565560041821,32.3483072727877
0,1,0,2.95758570739601,32.1280572999253
1,1,1,2.56290664605345,-4.76997612748443
0,1,0,2.61601776813978,41.2640473461946
0,1,0,2.81672756975116,-6.10602025663661
0,1,0,3.78963013446626,20.7515115777041
0,1,0,3.22940819801145,13.7271045001765
1,1,1,3.54224867507066,38.4220634184429
0,1,0,3.12638362664005,19.0716848240439
1,1,1,3.41469444205477,15.1064220263718
0,1,0,2.98552176299206,43.3086943718646
1,1,0,3.2641349924639,27.5212714967991
1,1,0,2.50322353865568,27.0115138818511
1,1,1,3.35903043375859,-2.86062307869954
1,1,1,3.57458177059587,19.9431736116145
1,1,0,3.31373499073693,10.8296444987754
1,1,1,3.27605140498916,13.6508146671524
1,1,0,2.94203727504166,5.6376970989862
1,1,0,2.23808814292979,38.0926221472939
1,1,0,2.84172967389317,-4.75181681866504
1,1,0,2.33054975147891,18.4201269550097
1,1,0,2.55315270807055,29.0980706695086
0,1,0,2.46350179220077,27.9208938242078
1,1,1,3.20312710490377,15.8460330765128
1,1,0,3.13282339001453,26.562816518784
1,1,0,2.18463638666594,19.0486750390989
0,1,0,3.75402465002772,33.552330425246
1,1,0,2.65010634920647,3.63853531224462
0,1,0,2.83500533622166,29.8962040277353
1,1,0,3.21748499959052,31.7393110498218
1,1,0,2.65652331472955,16.2529388586921
1,1,0,2.33868254091124,3.15290841564649
0,1,0,3.01064316087479,12.0913373814648
1,1,1,3.969455992648,-1.17764071770466
0,1,0,3.12659625937887,33.0952487802368
1,1,0,2.57557362312491,21.8149644243844
1,1,1,2.97765429533134,-1.20733325706106
1,1,0,2.87893371837542,-4.49060129458269
1,1,1,2.98344869447246,4.77916064125865
1,1,1,3.13133347167523,-21.4560488150383
1,1,0,2.86334168652763,27.1788426639704
1,1,1,2.62397293842779,-4.62160110097955
1,1,1,2.60697393827476,15.3997589574449
0,1,0,2.88432968174885,-10.0705801374155
0,1,0,2.61148657634182,50.8743473882281
1,1,0,2.98376402485468,-9.26229945580235
1,1,0,2.42106710958863,20.4408872149137
1,1,0,2.31109991024139,9.96340785687765
0,1,0,2.670977814581,2.77237203504165
0,1,0,2.55406805318408,46.452196672732
1,1,1,3.70000592019216,12.3752124246023
1,1,0,2.29708463390225,1.94678298946896
0,1,0,2.64788854383922,7.89810777044383
0,1,0,1.8920528578406,17.0432528109462
0,1,1,2.90941650600023,-2.34457720507133
1,1,1,2.74921915160987,13.0327788541115
1,1,0,2.81307044913908,24.1719618834633
0,1,0,2.64788219833898,43.822839005847
0,1,0,2.43102948124752,6.57783767092337
1,1,0,2.62389498306332,11.0246149629624
0,1,0,3.17978077939743,9.40296987243231
1,1,1,3.40460210522706,13.8218407677757
1,1,0,2.48065718460261,51.6427602284512
1,1,1,2.96429209792888,15.1916905279141
1,1,0,2.91351058385834,15.2797530796127
1,1,1,3.21550264158608,15.1256642361489
0,1,0,3.18086908587445,19.3352954143588
0,1,0,3.26074405284065,4.82520793966272
1,1,0,2.59377640361794,12.227994443586
1,1,1,2.62695821981639,25.9945446039077
1,1,1,2.85333314881031,28.2349168842443
0,1,1,2.80115054388671,24.2587525525564
0,1,1,3.09416586327324,16.0299815631621
1,1,0,2.72304386082334,34.9467865139828
1,1,0,2.83430867289208,30.655314769097
1,1,1,2.81337825645983,16.4130192167854
1,1,0,3.50511621014882,20.8125290759395
1,1,1,3.45064184019756,-5.00472969276857
0,1,0,2.46275259169765,3.44187198742862
1,1,1,3.13918644892749,8.88259733167836
1,1,0,2.92624525419429,26.4729583083219
1,1,0,2.82599387233007,18.6287833035716
1,1,0,2.31023120004576,7.70952793827822
1,1,0,2.36987016174986,13.1831168164063
1,1,0,2.94012645345181,12.8104238676962
1,1,1,2.65543143103143,32.7371159821572
1,1,1,2.93334504446573,21.6223508444576
1,1,0,2.31509166388378,2.58962515688688
1,1,0,2.90675421007565,38.3977147875956
1,1,0,2.60497756708789,11.3880472369346
1,1,0,2.77505753848935,5.44569211603341
1,1,0,2.82575244894604,44.3995463569384
1,1,1,3.1218357768665,1.86960493439493
0,1,1,2.55308824018597,-16.4958388117965
0,1,0,3.1985645737775,19.9097640975477
0,1,0,3.078509341499,16.4416891712378
1,1,1,2.96837717413811,15.0546335547564
1,1,0,2.64270358370716,21.9265726545721
1,1,0,2.73601137905074,0.939726322692124
1,1,0,2.57626752682028,6.74308899046538
0,1,0,2.67346440403086,20.3284859847241
0,1,0,2.91360935332491,17.228709235041
0,1,0,3.36544733396333,5.24013115272763
1,1,0,2.38282557803609,11.783198071327
1,1,0,3.21069632043421,25.6263615481609
1,1,1,2.71130427651957,48.6446238134486
1,1,1,2.74899241380009,23.1756525448753
1,1,1,3.02722567825689,10.5836428035161
1,1,1,3.53229174269997,32.9520140863772
1,1,1,3.13904434405956,23.8581628579508
1,1,0,2.98306964110565,43.5715583974534
0,1,0,2.49361923060497,7.97941860340415
0,1,1,3.22444894602335,31.7536204887942
0,1,0,2.48875164847501,47.8340081856173
0,1,0,2.51499423337378,48.5685574106633
0,1,0,2.94173298093554,17.0118431389966
0,1,0,2.81712873060295,2.57734160617126
1,1,0,2.45208013683181,17.9575810345502
1,1,0,2.53960629132939,7.79739962242006
1,1,1,2.92164357817255,0.184230982055787
1,1,0,2.48843130313207,39.9895652799332
1,1,1,3.11190781001693,20.7643413774882
0,1,0,3.0977345752064,20.9797286083265
1,1,0,2.57563919837656,17.9771845314266
0,1,0,2.17102752841549,16.61939299049
1,1,0,2.36185716038575,-13.4788688775493
1,1,1,3.09617555924903,30.3870369259234
0,1,0,3.2141970870011,49.9721354957822
0,1,0,2.77521499061481,-6.64811696477512
1,1,1,3.42304292011926,-5.74060307940308
1,1,1,2.89430875420213,-2.42387687460402
0,1,0,3.36116924245602,51.8498726045424
1,1,0,2.57620067507314,24.9904440496123
1,1,1,3.28937502367516,28.1315330940418
1,1,0,2.69930505325175,5.55840983817169
1,1,0,3.06329893023688,23.0521722592455
0,1,0,2.22607308765932,31.5173895166057
0,1,0,2.61403036242592,32.8537823630883
0,1,0,2.83675378962552,47.6446881205214
1,1,0,2.65761789133533,15.2119346365144
0,1,0,3.16359502840166,24.8862902706163
0,1,1,4.06779948664327,29.9696242885614
1,1,0,2.61481730225051,-8.25822852368126
0,1,0,3.02390580059895,34.2397503393541
1,1,0,2.96149470156299,26.8096277069355
1,1,1,2.79556767115537,35.3580032465498
0,1,0,2.37649555680392,29.0055997173196
0,1,1,3.57743762291043,-0.228049916488857
0,1,1,3.67390335661337,38.3502122833558
1,1,0,3.47593626333683,27.4773357170155
1,1,1,2.85599619836827,28.4532195245635
0,1,0,3.10516253184024,24.8316815262351
1,1,1,3.42623935005682,23.2110282105912
1,1,1,3.3178733569894,22.9478047157033
1,1,0,2.75266982818312,-0.13530581869944
0,1,1,2.83086987624154,29.2212229821167
0,1,0,2.75280751447749,26.3795516097186
1,1,0,3.44222151370956,14.7535803840456
0,1,0,3.03216289225093,19.2413040572069
1,1,0,1.84161601424588,27.5512253041448
0,1,0,3.32926760167378,-1.04943595100582
1,1,0,3.04272330991536,27.1551100811539
1,1,0,3.29159024746932,33.0012092592499
1,1,0,2.50572035452011,24.0125743458022
1,1,1,3.19324550291075,19.4568816442574
1,1,0,2.63537111380999,-3.90609714856003
0,1,0,2.91590204880776,6.12501853977342
1,1,0,2.59082746048224,18.4270193982638
0,1,0,2.77647769435574,-10.5181793455461
0,1,1,3.54455916464101,13.1519048067998
1,1,0,2.88441104976432,17.3151469816788
1,1,0,2.70748761284407,18.6385168752145
0,1,0,2.8441994344793,21.037779454092
1,1,1,3.42874432937582,19.9868142845324
0,1,1,2.70955128415056,0.440272192162954
0,1,0,2.7473280233545,21.5326275390253
1,1,0,3.0956693090895,43.9941406051331
0,1,0,2.79058291795302,36.8646704626999
1,1,0,2.60502448355752,13.3085811120701
1,1,0,3.11227345657468,24.1920002685855
0,1,0,2.44471665896715,24.1306511207381
0,1,0,1.84140118385761,32.2125296868972
1,1,0,2.30396408917799,3.78674767506807
1,1,1,3.64923339724048,21.0894181073758
0,1,0,2.66110297715088,-5.07136741472835
1,1,1,3.12856494798328,25.9459877522037
1,1,1,2.46856895443858,3.50375592757726
0,1,0,2.61639760730337,36.3515308309667
0,1,1,3.27646192724831,13.0637760603447
1,1,1,3.22498016635615,-7.22648283597568
1,1,0,3.96815888404228,6.81917712325206
1,1,1,2.30867042239405,17.6176957543138
1,1,1,2.52989535325612,13.5257164375897
1,1,1,3.26342225827722,30.4104099285253
0,1,0,2.44456574393009,25.66719570156
0,1,0,2.59199388459522,11.5539565723726
0,1,0,2.44439729139628,25.8306116105238
1,1,0,2.8443281761609,27.9762521967107
0,1,0,2.68100878372331,24.8782703894175
1,1,0,2.97711829293559,1.85602650712809
0,1,0,2.41952798940318,32.0795372607384
1,1,1,3.2004843534124,29.573535569309
1,1,0,2.81117700954905,21.8144624708781
1,1,0,1.95850544450668,14.0693120684746
1,1,1,3.02369254779634,38.2397462333238
1,1,0,2.6942836980719,28.230103894195
1,1,0,2.54002383721226,-4.01582229325779
1,1,1,3.00405560845823,3.4630989538565
0,1,1,2.66542657601031,21.8333671897632
1,1,1,2.98429742899101,10.2145949158221
0,1,1,3.07117704595458,5.47297419576116
0,1,0,2.66072788848763,15.620361678243
1,1,0,2.45804891209778,20.7013468024174
0,1,0,3.02068083171755,34.5881122226735
1,1,0,2.94689511700801,2.05679216699542
1,1,1,3.0221619263306,-0.943625825184794
1,1,0,3.38411413000771,-11.762383786137
0,1,0,2.55921596435069,7.65580458827956
1,1,0,3.12862777042938,37.2131359868436
1,1,1,3.6106752612312,26.1849760429355
1,1,1,2.33569983227046,31.8981452007252
1,1,0,2.95284679051274,1.82858559014473
1,1,1,3.73058418771227,20.6132027013611
1,1,1,2.95477971450672,9.27028717947436
0,1,0,2.91907350548596,-1.23275316926071
0,1,0,2.31194123696731,17.2702923389999
1,1,0,2.54121344682315,-0.143525051261076
1,1,0,2.9154865286823,26.4005179225429
0,1,0,2.29912413796728,23.016611257349
0,1,0,3.11006431915412,18.2236545331598
0,1,1,2.77263134983126,13.6040734973839
0,1,0,3.13916452590796,34.1280594994772
1,1,0,2.70846520137411,25.6482846531989
1,1,0,3.07573326259036,31.4230202778161
0,1,0,2.4485221914236,11.8330986960196
1,1,1,3.09370455843472,1.93175607625338
1,1,1,2.70633622273939,7.61935595838321
0,1,0,3.31102257630838,7.03329716657194
0,1,0,2.97220358442599,43.1718653980462
0,1,0,3.10857100028966,25.1431359249281
0,1,0,2.91909584967268,25.287980919261
0,1,0,3.19142690696165,34.8440512883051
0,1,0,2.14011062546125,11.0403627022566
1,1,0,2.84497102626414,7.35870798851204
1,1,0,3.35187587183638,7.11334327043352
0,1,0,2.92518660178278,35.2126345375683
1,1,0,3.17044424821357,3.24996899211377
1,1,1,2.84762375445881,12.2028189146623
0,1,0,2.89794329505911,31.9680671263319
1,1,0,2.53451218404623,8.18271617023198
0,1,0,2.68593165553763,3.45290184015706
1,1,0,2.57766593732325,18.9861764000656
1,1,1,3.30809527893089,-5.83111006913359
1,1,1,2.67413269547177,16.1190319855496
0,1,0,2.56060708756298,35.9318392957195
1,1,0,3.19249896599482,28.1777080878672
1,1,1,3.59136466918211,9.96426491752969
1,1,1,2.82826952207977,29.9764408104142
1,1,0,2.63082016195018,-14.0161610843037
0,1,0,2.30965996983358,45.7316679060494
1,1,1,3.42531695599276,40.8861991516232
1,1,0,2.92275014618668,48.4202737183256
1,1,1,3.17510362344123,41.1567431504156
1,1,0,1.86797939007366,-9.75754021498501
1,1,0,2.63634162923009,36.289806185362
1,1,0,2.52011956589073,28.5545090429097
1,1,1,2.6013123471587,21.4528992239972
1,1,0,2.33282972825354,-0.214728156169599
0,1,0,3.25609366845344,22.8679825998904
1,1,1,2.88541613818468,9.24921699412554
0,1,0,2.30497780354799,14.0796565128672
1,1,1,3.10568415947461,27.9187759916274
1,1,1,2.84587815829698,29.6848644914275
1,1,1,3.43394841236269,-13.8063917486954
0,1,0,3.03040901520417,-7.13783151956061
1,1,1,2.6687341500852,10.7095654763794
0,1,0,3.41994499212241,37.0963201300319
0,1,1,3.05772457588827,-7.54990341485608
1,1,0,2.51585677131292,23.2321351692154
1,1,0,2.5089015825436,-0.819633000974228
1,1,1,3.25776849373356,32.7722413968665
1,1,1,2.97469769176803,7.68622933332949
0,1,0,3.5677264257577,18.4586798872086
1,1,0,2.66183042419094,26.4154225571945
0,1,1,2.899639581134,9.17230589906465
1,1,1,2.66403277762711,11.6484078053524
1,1,0,2.4729615993298,-13.65547783574
1,1,0,2.0303984715803,15.5771800697885
0,1,0,2.62522642242036,11.9371800948015
1,1,0,2.3937933040226,7.56576803931675
0,1,1,3.25874804108837,6.21950144182131
1,1,0,3.55511137682911,10.6383386896404
1,1,1,3.30069700935799,-1.22532734943364
1,1,1,3.56149728439659,27.9815200401896
0,1,0,2.72136346206581,8.59090658773618
0,1,0,3.14451002858636,41.6410530468387
1,1,1,3.80097602895914,-15.0027580894147
1,1,1,2.95435523854871,33.5009189092501
1,1,0,2.32147526741656,-9.59364246238919
0,1,0,2.7174053590486,16.268194038554
1,1,0,3.33281833158763,-3.34882084705944
0,1,0,2.708408362465,-8.84084597544968
1,1,1,2.39933168325622,1.57071538020012
0,1,0,2.56201466440917,29.1235090644109
1,1,0,2.6349904825751,24.6163570521089
1,1,1,3.72007724497698,20.274567607582
1,1,0,2.8270213983366,3.87180892884259
1,1,0,3.38616321836302,11.192634989607
1,1,0,2.43483301708266,26.7626168081249
0,1,0,2.66219062711286,0.945228087639652
0,1,0,2.79887737490833,23.3826341028184
0,1,0,3.21422821972123,18.5361407721541
0,1,0,3.105950928274,43.0194602430566
0,1,0,2.57211836288498,41.4112524158114
1,1,0,2.3951889579651,31.7805512370953
1,1,0,2.57646678543463,21.3218927904845
1,1,1,3.55124519417927,4.39699447396499
1,1,0,3.29302170187086,17.6098219319313
0,1,0,2.48589288621553,20.6471747586222
1,1,1,3.46201361276084,23.221019771767
0,1,0,1.98958376427602,39.5230538298125
1,1,1,2.84192807778177,21.8131000627937
1,1,1,2.74402500285373,13.563970476683
0,1,1,2.57273447796176,35.8568755592147
1,1,0,2.53807618237272,9.5648851475167
1,1,1,3.46836313257373,32.6843367957378
1,1,0,2.87138304997303,4.46095115408205
1,1,0,2.43995100846524,46.1282400375933
1,1,0,3.16417351560527,28.8949630295439
0,1,0,2.73172287638754,14.1865920660855
1,1,1,3.06311248421193,5.04677065800769
0,1,0,2.80788350999231,33.2902040119175
0,1,0,2.71734847171408,17.1386715349122
1,1,0,2.98466010198937,8.64090132029041
1,1,1,2.83146839836905,2.53879664543259
1,1,0,2.09775290604553,30.7815048724469
1,1,0,2.79077602853549,17.7182364004081
0,1,0,2.84640004825709,48.6056743974962
1,1,0,2.91175318134873,7.41834222335239
0,1,0,2.65659823739506,32.3850259372891
1,1,0,2.82743529442236,19.6017393101066
0,1,0,2.79379276219012,38.4862307313997
0,1,0,2.42123145596465,2.0484270956213
0,1,1,2.8553839101129,39.394798327547
1,1,0,2.8434832646472,40.0014367014963
1,1,1,2.7886105174123,8.84782515802676
1,1,1,4.13970557602331,-0.661950897567603
1,1,0,2.92966247370178,40.0317605114442
1,1,1,2.93103813024984,44.3188155412457
1,1,0,2.98043822552434,14.0465712526214
0,1,0,2.45262193478199,10.7360066910753
0,1,0,2.5394411380147,29.4763715132881
0,1,0,2.16162295420165,35.3972777279103
1,1,0,2.64306128556289,5.04712101269755
1,1,0,2.74217402151739,3.15850682174532
0,1,0,2.50906931059071,7.35557267733999
1,1,1,3.60523769372811,9.32802471566272
1,1,1,3.14093908064396,16.5956311241884
1,1,1,3.06715382538318,20.6710340734912
1,1,0,2.52643943611335,-11.8658620894664
1,1,0,2.74854287239633,22.1371627175085
1,1,1,2.79357542276574,9.12415468146425
1,1,1,2.84057447018235,11.0672849069168
1,1,0,2.93093422482075,20.9717401183214
0,1,0,2.29146113238905,19.5881367052371
0,1,0,2.63441304386781,16.9470278304397
1,1,0,2.38801088654478,1.11113391845008
0,1,1,3.39733973009676,25.6303393871311
1,1,0,3.03497327842439,46.9015473398032
1,1,0,2.3773603317084,-5.6214153932332
1,1,1,2.57593971460083,-10.833893478957
1,1,1,2.99319859118442,27.4309508563078
1,1,0,2.23091682394496,26.7742441940478
0,1,0,2.99388645549801,26.0667499925829
1,1,0,3.24665585005829,45.5668258473945
1,1,1,4.1280962019163,-10.2193077908129
0,1,0,3.0218216262925,47.0207449352271
0,1,0,2.14790031359782,5.95469374207918
1,1,0,3.1381548518165,5.31225739145774
1,1,0,3.1956574153745,22.0629867904099
1,1,0,2.3888622063939,25.6753974266463
1,1,1,2.92823882718472,23.1151608063916
1,1,0,3.02080975220932,-2.43441032914936
1,1,0,3.20902600665025,14.6862297580323
1,1,0,3.23060745106036,21.0177942854405
1,1,1,2.85383147689193,16.468663380749
1,1,0,2.55996662820403,21.2979698247801
0,1,1,2.50889984547595,15.0891064661795
1,1,0,3.06646963133867,12.2535641654003
0,1,0,2.47620511759167,42.0105370384275
1,1,1,2.60131264143651,46.8087018895479
1,1,0,2.81204229447485,11.4119715072214
1,1,1,3.07313865763543,1.86666140955674
1,1,0,3.4495276520941,-8.20123864508076
1,1,0,2.42018157408767,19.2974676515547
1,1,0,2.67389201961229,31.1960465010168
1,1,1,2.69425062393843,-0.69109929400036
1,1,1,2.98278898136756,18.0975483364035
0,1,0,2.66317703192522,12.288604426828
1,1,1,3.25394602855987,31.0016800583774
1,1,1,2.65147806990605,12.4107653438949
1,1,1,2.94069664197271,-5.36220804861519
1,1,1,2.51529849451053,-8.74359639759392
1,1,1,2.71810072966428,-8.2419516284973
1,1,0,2.01977025946817,7.63813121934508
1,1,0,2.61163190148691,14.2968682084207
1,1,0,1.88887195906992,13.359087468252
1,1,0,2.53896465531764,16.9240466296433
0,1,0,2.91764662178954,8.2695747323477
0,1,0,2.30919396787833,41.4797261246922
0,1,0,2.82573037800634,47.8467775504817
1,1,0,2.92147046838233,0.695826263408161
1,1,1,2.56608352013986,32.0043250779316
1,1,1,2.89765606636493,5.14806706003203
1,1,0,2.52537301526661,23.2208207411772
1,1,0,2.55729936681286,5.88926277027994
1,1,0,2.45268162577821,14.6494303041848
1,1,1,3.34469475399808,24.2187306797918
0,1,1,2.98641326320589,-8.38260401591302
1,1,0,3.10170326408151,14.2820331412746
1,1,1,3.05692913701107,7.03279586886704
0,1,0,3.09814404250084,32.3823102216737
1,1,0,3.60585551181358,-4.4346723888748
1,1,1,2.95719112235138,32.0303143417954
1,1,1,3.41442852373834,4.65042675949886
1,1,1,3.51114716883729,20.7582057594024
0,1,0,2.99925530324191,33.6677727527221
0,1,1,3.33808399021266,37.3877911852247
1,1,0,2.87186095984325,7.16650359372288
1,1,0,3.80673841858324,-10.1535671206357
0,1,0,2.91548305430226,40.0830064690523
1,1,1,2.80546354219837,41.1440684101978
1,1,0,3.22290901779387,18.518766509407
0,1,0,2.33289798493226,42.623795450794
1,1,0,3.76689276566813,31.0082440420259
0,1,0,2.36477239183264,39.7207556846172
0,1,0,2.81071676129232,35.5522543172892
0,1,1,3.56906433461546,37.2346125042902
0,1,0,2.96813935798101,48.3852685394624
0,1,0,3.14769634953184,48.6105479376334
1,1,1,3.51601329322097,22.2185119705071
1,1,1,2.76664231748774,20.8887656329174
1,1,1,3.50877488068127,4.77893105253713
1,1,0,3.03277916027893,-0.282121676599829
1,1,1,3.13668384551637,-14.8993982221844
0,1,0,3.07119751820351,14.0910761527725
1,1,0,2.74515530930884,31.8425196280179
1,1,0,2.81036729810686,9.43114675233878
0,1,0,2.86547976349676,10.8748003383219
1,1,1,2.75716387399341,15.6429208204153
1,1,0,2.98340054019428,31.2649131265285
1,1,0,2.91890868527329,23.5018442697154
1,1,0,2.68414526388001,33.8114589042866
1,1,1,3.28084218402049,3.61133970134341
1,1,1,3.95154594526922,35.2280511474429
0,1,0,2.72928680708687,25.2934485458502
0,1,0,3.19969427178666,16.4173943083748
0,1,1,3.66458405592588,4.5245714742874
1,1,1,2.98755673760395,-7.94240545379581
1,1,1,3.10496820822344,29.1771649386644
1,1,0,2.81980091808203,35.7464864021885
1,1,0,2.77043641854435,-3.46243194362991
1,1,1,3.62514040339648,-6.38557137496058
0,1,0,3.22063834904362,30.0783880501581
1,1,1,3.56294346834418,25.6114777864566
0,1,1,3.16061786386595,48.2962335825715
1,1,0,2.46269850190501,7.31339213599467
1,1,1,3.1962281987549,-12.5634316181663
0,1,0,3.40269042452551,25.9071380220962
1,1,0,2.30729983180973,49.4944070642292
1,1,1,2.88469794792019,8.38022490214877
1,1,0,2.9639569130848,-4.62105467326994
1,1,0,3.30803906943807,-13.3367136236431
0,1,1,2.96521758425201,39.4987236260954
1,1,1,3.36123384053277,-5.9822385277266
1,1,0,3.33705575786349,18.1586429011477
1,1,1,3.33164261966932,-2.73986130238721
1,1,1,3.10496165584905,45.7384125938076
1,1,1,2.72279801306792,27.7860506246323
0,1,0,2.99089853871042,42.3885495837676
1,1,0,2.95906689934519,14.9700161926524
1,1,0,2.97982305116818,7.0008270751767
1,1,1,2.88225611565623,31.9062924807504
1,1,0,2.40594414733313,25.524862960937
0,1,1,2.75815572663819,18.7689271382535
1,1,0,2.94251725131925,32.6127919729567
1,1,1,3.64788195924727,35.4704260403495
0,1,0,2.97283870203624,28.3630516619144
0,1,0,2.2220325629273,29.6594651498103
1,1,1,3.02478290573921,28.678866720557
1,1,1,2.47248716063068,36.4378123132033
1,1,1,3.37596794005949,16.3388060290965
1,1,0,2.55494317394044,5.8550458695038
0,1,0,2.88949712778173,8.80769778675976
0,1,0,2.28321466086823,6.98920848656751
0,1,0,2.96814470183337,29.0985020145588
0,1,0,2.8632196187818,2.63234308973229
1,1,0,2.73860035751111,6.09368230903051
1,1,0,2.69381851568927,35.2964103863408
0,1,0,2.89427274784397,20.6166852199859
1,1,1,2.96041994080643,38.3786120520676
1,1,1,2.91370613246423,0.623335560942273
0,1,0,3.10573922364216,43.2851484059902
0,1,1,3.09516645306753,41.7022315176874
0,1,0,3.12768298602549,3.60126186267745
1,1,0,2.67195827293507,10.9948720937014
0,1,0,3.21372696792914,42.3674452848196
1,1,0,3.37490055876245,20.8727613281211
0,1,0,2.61550046972572,13.1789061087017
1,1,0,2.87945340008559,2.55277863343578
0,1,0,2.67261311129381,9.91479324464046
0,1,0,2.56589660480081,33.2516843068241
0,1,0,2.82614547345373,4.78453281849458
0,1,0,2.83429607859817,26.5749758687428
0,1,1,3.79063271636928,45.5578433078807
0,1,0,3.52261452773549,30.9261735726062
1,1,1,2.9133716197409,31.7404103305067
0,1,0,2.76321030584845,38.2250475352396
1,1,0,3.37832218228731,1.72860760619685
1,1,0,3.15653395604624,19.3206139123563
1,1,0,3.54437692476195,48.8234752558462
0,1,0,2.50984128531272,9.18424363280991
1,1,0,3.02572871463103,37.0638321718166
1,1,1,3.48882273735011,33.7988833898814
1,1,1,3.19769102674228,13.5399386902959
1,1,1,2.81457801856953,29.4996502287901
0,1,0,2.78990935560516,18.8538420007179
0,1,0,2.9337323932071,18.9571208593021
0,1,1,2.97274751260933,34.1241494248874
0,1,0,1.71976017164717,15.8034194675297
0,1,0,2.5564492716141,12.962693689902
1,1,1,3.30238642955589,-0.0849958349509521
0,1,0,2.0542061900736,26.3487004415694
1,1,1,2.69487772289516,32.0446064540121
1,1,0,2.45344227760407,23.695855618034
1,1,1,2.60976213206525,4.36141240743425
1,1,1,2.71945087856492,41.2983212440575
1,1,1,3.1421513322572,9.81584191918917
0,1,1,2.7254494411474,22.2988426784955
1,1,1,3.36030209178731,31.8174900124967
1,1,0,2.18263177854173,37.0852004160885
0,1,0,2.67303850378568,14.0823318948847
0,1,0,3.04399328681459,39.7492215063921
1,1,1,2.58807488687217,7.13643905845273
1,1,1,2.75948276377409,7.65450955351788
1,1,0,2.77778585736016,27.8627540953357
0,1,0,2.4071506093252,23.3868802914694
1,1,1,3.29602020741995,36.7576284713542
1,1,0,2.67736076011153,30.3258780600645
0,1,0,2.88114779898514,27.1334417849101
1,1,0,2.89679295700008,8.96824618548402
1,1,0,3.31144615237939,33.8825530747678
0,1,0,3.04567703016648,46.9419859220287
1,1,0,2.77307846091761,-6.51123052547277
0,1,0,2.76834915681359,39.4551881197476
0,1,0,2.5371809684467,30.5510934621286
1,1,1,3.38684103332716,23.9072065639751
0,1,0,2.63915173042881,-3.35613056880333
1,1,1,2.98816606391829,20.0863467226513
1,1,0,3.11213951106281,32.4911299707915
1,1,0,3.00946856062728,31.3695456603204
0,1,1,3.16901899193634,14.0280386176488
1,1,1,2.92010133672264,-2.48788908058491
1,1,1,2.86943080774054,25.9442045461274
1,1,0,3.12104517074325,-5.34982490381734
0,1,0,3.09524678820381,5.78792069093536
1,1,1,3.13548864588976,-4.81607576498233
1,1,0,2.91564644225015,19.5850376892092
0,1,0,2.44717849035078,5.65926234711689
1,1,0,2.6681496860261,39.8648245533241
1,1,1,2.58578697270982,25.0454973694239
1,1,0,2.07241085023228,22.1617445324566
1,1,0,2.75740392306394,8.78444281521922
0,1,0,3.43412403978514,22.6496763092512
1,1,1,2.99130630842739,2.23235454140851
0,1,0,2.30973563415156,16.507071036492
1,1,1,3.50788298024312,30.6697737942813
1,1,0,3.16539537848748,1.59966273470733
0,1,0,2.53983232815022,44.9747480467406
0,1,0,2.95228656393185,20.4541931158463
1,1,0,3.61442341909361,-3.34469827014121
1,1,0,2.40077835651784,6.79171887697158
1,1,0,2.47588497856793,44.6447081129828
1,1,1,3.57950347128916,1.03187523429145
0,1,0,2.70466847612997,24.4989846352689
1,1,0,2.85348865056951,0.209270845758546
0,1,0,2.71617421860464,9.05845512811954
1,1,0,3.35721093598017,12.2333189362533
1,1,0,3.3306749237732,6.11224662758515
0,1,0,2.55281447558533,21.0731288802232
1,1,1,2.6230691066576,4.06160749483458
1,1,0,2.98472960862744,6.8731646872487
1,1,0,2.35347009847064,31.4230561082607
1,1,1,3.3149974316681,0.477141734034225
0,1,1,2.59639570720227,11.2239804590856
0,1,0,3.39562248589844,11.4163306279433
1,1,1,2.91185047828518,0.392507690669973
1,1,0,2.84001171598883,52.2107649656753
0,1,1,3.13159913996429,4.5108649233004
0,1,0,2.13844125197683,11.9908171593553
1,1,1,3.30812288483303,15.3853397330308
1,1,1,3.51041295201814,17.4169678566644
1,1,1,2.77740772692464,0.50746779823851
1,1,1,3.29712672356387,0.748236668852929
0,1,1,3.10046243675669,27.7110398317456
1,1,0,2.52606736719565,13.0432074546925
0,1,0,2.17222207459846,31.1078607917565
0,1,0,2.53514991547432,14.6115297211022
0,1,0,2.68903729231953,12.3604698065025
0,1,1,2.68073571230133,18.6434990328275
0,1,1,3.05278424923961,41.7390824309498
0,1,0,3.32941651412968,20.9079794972556
0,1,0,2.64085136600666,-8.68724994355624
1,1,1,2.9055424927882,19.1691988243838
0,1,0,2.50630448135426,-7.38176519856935
0,1,0,2.60254120274141,35.708745443202
0,1,0,2.03408787705815,15.4105142435904
1,1,1,3.84314798211118,50.0471069886624
1,1,0,2.13705620440767,22.1824168581885
0,1,0,3.02478429637476,27.465262033811
1,1,0,2.62325403100072,-0.990555762886746
1,1,0,3.25029669589019,29.9713060351599
1,1,0,2.60712281865715,21.0755214540559
0,1,0,2.79504367781977,40.6763612414608
1,1,0,3.01195032900711,20.9700543221303
1,1,1,2.65544912494579,16.5125307139635
1,1,0,2.88965657336769,-2.72536728814559
1,1,1,3.2831789553964,0.731581953252537
0,1,0,2.80350378706133,12.1763338562241
0,1,0,3.15675882427069,29.9043333040848
1,1,1,2.96312266598597,32.6164021421301
1,1,0,2.50229868588128,23.9292666676757
0,1,0,2.85302027039027,11.2337961996529
1,1,1,2.90528956372509,30.8886008814988
0,1,0,2.71076763634695,20.4592448547922
0,1,0,3.09503953143928,13.5314969651117
0,1,0,2.10477313392714,11.7940855456927
1,1,1,2.90849500647746,15.2983983903878
1,1,1,2.7092769548407,36.3197140299389
1,1,0,3.07319652379808,23.8377507121836
0,1,0,2.18467058062469,26.5743843627765
0,1,0,1.79765785692353,14.5544455262028
1,1,0,2.453375039141,14.0701968114342
0,1,0,2.58424347452046,17.0297499119988
1,1,1,3.43922446909689,21.7851601534494
0,1,0,2.98687485512935,31.8088007509086
1,1,0,2.61347417802687,50.8870576641653
1,1,0,2.08165305474683,31.6259815315046
1,1,1,3.22193962049935,19.2607289473804
0,1,0,2.64868488921353,2.10571700101215
1,1,0,2.33394956884044,26.6510587647979
1,1,1,2.91787514960176,-6.34682731302896
1,1,1,3.28894187298657,1.65348132363398
1,1,0,2.69780718317028,32.8374888833482
1,1,1,2.66903664773046,1.82032899058839
1,1,1,3.03506096784423,-4.37192469822931
0,1,0,2.84180941390126,13.9960428518195
0,1,0,2.51555117615236,14.896518490902
0,1,0,3.200829069651,7.239723996257
0,1,0,2.05853970650109,5.84172091976661
1,1,1,3.03070641412823,17.1036792396654
0,1,0,2.54551047636342,22.8377863181393
1,1,1,2.79339684914726,14.5623842453238
1,1,1,2.85378352919512,-0.134029155909451
1,1,0,2.25117512227064,32.5909539041106
1,1,0,2.59745624990866,-6.59070547375945
0,1,0,1.97694288619023,45.7460161427662
1,1,1,2.49423120350882,3.2006919572354
1,1,1,2.90005593178808,-3.59962860376591
1,1,1,2.63527784105383,-12.2142031319199
1,1,0,2.58272279432071,8.02909586882922
1,1,0,3.35269503882003,34.5142316001307
1,1,0,2.90732769251309,11.0982651218488
1,1,0,2.40700393285622,12.8327307709501
1,1,0,2.57327238470054,17.9152221410036
1,1,0,2.650333726136,41.0048696472122
1,1,1,3.3483465350105,4.10003691047541
1,1,0,2.79737965859602,8.84418763305562
1,1,1,3.170647825144,24.0488224028737
1,1,0,2.63683413567205,20.5583715822814
1,1,0,2.88233241036065,20.0794062913693
0,1,0,2.16810664692571,2.2436878203482
1,1,1,3.06542520054469,46.0010503919273
1,1,1,2.73759182438995,24.6564780351773
0,1,0,2.74899762758472,35.9329288551286
0,1,0,2.69483356770944,12.6587769323883
1,1,0,2.98728168671924,2.5557131241305
0,1,0,2.21110158275802,41.3032520545241
1,1,0,2.72216372257024,19.7267060548237
1,1,1,3.01095017227796,23.2726232028642
0,1,0,2.35287725052258,26.9627698593125
1,1,1,3.2191856091098,22.8156437350623
1,1,0,2.53234139130655,2.78491184870868
0,1,1,3.0643590476703,21.5542223505691
0,1,0,2.87052713417232,13.7214665901758
1,1,1,2.81029635670556,-5.83789839673573
0,1,1,3.10073720040631,18.2997422137112
0,1,0,2.77499575048307,21.4171481801572
0,1,0,2.29252556133881,29.6762376293993
0,1,0,2.67481077368689,23.9612052504123
1,1,1,2.66588643653508,7.53797737547584
1,1,0,2.92781668322471,13.1855913493084
1,1,1,2.9106498422891,12.8200402347202
1,1,0,2.92872518584812,31.9634481295691
1,1,0,2.74691789110893,1.92384401921783
1,1,0,2.96473344294725,9.58067683467464
1,1,1,3.0769658733979,33.4147102478246
1,1,0,3.0831138792887,24.261368910666
1,1,0,3.01037382265315,-0.974766618025296
1,1,0,3.40660904592073,-12.9299734615606
1,1,0,3.02917514590162,9.22721090308433
1,1,0,2.79433650812007,12.9158298634132
0,1,0,3.20728648674855,9.22452605360656
0,1,1,2.93048895262989,45.1579839884494
1,1,1,3.14539082399586,13.5749020953978
1,1,1,3.91043599997135,-2.3092946084585
0,1,0,2.79376226334207,48.8504834358177
1,1,1,3.25414773215735,-0.320458022081521
1,1,0,2.28371421741587,37.8703856810235
1,1,0,2.93474082360691,26.8025244842021
1,1,1,2.85290486895054,7.42146656457804
1,1,1,3.46136734423092,-4.23456677132584
1,1,1,3.20094098520059,-4.72985050332287
1,1,0,2.2175782616606,30.1640356736017
1,1,1,2.76347869776907,37.3413111536188
1,1,1,3.41581424218467,42.2683116856681
1,1,1,3.04358080466573,10.9129048342496
1,1,0,3.23208826516586,14.4895159202933
0,1,0,2.32026213534717,16.8473166374385
0,1,0,3.08880221842828,-10.6312046792505
1,1,1,3.17226273003033,32.9049783250867
1,1,0,3.12118672778189,14.3221452382387
1,1,0,2.6713381395331,25.5474188448664
0,1,0,2.59256336536951,33.7861614945206
1,1,0,3.42323484068556,12.5022372971312
0,1,0,3.14765064867199,18.9341963557233
1,1,0,3.36116528677039,24.476992075871
1,1,0,2.82918996927726,3.7204941811558
0,1,0,2.90698630458146,14.4467509649427
1,1,1,2.85039251006977,22.1091774711001
1,1,1,3.48995160335407,0.461399231681181
1,1,0,2.80240542455675,43.1134457015351
1,1,0,2.8580986645621,18.7873570472882
1,1,0,3.29044942586062,47.3459560988442
0,1,0,2.15485570715863,16.748685730447
1,1,0,2.98289190317519,45.4084401320501
0,1,0,2.78262566927155,-4.97233118158474
1,1,0,2.40803402170724,35.0708835685429
1,1,1,2.73521954104542,5.0481386966505
1,1,0,3.27213800862884,15.0587721725652
1,1,1,2.57454681168499,28.2178268267915
1,1,1,3.27615913061107,-2.67114793630088
1,1,0,3.10143547026533,11.3479131143973
1,1,1,3.73836281012284,6.24279733385125
1,1,0,2.94928298316962,48.6225115120813
1,1,0,2.81476117147573,17.8720618398562
1,1,1,2.85200394747545,5.4116862023728
1,1,0,3.3945153885608,16.3885855205749
1,1,0,3.64763332185124,11.9794533057911
0,1,0,2.7851999381572,-5.022837341825
1,1,0,2.70485187147768,2.30327230215795
1,1,1,3.10381077432462,5.91121224393603
1,1,0,2.76495720045275,33.8891714311604
1,1,0,2.99851736517686,1.66115799546925
1,1,1,2.76880304887589,24.3388157488531
1,1,0,3.28523209803202,35.8540675548604
1,1,0,2.74165797042817,37.5237459218677
1,1,0,2.85670857465803,13.2682266917039
1,1,0,2.81549764518163,37.3357627861214
1,1,1,3.77459250600593,28.2488640326979
1,1,1,3.15661723875983,-20.6298964395469
0,1,1,2.95063969090723,27.6556552858833
1,1,0,2.88840399984659,27.5716343833839
0,1,0,2.59148717840924,21.3937696536545
1,1,0,3.05338546221517,25.5489606649442
1,1,0,2.69840650992022,29.3927733921143
1,1,1,3.0594110011133,39.6334322256152
1,1,0,2.67988622795382,27.0732553586283
1,1,0,2.31392909229909,10.7611181560868
1,1,1,3.10651033508395,0.384718611218169
1,1,1,2.46042917716667,25.0075270387149
0,1,0,2.90284985400688,-0.244049175065442
1,1,0,2.36343079708091,-2.88291584737653
0,1,0,2.10476501090469,30.3154007581037
1,1,0,3.5273286034866,25.2450295343144
1,1,0,3.03049516679289,35.5427276191995
0,1,0,2.46043415290658,8.61198464013357
1,1,0,2.74579275730831,12.4185933365591
1,1,1,2.77970143078541,16.584666359089
1,1,0,2.88593841328157,12.6826260038884
1,1,0,2.61765031310278,3.32229379075442
0,1,0,3.03481473770572,20.4557418189572
0,1,0,2.83597932599867,18.2482059513268
0,1,1,3.31153018501227,22.8585769939616
0,1,1,3.38375628424768,28.0934938361477
1,1,1,2.85562560097909,2.49637626009275
0,1,0,2.69428486947137,-1.98798167208783
1,1,1,2.58944410483468,29.0123468670311
1,1,1,3.02310608976282,3.76499245930924
1,1,0,2.98037105579088,14.1520296992989
1,1,0,3.08054424754703,14.2151658335687
0,1,0,2.86084683634654,13.8139760360158
0,1,1,2.69385336439973,3.88356807475162
0,1,0,2.8530375129211,46.2178739409016
0,1,0,2.57409783905149,-1.16573813481138
1,1,0,2.82409036987203,5.13881704143549
1,1,1,2.91620829548257,19.0502312365694
0,1,1,3.70100347183947,35.3395093967256
1,1,0,3.00738372489672,8.99677938447642
0,1,1,2.80437110048376,10.9761405815436
1,1,0,3.07831878147775,27.4273022049139
1,1,1,3.13711357156102,5.36310471514175
1,1,1,3.12602048831141,8.0777875995768
0,1,0,2.85242042854854,13.2192242312702
1,1,1,2.57104753992266,14.4801244986922
1,1,0,3.46766215567285,24.1158403481168
1,1,0,3.26962314382028,11.8187582674654
0,1,0,2.43735894917228,19.5957070216206
0,1,0,2.49242613770749,23.6818116723954
0,1,0,2.49684094592758,-7.35291670742354
1,1,1,3.12581528899528,16.6842530613455
1,1,0,2.75364474611329,3.31181154879016
1,1,1,3.43997886076764,0.897742169884355
1,1,1,3.16711157201734,45.2958592880876
1,1,0,3.20736901236399,24.161510323067
1,1,0,2.32760519526527,20.0667279256166
1,1,0,3.03412422807848,6.59077182589039
1,1,0,2.35433608431208,6.56723661972508
1,1,1,2.47013450044742,30.9261412853106
1,1,1,3.15807330533789,23.7140800924307
1,1,1,3.03691740969434,35.0199070822086
0,1,0,2.75226787737706,43.0113187620881
1,1,0,3.18048937694664,44.499035275665
1,1,0,2.10223835081537,37.6050815268221
1,1,1,3.47315665931552,6.00757088885664
0,1,1,3.20531407570898,-4.50841313296686
0,1,0,2.43352020504048,33.7087144462163
1,1,0,2.84969390725448,46.7164971935529
0,1,0,3.001770089309,35.0048032882465
1,1,0,2.26066832949866,3.83598725662259
0,1,0,3.02197013423496,8.63882589007822
1,1,1,3.0827368637306,12.6745109955961
0,1,0,2.44032996280347,15.0590622447548
0,1,0,2.88269374589805,24.9867598266343
1,1,0,2.55744763405622,28.5381171322882
1,1,0,2.95605734122869,18.6836751646911
0,1,0,2.49906121564817,27.5274884321948
1,1,1,2.99002299764898,17.3800506128852
1,1,0,1.79813897389792,47.3775395894531
1,1,1,3.10698795871607,19.915934327003
1,1,0,2.92550583111261,-7.59056226040705
1,1,1,2.94580458082189,5.56446470015306
1,1,0,3.51545952564697,27.9578583312874
0,1,0,2.67370049133885,26.2096865304589
0,1,0,2.85033235596142,10.1407268607077
1,1,0,3.12094038385129,7.27280087972882
0,1,0,2.9608356223537,27.9101321697462
1,1,0,2.51320533303923,8.47540804800331
0,1,0,3.05901883825332,32.9402862756494
1,1,1,3.06664289218614,33.3098240244325
1,1,1,2.65607537707604,19.2422391220942
0,1,0,2.74951486420475,18.7267859682535
0,1,0,2.85993879607088,42.1414786839303
1,1,0,2.89787784735073,10.6054195491916
1,1,1,3.36959362938073,36.4175907547489
1,1,1,2.84421161690926,47.3130061824412
1,1,1,3.11132245301226,10.5516463105431
1,1,0,3.04778531802697,0.485801686098023
0,1,0,2.19311714853767,-7.10064834689755
0,1,0,2.97328827140889,-6.72492881915934
1,1,0,2.07159055901793,8.56792411148713
1,1,1,3.42586981616565,28.6092051760883
1,1,1,3.26741598533175,-5.0339204043526
1,1,1,3.75446326323646,-2.0377076321595
1,1,0,2.47716965608117,21.9831168018945
0,1,0,3.49285636549287,4.35766385886237
1,1,0,2.50318075225089,25.6460252801948
0,1,0,2.78562458372948,8.56297549327918
0,1,0,2.49582918591442,9.14723868321638
0,1,0,2.47205760820761,14.5362548084904
0,1,0,2.43573437123325,2.9774467748507
1,1,0,3.34721024072872,12.461500236611
1,1,1,3.92034993849818,4.04897697175083
1,1,0,2.57172869297783,22.8257839827896
1,1,1,3.38458126790736,7.45324498130941
1,1,1,3.02459502065472,-6.40788794884182
0,1,0,2.96409177902936,35.1777928221682
1,1,0,2.15284698946418,25.492847326182
1,1,0,2.43998589029762,32.6425660192608
1,1,1,3.75638846001378,15.0177844542088
1,1,0,2.92622043868649,34.4843893740066
0,1,0,2.96034450788589,19.9729937721574
1,1,1,3.04502032246961,24.7244850317611
1,1,1,3.88732791722432,9.18143107122151
1,1,1,3.07730329350913,35.2841622888659
1,1,1,2.65107033709552,-14.4340192816576
0,1,0,2.4716486038253,-1.51878710206963
1,1,1,3.09084921488649,22.0625544313196
0,1,0,3.23929857293821,41.2132341661145
1,1,1,2.74350996074851,4.99119099243418
0,1,0,2.22588655880611,34.5267961936987
0,1,0,2.80565975039735,1.90803070201935
1,1,1,2.87215984527788,45.4885905640654
0,1,1,3.03828541743794,16.7133852010986
1,1,0,2.9148210291447,11.0316850008462
0,1,0,2.54512201231016,-2.66231762601853
1,1,1,1.89201392959957,31.8709978286945
1,1,1,3.27121320427446,28.4749911599916
1,1,0,3.02589966925069,15.4995531456787
1,1,1,3.06033120085066,-9.39355256562438
1,1,1,3.19172782633708,-23.8274769409619
0,1,0,2.35101451287596,47.1655916950096
1,1,1,3.15330580372959,-3.80602205178248
1,1,1,3.52017713634996,1.23490999352266
0,1,0,2.88515202503246,29.9912981084753
1,1,1,3.16499640498104,39.2458210303773
1,1,1,2.90812953017937,35.7035318415746
0,1,0,2.70879431362825,16.1644182520089
0,1,0,2.56681054931359,31.1385192680454
1,1,1,2.73874722980485,-12.4355448360927
1,1,0,3.01499623259889,17.54798263542
0,1,0,2.17418063204605,43.1088202204816
1,1,0,2.73555980203512,46.9412142384263
1,1,0,2.55588213062268,20.9742599083617
1,1,0,1.93277985239953,34.3857338066423
1,1,0,2.95294655302943,23.7349735976207
0,1,0,2.63973773428421,13.9941665822196
0,1,0,2.22137730841907,24.2741528480656
0,1,1,3.05926042409658,32.2927936312601
1,1,0,2.80763930392891,37.0587975059653
1,1,0,2.44442031020774,10.7238284566046
1,1,1,3.20820669304417,17.0151090191682
0,1,0,2.89935463502516,37.1455610117912
1,1,1,3.19481687606427,2.36451950944133
0,1,0,2.76509051443236,17.052050965442
0,1,0,2.65138001812506,35.0662595396214
0,1,0,3.00360985438998,-6.18725007554444
1,1,1,3.00700236880341,7.3933382099095
0,1,0,2.78759216278077,-9.47101374654651
1,1,1,3.6371135558421,8.88530481046164
0,1,0,2.64480793947946,-3.93636360086131
1,1,0,2.74637134505341,22.391514572674
1,1,1,3.18310162946682,1.91562388022244
1,1,1,3.70905551021237,27.2051026427123
0,1,0,2.03162293465127,3.45727887100934
1,1,0,2.91862375502801,22.578518654893
1,1,1,3.04110059453392,32.5058214323434
1,1,1,2.83951614451581,4.72848250832278
0,1,0,3.01763240683711,41.115367749805
0,1,0,3.19832952506787,16.8978514628284
1,1,1,3.50647887609153,8.73993081074934
1,1,1,2.59946271417951,8.41921610101157
1,1,1,2.86526377916868,12.2979412920094
1,1,1,2.45911923578131,23.8384015575158
1,1,0,2.49503945182111,45.3638946515184
1,1,0,2.77562930760588,39.9715207157059
1,1,0,2.32991532132591,12.8376178152865
1,1,1,3.38011714938786,14.347103024447
1,1,1,3.01300263363235,6.21548673319134
0,1,0,2.62009000260488,10.2288849975587
0,1,0,2.63028340321674,3.32167516636314
1,1,1,3.05414780719457,34.4104235704283
0,1,0,3.25341825517576,4.78661699037414
0,1,0,2.53946909481729,13.0075817875777
0,1,0,2.76725675484958,15.4679359670147
0,1,0,2.16701494766746,5.63266165503886
0,1,1,3.17759502500438,32.9560376508498
1,1,1,3.18639661318081,35.5074613564448
0,1,0,2.60871635594311,39.4968810241297
1,1,1,3.6064245788098,19.9528584698696
0,1,1,3.62856856359888,-4.61252598441041
1,1,0,2.35875576159835,-8.75668842550505
0,1,0,2.67429983803205,18.5689866193249
1,1,0,2.76741980814721,8.04562929756
1,1,0,2.79177874553709,20.0110377768881
0,1,0,2.06184756723331,44.5660117893123
1,1,1,2.38500428749593,-18.3612613088684
1,1,0,2.87185129682571,33.5618912558723
0,1,0,2.85043293032408,40.9688095067378
1,1,1,2.84855468849663,20.301174297365
1,1,0,2.74780533591111,47.7186862530297
1,1,0,3.45836032552119,37.4098791251302
1,1,1,3.00614266977822,23.0289683708592
1,1,0,2.74650530231751,38.6147525849778
1,1,1,3.65988040406453,2.9147463704683
1,1,1,2.31010433155773,0.959594465634094
1,1,1,3.36665385038934,3.80116745996578
1,1,1,3.32719819495247,14.8080133782177
1,1,0,2.96902081486334,17.572332168884
1,1,1,3.49231578628903,6.98432584247598
1,1,1,3.18835205464545,20.8646103143494
1,1,0,2.94042946788589,21.464531485968
1,1,0,2.493933214014,23.8262903672922
1,1,1,3.6599987325125,25.7569053882406
1,1,0,3.07066274232486,31.7033105017204
1,1,1,3.0612465492205,16.6431148772699
0,1,0,2.1388290031224,27.4878188485363
1,1,1,2.88685164012062,20.3442246358503
0,1,1,3.05538139800827,23.1239751297197
1,1,1,2.31858977029527,-12.0973986861761
1,1,0,2.58185426134999,6.33671224668847
1,1,0,3.03505576963773,17.6816692234074
0,1,1,2.46000424547509,8.54456325218478
1,1,1,2.38514554139768,0.657746850314368
1,1,1,3.23461938898903,26.7279461056984
1,1,0,3.26373558565771,-9.07909661390318
1,1,1,2.42023075831374,-16.4160201722821
1,1,1,3.20090080193693,14.5171336107394
1,1,0,3.22084353428897,29.3058099665212
1,1,1,2.69748632586535,22.9847963809649
1,1,1,2.88882076075877,24.4237132613443
1,1,0,3.37731916825332,-2.87357404671415
1,1,1,2.94934367722183,35.4404443626341
1,1,1,3.2279794454379,-4.21385786577665
0,1,0,2.81961458983023,29.7077730240082
0,1,0,3.09980344938195,5.98227561547996
1,1,0,3.05248202771428,33.064757558349
0,1,0,2.8914583623087,-5.41062265141073
1,1,0,2.30064909730659,30.1462703825925
1,1,0,3.38143223487235,4.58120919572892
1,1,0,2.33091065976516,47.4918564544527
0,1,0,2.72011756975691,47.2250127897135
0,1,0,3.27048573501285,3.92651378450669
1,1,0,2.41367042384105,1.18374179386365
1,1,0,2.84247975105536,17.2536697965793
1,1,0,2.19102349679012,-9.80498838750601
0,1,1,2.68928225936064,11.4593584040501
0,1,1,3.36363644457451,13.7090624039088
1,1,1,3.2964814887526,9.16969861542279
1,1,1,2.79780395583145,9.7332986513978
1,1,0,3.1122329434144,23.4551169072684
1,1,0,3.24903691309429,-11.8590558568415
1,1,1,2.37692732011113,-0.473757051650459
0,1,0,3.19281007174082,41.6464962991012
0,1,0,2.48041760781616,4.55368497643085
0,1,1,3.06355027699579,40.5450766284224
0,1,0,3.47168630781663,43.5715146995789
1,1,0,3.23024300417412,9.32268237866317
0,1,0,2.16685446553666,23.1549316336719
1,1,0,2.8644018079191,20.177033095035
0,1,1,3.36038235018286,30.7444137578602
1,1,0,2.54308249170144,8.76675019039186
1,1,1,2.95727409251262,-2.71263860228066
1,1,0,2.56215642323691,32.0887965552885
1,1,0,3.07880720765353,16.9541793645922
0,1,0,2.86605621896524,21.0523898507152
0,1,0,2.71479101816877,16.8523477126403
1,1,1,3.51307529837523,15.2871091979397
0,1,0,2.72784931433148,22.5955305993991
1,1,0,3.50597915548034,31.5314860807246
0,1,0,3.11251569307714,1.63489404481546
1,1,1,2.80696689351769,10.122242756001
0,1,1,2.65472952563477,21.2331370990443
0,1,0,2.60676252858523,32.4795806642365
1,1,1,2.75141334738913,16.1490056619116
0,1,0,3.01404606180783,17.5294346776397
0,1,0,2.30308279040253,3.65795464692112
0,1,0,2.49279327995921,47.9799733934986
1,1,0,2.90568055225505,14.7163245967088
1,1,0,2.85418332038814,39.155633312836
1,1,1,3.30355491605245,5.49909746471301
0,1,1,2.90389428399795,8.9806124183576
1,1,1,3.02820546432395,23.7151476962221
1,1,1,3.49474866437296,10.01296219943
1,1,1,3.32461661090638,-1.02847554082901
1,1,1,2.79706951478143,13.4052836267456
0,1,0,2.50981688786236,17.6818688093365
1,1,1,3.60110551513755,22.9820300687183
0,1,0,2.6000217994707,41.4032868562152
1,1,1,3.30525477975657,6.18909520713203
1,1,0,2.93951172595389,-5.55177441714977
1,1,1,2.53215451192077,-4.21065179037065
1,1,0,2.08173766768718,15.9971767225237
1,1,0,2.73234721291291,23.3144041817588
1,1,1,4.24541342356096,1.6203256405732
0,1,0,3.02231596124624,1.52337686412552
1,1,0,2.78144823415567,8.91557858181769
1,1,0,3.17462434200931,43.3923376396294
1,1,0,2.87917364122265,19.5726268746512
0,1,0,2.45506183778503,43.1773456642158
1,1,1,3.19533400052506,29.0952205180243
1,1,0,3.04906736336682,0.50280716825889
1,1,0,2.75735701250563,0.8781997700695
1,1,0,2.91296794734933,2.68909944804306
1,1,1,2.99173514616566,14.1298194233491
1,1,0,2.24539023897184,-2.37329975386075
1,1,1,2.44788153849784,13.8596378983482
0,1,0,2.69023101304181,38.9270647812306
1,1,1,3.52706976636228,31.5240044973654
1,1,0,2.69140828607694,15.6626168145026
1,1,0,2.92135515535688,39.7287518741335
0,1,0,2.67694107601957,-8.9503201442062
1,1,1,3.39117550215806,21.8587514147929
1,1,0,2.84844999697105,30.4251653821875
1,1,1,1.83079620485517,-7.2900482682288
0,1,0,2.97294090306608,8.62583652618312
1,1,0,2.52364729847436,21.5261716268908
0,1,0,3.31507721827893,15.8018819273115
1,1,0,2.41172890987459,10.7251792674622
1,1,0,3.29368745302862,27.8897373464361
1,1,1,3.23420893176579,23.6647437229744
1,1,1,3.24134910216987,25.0607012067833
1,1,0,2.61898595594184,41.0370885342092
0,1,0,2.85785303909598,21.4173728612344
1,1,1,2.80769307116644,-1.78875417054461
0,1,0,1.8019386500505,17.7910696053117
1,1,0,2.9041085173656,12.899667772235
1,1,0,2.90572564366285,1.58769003959684
0,1,0,2.57126203536783,30.317028684356
0,1,1,2.7191308560612,29.2113184405802
1,1,1,3.36023708817963,6.53519992142233
1,1,1,3.00682865374071,7.43106097939722
0,1,0,2.71785070161465,5.45864927370208
0,1,0,2.50996929376616,18.2713525266492
1,1,1,3.69981641700439,-15.7099951678405
0,1,0,2.59681374295264,14.8135435847828
0,1,0,3.04759866591378,31.0782839668969
1,1,1,3.0620267885237,10.9022878961316
0,1,0,2.26639397645187,29.8816288030719
1,1,0,2.96603472800159,3.28720058629903
0,1,0,2.80753112429068,31.1064575604025
0,1,0,2.56514816179887,52.6928326479892
1,1,0,2.73241104022406,5.22229936458537
0,1,1,2.99385561010032,26.4323684833459
1,1,1,2.78000175608911,11.4905623871705
1,1,0,2.40283404575512,0.614667141894316
1,1,1,2.50751660221549,-8.08247712467694
1,1,1,2.99049112242908,42.2134424251917
1,1,0,2.4601629193503,35.1586752178658
0,1,0,2.52687917514598,41.0877772098428
0,1,0,2.75042176468615,29.8618360220828
0,1,0,3.28877516392852,14.1175730386528
1,1,1,3.58324686402057,32.6779004354374
0,1,0,3.03487113908371,15.6161930377326
1,1,1,3.7089408429749,7.24213650154248
1,1,1,2.81999977420971,17.1646710567799
1,1,1,3.00048055412604,-7.94653596751764
1,1,1,3.0002788735234,29.7631585221613
1,1,0,2.84490057644538,2.50037304118675
0,1,0,2.02708070028241,31.3508067579209
0,1,0,2.53938391143603,5.20622171617613
0,1,0,2.6423496271509,4.87401242252444
1,1,1,3.56236588948612,18.8407300018247
0,1,0,2.59626915335858,0.032872805513545
0,1,0,2.6722560273191,19.6071723936629
1,1,0,3.68918717656948,12.886072302118
0,1,0,2.18802128123827,16.3254414683303
1,1,1,3.52492348415988,32.7757658908452
1,1,0,2.88167691144412,3.28680081683638
1,1,0,2.67307588614434,17.4386015697902
0,1,0,2.79369129247416,17.6426389917626
0,1,0,2.72318406016181,29.2781662890173
0,1,0,2.65884771352366,30.6556019294706
0,1,0,2.42274060517277,5.89354318035133
1,1,0,2.70272285902023,22.6394007887352
0,1,0,2.31721000182886,42.3887255068533
1,1,0,2.00728098112878,30.8057458895844
1,1,1,3.67425398606906,29.4498995726568
0,1,0,2.68523794647977,27.300796131764
1,1,0,2.6626223387365,38.2627425936405
1,1,0,2.53633604794224,10.6073034619703
1,1,0,3.47938416001028,12.6742290047506
1,1,0,3.10204240486065,-2.94512490839978
1,1,0,3.00376827054709,-4.18020862134835
1,1,0,2.8550971638279,-8.30466298218865
1,1,1,2.9356570839009,3.25241197340555
0,1,0,2.70131844588782,30.499525945423
1,1,0,2.44828458667921,11.3721102802567
1,1,1,3.36689217448219,47.2453707633133
1,1,0,3.42534445035556,-3.91472597022296
0,1,0,2.38796564893986,-0.105221210449645
1,1,0,3.33671849779387,5.37622080768263
1,1,0,2.80251197307229,25.0451365106047
0,1,0,2.22986092534132,34.5682759868391
0,1,1,3.41587257734323,20.2600089781364
0,1,0,2.73691035646254,36.018038621139
1,1,1,3.53142174547294,32.9089749755185
1,1,0,3.10538991229037,-7.60960821038818
1,1,1,3.5201267260096,-5.1090234597578
1,1,1,2.99129111180968,26.1709217289057
0,1,0,2.31294970479112,-9.88848763636178
1,1,0,2.56407741281681,22.0480064510894
1,1,0,3.29230676115466,9.57358112026003
1,1,1,2.77205902269145,-3.60592966738835
1,1,0,2.55668454617832,19.1887695585405
1,1,1,2.94373067364523,13.949705047727
1,1,0,2.8146773568872,51.6095814334029
0,1,0,2.5104754597062,42.5890620330839
0,1,0,2.18178828186607,50.0657041462071
1,1,0,3.17775013402024,32.0164019103878
0,1,0,2.66264505142146,19.5752371619998
1,1,1,3.26605699471678,1.80274509495326
0,1,0,2.79858488568815,-1.64258960038164
1,1,1,3.69377712878097,-5.65676393899186
1,1,1,2.88221513832701,1.02002361010303
0,1,0,2.68458883204976,27.2344937456764
0,1,0,2.86367410529342,40.5118359080823
0,1,0,2.70637118467724,42.5079282224705
0,1,0,2.83046541772401,22.3529063261755
1,1,0,3.42475650369413,18.2864720185115
1,1,1,2.97974300014829,-16.8552003070062
1,1,1,3.37368523227974,22.5493273583124
0,1,1,2.74502725874788,22.3402895610532
0,1,0,3.1035579396144,-2.91084604775155
1,1,1,3.00681362029369,12.256275324279
1,1,0,3.19767356314208,13.4791275880464
1,1,1,3.63352703238996,28.6691639197447
1,1,0,2.71968881401998,27.5716449165489
1,1,0,2.23478018466862,6.08810947290156
0,1,0,2.04618781569571,35.5811727804051
0,1,0,2.46127350240575,-4.73165514218211
1,1,0,3.07181971881802,2.8014250407175
1,1,1,2.74990148691137,22.0749772597342
0,1,0,1.98264761208561,20.4482329800093
0,1,0,2.73490433203598,16.7528595991486
1,1,1,2.74327781502525,18.1761872783365
1,1,0,3.06885074289797,22.6259012353973
1,1,0,2.47187916837196,11.3494271185151
0,1,0,3.1790861788218,40.0993568231353
0,1,0,3.10083367289082,38.5063550283845
0,1,0,2.33416996071884,20.3174437775004
1,1,1,3.14728650132811,25.041100059905
1,1,0,2.71857701513476,0.0824285203060739
1,1,0,2.83932156133846,24.5910554425301
1,1,1,3.27484283521493,8.64074987069408
1,1,0,3.76846490132278,14.970477524989
1,1,1,3.19657915204449,7.96372681286465
0,1,0,2.28815857210489,13.4475413422416
1,1,0,2.89709286708539,37.2260251084392
0,1,0,2.85043591075003,18.7819626740852
0,1,1,2.63457356201054,22.0534456053605
1,1,1,3.77938896207791,-6.12741884089102
0,1,0,2.59521006553119,-12.8987195141278
1,1,1,2.67857794352731,36.0198031245513
1,1,0,2.39777807657443,38.5547821115867
0,1,0,2.76395391513875,5.26254812450943
0,1,0,2.49265408200636,10.652204182086
0,1,0,2.76283170697693,17.8761871559973
0,1,0,2.56987645973787,10.4452423288981
1,1,1,3.15875010787566,18.9581062892262
1,1,1,2.76408155878356,-3.15845636160064
1,1,1,2.87893729652182,0.634768262205892
1,1,0,2.88077983786858,-12.5471678289533
0,1,0,2.40844238562556,27.625545752776
1,1,0,2.48804527908625,27.9231564952241
1,1,0,2.31903335860586,26.5438365379696
1,1,1,3.81084009768276,-2.68793902149654
1,1,0,3.23599882251249,0.610727500071121
1,1,0,2.83433821692038,40.8743454279246
1,1,0,3.2565630876748,20.9042814355639
1,1,1,3.64669622019196,3.74956029865507
0,1,0,2.96124235053748,7.36111929492881
1,1,0,3.36438251558601,41.8838446970416
1,1,1,2.99472775116299,19.6404123510118
1,1,1,2.74483169150152,25.2447219694265
1,1,1,2.34401857333414,28.464265143131
0,1,0,2.71736551487541,5.79185349983285
1,1,0,2.67605558433224,-4.34169267301375
1,1,0,2.42815144409188,1.095358315744
1,1,1,2.88961288765956,22.227054622852
0,1,0,2.26568890769264,45.1423478194131
1,1,0,2.48422411496291,45.6102981712352
1,1,1,3.71201815477672,21.1835191843471
1,1,1,3.41368830504289,21.0518181153797
0,1,0,3.17657985605353,20.3001022952581
1,1,0,3.0574045557977,1.11666042579091
0,1,0,3.26367372674022,14.812859105496
1,1,0,2.94377777151723,4.80479284127843
1,1,1,2.94690982511666,0.448566883956559
1,1,0,3.1509673144911,40.612646150776
0,1,1,3.29755171417034,-9.3335701481511
0,1,0,2.94978386784994,19.4929308961029
1,1,0,3.05841611557725,-2.65400732450884
1,1,0,2.15598904825734,19.792893791021
0,1,0,2.48005844655298,33.4289108828857
1,1,1,3.07694334223846,22.8162395824409
0,1,0,2.76467314578352,6.66711948947547
1,1,0,2.5791414615628,25.0196272701692
0,1,0,3.21203458356083,23.9149663331205
1,1,0,2.6600247065313,21.7555515443296
1,1,0,2.45794464473957,8.78720485978927
1,1,1,2.58446451283416,5.44724257255537
0,1,0,2.12417210279383,20.4366415739023
1,1,0,3.04397346224495,-2.4109528378358
1,1,0,3.17170421200034,28.6567640109631
1,1,1,2.35948843371881,47.7670500019855
1,1,0,3.06084131906169,0.149897134513367
0,1,0,2.0574102794212,34.9596330142571
1,1,0,2.79507425148937,-1.12765030896067
0,1,0,2.75973877731657,26.8844826419431
0,1,0,2.73067349729068,27.6357554806095
1,1,0,3.16436091494353,18.6776150732883
1,1,1,3.64646619195284,31.0445988180786
1,1,1,2.89653339509059,-5.42477328817651
1,1,0,2.29808953079028,32.0941102122078
1,1,1,2.8213281105908,38.0557039339413
1,1,0,3.20456640632256,-0.1065142418291
1,1,0,2.73887935557652,29.3563761828949
1,1,0,2.86093318933794,12.7577979328588
1,1,1,3.16480978518479,25.864862480288
1,1,1,3.00179245866434,20.4764252589399
1,1,1,2.9681905819743,28.7983754324221
1,1,1,2.83291539187479,-4.81067526376189
1,1,0,2.60174579675506,34.9201486609686
1,1,1,3.10912219036205,9.62191589149064
1,1,0,3.05879951271629,-0.30898217286078
1,1,1,2.95614797746974,-5.17493477675886
0,1,0,2.99104700982114,23.9983975393702
1,1,0,2.64119929095969,0.0851541580055439
1,1,1,2.81789442810757,21.7069886641587
1,1,1,2.54671663215405,30.4546707677236
0,1,1,3.50627697021304,34.8724555057193
1,1,0,3.11337178638013,-5.82734305490964
1,1,0,2.62803433484531,-0.868983797966138
0,1,0,3.18892718428119,3.20174326126099
1,1,1,2.96550893723043,32.6514298963305
1,1,1,3.31413737226605,30.9392018463403
0,1,0,2.01286630135799,36.898873180509
1,1,0,2.54524096547654,-0.126506328096788
1,1,1,2.91762240650618,38.6007386073953
0,1,0,2.90099223511997,34.9183308052447
1,1,0,2.63347030763056,28.3034682130055
1,1,0,2.39440816081789,-5.20240823421241
1,1,1,3.11692857476716,25.9234134635161
0,1,0,2.99926578510803,47.0045658760222
0,1,1,3.15429561565572,35.6526621102125
0,1,0,2.38542328810294,7.94832303394452
1,1,0,2.78279348654578,5.03820082513329
1,1,1,2.98932636918326,0.383013904707347
1,1,0,2.73513791752406,15.1236161267234
1,1,1,2.8665311994632,29.9559832384249
1,1,0,2.65164614432132,15.5019839123494
1,1,1,3.09010713526528,11.5973422542427
0,1,1,2.48282491898482,21.7042606001065
0,1,1,2.51480429877983,4.9948391548197
0,1,0,2.64947176954018,22.2884216456832
1,1,1,3.09829728199968,36.7009049409416
0,1,0,2.95059664260415,13.0187561284293
1,1,0,2.74507474563734,30.4974179039947
0,1,0,2.88621862390127,27.094689403146
1,1,1,2.36459284458952,12.5833135164443
1,1,0,3.26226728066577,18.2930727649913
1,1,1,3.22499122070356,20.7272956073259
1,1,1,3.2486791502831,10.7660654059254
1,1,0,2.92410594532906,7.46497858354141
1,1,1,2.74823161325643,-6.36603175400075
0,1,0,3.39855258800319,42.4340507766415
1,1,1,2.86486101087384,-9.9823480376566
0,1,0,2.37004403894113,17.6318757275275
0,1,1,3.59396515589127,24.2105967596103
1,1,1,2.90438679655254,12.3143697727771
1,1,0,3.2866016454409,15.3532055064557
0,1,0,2.82209191120114,31.5624814698885
1,1,1,3.34695968098963,5.26974331933916
1,1,0,2.91447519369143,12.7206127271091
1,1,0,2.97809753615928,-13.2848840760594
1,1,0,2.53863925456229,19.1874607909509
1,1,1,2.84426639164719,35.5859316707498
1,1,0,2.96454252826297,19.0742925724207
0,1,0,2.50972286040965,6.9478052021544
1,1,0,3.32219351804296,-3.81515132844137
1,1,0,2.4454015674596,10.7207239981887
1,1,0,2.48004589040457,28.4410185229805
0,1,0,2.41411293677628,33.8780927862637
1,1,0,3.08573400079463,13.5280521171288
1,1,1,2.79746913552348,8.43174677732925
1,1,0,2.59716165585792,27.911477047503
1,1,0,2.5073007224413,-5.09317228079258
1,1,0,2.53764400026908,20.9657535962386
1,1,0,2.82643706389806,8.5561328847575
0,1,0,2.43701040964419,50.2141933334081
1,1,1,3.24955129496663,-15.6158386470348
1,1,1,2.93791173903813,16.8190578278251
1,1,0,2.75966729202452,20.8634448904587
0,1,0,2.64083791396753,14.0847744240462
0,1,0,2.75293584071161,26.4662813214775
1,1,1,2.68236925989698,4.50333095126443
1,1,0,2.61087748089559,32.600824771587
1,1,0,1.9314017342532,25.9469469971262
1,1,0,3.05225215556761,-8.06654896576326
1,1,0,2.64522654798072,-5.1106156120017
1,1,0,2.62594210949319,31.1357732274354
1,1,1,3.75996685854208,6.1636291697631
0,1,1,3.29636047124317,13.9055665785258
0,1,0,3.19977857994849,0.425256802550745
0,1,0,2.36256473134565,-10.9176766264213
0,1,0,2.99287127311335,44.1297099342614
0,1,0,2.64887232270108,43.1888550339726
1,1,1,3.51802116911958,24.2772683626476
1,1,0,2.6553475792438,17.2738470580423
1,1,1,3.26677050976876,16.5478550446284
1,1,0,2.62933877492692,11.2013593941895
1,1,1,3.39034864443864,24.137359909459
1,1,1,3.26753030076483,32.669141626852
1,1,0,3.30032922174718,20.0749233625232
1,1,1,3.10589681330507,2.69790277969501
1,1,0,2.60205698742808,1.75258164709443
1,1,1,2.89992475395615,30.9403692977373
1,1,0,3.40337448929112,22.7412862245441
0,1,1,3.52113125168564,23.9504040896076
1,1,0,2.61198474039385,24.5538597790804
1,1,0,2.9892052018462,19.5230551014568
0,1,1,3.19188964893676,1.5287495660536
1,1,1,3.15558584775737,26.4849228792093
1,1,1,3.31339094152418,48.6340776106354
1,1,0,2.37769755809828,20.4964749065991
1,1,0,2.62707789490242,6.36957735952774
1,1,0,2.79359598654823,14.9559663736206
1,1,1,2.93451301028378,14.4874591897806
1,1,1,3.07391442303661,42.4232782644886
1,1,1,3.28773519690087,18.5788821843158
0,1,0,2.80342734811486,4.28477411971076
0,1,0,2.59099555412228,24.7144444974726
1,1,0,2.95603997802403,14.983131306539
1,1,1,3.17584229708443,11.2551811552303
1,1,0,3.3502015638141,29.7523081278363
0,1,0,2.76243922817388,33.8549776855146
1,1,1,2.97652710351603,0.823208846198742
1,1,1,3.42300166151925,35.7990987171789
0,1,0,2.52598462493458,24.8472190648055
1,1,1,2.82291846646645,25.9426816791795
1,1,1,2.47621975160078,24.0448734809669
1,1,0,2.45477654096147,24.757417211187
1,1,0,2.40116316094201,13.0948410513582
1,1,1,3.50810668681287,12.7468777766557
0,1,0,2.62907158957003,3.70545684982896
0,1,0,2.5958533509138,35.9191389134499
1,1,0,2.89139002712251,5.85589035576673
0,1,0,3.17741432546173,41.4362869234561
1,1,0,2.04444910131518,42.9512603302531
1,1,1,2.50529891796924,20.2379595267591
0,1,0,2.42458356198322,48.3352403971593
0,1,0,2.49645514497978,5.80272744180328
0,1,0,2.74899343590351,24.7899684157471
1,1,1,3.11572107718978,14.9027237782694
1,1,0,2.20659704308265,5.00677944384389
0,1,1,3.29393065486661,22.2735963882546
1,1,1,3.35184221644353,17.1858181644725
1,1,1,3.50562974927276,41.066019390047
0,1,0,2.42857733951961,4.69040025631227
1,1,1,2.83206489870752,13.6352280833488
0,1,0,3.15025002045158,16.9812328205125
1,1,0,2.7904830975265,7.92989328476078
1,1,1,2.67312943414486,-11.8080486848674
1,1,0,2.5542197719948,26.1401269977553
0,1,0,2.70061473732562,31.0308260324981
1,1,0,2.24402829757138,14.0868251684292
0,1,0,2.78944642437348,44.5809698317269
0,1,0,2.2541974830822,-3.58585756238099
1,1,0,2.76950100805474,46.7399537262303
1,1,1,2.96546139321592,-11.1549058149527
0,1,0,2.28163661346989,-6.40583413292736
0,1,1,3.50305099201378,18.0659059873736
1,1,0,2.9084795691988,46.2238580431973
0,1,0,2.77537576973013,19.3075740954386
1,1,0,2.9457019516122,1.86528405896207
0,1,0,2.51318669327903,43.0391281047425
1,1,1,3.21178168582506,20.6845662173633
1,1,0,2.77165803445011,26.2221420641453
0,1,1,2.75546870874198,40.7378103564808
1,1,0,2.99573990294156,5.64280966498454
1,1,0,2.18066668760705,2.32001685613179
1,1,0,3.2982006671065,26.3337062485575
1,1,1,3.1261184712344,38.9857398112599
1,1,0,3.07677011104967,31.7870056819681
1,1,0,2.65667539264972,11.7210672802532
1,1,1,2.37853377413692,2.75872209923168
0,1,0,2.604121638409,41.2154524118215
0,1,0,2.58887926858289,38.9994494420702
1,1,0,2.68779229443666,8.82639565691648
1,1,0,3.18010560643896,31.085433880643
1,1,1,2.9165599448144,-12.7582456102168
1,1,0,2.94829370681856,36.2623699096184
1,1,0,2.57372096813945,36.0824173521027
0,1,0,3.05971611295639,19.968700924199
0,1,0,2.47485441437082,46.9426204322129
1,1,1,2.97256791717447,25.7815809256915
0,1,0,2.62264454335697,-2.63548165115125
1,1,1,2.1055096647922,44.1271150473109
1,1,0,3.04371168392391,52.2262951939861
1,1,0,2.76993092706779,-0.826311842420935
0,1,0,2.60411643579383,44.9075362953308
1,1,1,3.03954457414117,29.1955414771279
1,1,1,3.64580330327205,8.08935943817247
1,1,0,2.446704159042,43.6799469011717
1,1,1,3.39452012882136,-1.11274560912919
1,1,0,2.70925008968042,14.3719354175754
1,1,0,2.53038195918214,40.4271402401096
1,1,0,2.93835593842947,11.39773782698
1,1,1,3.24325064404045,2.7312479226785
0,1,0,2.65304402957962,20.2402402084887
0,1,0,2.85780875527077,26.5267824654766
1,1,0,2.52784022100122,26.7353282292859
1,1,0,3.67182522000167,2.80744430688939
1,1,1,2.79942552392411,-10.2348682323113
1,1,1,3.17822728546269,1.49927217368506
0,1,1,2.99908231890783,25.0566644832423
0,1,0,2.92282232437572,24.3252942784355
1,1,0,3.10655901647891,2.81231674522872
1,1,0,3.27104080569875,16.2654860167103
0,1,0,2.12710140395359,32.4480263959321
0,1,0,2.73368511698465,26.0205670083548
0,1,0,2.32035132343855,15.8226596817209
0,1,0,3.47991917754795,18.6983041912448
1,1,1,3.11460643750935,8.15081992016285
1,1,1,2.51047654280363,-15.8576628069879
1,1,1,3.34200464540601,0.593724508524417
1,1,0,2.76296896438214,14.0357870421664
1,1,0,3.08952793444931,23.4222532090427
1,1,0,2.78783861314127,37.3790154291659
1,1,1,3.10859515849895,12.1131359083364
1,1,1,2.86140157856668,2.77153086315547
0,1,0,3.26445822338977,27.12676832777
1,1,1,3.33402842983342,26.8043479536192
1,1,0,3.71036620396805,13.7531880623545
0,1,0,2.86814026671288,47.5903988234503
0,1,0,2.93090908611671,7.04271410200462
0,1,0,2.59303138093566,24.9963364206984
1,1,1,3.84911052089779,20.0021893231457
1,1,1,3.16587874510445,16.9243396433267
0,1,0,2.70249571800834,9.66211332871831
1,1,1,3.3455207881934,9.97372346924119
0,1,0,3.10404009438347,4.01349229499871
1,1,0,2.9686550984327,24.7827714537689
1,1,1,2.50704850829633,16.5172990410217
1,1,1,3.0087026020872,49.9323987038525
1,1,0,2.60608160638856,9.65446670789166
1,1,0,2.56474040002819,7.12358476588618
0,1,1,2.91132883661348,20.5262703289958
0,1,0,2.5212099298995,1.36431011360741
1,1,0,3.07241831847047,30.6983529891333
0,1,0,2.35106330836213,37.401402571002
1,1,0,3.33029728015644,21.5628307061111
0,1,0,1.89790753130867,10.6035444497212
1,1,0,3.24257033799632,18.8793233658356
1,1,0,2.53808518558793,-0.94054500452928
1,1,0,2.9006245071552,17.3612047485613
1,1,0,2.73331193122269,14.5226773030017
0,1,1,3.71440684345929,-9.65628543245003
0,1,0,2.31939801371516,35.0342701829528
1,1,0,2.15713182005843,12.504949681588
1,1,1,3.71952241244737,-2.84960089930375
1,1,0,2.67515382330244,37.5159100304303
0,1,0,2.27851410816135,18.010037880767
1,1,1,2.93266394219637,13.5478298383511
0,1,0,2.34681899284749,20.1828034328059
1,1,0,3.10110366469125,14.4309194619673
1,1,1,3.08848064662915,12.4747821277502
1,1,1,3.24451310995004,9.11102619173533
1,1,0,2.7251268692685,9.52608151814805
1,1,0,2.64486423103744,22.4997189886157
1,1,0,2.65952380475006,28.9008579788322
0,1,1,3.00297687980522,15.1927801689672
1,1,1,3.1110014940677,-2.79822641879893
1,1,0,2.85675286324319,-0.31526736039115
1,1,0,2.88129529979892,-7.22910335852853
1,1,1,3.31978499362493,20.0991750732348
1,1,0,2.34476872217257,33.2343793966246
1,1,1,3.45549460445541,-3.30678379922536
0,1,0,2.71513200611343,31.5046338251009
1,1,1,3.12898419199375,18.3885481640261
1,1,1,2.60786387418946,34.9661318653845
0,1,0,2.80424355430838,-12.5627166378975
1,1,0,2.42155638089046,22.4961998002032
1,1,1,3.35582052794995,30.3461299693438
1,1,0,2.73464688774334,-11.1698308658581
1,1,1,3.29489871372429,9.61384495118552
1,1,1,2.89268704685265,20.392329722219
0,1,0,2.92240166334081,13.2916106062629
1,1,1,3.02969000199483,28.4119458998784
0,1,0,2.96981577306974,50.8802584471804
1,1,0,2.40544781531887,-0.918973004778547
1,1,1,2.95614813691566,-8.26226548218744
0,1,1,2.99497763867849,2.3277737880366
1,1,0,2.50251914763534,10.1823925581792
1,1,0,2.94997000694486,36.8105320805258
1,1,1,2.50808735860614,-19.6594850663822
1,1,1,3.09307773303801,31.2325446660585
1,1,1,2.58996524836829,0.485607536329888
1,1,1,3.25726567754205,7.08063481702181
1,1,1,3.05700418757821,33.3915393015503
0,1,1,3.10130502419058,26.6932847941972
1,1,1,3.41157320298598,10.0565239294859
0,1,1,3.17334699002319,9.72091172573537
0,1,0,3.06872606369976,4.61637401216814
0,1,0,2.88886461640911,12.3282494177762
1,1,0,2.64248897276758,26.6775656966097
1,1,0,3.15973440111674,28.1878048215281
1,1,0,2.36891575263903,17.6575032785419
1,1,1,2.76131567766187,11.6343158088662
1,1,1,2.7148215617041,21.9285170705133
0,1,0,2.88639633037324,24.9250363842498
1,1,1,3.21660817188407,4.18669566965248
1,1,0,2.38643581228688,-8.68194627304748
1,1,1,3.3469578568167,-13.0309620086526
1,1,1,3.25414335997935,-1.35946720617373
1,1,0,3.22468516612361,37.4951991020859
1,1,0,3.11158686620933,26.343720333844
1,1,1,3.08712577599913,26.4792003488516
0,1,0,2.29412155553512,3.43675487391113
0,1,0,2.79390145062881,37.4574606320806
1,1,0,2.99993219871502,12.198983930061
1,1,1,3.11933684630952,-0.730275389804749
1,1,0,1.90175714575058,22.913709133027
1,1,0,3.10363370688771,3.53189545387333
1,1,0,2.48550056641998,11.3247238526806
0,1,0,2.41782917014069,15.5384681559221
1,1,0,2.73211203590863,7.88127267179498
1,1,0,2.25437965485535,26.5941682988111
1,1,1,2.72750346322303,21.5607126367315
0,1,0,2.99346896139245,35.9497844088194
0,1,1,2.74626654625342,35.45737963861
1,1,1,3.30861114962146,45.6028610585155
0,1,0,2.82099052411735,17.6832668549436
0,1,0,2.41444653760487,29.781121067972
1,1,0,2.46153472349925,37.4799848357974
1,1,1,2.74846962707691,15.1147604811975
1,1,1,3.27072941612516,27.0846150866845
1,1,0,2.62520051158047,25.2764316363888
1,1,0,2.43140796301611,29.2185098676813
1,1,0,2.53003279062162,6.05251325045056
0,1,0,2.07116206203794,-6.4073094385079
1,1,0,2.8110888729694,26.9447821164195
0,1,0,2.97587263770384,1.28543090814507
1,1,1,3.0137025256727,4.97618252477344
1,1,0,2.45584851027104,25.2550952032426
1,1,1,3.58592314963865,3.2188517213058
1,1,0,2.92270891550504,19.6053354277052
1,1,0,2.69927293524804,11.9600783376747
1,1,1,3.41467795806558,21.9891572243678
0,1,0,2.33958262180118,39.2870987595855
1,1,1,3.43872940804152,5.20243644827682
1,1,0,2.79945258230354,13.7631392305067
1,1,1,2.64343563209742,16.1443708970757
0,1,0,2.64015319545779,43.2628669586969
0,1,0,1.97781291123865,51.2385483367331
1,1,0,3.08477829550954,22.947947523305
0,1,0,2.37670969727025,14.0037729446992
0,1,0,2.54315928410445,34.4980891835774
1,1,1,2.68779014521757,22.6742775308519
0,1,0,2.73078411990711,14.578968343534
1,1,0,2.64168003390297,29.5219731591639
0,1,0,2.67796698631489,-2.83291653833462
1,1,1,3.1200717244522,30.4279586983892
1,1,0,2.93863960672115,14.1481190593847
0,1,0,2.41355606634738,27.3531738936374
0,1,0,2.51879930511406,16.5103212178966
0,1,0,3.05073478266953,37.0186206798029
1,1,1,3.06516055455385,3.24738070947355
1,1,0,3.38179684363594,22.4846630101956
1,1,1,3.09927823680201,35.5311320846885
1,1,0,2.60712919636578,32.187778574957
1,1,0,2.11588668752146,18.2497685128419
0,1,0,2.51364111211102,43.3379107202653
1,1,0,2.42861037303524,46.9262147135236
1,1,1,2.79755076423947,-2.94261456874666
1,1,0,3.11761009160559,6.4441949878181
1,1,0,3.29418328231959,23.7373848283587
0,1,0,2.61526555241555,48.7068600352177
1,1,1,2.94193479308097,-2.83442201376303
0,1,1,3.74601007114142,41.1168109797298
1,1,1,3.11122042003453,-11.6452210231937
0,1,0,3.07592877314416,25.6573359817065
1,1,1,2.63630704410916,2.38460377288874
1,1,0,3.32235307609639,2.07229118005608
1,1,1,2.70856726827,24.1735865788382
1,1,1,3.15034927291524,33.6484666638295
0,1,0,2.29449028199492,24.3833965758191
1,1,0,2.82410703970126,2.03047309553671
1,1,1,3.16978119825179,-1.32092520054614
1,1,0,2.20451087630208,7.56692299278523
0,1,0,2.79496231465362,-3.40802117199961
1,1,1,3.09438045352145,14.4789019860525
0,1,0,2.19527214906277,33.9353538371803
0,1,0,2.80948419968744,-4.80855538629531
0,1,0,3.20881392771892,42.7200340457705
1,1,0,2.13965935587198,-8.69368296796032
1,1,0,2.59174697122074,23.6408909217734
1,1,1,2.23449706967201,-0.926854394856576
0,1,0,2.58720580252077,7.70524281577438
1,1,1,2.64162786971541,27.8733537407023
1,1,0,2.29983829213304,18.1867973316754
0,1,0,2.42792780415425,-2.11031309005263
0,1,0,2.86201064913722,15.6419553388433
1,1,1,3.4549470988165,-2.05091194876989
1,1,0,2.99710475468178,18.5108757161814
0,1,0,2.79808354183235,32.3382515559641
1,1,0,2.12032213616015,12.6353437450927
0,1,0,1.94668793903314,12.9159603060074
1,1,1,3.63470094394546,18.3154352233151
1,1,1,2.13330775184221,21.3332222859221
1,1,0,3.16369720903522,40.9143211793804
1,1,0,3.27343056860446,45.0577407085057
1,1,1,3.38849934059689,23.1677434424322
1,1,0,2.79009716953693,24.4816017607636
0,1,0,2.39789151530982,21.6826510799014
1,1,1,3.47605796017699,8.40050708172435
1,1,0,2.24137302433196,4.68743380345779
1,1,0,2.90275587186617,28.7670532416253
0,1,0,2.79281918422532,16.8268885240985
1,1,0,2.96551596110894,10.9897977200395
0,1,0,2.57401755050432,47.7674234055456
1,1,0,3.01129738670553,30.5229090887452
1,1,0,2.85504558507095,11.3500244364037
1,1,0,3.13244332596113,-6.65925871129786
1,1,0,2.48658494788528,13.9025360705926
1,1,0,2.79809251733882,33.2578806881458
1,1,0,2.84445000057982,24.5625699795933
1,1,1,3.58992454360886,8.5630275262097
1,1,1,3.59722468166802,10.2437004903582
1,1,1,2.19596634021081,18.2344475640502
0,1,0,2.11867688284336,10.3694461795858
0,1,0,3.01931028124745,11.7799830581643
1,1,0,2.71317240348083,53.2695773509256
1,1,0,2.61733913914144,13.756366726436
0,1,0,1.96694884803847,22.4758926220957
1,1,1,2.59559247082429,7.58348368139569
0,1,0,2.63995553342016,35.189723144106
0,1,0,2.92867083754045,18.5685837824723
1,1,0,2.58806618544722,8.4058872941064
1,1,0,2.5493926982569,19.6337468742364
1,1,0,3.07170450126311,29.8371311685132
0,1,0,2.79321632129218,35.4055863830324
1,1,1,2.59861277295678,-5.69199430079228
1,1,1,2.39662986082206,7.00874819660999
1,1,0,2.50404637701743,5.39212377605346
1,1,0,2.6497133464606,30.0790823869637
1,1,1,2.70777812078944,17.6678103813684
0,1,0,2.89718905947406,25.6813840765548
0,1,0,3.40112865645826,35.7397005033959
1,1,0,2.73064601370573,4.64324504272302
1,1,0,3.24349592559492,25.5554927534738
1,1,0,2.49863642562791,4.17790820267718
1,1,1,3.21254543351497,15.3550781776848
1,1,0,2.6593911826954,41.0462313120342
1,1,1,2.72641486649567,3.78912637530711
1,1,0,3.20383321109062,31.5450861562712
1,1,1,3.21020503989079,-1.65047791294645
0,1,0,2.88115998205023,35.3764142642424
1,1,1,3.6356625739139,12.8472675227965
0,1,0,3.75611372071391,19.4210912291256
1,1,0,2.60556261287131,17.7495172513275
1,1,0,2.45678294446162,45.5240228403163
0,1,0,2.79378864703737,-1.02811320201768
1,1,1,3.21291455035787,1.78231847065314
1,1,1,3.26999306364724,13.3260783174638
1,1,0,2.51967689816,34.1731575249932
1,1,1,3.17254500431918,22.8265625503481
1,1,0,2.88079354945187,14.8137997845282
1,1,0,2.65150094803287,-9.83167540237415
0,1,0,3.02565839420854,16.0685554802037
0,1,1,3.50445451816771,35.2814648151755
1,1,1,3.5048340977805,3.78911925894162
1,1,1,3.24327897589605,13.8053358033801
1,1,0,2.35984589949704,24.2467128725445
1,1,0,3.47221865908247,8.79997617809087
1,1,0,2.58651963129553,10.8589033733738
1,1,1,3.24038492093015,33.9568487337913
1,1,0,2.33705106662066,-5.72569928036468
0,1,0,2.96943079017027,-0.756466757417162
0,1,0,2.56511912041731,19.8082247308109
0,1,0,2.75244903013542,23.5517898095839
0,1,0,2.81444244038997,42.0192394946395
0,1,0,2.54921326478884,-0.555308412523619
0,1,0,3.11405065643958,28.4492856636923
0,1,0,2.12501710054273,9.03061080057432
1,1,0,2.95394287010284,5.11803147646464
0,1,0,2.99383921012772,35.3828188813596
1,1,0,2.46573627466681,40.7509704003868
0,1,1,3.37776670032462,2.10688767733289
0,1,0,2.58025370058437,28.0699876742908
1,1,0,2.89745041690789,27.6715314801883
0,1,0,2.40943387011603,15.9674840729308
1,1,0,3.03547969260593,5.50097529648492
1,1,1,3.62223616868088,1.15784172495676
1,1,1,3.1292136326085,44.3761050977634
1,1,0,2.92944858544275,28.7787424221543
0,1,0,2.9120810335015,24.7707466028453
0,1,0,2.21197461750233,28.0783747217972
1,1,1,3.23764784129818,4.93420922018127
0,1,0,3.29118338287429,22.6107740557443
1,1,1,3.37327039906307,19.3557611376436
0,1,0,2.40615628606774,15.0793537050658
0,1,0,2.89970457643112,43.7287725273885
1,1,1,3.26714634001886,33.2548449941579
0,1,0,2.97558917603381,31.6549072833114
1,1,1,2.74474850614716,19.7391396726352
1,1,1,3.17554493526053,1.92461847547169
0,1,0,2.25890633825501,6.1667198068287
1,1,1,3.22518496286976,30.0747183397485
1,1,1,3.11689861096324,39.0783274092304
0,1,1,4.08713854787117,9.91876424771663
1,1,0,2.78814541867967,8.15087975667785
0,1,0,2.59696172131319,19.2133761669558
1,1,0,3.05574570888201,-7.73108612047693
0,1,0,2.02611457952877,14.8876419207307
1,1,1,3.64352965960052,31.7205658463158
0,1,0,2.56630126623151,23.5346424281121
0,1,0,3.44147515197863,27.5305498817651
1,1,1,3.22755708399972,31.1843558907724
1,1,1,3.37039578622277,21.4272927153041
1,1,1,3.48449252567625,38.0423158548702
1,1,0,2.39549831385366,22.6544958375021
1,1,1,3.07664515883934,20.0678371873103
1,1,0,2.66352541030873,-6.51199008860412
0,1,1,3.41008051356315,25.2502265794619
1,1,0,2.96845612052519,37.2771151535626
0,1,0,3.10762980776145,15.1877458076543
1,1,0,2.27243845426134,38.1688808040407
0,1,0,2.29884532306849,34.147664667771
1,1,1,2.99350318088795,29.9263538792804
1,1,0,3.36632198112275,26.9141756138612
1,1,1,2.8060262944374,19.9748247710394
0,1,0,2.59766929177107,38.6402913781635
1,1,1,2.79352986449232,-0.205565121269348
1,1,1,3.04612009611384,-0.0360636432699337
0,1,0,2.9264081770623,13.809940807057
1,1,0,3.11945672893712,-8.52221148596934
1,1,0,2.58009503952517,13.4114178443969
0,1,0,3.03400736124377,37.7995678447329
0,1,0,2.59785754624739,6.2641695868935
0,1,0,3.58646778461629,13.4357204019577
1,1,0,2.76127891945817,10.3173539731955
1,1,1,2.86607680034997,40.6062864738565
1,1,0,2.66817712466594,28.9261358487956
0,1,0,3.14807279306387,14.0139751563194
1,1,0,2.99830013145867,-9.77712578783623
1,1,0,2.8877031825468,-2.85736337945058
1,1,0,3.1527052687066,9.75578540501744
0,1,1,2.82404039053745,7.67793824543898
1,1,0,2.90052335454538,31.6386200077664
1,1,1,3.56167514247774,3.91618183851492
0,1,0,2.7338814674332,13.1176083826015
0,1,1,2.75497245166511,12.1045510569848
0,1,0,2.94928923253558,2.6028905271905
0,1,0,2.2406173005801,12.2845050358741
1,1,0,2.23166384294142,13.7395144857257
1,1,0,2.43219049710235,36.2915426220236
1,1,1,3.33908737236975,-1.28513760069767
1,1,1,2.82553010068903,2.28225038601982
1,1,0,2.76066571970615,15.7264355870597
1,1,0,2.5916569431954,47.843855354383
1,1,0,3.01115294579932,40.5649949859762
1,1,1,3.04741497696397,7.51362563936915
1,1,1,3.25073125737351,-7.51212694786958
1,1,1,2.57744785794649,1.86594720681061
1,1,1,3.32687964241691,17.3934695715213
1,1,0,3.30477674487661,27.0869582156007
1,1,1,2.99826194059461,15.9829225475813
1,1,1,3.17559903544877,3.63327001886125
0,1,0,2.56709298820414,23.1161861554066
0,1,0,2.84924470169787,44.576532460549
1,1,0,3.31263073842945,20.8537887465057
1,1,0,2.42868531964833,9.30294559166075
1,1,0,3.39715088215708,16.7555413917546
1,1,0,2.70131458924292,10.8977799711761
1,1,1,3.20317432300366,-11.0341127075372
0,1,0,2.46626424141748,2.8315113107199
0,1,1,3.09951604569266,15.9995911195306
1,1,1,2.89236196832907,19.1460999632384
0,1,0,3.18154721144083,37.0634850700405
0,1,0,2.08063328263273,16.6038140010175
1,1,0,3.15774389142101,25.9830768858394
0,1,0,2.22468457997252,9.33146470196098
1,1,0,3.00312044007262,-4.61521889209943
0,1,0,2.54547256591335,10.5994732872921
0,1,0,2.32911444246599,8.5324700791844
1,1,0,2.67165579056176,-12.1763395444845
0,1,0,2.9517353262032,0.889425295299095
0,1,0,2.31010927074283,20.5438721817468
1,1,0,2.87196839760005,27.9518553203244
1,1,0,3.17510441377148,7.97105760735831
0,1,0,2.55913231250151,35.9041589921307
1,1,1,3.2472768332514,30.689748863898
1,1,1,3.56611575557222,15.3279112001132
0,1,1,2.82206361312377,16.1877096765656
1,1,1,3.84006187994021,8.09694423108385
0,1,0,2.21373587167922,42.7701772520047
1,1,0,3.05663709905998,17.3130632052361
0,1,0,2.47180381712639,2.17061258277652
1,1,0,2.51685622731207,-0.304630217860996
0,1,1,3.251443949815,15.8582203989386
1,1,0,2.46485620658163,37.5733577968544
1,1,1,2.96452161270122,23.7988666639848
1,1,0,3.40457735681351,40.5784893497352
0,1,1,2.56140759900351,36.7112735040356
0,1,0,2.48740643673701,27.2887440857163
1,1,1,3.14584437766024,43.9444040118967
1,1,0,3.1740980398216,22.5507715849679
0,1,0,2.56331221322879,35.8552314121879
1,1,1,2.97703398465915,20.9018074712862
1,1,0,3.44651549210706,12.1037613867979
0,1,0,2.32255544278216,42.4349602593912
1,1,0,3.03894877855214,40.3206069222688
1,1,1,3.50466359977872,16.1178506498193
1,1,0,2.57322929001691,3.5337942341294
1,1,0,2.35083724705499,30.6043133332446
1,1,0,2.41737816408887,19.6257380271616
1,1,0,3.19548623845776,12.0464180139187
1,1,0,2.69780918353353,42.7552634669337
0,1,1,2.60939142170619,27.4695228308142
1,1,0,2.93379945729222,1.60320301621241
0,1,0,2.64015578552527,34.7045651863844
1,1,1,2.5122968693678,21.5524488053416
1,1,0,2.89251469830744,11.6520223159412
1,1,1,2.57884502177427,12.840391342745
1,1,0,2.82486976145518,-7.07744631949571
1,1,1,3.17101257073944,8.90163163888182
1,1,0,2.49834244136829,45.2591004137624
1,1,1,2.89821397042944,31.2391299286964
0,1,0,2.28564278829527,10.3137610950506
0,1,0,2.75998344714232,19.5911163688712
0,1,0,2.36187971215413,18.8277568970136
0,1,0,3.1289938204653,14.8810432375716
1,1,0,2.77220392587888,7.32773369384453
0,1,0,2.55936476564688,36.6260383627947
1,1,1,3.23817143396078,11.6666852455153
0,1,0,2.64838971184904,37.3143932641637
0,1,0,2.41171766893133,2.32269614761305
0,1,0,2.71313471288134,32.3620850570325
1,1,1,2.90854976190632,36.6043622607719
1,1,0,3.31418918262872,28.678778253172
0,1,0,2.61804538015754,10.1767946603742
1,1,0,2.47262426120405,8.58270114104948
0,1,0,2.12679391672186,22.7556026275339
1,1,0,2.97687754440737,11.8643282175352
1,1,1,3.51455797060255,33.3968217818708
1,1,0,2.48070538522458,44.5703541850647
1,1,1,2.98656129201253,4.42339934813676
1,1,1,3.09396984982596,6.98585117187891
1,1,0,2.29160606487901,-3.68189896048592
1,1,1,3.05539868594838,46.6340012640148
1,1,0,3.11670391878831,20.3839599979511
0,1,1,3.82831174133826,6.21134902638516
1,1,0,2.94172865991128,16.1786971604697
1,1,0,3.45411470905099,19.7804110966502
1,1,0,3.25958250656073,28.156609606814
0,1,0,2.56644850699249,50.3653411908497
1,1,0,2.62786290010112,11.6468317839811
1,1,1,3.41406694166245,41.1597127140081
0,1,0,2.75781290373914,9.78943952893529
0,1,0,2.3949812376458,42.8647219173823
0,1,0,2.79895494538847,6.98191545950913
0,1,0,2.91930879667368,19.4719703102856
1,1,0,3.10813806991173,24.4104937047064
0,1,0,2.95672867351289,32.039112411053
0,1,1,2.13529572716826,25.966893901601
1,1,1,2.45203503971451,5.17173062676397
1,1,1,3.46369381565475,19.8486660909423
1,1,1,2.74836351844649,40.7959538962372
1,1,1,2.96713304765132,35.2746197989426
0,1,0,2.60944365119215,-2.91581763744499
1,1,1,2.51085200355219,38.3236762021969
1,1,1,2.8355901095308,11.0648022705185
0,1,0,2.68277911296386,24.2286524357333
1,1,0,2.44362060867721,16.8724315954936
1,1,1,3.42478124632683,5.40697622383099
1,1,1,3.42649197743268,14.722740990856
0,1,1,3.12905516529623,11.5625922873512
0,1,1,2.96905231557689,2.52080917590902
1,1,0,2.88368465112784,36.3248473378233
0,1,0,3.02471104562627,7.79052652487546
1,1,1,3.00915787647581,45.7922282132034
1,1,0,2.39122704008765,39.4164268572319
1,1,0,2.63320836213014,10.1573154548139
1,1,0,2.58691518949958,16.7092627562118
1,1,1,2.62293085202949,20.213389275633
0,1,0,2.61813840991149,20.4467466618222
0,1,1,2.88917567153413,26.488017742732
1,1,0,2.67711632067565,-3.28431789232977
1,1,1,3.3526216251989,29.5992999064817
0,1,0,2.43332022681304,10.5568693624372
0,1,0,2.84170435774779,6.00167383418494
1,1,0,2.91097657844474,7.82221447526226
0,1,0,2.91865064920515,34.5523448904545
1,1,0,3.22191342324537,2.93712170621005
0,1,0,3.32162757253693,12.6724986790839
0,1,0,2.07921810354619,8.66208045100005
0,1,0,2.5711886588761,41.4307779092351
1,1,0,2.65510993790087,35.6919605100392
0,1,0,2.626000599787,36.0833587603721
0,1,0,2.7687408770603,16.4817209934432
0,1,0,2.33625417094208,18.6995791426975
0,1,0,3.12087244608087,15.2765125107566
1,1,1,3.25079273758043,2.64999719401033
0,1,0,2.94568182600793,30.0217472726694
1,1,0,2.1536162468443,10.1316246387028
0,1,0,2.44089554857659,31.3286807563535
0,1,0,1.94612256417385,46.0833976191822
0,1,0,2.99142200183876,32.4939993701376
1,1,0,3.25174162048137,23.5564228910792
0,1,0,2.85897488892766,32.8987378223755
0,1,0,3.20763572363487,48.2193659803319
1,1,0,2.56303554050407,4.30540561532368
1,1,0,2.85961257802652,31.9609027490419
1,1,1,3.11369279399889,3.58881644018999
1,1,0,2.94866093055962,37.5347248566841
0,1,0,2.33823900347252,26.5409422433052
1,1,1,3.1768917541905,12.3702731589138
1,1,1,3.0064509876479,21.9809873527287
1,1,1,3.35223891563681,37.9670234792835
1,1,0,2.83706992266699,32.4652058555679
0,1,0,2.65050546193766,21.0790874494993
1,1,0,2.65234761636499,24.368937212496
0,1,1,3.086892941314,29.6473349592001
0,1,0,2.28523140410139,29.7802946465345
1,1,1,3.4041933044159,1.04867306717495
0,1,0,2.80085944996065,44.7985972610996
0,1,0,2.49384822873812,2.15185911201261
1,1,1,3.17920902980431,9.95655502241195
0,1,1,3.0382015186265,35.7115594480422
1,1,0,3.11888764614039,-4.07394320399922
0,1,0,3.53592093198023,21.5089851031006
0,1,0,2.30801158486293,27.3332516392242
0,1,0,2.21827498012079,2.05626593438159
1,1,1,3.0504977400828,-7.503589264561
1,1,1,2.73310590669171,28.6897328314123
1,1,1,3.21000230851149,26.3818921487071
1,1,0,2.65395601133938,14.0833375366345
1,1,0,2.67408344761046,0.26033291272028
0,1,1,2.60710224465699,36.1647285643716
1,1,0,3.05090409980476,33.0333197907724
0,1,0,3.13090324265109,50.1833343945361
0,1,0,2.41819783943327,12.8234650919112
0,1,1,3.26250867427263,3.57999539854223
1,1,1,2.80556768989717,23.0894859982977
1,1,1,2.40127830092489,18.7124953569614
1,1,1,3.28117920800625,24.4433539703472
0,1,0,1.89065179206275,14.3134902822131
1,1,1,3.08277814137277,-5.90711542663719
1,1,1,3.05038156464245,4.26906869746295
1,1,1,3.33428117474622,-2.71952522797257
0,1,0,3.0445306988596,25.3222240821917
1,1,1,2.84716534764981,38.1143655106091
1,1,0,2.99958257590676,4.86946334485794
0,1,0,2.19761033569634,9.49675889542398
1,1,1,3.53224976515469,19.0765741600879
1,1,1,3.36640353154177,23.1289965838229
0,1,0,2.67001753047966,17.6855791147166
1,1,1,3.06418670792084,-11.0110263716033
0,1,0,2.15743340481287,44.3374694511461
1,1,1,3.0229061072615,2.81778140838498
1,1,0,2.65480149300886,19.3795330342163
1,1,0,2.79867149630674,26.6195831269993
0,1,0,2.75145214756897,26.9254117257934
0,1,0,2.81106121624121,14.1606233172222
1,1,0,3.3333636123246,14.704920130861
1,1,0,2.46414237902169,20.3537865145455
1,1,0,3.50101273691351,0.404596033407323
1,1,0,2.91079339514614,19.3409494597985
1,1,0,2.44972419954698,33.0969309564334
1,1,0,2.34891082516649,52.2636827307652
1,1,1,3.44521648356699,8.72621523199186
1,1,1,3.13520548648457,31.7504649868135
0,1,0,2.47786814896345,28.3547225366362
1,1,1,3.31712023935698,37.0704028681524
1,1,1,2.74969538863889,35.1548686480375
1,1,1,3.301554346534,5.23415031092492
1,1,0,2.67194902374329,-2.28040636711225
1,1,1,2.87231556742622,26.9613397553782
1,1,0,2.43424661683615,18.2609181756452
1,1,0,3.25046397459411,7.49023985064503
0,1,0,3.42008515575555,-5.52601923488273
0,1,0,2.08495285977328,49.0837655531625
1,1,1,2.521502304247,11.7377387583326
1,1,1,3.58221245799019,30.0473170743319
0,1,0,2.97302921985402,10.9457710556388
1,1,1,3.1078298196926,9.5825124577189
1,1,0,2.38477753277515,33.7159938062057
0,1,0,2.57794748273793,38.8411268116427
0,1,0,2.41022195320583,12.7553523725927
0,1,0,2.33383110040123,28.8094430889442
1,1,0,3.0179547296042,24.6454330738426
0,1,0,2.61839422527586,18.5366282064266
1,1,0,2.57655588300335,6.61587952412087
1,1,1,3.53664181422416,-8.06972245604085
0,1,0,2.52424909664744,13.957311214925
1,1,1,3.44737013232631,36.6805918098541
1,1,1,3.00509269490332,10.6120158025623
1,1,1,3.29716582721762,-5.34200757714056
1,1,1,3.06875673208287,-7.57528832133588
1,1,0,2.90823888622409,25.2583651156524
1,1,0,2.66940486858685,2.22073273949538
0,1,0,2.77030632350228,31.3508425472833
1,1,0,3.11297455170776,33.7469190446144
1,1,1,3.54249644903968,-9.47818554801425
0,1,0,2.61790335193841,39.8000794522361
1,1,0,3.10170632150059,27.2262257089881
1,1,0,2.81799957998652,33.9023915528583
0,1,0,2.75254425984974,26.2955921179734
1,1,1,3.23360906974048,17.2455500132267
1,1,0,2.86542604901956,-3.90163239945715
0,1,1,3.23593532173166,9.18922609216481
1,1,1,2.89132574219555,10.0515578022464
1,1,1,2.60833533459199,16.6843831100994
1,1,0,2.58543201746643,7.80016445336175
0,1,0,2.82656553084739,26.5494109799842
1,1,1,2.99352095735899,28.4736184129683
1,1,0,2.43781942773527,27.6732942284017
1,1,1,3.25081059924176,27.8929519165846
1,1,0,3.23490132889709,14.954387409759
0,1,1,3.43254290989777,40.1829300582705
1,1,0,2.50035724953405,14.4429727040235
1,1,0,3.1809160243243,22.193130569038
1,1,0,2.53941711295169,26.4664995886908
1,1,0,3.31612642072971,10.4097671522991
1,1,0,2.75615439001349,11.9529914185398
1,1,0,3.45867085500655,-3.0386088439675
0,1,0,2.88142709840544,12.3300399790294
1,1,1,2.71077828816687,12.0030480482502
1,1,1,3.27332027232931,10.4326894647316
0,1,0,2.94057896116951,12.7276259914698
0,1,0,2.72206702956896,7.98485735121323
0,1,1,3.1355472286611,15.6219618068622
1,1,1,2.40506060399782,35.580721311137
0,1,0,1.96570238711456,37.5807059515167
0,1,0,3.08613458704628,18.0294473123988
0,1,0,2.77854039090529,23.435493513992
1,1,1,2.74385704054825,16.7819415949782
1,1,1,3.17106691249711,30.1897420833657
1,1,1,2.6510448149511,14.7309935967456
1,1,0,3.01183822727477,10.7027929984456
0,1,1,2.75536193219585,27.6666720909293
1,1,1,3.64491786055677,40.7626323147733
1,1,1,2.95287363923954,27.0933016823913
1,1,0,2.32224561839371,33.8586966678715
0,1,0,2.89185854444376,12.6987330051017
1,1,1,3.46863784580431,27.5096970490045
1,1,1,2.88640125553855,40.3920228837476
1,1,1,3.44593367990777,15.1221881390674
0,1,0,2.45094562082437,11.2094273499699
1,1,1,3.56826952580707,-7.73882585922597
1,1,1,2.9150287724342,9.90721211565705
0,1,0,2.70216017480953,13.4724418717669
1,1,0,2.830113864552,20.6896369347755
1,1,0,3.21478859881082,22.7577149003246
1,1,0,3.02291287435862,16.4453361503272
1,1,1,2.83581960285993,1.70627260561455
1,1,1,2.82303997720378,44.8863511491114
0,1,0,2.93236017429925,1.06999845481089
0,1,0,2.57698433002601,43.4513898575926
1,1,0,2.87797089622385,7.59418836565838
0,1,0,2.39326820526581,31.712766963247
1,1,1,3.42895391657164,1.84839747336803
1,1,0,2.77022929685841,21.7409271431433
1,1,0,2.72243680462916,35.9967650018681
1,1,1,3.41943359321933,19.6899971332236
1,1,1,2.50661404326131,14.4114973928915
1,1,1,3.5119406773559,23.3978927579839
0,1,0,2.12556943116784,13.8009090889145
1,1,0,3.61671657848589,12.8997065535573
1,1,0,2.69346493665025,19.7231366168895
0,1,0,2.25164946064753,37.2324869783785
0,1,0,2.80327643718766,9.48438027632089
1,1,1,3.12788414597839,-8.1112869509363
0,1,0,2.7967458617806,36.7407760209174
0,1,0,2.48725172605959,30.1263518493884
0,1,0,2.92515524456342,-0.731574761299612
1,1,1,3.65106398951318,0.13644099351103
1,1,1,3.88520725639858,-9.08036753573034
0,1,0,2.57373199231514,42.3303458237146
1,1,0,2.35105089846645,26.2765228553365
1,1,0,3.21228903697785,10.2947333272913
0,1,0,2.6703288745299,48.1373073227176
1,1,1,3.10983014338867,27.2939320926642
1,1,0,2.23999865631767,40.1710846131917
1,1,1,3.54425242630654,10.1166416473649
1,1,0,2.61247342307495,25.0868864207447
1,1,0,2.65165405310682,12.305583389625
0,1,0,3.0097118524648,-0.45456216762955
1,1,1,3.4868904311434,27.013085446599
1,1,0,2.81729382574796,4.18276676709089
0,1,0,2.92252511873915,33.3442004930343
1,1,0,2.22888211618324,26.2842380230663
1,1,1,2.99801984981257,34.769178406652
1,1,0,3.1324318092535,26.386524116597
1,1,0,2.57272716076961,19.1881196475689
1,1,1,3.05532611276935,10.775726646272
1,1,1,3.32930317233983,25.6078883085013
1,1,0,2.75269318261544,1.44108264651346
0,1,0,2.64199108679484,34.5154041613049
1,1,1,3.03515914498563,5.3076338337919
1,1,1,3.37760817630716,-9.2157621863002
1,1,1,2.9746945665129,-8.87350204817063
0,1,0,3.22554010373868,16.1873437005574
1,1,0,2.57444335394249,8.5028680190242
1,1,1,3.17998734138022,0.354358145628762
1,1,0,2.43535816695549,22.154539637389
1,1,1,2.81551754810375,-5.86014924599598
1,1,0,3.12344737988984,-0.907279349430706
1,1,0,2.15032923599238,27.3474952273967
0,1,0,2.56776914906722,23.0484854914257
1,1,0,2.53830077910834,-4.03695308572284
0,1,0,3.20968052212333,4.74598940010245
1,1,1,2.73216928958202,3.05664639420158
0,1,0,2.51139853479661,38.9752336467657
1,1,0,2.92936560182845,32.2605605755931
1,1,0,2.70508769933469,34.5924797168853
0,1,1,3.31586559322273,-11.2202254259296
0,1,0,3.05063036235908,16.4738964626453
1,1,0,3.69554540257823,38.216599782056
1,1,0,2.49171945608203,0.729696584397397
0,1,0,3.48466839794681,6.55280280843011
0,1,0,2.43642666332539,3.74872119391452
1,1,1,3.42065273843144,7.11661962516794
1,1,0,3.3844747072786,43.2520965883518
1,1,0,3.15123557770744,4.43709044476289
0,1,0,2.68035636283218,31.5955635468939
1,1,0,2.37525403166798,8.09580206538986
1,1,1,3.69272904143088,37.4526962066484
0,1,0,2.34406637292983,34.2912885700973
1,1,1,3.09965147903312,31.3216012654219
1,1,0,2.69678698925131,0.950557525875784
1,1,0,2.87286739055935,15.2687360337263
1,1,0,2.63536667455691,2.88714777687458
0,1,0,3.0856741350539,32.6526296510968
0,1,0,3.22667249972368,17.4338073962657
1,1,1,3.44773217838137,-11.3043047988419
1,1,1,3.13363823113134,26.6325826515337
1,1,1,3.16570757863247,4.65306349388038
1,1,1,3.37040694861627,-1.93968812641202
1,1,1,2.87452503435228,8.52533104444505
1,1,1,3.89924088580117,0.966113081908592
0,1,0,2.89255487538345,35.0355684829554
1,1,0,2.52899762912738,14.1411472509445
0,1,0,3.15164139095832,26.1538013517315
0,1,1,3.51771657391743,17.6973939558856
1,1,0,2.30578121397702,3.15618911947831
1,1,1,2.93438063761318,16.7038226968101
0,1,0,3.10589521591794,18.5868559964629
1,1,0,2.907126271799,-0.461943758454264
0,1,0,2.97410387073816,9.72952823700992
1,1,1,2.57215708872047,-0.566942613622683
1,1,1,2.70107388616311,-5.18441457260989
1,1,1,2.38326563799813,23.5962542376462
0,1,0,2.80800634088125,34.2947292968558
1,1,1,2.547360823902,5.30536220058763
1,1,1,3.1341508215762,26.8195388006828
1,1,0,3.00710483830948,29.198370091369
1,1,0,2.64289859982193,-4.51531860741353
1,1,1,3.45608741095186,12.2954413228519
1,1,0,3.33351755586095,-7.0477931776549
0,1,0,3.15953503273555,20.3229648446993
1,1,1,3.93823749993567,34.8263594042793
0,1,1,2.80773200575942,29.7961180037623
1,1,1,3.59213514027372,12.5061925919463
1,1,0,2.80969245475667,25.0978245576088
1,1,0,2.5599949298821,4.31598624886603
1,1,0,2.72924762658771,-3.68837845245921
1,1,0,2.62309457153714,5.6891602751261
0,1,0,2.14900456636928,22.9435848258094
1,1,0,2.38386448720911,-9.8858319619719
0,1,0,2.70828688471135,32.8422261529774
1,1,1,3.48364766544733,16.0383849930807
0,1,0,2.71240516307347,5.66571417531451
1,1,0,3.35519162876802,21.7284547804015
0,1,0,2.976482914189,34.367943103419
0,1,0,2.82824499893759,6.59658840969663
1,1,0,2.79502348106118,2.39585480345484
1,1,0,2.68808534668743,1.74341112899792
1,1,0,2.61956058371204,10.6204087771241
1,1,0,2.86046102702342,21.2079140605785
1,1,0,2.55272698892662,36.8167254756176
1,1,1,3.20081213317337,8.29243017086264
1,1,1,3.47953132700431,-3.7127931980266
1,1,0,3.20062316540835,13.9924101946583
1,1,0,3.27365661113793,4.85191154962118
1,1,0,3.18020390459205,28.7774658241247
0,1,0,2.75932378437648,6.52748906296027
1,1,1,3.01486270558779,17.8558169355139
1,1,0,3.19467253752804,37.3219698480498
0,1,0,2.35642947305657,43.2326206685133
1,1,0,2.22583847121448,36.0420414895407
0,1,0,2.56237722444251,19.0814729723048
1,1,1,2.63653466111591,-0.386351094958066
1,1,1,2.945177147002,29.3451995325742
0,1,0,2.76546636364708,19.8092840440937
1,1,0,3.40355799379344,0.898110610300513
0,1,0,2.79083979839158,5.31293510972999
0,1,0,2.64624272873298,18.7612111032244
1,1,1,3.21195324017584,-3.58738815659461
1,1,0,3.20463889527831,21.4362521328694
0,1,0,2.56780106937075,29.0702811893154
0,1,0,3.16922406948957,30.791283052833
1,1,0,3.37422998396362,11.4858456936254
1,1,1,2.88861057011961,-1.87556956445967
0,1,0,2.29794744005626,36.211971504211
1,1,0,2.78269507743645,8.24782191661222
0,1,0,2.558166797372,30.7769130923746
1,1,0,2.48292269020696,4.75443611405757
1,1,0,2.89959350418746,6.93757791799831
1,1,0,2.76726709608209,6.74023829366554
1,1,0,2.95004642904763,30.7520395161959
1,1,0,3.04525445149471,12.6816964596697
1,1,0,2.78971319972733,31.5067094998234
1,1,0,2.38988564397895,11.780728061319
1,1,1,3.51811591450681,6.63916894364166
1,1,0,2.91922661319269,42.406604953134
0,1,1,3.17091599057189,-9.6741350757626
0,1,0,2.55190936797534,0.712141895932866
1,1,0,2.87211015073804,5.4521877678197
1,1,0,2.41902170832503,38.2963384791931
1,1,1,2.53084022181401,-2.74289390290271
0,1,0,2.52312625750498,-0.231379908775903
0,1,0,2.64362348100756,13.6627126487724
1,1,1,3.12466693702347,-0.826808345112763
1,1,0,2.43976950369417,10.5841598652912
1,1,0,2.84902691688704,18.2785478386902
0,1,0,2.96539079802693,14.3185641111674
1,1,1,2.75897250351902,32.5167015687333
0,1,0,2.30663869052488,-4.86359277938804
0,1,0,2.50805632203129,15.1231717731005
1,1,0,2.55146291756568,19.0994774693632
1,1,0,2.60106613369603,4.33322232332626
0,1,0,2.95669326761155,19.6500826898634
1,1,1,3.56785553785256,8.98655432459379
1,1,0,2.93042536581106,27.7699331882795
0,1,0,2.94458195812279,20.4192989674586
1,1,1,2.93099081351478,44.4211893584532
0,1,0,2.41446350624711,27.6434900281169
0,1,0,2.69828411996148,-0.498995993571576
1,1,1,2.99282259190574,10.5921407439469
1,1,0,2.85377737431028,3.4699058645253
1,1,0,2.57222270823994,3.54024448173952
1,1,1,2.75186145688051,8.86075489628499
1,1,1,2.85866669516118,0.304790077383252
1,1,0,2.6993983494247,4.6248469283526
1,1,0,3.19414262767853,30.6444222436329
0,1,0,2.62294161282717,4.72874379245146
0,1,0,2.60975987462542,4.24248375662595
1,1,0,2.63381467356435,41.8209241359572
1,1,1,3.54380485551183,10.3801609006541
0,1,0,2.8802386692732,17.075766106684
1,1,0,3.62025005326898,22.4042307114583
0,1,1,3.20250171718649,28.3339403228738
1,1,0,2.46334410134737,-10.5060554659592
1,1,0,2.93960472676212,4.98152179061175
1,1,1,3.53438509199018,28.6589320697679
1,1,1,3.150422950618,-16.1553977058885
1,1,1,3.13582375356473,39.3772500628376
0,1,0,2.8649400756644,22.8215674388282
0,1,0,2.84762792666741,26.7316672284029
1,1,1,2.88570290935176,9.42974933739233
0,1,0,2.92682867714624,3.95514038858883
1,1,0,3.21394167949378,41.9654711466389
0,1,0,2.17019253960409,29.4501046462441
1,1,0,2.72652336121694,20.2318506530669
1,1,1,2.81588270201764,5.56604152028454
1,1,0,2.45215405694355,25.1779892085513
1,1,1,2.5276621867187,27.3086075484961
1,1,1,3.52332990179209,24.2035000702192
0,1,0,2.84201029583112,10.486164197655
1,1,1,3.73136777196528,9.9146581419073
1,1,0,2.04408205963638,26.5836391110666
1,1,0,3.15549552119955,-0.633167314044076
0,1,0,2.82006368548265,23.5754769532973
1,1,0,2.78420165216306,20.837954548558
0,1,1,2.84843182633218,44.3075529549749
1,1,1,3.23321577830183,8.5829267255743
1,1,1,3.37102095296822,11.3256219441363
1,1,1,3.49017820139263,35.5590936347752
1,1,0,3.44373029354561,-11.2679744634358
1,1,0,2.6209872153087,37.5349379647444
1,1,1,3.08711503605809,13.6500460598117
0,1,0,2.84477400495705,42.6118792955557
0,1,0,3.31827148735752,36.5498003439139
1,1,1,3.26906711870276,38.4604144831566
1,1,0,3.11967217902452,23.3667734500147
1,1,1,3.62897745440839,-8.88283379487217
1,1,0,2.89326344089491,15.050640436936
1,1,1,2.43184791994635,1.19362236527161
1,1,0,2.60298225681,18.4411507725525
0,1,0,2.8188443475574,12.247941469899
1,1,0,2.97527148676454,39.5702180559394
1,1,0,2.7210552326672,32.4251639909309
1,1,1,3.38428312172024,-7.63895546459032
1,1,1,2.89438006606487,-9.38031306939674
0,1,0,3.0239836601816,14.9368298667603
1,1,0,2.83011760587142,15.4434339817763
0,1,0,2.61361536058282,-0.614454986822004
0,1,0,2.68404817572211,10.0433842527227
1,1,1,3.55116529911206,23.6691477161155
1,1,1,3.04352183427957,-12.093543272941
1,1,0,2.48870552414382,18.5665504648426
1,1,1,2.99555154871513,25.6232716923755
1,1,1,2.7193092058916,8.06171448497969
1,1,1,3.16089467092927,32.7846810486273
1,1,0,2.42352076172131,14.0938767185859
1,1,1,3.86748531765456,34.6439948761897
0,1,0,2.66045516083737,29.0717156892741
1,1,0,2.76568104122673,22.8145066685446
0,1,0,2.25673819628099,13.201408949489
1,1,0,3.19969817924254,18.7543010820635
1,1,1,3.30728652043034,27.4825961779499
1,1,1,3.37421231142527,-0.00771084733043637
1,1,0,2.59118147349147,28.5074980808505
1,1,0,3.61726842040944,34.8088011158797
0,1,0,2.88381601189824,14.4761781422683
0,1,0,2.78346623259709,37.1446384415046
1,1,1,2.8519737685972,-7.18947546708461
1,1,1,3.12566666322927,29.6262072292038
1,1,1,3.41507958910636,7.17687498005249
1,1,1,2.51109136354015,17.7711814761643
1,1,0,2.71504846777527,-5.92217910544591
1,1,1,3.77444787617537,14.3831894586139
1,1,1,3.52626203406976,14.3682285644574
0,1,0,2.68365915502791,17.4521831598231
1,1,0,2.57936066836929,-1.87919927885412
1,1,0,2.7915903933704,26.2706488715274
1,1,0,2.59441999563388,0.404572198714302
1,1,0,2.93461530639606,4.54534345274824
1,1,1,2.75325760401116,-10.9747690271729
1,1,0,3.25933376115593,14.1533315108756
0,1,0,2.88306834072174,26.3369075417576
0,1,0,3.0622980861078,38.9929903874987
1,1,0,2.52456863698633,0.937835641201264
1,1,1,2.49321712566766,1.92825852154626
0,1,1,3.14897172712145,23.34559485899
1,1,1,3.16196794574239,-11.5422278189745
0,1,1,3.49196437082123,-4.626528667081
1,1,0,2.47746759364746,30.6710332442234
0,1,0,2.15248081919475,41.2208669740169
1,1,1,3.16560180152488,4.49712651357628
1,1,0,2.32792512858638,8.49319534193015
0,1,0,3.14000314673287,24.3265095910632
0,1,0,2.38142330684809,7.32465127131011
0,1,0,2.95714569740946,1.25604077538648
0,1,1,2.97021444749237,25.5967754898466
0,1,0,2.85049749676521,42.0716671006997
1,1,0,3.06654874479521,30.4886165761568
1,1,0,3.37240549089938,2.63475585019798
0,1,0,2.84687429639597,46.7255017011784
1,1,1,2.71438299434528,12.4866926005997
0,1,0,2.66292416708435,19.869255553168
1,1,1,3.0179374636258,16.0463339189793
0,1,0,2.41359748864136,21.8805778998181
1,1,0,2.95789022487581,36.3979659867074
0,1,0,2.40163639117647,35.6997965446428
0,1,0,2.80529566378058,39.7964834190285
0,1,1,3.8761844231792,25.6059379904602
1,1,1,3.35563430357635,-8.05050129370804
1,1,1,3.56329875697262,24.8241146728637
1,1,0,2.32451621890425,-6.30500860494534
1,1,0,2.67952494441584,-6.21722129688946
1,1,0,2.3823614295021,42.7072487956887
1,1,0,3.03483451909321,9.65045206850415
0,1,0,3.19826468923682,5.20647436363773
0,1,0,2.89505455134832,-5.7409947639284
0,1,0,2.89326707502632,-0.301514404014771
1,1,1,3.15766887154703,26.9772500994314
0,1,0,1.95286544061013,12.9901187729286
0,1,0,2.43960696872512,24.0350588075827
0,1,0,2.86193365604754,50.4372858812703
0,1,0,2.7846881238505,25.619768864582
1,1,1,3.09904275973225,4.90401960574387
1,1,1,3.19697690522181,12.7189510215174
1,1,1,2.75610065787904,14.0134958424534
1,1,1,3.4980856384767,-1.46034711469148
1,1,0,2.80510587720058,24.2540129830096
1,1,0,2.75597015858968,33.5041874985674
1,1,1,3.14544590699705,37.3574445274246
0,1,0,2.45466006294455,20.6469995483335
0,1,0,2.7928881553308,8.01470460956434
1,1,0,2.62542476697461,16.9862488374245
0,1,0,2.29673537085416,24.358941884282
1,1,0,2.90363798535198,3.38007080494654
1,1,0,3.18679519195274,6.81150259502393
1,1,0,2.68796278328898,-1.26025364742548
0,1,0,3.12169871925747,21.8686566894802
0,1,1,2.58309949982731,16.8295693242465
1,1,0,3.03296096796458,25.9498117005233
1,1,1,3.20094984473761,-8.7477355231572
1,1,1,2.88760341958758,31.5615378253016
1,1,0,2.39123048148096,7.84206412943658
1,1,1,3.11838435774176,22.0112262114873
0,1,0,3.2885140946287,42.2820296122175
1,1,1,3.20108992352221,23.6694724121942
0,1,0,2.7920960244637,30.5253299794661
1,1,0,2.23217921404765,20.0536552262081
0,1,0,2.30996811040875,16.8743806697615
0,1,0,2.54999135343269,14.4494545565798
0,1,1,3.51649098568568,16.0852570688469
1,1,0,2.5481688609391,-12.6669532596722
0,1,0,3.3157696798614,13.5997725802665
1,1,0,2.24789723780764,-4.4553677211023
1,1,0,3.01156094020715,15.7372456016385
1,1,1,2.88596327431768,1.22429812036962
0,1,0,3.0222072591427,31.5578991256131
1,1,1,2.51159620017204,0.0536709897552647
1,1,0,2.76443841774218,26.7244182970047
1,1,0,2.75362135962968,5.94819544648961
1,1,1,3.3143861930547,2.38087740826457
1,1,1,3.10305071066372,41.8063661653383
1,1,0,2.93870934064208,39.404906060123
1,1,0,3.20565421987205,-3.55160692730482
0,1,0,2.83732106967594,31.483781230395
1,1,1,3.39707225924789,41.8467393711703
0,1,1,3.0144022831297,29.2701290637987
0,1,0,2.13145943999549,41.3652423752714
1,1,1,3.12652060218013,29.2988843110298
1,1,0,2.36914060486318,52.5792426688365
1,1,1,3.5925579997715,-1.55066057896997
0,1,1,2.90431790123877,50.0300527320442
0,1,0,2.90300943627989,18.3335414861834
0,1,1,2.52200005704537,28.3966140529913
1,1,0,3.14671159841987,24.8261776957416
1,1,0,2.67706711576276,22.5250305665496
0,1,0,3.07607712246432,38.8445117148688
0,1,1,2.51397144055032,15.6897876555409
0,1,0,2.61712238256361,25.5142621351117
1,1,1,3.0376903987703,33.8273850032202
1,1,0,2.98189528433037,20.0746569194544
1,1,1,3.28697857032616,27.5401955768577
1,1,0,3.35054105103787,13.5170331503895
1,1,1,3.28533400786217,9.42377178088497
1,1,0,2.87853738038938,-7.15469824867572
1,1,1,2.47299329898262,45.7455934653068
0,1,0,2.57997062418956,5.99604493339259
1,1,1,2.91259831238712,43.419543546648
0,1,0,2.83016251103723,14.2677324441779
1,1,1,3.33823147491124,5.20845251778977
0,1,0,3.43677488448501,20.0199421222248
0,1,1,3.06951670961299,15.9032960712778
0,1,0,2.36868366394771,12.6944612446127
1,1,1,2.97536702781498,11.4377791500727
1,1,0,2.54494531892627,27.5452387977398
1,1,0,3.31785587621561,22.6350213587374
1,1,1,3.63044341029116,12.6360794598235
1,1,0,2.75215772402348,7.53361750487078
1,1,1,3.70021284303043,-7.91174141479496
0,1,1,3.06801205703021,42.1063765009642
1,1,1,3.3612778058945,12.8469998833355
1,1,1,3.12551405391792,48.5131100604911
1,1,0,2.29758050951426,-2.87085319294933
1,1,0,2.86894550728186,18.665471933839
1,1,1,3.51412948564847,21.7089543507005
0,1,0,2.54410132789245,-7.14243477400262
1,1,0,2.92235810205489,27.5789249387469
1,1,1,3.35083485515636,-10.1418520041504
0,1,0,3.06920296352617,30.2733416299405
1,1,0,2.81270104958033,-8.38948757151364
0,1,0,2.53667781543734,8.81542179839673
1,1,1,3.23898989710404,46.0870105611555
1,1,0,2.27349545963976,14.5953923358808
1,1,1,3.11331770180727,9.09709619083859
1,1,0,3.24657328714927,26.2179494668507
0,1,0,2.84729983139877,30.7910930115787
1,1,0,3.227268162264,8.23910227943617
0,1,0,2.93584157830885,23.6823024036983
1,1,0,2.87321384385401,54.0513293914513
0,1,0,2.20430782617002,39.1881518869912
1,1,0,2.73029119565711,2.32787717329542
1,1,0,2.49160373989476,37.8110977808139
0,1,0,2.97394812640796,5.09807528646336
1,1,0,2.28777723092645,2.05359514204231
1,1,0,3.38375261684591,19.4861304584888
1,1,0,2.54424361576962,40.011284180986
0,1,1,3.11863423703659,40.3451385396187
0,1,0,2.53434039576215,-7.90129317105103
0,1,0,2.54824204126297,19.630650274001
1,1,1,3.54082952787039,5.57283283608142
1,1,0,2.45214663615416,28.1967831164289
1,1,0,2.5632565493341,25.4960161717517
1,1,0,2.90185735160007,21.926893315587
1,1,0,2.30473145075532,-0.676321995781365
0,1,0,2.2420730103782,40.4452264094828
1,1,0,2.69515284406029,32.6345023062644
1,1,1,3.07497791109157,34.348343653543
1,1,0,2.9284616152747,22.735399315026
0,1,0,2.4206373553849,11.3378149471605
1,1,1,2.70580842743395,25.1601647403514
1,1,0,3.11924816237263,40.1619827991397
1,1,1,2.69822598568327,2.71476964469501
0,1,0,2.08494715028033,28.161939247158
1,1,1,3.62208428871252,37.1564239393895
0,1,0,3.45117977782382,45.6063589314273
1,1,0,2.54723974374961,35.3392475191983
1,1,1,3.0211112297824,-8.06131349419285
1,1,1,3.28808681327748,29.0362842902817
1,1,0,2.93706439807492,17.2236222538368
0,1,0,2.78646097077276,29.5142492259779
1,1,1,3.05275737664689,-6.84745641008935
0,1,0,2.49111702686198,21.5736861025371
0,1,0,2.45652004929826,30.4375843491871
0,1,0,2.80076203343434,3.39557832382131
0,1,0,2.75567526187209,33.5054492469876
0,1,0,2.46867760708803,31.0145995234718
1,1,1,3.31491387043123,17.1128662255499
1,1,0,2.55120927515546,39.9751078189554
1,1,1,3.63800757802414,42.5441966794964
1,1,0,2.78357355789717,11.5075188777397
0,1,0,2.40231593566709,48.2091657613773
0,1,0,2.84034270281789,24.9512806104143
0,1,0,2.75282533637694,8.0718804459868
1,1,0,3.23480737194575,-3.12452384382947
0,1,0,2.95307451057428,39.8412854351895
0,1,0,2.72619258808784,17.471586078529
0,1,0,2.31300590670937,14.06515366351
1,1,1,2.80024288151967,29.5484393102157
0,1,0,2.35880819919262,28.18911617017
1,1,1,2.96871666740421,9.53868703384465
1,1,1,2.9260456522518,12.6422856790052
1,1,1,3.01954546619868,11.067686450629
1,1,1,2.53715560190866,11.7686124399873
0,1,0,2.71327046253511,42.2153519540418
0,1,0,2.34614547500977,11.0842229186064
1,1,0,2.5451577848363,35.3913859820928
1,1,1,2.95969354083573,32.4555135952749
0,1,0,2.73303786993557,38.0584267068315
1,1,1,3.36248604850491,-10.972585465597
0,1,0,2.2164248767211,20.2035851201126
1,1,1,3.21761398134602,7.4019482663137
1,1,1,2.7053468951554,28.6046004528282
1,1,1,2.55661894695933,17.6316061631158
0,1,0,3.24726505034316,30.7735206734388
0,1,0,2.6329509943446,34.8292921016384
1,1,0,2.96239649596523,6.69158032175389
0,1,1,3.05527541196651,13.1210508868177
1,1,0,3.04255929734284,12.8704924246776
1,1,0,2.63065427072444,29.0038114006763
1,1,0,2.76857017173594,30.3482996256392
1,1,0,3.62835121169575,50.9703664483166
1,1,0,2.90360480004514,26.903999940038
1,1,1,3.75642002699359,40.7467224614317
0,1,0,2.81072354789172,8.93717785535763
1,1,1,2.96051912053034,5.55515128661078
1,1,0,2.77192684241127,34.5674430551616
0,1,0,2.5120469383006,27.7467788451193
1,1,0,3.41648216046816,13.8282915700927
1,1,1,2.91072309104669,0.710323377259417
0,1,1,2.7295723407956,21.1477518345704
0,1,1,3.09039305249007,26.2412629516938
0,1,0,3.03013479971133,16.1396042717415
1,1,0,3.27012346863626,30.799625440645
1,1,0,2.34534767787968,17.803309850974
1,1,1,3.24853104164678,34.7317975679463
1,1,1,2.72048575537504,28.7020121709557
1,1,0,2.76430369547946,29.8585906729642
0,1,0,2.86562008710976,36.741926235551
1,1,0,3.13460584250373,17.3568042756638
1,1,1,2.70741398857303,2.77306029625509
1,1,1,3.23115255816731,36.8284736168802
0,1,0,2.73401246508795,34.4338024775555
1,1,1,2.91494146152937,37.5414649604382
1,1,1,3.14647189918319,-12.4884887672513
1,1,1,3.35428237211397,-4.31994897687739
0,1,0,2.43997455311534,12.0460037769197
0,1,0,2.74517926501499,40.5818356681373
1,1,1,3.83180408465998,3.90309620614897
1,1,0,2.8497132049246,36.0732030747293
1,1,0,2.64745699815891,-13.4946570199442
1,1,0,3.14653746156791,1.74453975940559
1,1,0,3.07514702936879,2.60273507562668
0,1,0,2.43994145732393,34.661239893998
1,1,0,2.1239106860246,23.389280759569
1,1,1,3.26358317887947,36.9726675631534
1,1,0,3.00754778276987,17.3588275740163
0,1,0,2.40766475612275,29.7440414063002
1,1,1,3.19938396467554,45.1083538644648
0,1,1,2.8636569815214,26.8677652494804
1,1,1,3.04482167534944,17.4130289179359
1,1,0,2.77931943674183,26.0837850402952
0,1,0,2.9680876367837,12.5731081117588
0,1,0,3.36101699732014,17.5315911022634
1,1,1,2.84726282149826,21.2527132193011
1,1,1,3.04766010732287,22.9071289159124
0,1,0,3.08001154793365,48.4584193103577
1,1,1,3.25270297897875,40.9631300553293
1,1,1,3.40706307969405,0.703615604916795
1,1,1,2.70918087873086,16.0755314536625
1,1,0,2.57506466259199,33.654058324017
1,1,1,2.79402446170483,11.7891089852615
0,1,0,2.69414288781062,6.46340766427794
0,1,0,2.29146416120471,44.0223768753467
0,1,0,2.63164040041846,18.8907077810492
1,1,0,3.10885665226367,7.02049658362303
1,1,0,2.7955283920692,28.1172249751549
1,1,1,2.83658303308147,30.0103761857852
1,1,1,3.62051257882826,13.0244664210441
1,1,1,3.63309624636822,-1.62553328782686
0,1,0,2.35605623847838,32.2462155318998
1,1,0,3.13797112022253,34.4304895055043
1,1,0,2.37656283608777,2.92383750926388
1,1,0,3.59181591436093,5.60590566241587
1,1,0,2.94925429691177,-2.48785400044317
1,1,0,2.78888118594429,21.516098730413
1,1,0,2.21776573917555,8.91892692596029
0,1,0,2.03684883143114,13.9073325736981
1,1,1,3.24982426189892,17.1760205586398
1,1,1,3.05619021953241,-15.7696862385769
1,1,1,3.05464353910109,5.34637850673244
1,1,0,2.78207722520301,2.89943031347914
1,1,1,2.8212272280175,2.68627558468075
1,1,1,2.76363641258165,7.16339546604438
1,1,0,3.07516971397219,26.1331633100656
1,1,1,2.74831631522733,11.8258752200616
1,1,0,2.58169161758763,-3.42778594783033
0,1,0,3.32646204941587,-10.7194270930261
0,1,0,2.88592522478447,32.938826594959
1,1,0,2.16108096872568,1.9954937995545
1,1,0,2.52445829118116,28.7196267079651
1,1,1,3.30654765512766,13.3247059761364
0,1,0,2.8100620784771,9.70250466251596
1,1,1,3.29017965829017,13.4302760217959
0,1,0,2.81942352441336,22.4978924331484
1,1,1,3.4222133791869,12.1043987130855
1,1,0,2.7012293549469,9.59888565460527
0,1,0,3.03667347419385,46.3676299345733
0,1,1,3.35669382189556,5.69889460052724
1,1,0,2.65320720497563,19.8558790673998
0,1,0,3.18806679264964,24.0396974022232
1,1,1,3.04159769500249,33.5664898078852
0,1,0,3.10616985220472,16.6765091305893
0,1,0,2.25791403708872,11.1612508937523
1,1,1,2.84284714945405,19.5061190635736
0,1,0,3.07224157994321,1.14246162843642
0,1,0,2.66564173599892,45.1810353488941
1,1,0,2.8450090672856,5.40828598878247
1,1,0,3.03267739623564,15.0863080901032
1,1,0,2.99443780311163,17.8148239427928
1,1,1,2.94856215802419,-1.13646662327289
1,1,0,3.36487773928063,25.7310049008113
1,1,0,3.00994221734954,35.6609472325963
1,1,0,2.39591180902945,47.976906049799
0,1,0,2.16275699292919,45.5158518366917
0,1,0,2.47678772387153,53.0269437807287
0,1,0,3.23826712648503,39.6252322430032
1,1,0,2.26508325113234,31.4323805043716
1,1,0,2.11172642797264,24.6386683395561
0,1,0,2.66670732294381,36.4789613222578
1,1,1,3.3819984142031,-4.06907636905203
0,1,1,2.81512014450356,1.69144652357656
1,1,1,3.33352028591217,24.882234701973
1,1,1,3.51180202637364,37.2278569070647
0,1,0,3.14978167298887,2.91239474463442
1,1,0,2.67558572836053,18.9792064909221
0,1,0,3.09015363144319,30.8883912443732
0,1,0,2.83553753205417,34.5495169794255
1,1,0,2.88181197565307,15.0775032923776
1,1,0,2.7518270771253,-2.92970256037045
1,1,1,3.18106485553499,1.3693013906382
1,1,0,2.81175039339851,17.7935548986282
1,1,0,2.84329673206164,1.34229813590447
1,1,0,2.40004718787536,12.6354200991219
1,1,1,3.16862322812591,12.9909799240175
1,1,0,2.94930226230956,15.9289730621111
0,1,0,2.56741511909308,13.9431445255501
0,1,1,2.82423471640982,11.9563629915041
1,1,0,2.47895102806204,24.6045984778434
0,1,0,2.92390479167711,14.2136340709741
1,1,0,2.69970183141533,5.45414457889853
1,1,0,2.37277541583897,26.6026133247324
1,1,1,3.53329360020171,-2.59760596078593
1,1,0,2.7079479613622,17.3270415117115
1,1,1,3.51680322914873,0.165291067275392
0,1,0,2.6036604430545,28.1888572566677
1,1,0,3.30271337635273,11.1253747753718
1,1,0,3.04451944632291,40.4845113154016
0,1,1,3.23400906783553,24.8664982123008
1,1,0,3.06223788415587,-0.678158554865522
1,1,1,3.47030500946112,21.7258940153652
0,1,0,2.50854487588974,34.8599726522231
0,1,0,2.91746645660893,9.40363481953241
0,1,1,3.03548003030702,17.1365326437942
0,1,0,2.52706978110066,34.5922811472686
0,1,0,2.45249601713677,20.0369150440644
0,1,0,2.3274105811725,22.3895164986351
1,1,0,2.98132536151176,6.535224422106
1,1,1,2.09723075495491,27.0254778862491
1,1,1,3.06354092029337,14.2559655401348
1,1,0,2.951137129634,-2.30914705951987
1,1,1,2.94083920120588,0.370141957123444
1,1,0,2.52754093491867,4.43857619828412
1,1,0,2.35349650253998,22.5935591940803
0,1,1,2.55398757317619,44.6271872184214
0,1,0,2.8098096908145,5.34164667003184
0,1,0,2.38593169874772,14.6287305164884
1,1,1,3.10331264816855,35.5428703476021
0,1,0,2.23153154747699,25.6946995458655
1,1,0,2.94227014022115,30.8905328077548
1,1,1,3.31438885280273,26.1549071663909
1,1,0,2.4772719753643,29.6582672656668
1,1,0,2.85270407487123,24.7946553180927
1,1,0,2.21615839138543,24.5734510265667
1,1,0,2.58906933038592,34.1145539088208
1,1,0,3.10509767904397,12.1556313546595
1,1,1,3.14853502353097,23.9700593629048
0,1,0,3.09867279938242,34.8504824584292
1,1,0,2.5534258807463,2.57256154493441
0,1,0,2.74101004974406,32.7369758403895
0,1,1,2.79554392809015,33.9848758603334
0,1,1,2.80544046890577,17.2808824374192
1,1,0,2.74206168665461,36.644777672374
1,1,0,2.86194975394988,-3.12913041959755
0,1,0,2.44351953467115,35.5779051683734
1,1,1,2.875436913863,12.7024187203288
0,1,1,3.0237310573144,2.91799704625669
0,1,0,2.97958062540838,35.9400546179983
1,1,1,3.72706737636079,29.7527900718288
0,1,0,2.1261399072515,44.3717543194254
0,1,0,2.71914146978262,41.4566326400915
1,1,1,3.25610201872831,-3.07789126344358
1,1,1,3.3609609515447,27.0710847489708
1,1,1,3.29675584409125,4.59751699482467
0,1,0,3.2580336410345,14.5853200636541
1,1,0,2.36335370335038,36.3716194344245
1,1,0,2.5991949037574,-4.30230599223317
1,1,1,3.69509751610421,31.8764794096979
0,1,0,2.5945619705805,13.7045277203876
0,1,0,2.44023943561875,34.3642638733127
1,1,1,3.09311238601984,21.172349900596
0,1,0,2.8817067974702,28.0159342446169
1,1,0,3.23878355900192,17.2443747232554
1,1,0,2.87236707500149,15.4816081957071
1,1,1,3.07448227702982,20.4460082584828
0,1,0,2.19352599869802,52.1745444142795
1,1,0,2.97823043200451,41.1454600246986
1,1,0,2.46724025305727,40.0861167776343
1,1,0,2.52727786547402,10.1274321873414
0,1,0,2.01167687270878,25.1182744039836
1,1,1,2.36106504352098,14.4244126381121
1,1,0,2.91577074701097,5.08067818674148
1,1,0,3.01473269850864,-0.354520207516908
1,1,1,3.21598058587183,-2.12096582959056
1,1,1,3.18057075648683,11.1473058653936
0,1,0,3.22290523342076,27.9183691636866
1,1,1,3.05071640837492,34.0478299702983
1,1,1,3.2593866743445,14.6512017643318
0,1,0,2.59523034372018,-3.4842881655232
1,1,1,3.23143625887061,13.6687300858399
0,1,0,2.83437360874765,42.1376313575272
1,1,0,3.04629255221996,-8.2873898487686
1,1,0,2.66699448175116,13.8419609182434
1,1,0,2.91416736177874,13.6087521542237
0,1,0,2.85178820106104,-6.5905228691461
1,1,0,2.87299285498858,-1.73269532118825
1,1,0,3.34663063925295,4.77298261287759
1,1,1,3.83968034791426,3.20100757957984
1,1,0,3.06341559508908,30.5346511858968
1,1,0,3.80448307453969,14.419805595101
0,1,0,2.4966419980609,37.9307313258361
1,1,0,2.72222814678411,9.22884876806857
1,1,0,2.94170479591852,25.831250193796
1,1,0,2.73577461827766,40.6606775460389
1,1,0,2.41698158932325,4.725865223749
0,1,0,3.29660999686509,5.32504571136725
1,1,0,2.9082059980804,21.0867158785994
0,1,0,2.8762992179014,22.1859594542429
0,1,0,3.05526851205468,24.5578013595087
0,1,0,2.93409904949619,26.7121930707616
1,1,0,2.45804421034238,46.6986122993586
0,1,1,3.12654936344872,38.0913903221408
0,1,1,3.30660198172711,19.2489819695078
1,1,0,2.17878934609749,-9.03330643547704
0,1,0,2.91028955797406,8.21375467313214
1,1,1,3.04421714449484,0.00714488463462715
1,1,1,3.23351148862221,29.5983178060034
1,1,0,3.18012201429827,47.9689709896498
1,1,0,2.21818822030889,12.6973762195196
1,1,1,3.69120230545672,22.7810564683307
1,1,1,3.32580030860749,13.3201730658671
1,1,0,2.45234477172423,9.15458226559444
1,1,0,2.62704606741536,16.8650086194719
1,1,1,2.99576612272621,1.99067106262357
0,1,0,2.79803681537699,43.7445573625234
1,1,1,3.85106315762593,9.05470806080564
0,1,0,2.72060277662517,33.2428755080339
1,1,1,2.41628795967643,36.5699709897714
1,1,0,2.34399157027845,11.5961968614211
1,1,0,3.11213925508694,36.9345914802694
0,1,0,2.49207964021028,25.3836760135059
1,1,0,3.05104593984261,16.2757700875407
0,1,0,3.36358046912779,33.2496325233206
1,1,0,3.07132695879366,31.3817699755237
0,1,0,2.73900970997471,4.91453668159524
1,1,1,3.2042316892175,-4.96816668018893
0,1,0,2.73574500779625,36.349378590562
0,1,1,3.01591076274565,19.2638118389421
1,1,0,3.21181599233868,15.830910282526
1,1,1,2.53018854558833,18.4876725071792
1,1,1,2.5689541864484,6.33616626862777
1,1,0,2.6910617846091,21.3754173980567
1,1,0,2.84563054835525,6.33042326355233
0,1,0,2.70007170301509,6.62492089469084
0,1,0,3.27391948371808,42.2582134946594
0,1,1,3.0901667540687,26.7976227307003
1,1,0,2.32988629043316,17.0870106097992
1,1,0,3.15007446109602,24.3013501273247
1,1,0,2.86026467892346,0.89616563043548
1,1,1,3.06751966458322,22.630411976367
1,1,1,3.73482547142289,14.2446064592
0,1,0,3.57252573500584,15.2639666260171
1,1,1,2.76926369507392,11.6134613264806
1,1,1,3.02204770048218,37.6688878435255
0,1,0,3.57135238300647,19.4883344458905
0,1,0,3.55812762489974,31.2838179962069
1,1,0,2.90723623405148,0.113027808599313
1,1,1,2.7907031372111,-3.56249083496836
0,1,0,2.44821519705377,21.4994115349302
0,1,1,2.57812519461877,33.3585106930345
1,1,0,2.82801016311763,40.9482559626871
